Id,First Name,Last Name,Nickname,Position,PG,SG,SF,PF,C,url_suffix
59358,Domantas,Sabonis,Domantas Sabonis,C/PF,0,0,0,1,1,domantas-sabonis
80810,De'Aaron,Fox,De'Aaron Fox,PG,1,0,0,0,0,de-aaron-fox
9714,DeMar,DeRozan,DeMar DeRozan,SF/PF,0,0,1,1,0,demar-derozan
80817,Bam,Adebayo,Bam Adebayo,C,0,0,0,0,1,bam-adebayo
19067,CJ,McCollum,CJ McCollum,PG/SG,1,1,0,0,0,c-j-mccollum
14514,Nikola,Vucevic,Nikola Vucevic,C,0,0,0,0,1,nikola-vucevic
110312,Tyler,Herro,Tyler Herro,SG/PG,1,1,0,0,0,tyler-herro
110326,Coby,White,Coby White,PG,1,0,0,0,0,coby-white
66048,Brandon,Ingram,Brandon Ingram,SF/PF,0,0,1,1,0,brandon-ingram
42677,Terry,Rozier,Terry Rozier,PG,1,0,0,0,0,terry-rozier
171787,Keegan,Murray,Keegan Murray,SF/PF,0,0,1,1,0,keegan-murray
157847,Trey,Murphy,Trey Murphy,SF/SG,0,1,1,0,0,trey-murphy-iii
157849,Ayo,Dosunmu,Ayo Dosunmu,PG/SG,1,1,0,0,0,ayo-dosunmu
157848,Herbert,Jones,Herbert Jones,SF/PF,0,0,1,1,0,herbert-jones
20992,Larry,Nance,Larry Nance,PF/C,0,0,0,1,1,larry-nance-jr
14503,Jonas,Valanciunas,Jonas Valanciunas,C,0,0,0,0,1,jonas-valanciunas
112709,Javonte,Green,Javonte Green,SF/PF,0,0,1,1,0,javonte-green
171669,Keon,Ellis,Keon Ellis,SG/PG,1,1,0,0,0,keon-ellis
15557,Andre,Drummond,Andre Drummond,C,0,0,0,0,1,andre-drummond
23981,Alex,Caruso,Alex Caruso,PG/SG,1,1,0,0,0,alex-caruso
15946,Harrison,Barnes,Harrison Barnes,SF/PF,0,0,1,1,0,harrison-barnes
188422,Jaime,Jaquez,Jaime Jaquez,SF/SG,0,1,1,0,0,jaime-jaquez-jr
102025,Haywood,Highsmith,Haywood Highsmith,SF/PF,0,0,1,1,0,haywood-highsmith
113267,Caleb,Martin,Caleb Martin,SF/PF,0,0,1,1,0,caleb-martin
40830,Delon,Wright,Delon Wright,PG,1,0,0,0,0,delon-wright
9874,Kevin,Love,Kevin Love,PF/C,0,0,0,1,1,kevin-love
158373,Jose,Alvarado,Jose Alvarado,PG,1,0,0,0,0,jose-alvarado
85137,Duncan,Robinson,Duncan Robinson,SG/SF,0,1,1,0,0,duncan-robinson
171792,Nikola,Jovic,Nikola Jovic,PF,0,0,0,1,0,nikola-jovic
58461,Trey,Lyles,Trey Lyles,PF/C,0,0,0,1,1,trey-lyles
171763,Dalen,Terry,Dalen Terry,SG/SF,0,1,1,0,0,dalen-terry
145819,Naji,Marshall,Naji Marshall,PF/SF,0,0,1,1,0,naji-marshall
157812,Davion,Mitchell,Davion Mitchell,PG,1,0,0,0,0,davion-mitchell
171784,Dyson,Daniels,Dyson Daniels,PG,1,0,0,0,0,dyson-daniels
67312,Thomas,Bryant,Thomas Bryant,C,0,0,0,0,1,thomas-bryant
20277,Torrey,Craig,Torrey Craig,SF/SG,0,1,1,0,0,torrey-craig
15814,Alex,Len,Alex Len,C,0,0,0,0,1,alex-len
188421,Jordan,Hawkins,Jordan Hawkins,SG,0,1,0,0,0,jordan-hawkins
188480,Adama,Sanogo,Adama Sanogo,PF,0,0,0,1,0,adama-sanogo
84696,Jevon,Carter,Jevon Carter,PG,1,0,0,0,0,jevon-carter
157830,Jeremiah,Robinson-Earl,Jeremiah Robinson-Earl,C/PF,0,0,0,1,1,jeremiah-robinson-earl
171783,E.J.,Liddell,E.J. Liddell,PF,0,0,0,1,0,e.j.-liddell
157828,Chris,Duarte,Chris Duarte,SF,0,0,1,0,0,chris-duarte
157835,Kessler,Edwards,Kessler Edwards,SF,0,0,1,0,0,kessler-edwards
9739,JaVale,McGee,JaVale McGee,C,0,0,0,0,1,javale-mcgee
179728,Izaiah,Brockington,Izaiah Brockington,SG,0,1,0,0,0,izaiah-brockington
171665,Orlando,Robinson,Orlando Robinson,C,0,0,0,0,1,orlando-robinson
171670,Dereon,Seabron,Dereon Seabron,SG,0,1,0,0,0,dereon-seabron
171674,Alondes,Williams,Alondes Williams,SG,0,1,0,0,0,alondes-williams
145308,Patrick,Williams,Patrick Williams,PF,0,0,0,1,0,patrick-williams
158371,Terry,Taylor,Terry Taylor,SF,0,0,1,0,0,terry-taylor
188448,Colby,Jones,Colby Jones,SG,0,1,0,0,0,colby-jones
171680,Cole,Swider,Cole Swider,SF,0,0,1,0,0,cole-swider
145824,Jordan,Ford,Jordan Ford,PG,1,0,0,0,0,jordan-ford
188449,Jalen,Slawson,Jalen Slawson,SF,0,0,1,0,0,jalen-slawson
80806,Lonzo,Ball,Lonzo Ball,PG,1,0,0,0,0,lonzo-ball
188463,Julian,Phillips,Julian Phillips,SF,0,0,1,0,0,julian-phillips
190515,Onuralp,Bitim,Onuralp Bitim,SG,0,1,0,0,0,onuralp-bitim
80816,Malik,Monk,Malik Monk,SG/PG,1,1,0,0,0,malik-monk
80829,Sasha,Vezenkov,Sasha Vezenkov,PF,0,0,0,1,0,sasha-vezenkov
14528,Jimmy,Butler,Jimmy Butler,SF/PF,0,0,1,1,0,jimmy-butler
180555,Jamal,Cain,Jamal Cain,SF,0,0,1,0,0,jamal-cain
195784,Andrew,Funk,Andrew Funk,SG,0,1,0,0,0,andrew-funk
15691,Cody,Zeller,Cody Zeller,C,0,0,0,0,1,cody-zeller
40783,Zach,LaVine,Zach LaVine,SG,0,1,0,0,0,zach-lavine
161491,Malcolm,Hill,Malcolm Hill,SF,0,0,1,0,0,malcolm-hill
9939,Patty,Mills,Patty Mills,PG,1,0,0,0,0,patrick-mills
84704,Kevin,Huerter,Kevin Huerter,SG/SF,0,1,1,0,0,kevin-huerter
110310,Zion,Williamson,Zion Williamson,PF,0,0,0,1,0,zion-williamson
162411,Matt,Ryan,Matt Ryan,SF,0,0,1,0,0,matt-ryan
145643,Mason,Jones,Mason Jones,SG,0,1,0,0,0,mason-jones
16233,Josh,Richardson,Josh Richardson,SG,0,1,0,0,0,josh-richardson
194814,Henri,Drell,Henri Drell,SF,0,0,1,0,0,henri-drell
15755,Anthony,Davis,Anthony Davis,PF/C,0,0,0,1,1,anthony-davis
84680,Shai,Gilgeous-Alexander,Shai Gilgeous-Alexander,PG,1,0,0,0,0,shai-gilgeous-alexander
49111,Joel,Embiid,Joel Embiid,C,0,0,0,0,1,joel-embiid
9488,LeBron,James,LeBron James,SF/PF,0,0,1,1,0,lebron-james
145337,Tyrese,Haliburton,Tyrese Haliburton,PG,1,0,0,0,0,tyrese-haliburton
84678,Miles,Bridges,Miles Bridges,SF/PF,0,0,1,1,0,miles-bridges
84683,Jaren,Jackson,Jaren Jackson,PF/C,0,0,0,1,1,jaren-jackson-jr
145331,Tyrese,Maxey,Tyrese Maxey,PG,1,0,0,0,0,tyrese-maxey
84673,Deandre,Ayton,Deandre Ayton,C,0,0,0,0,1,deandre-ayton
9524,Stephen,Curry,Stephen Curry,PG,1,0,0,0,0,stephen-curry
58377,Kyle,Kuzma,Kyle Kuzma,SF/PF,0,0,1,1,0,kyle-kuzma
60021,Pascal,Siakam,Pascal Siakam,PF,0,0,0,1,0,pascal-siakam
145485,LaMelo,Ball,LaMelo Ball,PG,1,0,0,0,0,lamelo-ball
171759,Chet,Holmgren,Chet Holmgren,C,0,0,0,0,1,chet-holmgren
171760,Jalen,Williams,Jalen Williams,SF/SG,0,1,1,0,0,jalen-williams
84717,Anfernee,Simons,Anfernee Simons,SG/PG,1,1,0,0,0,anfernee-simons
157838,Cam,Thomas,Cam Thomas,SG/SF,0,1,1,0,0,cameron-thomas
9623,Chris,Paul,Chris Paul,PG,1,0,0,0,0,chris-paul
145334,Desmond,Bane,Desmond Bane,SG/SF,0,1,1,0,0,desmond-bane-1
84670,Mikal,Bridges,Mikal Bridges,SG/SF,0,1,1,0,0,mikal-bridges
157904,Jonathan,Kuminga,Jonathan Kuminga,SF/PF,0,0,1,1,0,jonathan-kuminga
188419,Brandon,Miller,Brandon Miller,SF,0,0,1,0,0,brandon-miller
110354,Nic,Claxton,Nic Claxton,C,0,0,0,0,1,nicolas-claxton
58312,D'Angelo,Russell,D'Angelo Russell,PG/SG,1,1,0,0,0,d-angelo-russell
145539,Deni,Avdija,Deni Avdija,SF/PF,0,0,1,1,0,deni-avdija
158136,Austin,Reaves,Austin Reaves,SF/SG,0,1,1,0,0,austin-reaves
58253,Myles,Turner,Myles Turner,C,0,0,0,0,1,myles-turner
14518,Tobias,Harris,Tobias Harris,PF/SF,0,0,1,1,0,tobias-harris
171756,Vince,Williams,Vince Williams,SF/SG,0,1,1,0,0,vince-williams-jr
23831,Jerami,Grant,Jerami Grant,PF/SF,0,0,1,1,0,jerami-grant
188433,Brandin,Podziemski,Brandin Podziemski,SG/SF,0,1,1,0,0,brandin-podziemski
157905,Josh,Giddey,Josh Giddey,SG/PG,1,1,0,0,0,josh-giddey
15860,Draymond,Green,Draymond Green,PF/C,0,0,0,1,1,draymond-green
145329,Paul,Reed,Paul Reed,C,0,0,0,0,1,paul-reed
16359,Malcolm,Brogdon,Malcolm Brogdon,PG/SG,1,1,0,0,0,malcolm-brogdon
157844,Santi,Aldama,Santi Aldama,PF/C,0,0,0,1,1,santi-aldama
58081,Tyus,Jones,Tyus Jones,PG,1,0,0,0,0,tyus-jones
110322,Jordan,Poole,Jordan Poole,PG/SG,1,1,0,0,0,jordan-poole
40201,Dennis,Schroder,Dennis Schroder,PG,1,0,0,0,0,dennis-schroder
55065,Vasilije,Micic,Vasilije Micic,PG,1,0,0,0,0,vasilije-micic
188428,Scoot,Henderson,Scoot Henderson,PG,1,0,0,0,0,scoot-henderson
188450,Trayce,Jackson-Davis,Trayce Jackson-Davis,PF/C,0,0,0,1,1,trayce-jackson-davis
58153,Kelly,Oubre,Kelly Oubre,SF/SG,0,1,1,0,0,kelly-oubre
188444,GG,Jackson,GG Jackson,PF,0,0,0,1,0,gregory-jackson
110316,Cameron,Johnson,Cameron Johnson,SF/PF,0,0,1,1,0,cameron-johnson
14509,Klay,Thompson,Klay Thompson,SG,0,1,0,0,0,klay-thompson
84679,Marvin,Bagley,Marvin Bagley,PF/C,0,0,0,1,1,marvin-bagley-iii
23665,Buddy,Hield,Buddy Hield,SG/SF,0,1,1,0,0,buddy-hield
110318,Grant,Williams,Grant Williams,PF,0,0,0,1,0,grant-williams
145318,Nick,Richards,Nick Richards,C,0,0,0,0,1,nick-richards
18393,T.J.,McConnell,T.J. McConnell,PG,1,0,0,0,0,t-j-mcconnell
157831,Tre,Mann,Tre Mann,PG,1,0,0,0,0,tre-mann
111376,John,Konchar,John Konchar,SF,0,0,1,0,0,john-konchar
23447,Richaun,Holmes,Richaun Holmes,C,0,0,0,0,1,richaun-holmes
160174,Jordan,Goodwin,Jordan Goodwin,PG,1,0,0,0,0,jordan-goodwin
111273,Luguentz,Dort,Luguentz Dort,SF/SG,0,1,1,0,0,luguentz-dort
171786,Mark,Williams,Mark Williams,C,0,0,0,0,1,mark-williams
66046,Luke,Kennard,Luke Kennard,SG/PG,1,1,0,0,0,luke-kennard
157819,Corey,Kispert,Corey Kispert,SF,0,0,1,0,0,corey-kispert
110349,Rui,Hachimura,Rui Hachimura,PF/SF,0,0,1,1,0,rui-hachimura
145333,Aaron,Nesmith,Aaron Nesmith,SF/PF,0,0,1,1,0,aaron-nesmith
49116,Andrew,Wiggins,Andrew Wiggins,SF/PF,0,0,1,1,0,andrew-wiggins
188416,Bilal,Coulibaly,Bilal Coulibaly,SF,0,0,1,0,0,bilal-coulibaly
171757,Jake,LaRavia,Jake LaRavia,PF/SF,0,0,1,1,0,jake-laravia
171661,Scotty,Pippen,Scotty Pippen,PG,1,0,0,0,0,scotty-pippen-jr
80814,Dennis,Smith,Dennis Smith,PG/SG,1,1,0,0,0,dennis-smith-jr.
16376,Dorian,Finney-Smith,Dorian Finney-Smith,PF,0,0,0,1,0,dorian-finney-smith
157821,Dalano,Banton,Dalano Banton,PG,1,0,0,0,0,dalano-banton
157827,Isaiah,Jackson,Isaiah Jackson,C/PF,0,0,0,1,1,isaiah-jackson
145357,Lamar,Stevens,Lamar Stevens,PF,0,0,0,1,0,lamar-stevens
12366,Gordon,Hayward,Gordon Hayward,SF/SG,0,1,1,0,0,gordon-hayward
23670,Marcus,Smart,Marcus Smart,PG,1,0,0,0,0,marcus-smart
188447,Toumani,Camara,Toumani Camara,SF/PF,0,0,1,1,0,toumani-camara
171747,Andrew,Nembhard,Andrew Nembhard,SG/PG,1,1,0,0,0,andrew-nembhard
110351,Cody,Martin,Cody Martin,SG/PG,1,1,0,0,0,cody-martin
195937,Trey,Jemison,Trey Jemison,C,0,0,0,0,1,trey-jemison
188429,Kris,Murray,Kris Murray,SF,0,0,1,0,0,kris-murray
157817,Kai,Jones,Kai Jones,C,0,0,0,0,1,kai-jones
145538,Aleksej,Pokusevski,Aleksej Pokusevski,PF/C,0,0,0,1,1,aleksej-pokusevski
84703,De'Anthony,Melton,De'Anthony Melton,SG/PG,1,1,0,0,0,de-anthony-melton
9535,Kyle,Lowry,Kyle Lowry,PG,1,0,0,0,0,kyle-lowry
145322,Jalen,Smith,Jalen Smith,C,0,0,0,0,1,jalen-smith
14543,Davis,Bertans,Davis Bertans,SF,0,0,1,0,0,davis-bertans
110320,Matisse,Thybulle,Matisse Thybulle,SF,0,0,1,0,0,matisse-thybulle
48567,Cameron,Payne,Cameron Payne,PG/SG,1,1,0,0,0,cameron-payne
145339,Obi,Toppin,Obi Toppin,PF,0,0,0,1,0,obi-toppin
157802,Moses,Moody,Moses Moody,SG,0,1,0,0,0,moses-moody
84702,Lonnie,Walker,Lonnie Walker,SG/SF,0,1,1,0,0,lonnie-walker
9809,Nicolas,Batum,Nicolas Batum,SF,0,0,1,0,0,nicolas-batum
157839,Day'Ron,Sharpe,Day'Ron Sharpe,C,0,0,0,0,1,day-ron-sharpe
194767,Duop,Reath,Duop Reath,C,0,0,0,0,1,duop-reath
160182,DeJon,Jarreau,DeJon Jarreau,SG,0,1,0,0,0,dejon-jarreau
171764,Jabari,Walker,Jabari Walker,PF,0,0,0,1,0,jabari-walker
110340,Jaxson,Hayes,Jaxson Hayes,PF/C,0,0,0,1,1,jaxson-hayes
15542,Spencer,Dinwiddie,Spencer Dinwiddie,PG,1,0,0,0,0,spencer-dinwiddie
188409,Jarace,Walker,Jarace Walker,PF,0,0,0,1,0,jarace-walker
188415,Cason,Wallace,Cason Wallace,PG/SG,1,1,0,0,0,cason-wallace
23572,Taurean,Prince,Taurean Prince,SF,0,0,1,0,0,taurean-prince
158856,Trendon,Watford,Trendon Watford,PF,0,0,0,1,0,trendon-watford
84675,Mo,Bamba,Mo Bamba,C,0,0,0,0,1,mohamed-bamba
171758,Jaylin,Williams,Jaylin Williams,PF/C,0,0,0,1,1,jaylin-williams
157829,Aaron,Wiggins,Aaron Wiggins,SG,0,1,0,0,0,aaron-wiggins
58519,Gary,Payton,Gary Payton,SG,0,1,0,0,0,gary-payton-ii
15583,Seth,Curry,Seth Curry,SG,0,1,0,0,0,seth-curry
85466,Wenyen,Gabriel,Wenyen Gabriel,C,0,0,0,0,1,wenyen-gabriel
188410,Ben,Sheppard,Ben Sheppard,SG,0,1,0,0,0,ben-sheppard
42202,Christian,Wood,Christian Wood,PF/C,0,0,0,1,1,christian-wood
110339,Cam,Reddish,Cam Reddish,SG,0,1,0,0,0,cam-reddish
145330,Isaiah,Joe,Isaiah Joe,PG,1,0,0,0,0,isaiah-joe
145355,Ashton,Hagans,Ashton Hagans,PG,1,0,0,0,0,ashton-hagans
159702,Eugene,Omoruyi,Eugene Omoruyi,SF,0,0,1,0,0,eugene-omoruyi
188420,Nick,Smith,Nick Smith,SG,0,1,0,0,0,nick-smith-jr
20491,Robert,Covington,Robert Covington,PF,0,0,0,1,0,robert-covington
188442,Jalen,Wilson,Jalen Wilson,PF,0,0,0,1,0,jalen-wilson
188456,Rayan,Rupert,Rayan Rupert,SG,0,1,0,0,0,rayan-rupert
145533,KJ,Martin,KJ Martin,PF,0,0,0,1,0,kj-martin
171659,Lester,Quinones,Lester Quinones,SG,0,1,0,0,0,lester-quinones
84724,Landry,Shamet,Landry Shamet,SG,0,1,0,0,0,landry-shamet
171785,Bryce,McGowens,Bryce McGowens,SG,0,1,0,0,0,bryce-mcgowens
188431,Noah,Clowney,Noah Clowney,PF,0,0,0,1,0,noah-clowney
117286,Moses,Brown,Moses Brown,C,0,0,0,0,1,moses-brown
188471,Ricky,Council,Ricky Council,SG,0,1,0,0,0,ricky-council-iv
157801,Jared,Butler,Jared Butler,SG,0,1,0,0,0,jared-butler
161487,Jeff,Dowtin,Jeff Dowtin,PG,1,0,0,0,0,jeff-dowtin
58576,Kevon,Looney,Kevon Looney,C,0,0,0,0,1,kevon-looney
84721,Jarred,Vanderbilt,Jarred Vanderbilt,PF,0,0,0,1,0,jarred-vanderbilt
85238,Yuta,Watanabe,Yuta Watanabe,SF,0,0,1,0,0,yuta-watanabe
171773,Patrick,Baldwin,Patrick Baldwin,SF,0,0,1,0,0,patrick-baldwin-jr
55056,Dario,Saric,Dario Saric,PF/C,0,0,0,1,1,dario-saric
171796,Gui,Santos,Gui Santos,PF,0,0,0,1,0,gui-santos
17894,Mike,Muscala,Mike Muscala,C,0,0,0,0,1,mike-muscala
101387,Gabe,Vincent,Gabe Vincent,PG/SG,1,1,0,0,0,gabe-vincent
188430,Dariq,Whitehead,Dariq Whitehead,SF,0,0,1,0,0,dariq-whitehead
188432,Jalen,Hood-Schifino,Jalen Hood-Schifino,SG,0,1,0,0,0,jalen-hood-schifino
189468,Colin,Castleton,Colin Castleton,C,0,0,0,0,1,colin-castleton
188451,Tristan,Vukcevic,Tristan Vukcevic,C,0,0,0,0,1,tristan-vukcevic
188460,Isaiah,Wong,Isaiah Wong,SG,0,1,0,0,0,isaiah-wong
188466,Amari,Bailey,Amari Bailey,PG,1,0,0,0,0,amari-bailey
179762,Quenton,Jackson,Quenton Jackson,PG,1,0,0,0,0,quenton-jackson
117808,Marques,Bolden,Marques Bolden,PF,0,0,0,1,0,marques-bolden
188470,Terquavion,Smith,Terquavion Smith,PG,1,0,0,0,0,terquavion-smith
188468,Keyontae,Johnson,Keyontae Johnson,SF,0,0,1,0,0,keyontae-johnson
188469,Maxwell,Lewis,Maxwell Lewis,SF,0,0,1,0,0,maxwell-lewis
188475,Oscar,Tshiebwe,Oscar Tshiebwe,C,0,0,0,0,1,oscar-tshiebwe
188473,Jaylen,Martin,Jaylen Martin,SF,0,0,1,0,0,jaylen-martin
66115,Ben,Simmons,Ben Simmons,PG/PF,1,0,0,1,0,ben-simmons
157804,Keon,Johnson,Keon Johnson,SG,0,1,0,0,0,keon-johnson
157810,Isaiah,Livers,Isaiah Livers,PF,0,0,0,1,0,isaiah-livers
157815,JT,Thor,JT Thor,PF,0,0,0,1,0,jt-thor
158855,Justin,Champagnie,Justin Champagnie,SF,0,0,1,0,0,justin-champagnie
145541,RJ,Hampton,RJ Hampton,PG,1,0,0,0,0,rj-hampton
190094,Leaky,Black,Leaky Black,SF,0,0,1,0,0,leaky-black
145548,Anthony,Gill,Anthony Gill,PF,0,0,0,1,0,anthony-gill
157843,Ziaire,Williams,Ziaire Williams,SF,0,0,1,0,0,ziaire-williams
14505,Bismack,Biyombo,Bismack Biyombo,C,0,0,0,0,1,bismack-biyombo
84677,Jerome,Robinson,Jerome Robinson,SG,0,1,0,0,0,jerome-robinson
157906,Usman,Garuba,Usman Garuba,PF,0,0,0,1,0,usman-garuba
84688,Keita,Bates-Diop,Keita Bates-Diop,PF,0,0,0,1,0,keita-bates-diop
171746,Bennedict,Mathurin,Bennedict Mathurin,SG/SF,0,1,1,0,0,bennedict-mathurin
171745,Kendall,Brown,Kendall Brown,SG,0,1,0,0,0,kendall-brown
171751,Max,Christie,Max Christie,SG,0,1,0,0,0,max-christie
84708,Robert,Williams,Robert Williams,C,0,0,0,0,1,robert-williams
9966,James,Johnson,James Johnson,PF,0,0,0,1,0,james-johnson
171766,Johnny,Davis,Johnny Davis,SG,0,1,0,0,0,johnny-davis
180477,Jacob,Gilyard,Jacob Gilyard,PG,1,0,0,0,0,jacob-gilyard
180483,Jules,Bernard,Jules Bernard,SG,0,1,0,0,0,jules-bernard
9475,Derrick,Rose,Derrick Rose,PG,1,0,0,0,0,derrick-rose
110344,Ja,Morant,Ja Morant,PG,1,0,0,0,0,ja-morant
110353,Brandon,Clarke,Brandon Clarke,PF/C,0,0,0,1,1,brandon-clarke
196882,Adam,Flagler,Adam Flagler,SG,0,1,0,0,0,adam-flagler
171795,Ousmane,Dieng,Ousmane Dieng,PF,0,0,0,1,0,ousmane-dieng
171804,Shaedon,Sharpe,Shaedon Sharpe,SF/SG,0,1,1,0,0,shaedon-sharpe
180016,Ibou,Badji,Ibou Badji,C,0,0,0,0,1,ibou-badji
85305,Kenrich,Williams,Kenrich Williams,SF,0,0,1,0,0,kenrich-williams
18256,Doug,McDermott,Doug McDermott,PF,0,0,0,1,0,doug-mcdermott
145303,Skylar,Mays,Skylar Mays,PG,1,0,0,0,0,skylar-mays
174501,Pat,Spencer,Pat Spencer,PG,1,0,0,0,0,pat-spencer
80819,Harry,Giles,Harry Giles,PF/C,0,0,0,1,1,harry-giles
163280,Olivier,Sarr,Olivier Sarr,C,0,0,0,0,1,olivier-sarr
165854,Lindy,Waters,Lindy Waters,SG,0,1,0,0,0,lindy-waters-jr
184831,Justin,Minaya,Justin Minaya,SF,0,0,1,0,0,justin-minaya
40199,Giannis,Antetokounmpo,Giannis Antetokounmpo,PF,0,0,0,1,0,giannis-antetokounmpo
66113,Donovan,Mitchell,Donovan Mitchell,SG/PG,1,1,0,0,0,donovan-mitchell
14513,Kawhi,Leonard,Kawhi Leonard,SF/PF,0,0,1,1,0,kawhi-leonard
67708,Dejounte,Murray,Dejounte Murray,SG/PG,1,1,0,0,0,dejounte-murray
20848,Damian,Lillard,Damian Lillard,PG,1,0,0,0,0,damian-lillard
9644,James,Harden,James Harden,SG/PG,1,1,0,0,0,james-harden
84671,Trae,Young,Trae Young,PG,1,0,0,0,0,trae-young
171770,Paolo,Banchero,Paolo Banchero,PF/SF,0,0,1,1,0,paolo-banchero
157908,Alperen,Sengun,Alperen Sengun,C,0,0,0,0,1,alperen-sengun
80812,Lauri,Markkanen,Lauri Markkanen,PF/SF,0,0,1,1,0,lauri-markkanen
12341,Paul,George,Paul George,SG/SF,0,1,1,0,0,paul-george
157845,Evan,Mobley,Evan Mobley,PF/C,0,0,0,1,1,evan-mobley
157833,Jalen,Johnson,Jalen Johnson,SF/PF,0,0,1,1,0,jalen-johnson
24247,Fred,VanVleet,Fred VanVleet,PG,1,0,0,0,0,fred-vanvleet
110342,Darius,Garland,Darius Garland,PG,1,0,0,0,0,darius-garland
80821,Jarrett,Allen,Jarrett Allen,C/PF,0,0,0,1,1,jarrett-allen
84667,Collin,Sexton,Collin Sexton,SG/PG,1,1,0,0,0,collin-sexton
157907,Jalen,Green,Jalen Green,SG/PG,1,1,0,0,0,jalen-green
157851,Franz,Wagner,Franz Wagner,SF/PF,0,0,1,1,0,franz-wagner
188405,Amen,Thompson,Amen Thompson,PG/SG,1,1,0,0,0,amen-thompson
171767,Jabari,Smith,Jabari Smith,PF,0,0,0,1,0,jabari-smith
66236,John,Collins,John Collins,PF/C,0,0,0,1,1,john-collins
20640,Jordan,Clarkson,Jordan Clarkson,PG/SG,1,1,0,0,0,jordan-clarkson
42156,Bobby,Portis,Bobby Portis,PF/C,0,0,0,1,1,bobby-portis
188412,Keyonte,George,Keyonte George,PG/SG,1,1,0,0,0,keyonte-george
23798,Caris,LeVert,Caris LeVert,SF/SG,0,1,1,0,0,caris-levert
9621,Brook,Lopez,Brook Lopez,C,0,0,0,0,1,brook-lopez
55059,Clint,Capela,Clint Capela,C,0,0,0,0,1,clint-capela
55060,Bogdan,Bogdanovic,Bogdan Bogdanovic,SF/SG,0,1,1,0,0,bogdan-bogdanovic
84676,Wendell,Carter,Wendell Carter,C,0,0,0,0,1,wendell-carter-jr
171777,Walker,Kessler,Walker Kessler,C,0,0,0,0,1,walker-kessler
70827,Ivica,Zubac,Ivica Zubac,C,0,0,0,0,1,ivica-zubac
112708,Max,Strus,Max Strus,SG/SF,0,1,1,0,0,max-strus
145328,Saddiq,Bey,Saddiq Bey,PF/SF,0,0,1,1,0,saddiq-bey
16261,Khris,Middleton,Khris Middleton,SG/SF,0,1,1,0,0,khris-middleton
157850,Jalen,Suggs,Jalen Suggs,SG/PG,1,1,0,0,0,jalen-suggs
110338,De'Andre,Hunter,De'Andre Hunter,SF/PF,0,0,1,1,0,de-andre-hunter
66064,Malik,Beasley,Malik Beasley,SF/SG,0,1,1,0,0,malik-beasley
16293,Norman,Powell,Norman Powell,SF/SG,0,1,1,0,0,norman-powell
188411,Taylor,Hendricks,Taylor Hendricks,PF,0,0,0,1,0,taylor-hendricks
145304,Onyeka,Okongwu,Onyeka Okongwu,C/PF,0,0,0,1,1,onyeka-okongwu
110315,Terance,Mann,Terance Mann,SG/SF,0,1,1,0,0,terance-mann
60233,Dillon,Brooks,Dillon Brooks,SG/SF,0,1,1,0,0,dillon-brooks
145327,Cole,Anthony,Cole Anthony,PG/SG,1,1,0,0,0,cole-anthony
145341,Isaac,Okoro,Isaac Okoro,SF/SG,0,1,1,0,0,isaac-okoro
84714,Moritz,Wagner,Moritz Wagner,C,0,0,0,0,1,moritz-wagner
80805,Markelle,Fultz,Markelle Fultz,PG,1,0,0,0,0,markelle-fultz
145317,Sam,Merrill,Sam Merrill,SG,0,1,0,0,0,sam-merrill
81529,Daniel,Theis,Daniel Theis,C,0,0,0,0,1,daniel-theis
23802,Kris,Dunn,Kris Dunn,PG/SG,1,1,0,0,0,kris-dunn
188406,Cam,Whitmore,Cam Whitmore,SF,0,0,1,0,0,cam-whitmore
12474,Patrick,Beverley,Patrick Beverley,PG,1,0,0,0,0,patrick-beverley
24544,Gary,Harris,Gary Harris,SG,0,1,0,0,0,gary-harris
110337,Talen,Horton-Tucker,Talen Horton-Tucker,SG,0,1,0,0,0,talen-horton-tucker
189467,Craig,Porter,Craig Porter,PG,1,0,0,0,0,craig-porter-jr
15590,Mason,Plumlee,Mason Plumlee,C,0,0,0,0,1,mason-plumlee
15800,Jae,Crowder,Jae Crowder,PF/SF,0,0,1,1,0,jae-crowder
15993,Pat,Connaughton,Pat Connaughton,SG,0,1,0,0,0,pat-connaughton
110329,Bruno,Fernando,Bruno Fernando,PF/C,0,0,0,1,1,bruno-fernando
110359,Goga,Bitadze,Goga Bitadze,C,0,0,0,0,1,goga-bitadze
188417,Kobe,Bufkin,Kobe Bufkin,SG,0,1,0,0,0,kobe-bufkin
84719,Aaron,Holiday,Aaron Holiday,PG,1,0,0,0,0,aaron-holiday
110883,Dean,Wade,Dean Wade,PF,0,0,0,1,0,dean-wade
80811,Jonathan,Isaac,Jonathan Isaac,SF/PF,0,0,1,1,0,jonathan-isaac
111492,Amir,Coffey,Amir Coffey,SF,0,0,1,0,0,amir-coffey
188408,Anthony,Black,Anthony Black,PG,1,0,0,0,0,anthony-black
110640,Luka,Samanic,Luka Samanic,PF,0,0,0,1,0,luka-samanic
23156,Georges,Niang,Georges Niang,PF,0,0,0,1,0,georges-niang
157834,Bones,Hyland,Bones Hyland,PG,1,0,0,0,0,nah-shon-hyland
158857,Matt,Hurt,Matt Hurt,PF,0,0,0,1,0,matt-hurt
158137,Jock,Landale,Jock Landale,C,0,0,0,0,1,jock-landale
171672,AJ,Green,AJ Green,SG,0,1,0,0,0,aj-green
171771,Caleb,Houstan,Caleb Houstan,SF,0,0,1,0,0,caleb-houstan
9648,Jeff,Green,Jeff Green,SF,0,0,1,0,0,jeff-green
59318,Joe,Ingles,Joe Ingles,SG,0,1,0,0,0,joe-ingles
145351,Omer,Yurtseven,Omer Yurtseven,C,0,0,0,0,1,omer-yurtseven
111622,Garrison,Mathews,Garrison Mathews,SF,0,0,1,0,0,garrison-mathews
145576,Jae'Sean,Tate,Jae'Sean Tate,SF,0,0,1,0,0,jae-sean-tate
9637,Danilo,Gallinari,Danilo Gallinari,PF,0,0,0,1,0,danilo-gallinari
188413,Brice,Sensabaugh,Brice Sensabaugh,SF,0,0,1,0,0,brice-sensabaugh
188418,Kobe,Brown,Kobe Brown,PF,0,0,0,1,0,kobe-brown
180737,Nate,Williams,Nate Williams,SG,0,1,0,0,0,nate-williams
188445,Jordan,Miller,Jordan Miller,SF,0,0,1,0,0,jordan-miller
188454,Mouhamed,Gueye,Mouhamed Gueye,PF,0,0,0,1,0,mouhamed-gueye
188455,Seth,Lundy,Seth Lundy,SF,0,0,1,0,0,seth-lundy
188462,Emoni,Bates,Emoni Bates,SF,0,0,1,0,0,emoni-bates
188464,Andre,Jackson,Andre Jackson,SG,0,1,0,0,0,andre-jackson-jr
188465,Chris,Livingston,Chris Livingston,SF,0,0,1,0,0,chris-livingston
180793,Jermaine,Samuels,Jermaine Samuels,SF,0,0,1,0,0,jermaine-samuels-jr
9799,Wesley,Matthews,Wesley Matthews,SG,0,1,0,0,0,wesley-matthews
15947,Reggie,Bullock,Reggie Bullock,SG,0,1,0,0,0,reggie-bullock
145490,Trevelin,Queen,Trevelin Queen,PG,1,0,0,0,0,trevelin-queen
157806,Jason,Preston,Jason Preston,PG,1,0,0,0,0,jason-preston
157805,Brandon,Boston,Brandon Boston,SG,0,1,0,0,0,brandon-boston-jr
157813,Joshua,Primo,Joshua Primo,SG,0,1,0,0,0,joshua-primo
41082,Damian,Jones,Damian Jones,C,0,0,0,0,1,damian-jones
23169,Steven,Adams,Steven Adams,C,0,0,0,0,1,steven-adams
145540,Vit,Krejci,Vit Krejci,PG,1,0,0,0,0,vit-krejci
171658,Johnny,Juzang,Johnny Juzang,SF,0,0,1,0,0,johnny-juzang
157832,Sharife,Cooper,Sharife Cooper,PG,1,0,0,0,0,sharife-cooper
163983,Xavier,Moon,Xavier Moon,SG,0,1,0,0,0,xavier-moon
14501,Tristan,Thompson,Tristan Thompson,C,0,0,0,0,1,tristan-thompson
171752,AJ,Griffin,AJ Griffin,SF,0,0,1,0,0,aj-griffin
171765,Moussa,Diabate,Moussa Diabate,PF,0,0,0,1,0,moussa-diabate
110328,Admiral,Schofield,Admiral Schofield,SF,0,0,1,0,0,admiral-schofield
171768,TyTy,Washington,TyTy Washington,PG,1,0,0,0,0,tyty-washington
110331,Ty,Jerome,Ty Jerome,PG,1,0,0,0,0,ty-jerome
171769,Tari,Eason,Tari Eason,SF,0,0,1,0,0,tari-eason
171772,Ryan,Rollins,Ryan Rollins,SG,0,1,0,0,0,ryan-rollins
110336,Chuma,Okeke,Chuma Okeke,PF,0,0,0,1,0,chuma-okeke
171782,Isaiah,Mobley,Isaiah Mobley,PF,0,0,0,1,0,isaiah-mobley
110341,Dylan,Windler,Dylan Windler,SG,0,1,0,0,0,dylan-windler
15628,Otto,Porter,Otto Porter,SF,0,0,1,0,0,otto-porter
111372,Thanasis,Antetokounmpo,Thanasis Antetokounmpo,SF,0,0,1,0,0,thanasis-antetokounmpo
194829,Pete,Nance,Pete Nance,PF,0,0,0,1,0,pete-nance
161552,Micah,Potter,Micah Potter,PF,0,0,0,1,0,micah-potter
171802,MarJon,Beauchamp,MarJon Beauchamp,SF,0,0,1,0,0,marjon-beauchamp
145738,Nate,Hinton,Nate Hinton,SG,0,1,0,0,0,nate-hinton
63826,Boban,Marjanovic,Boban Marjanovic,C,0,0,0,0,1,boban-marjanovic
23407,P.J.,Tucker,P.J. Tucker,PF,0,0,0,1,0,p-j-tucker
145822,Kevon,Harris,Kevon Harris,SG,0,1,0,0,0,kevon-harris
145316,Kira,Lewis,Kira Lewis,PG,1,0,0,0,0,kira-lewis-jr
9642,Russell,Westbrook,Russell Westbrook,PG,1,0,0,0,0,russell-westbrook
145352,Trent,Forrest,Trent Forrest,SG,0,1,0,0,0,trent-forrest
199112,Jaylin,Galloway,Jaylin Galloway,SF,0,0,1,0,0,jaylin-galloway
188407,Jett,Howard,Jett Howard,SF,0,0,1,0,0,jett-howard
88414,Victor,Wembanyama,Victor Wembanyama,PF/C,0,0,0,1,1,victor-wembanyama
4690,Jalen,Brunson,Jalen Brunson,PG,1,0,0,0,0,jalen-brunson
57822,Scottie,Barnes,Scottie Barnes,PF/SF,0,0,1,1,0,scottie-barnes
57808,Cade,Cunningham,Cade Cunningham,PG,1,0,0,0,0,cade-cunningham
2669,Julius,Randle,Julius Randle,PF,0,0,0,1,0,julius-randle
45324,Devin,Vassell,Devin Vassell,SG,0,1,0,0,0,devin-vassell
71779,Jalen,Duren,Jalen Duren,C,0,0,0,0,1,jalen-duren
45348,Immanuel,Quickley,Immanuel Quickley,PG/SG,1,1,0,0,0,immanuel-quickley
0562,Josh,Hart,Josh Hart,SF/PF,0,0,1,1,0,josh-hart
10357,RJ,Barrett,RJ Barrett,SF,0,0,1,0,0,rj-barrett
8378,Jakob,Poeltl,Jakob Poeltl,C,0,0,0,0,1,jakob-poeltl
4681,Donte,DiVincenzo,Donte DiVincenzo,SG/SF,0,1,1,0,0,donte-divincenzo
45314,Precious,Achiuwa,Precious Achiuwa,PF/C,0,0,0,1,1,precious-achiuwa
88426,Ausar,Thompson,Ausar Thompson,SF/SG,0,1,1,0,0,ausar-thompson
71780,Jaden,Ivey,Jaden Ivey,SG/PG,1,1,0,0,0,jaden-ivey
0815,Zach,Collins,Zach Collins,PF/C,0,0,0,1,1,zach-collins
71749,Jeremy,Sochan,Jeremy Sochan,PG/PF,1,0,0,1,0,jeremy-sochan
8090,OG,Anunoby,OG Anunoby,SF/SG,0,1,1,0,0,og-anunoby
10347,Keldon,Johnson,Keldon Johnson,PF/SF,0,0,1,1,0,keldon-johnson
45323,Tre,Jones,Tre Jones,PG,1,0,0,0,0,tre-jones
2541,Kelly,Olynyk,Kelly Olynyk,C/PF,0,0,0,1,1,kelly-olynyk
4530,Bojan,Bogdanovic,Bojan Bogdanovic,SF/PF,0,0,1,1,0,bojan-bogdanovic
0825,Isaiah,Hartenstein,Isaiah Hartenstein,PF/C,0,0,0,1,1,isaiah-hartenstein
57824,Miles,McBride,Miles McBride,PG,1,0,0,0,0,miles-mcbride
45307,Isaiah,Stewart,Isaiah Stewart,C/PF,0,0,0,1,1,isaiah-stewart
4709,Mitchell,Robinson,Mitchell Robinson,C,0,0,0,0,1,mitchell-robinson
4695,Gary,Trent,Gary Trent,SG,0,1,0,0,0,gary-trent-jr
4694,Bruce,Brown,Bruce Brown,SF,0,0,1,0,0,bruce-brown-jr
4510,Alec,Burks,Alec Burks,PG/SG,1,1,0,0,0,alec-burks
73747,Simone,Fontecchio,Simone Fontecchio,SF/PF,0,0,1,1,0,simone-fontecchio
88434,Gradey,Dick,Gradey Dick,SG/SF,0,1,1,0,0,gradey-dick
72098,Julian,Champagnie,Julian Champagnie,SF,0,0,1,0,0,julian-champagnie
57825,Jericho,Sims,Jericho Sims,C,0,0,0,0,1,jericho-sims
71748,Malaki,Branham,Malaki Branham,SG,0,1,0,0,0,malaki-branham
45313,Jordan,Nwora,Jordan Nwora,SF,0,0,1,0,0,jordan-nwora
45347,James,Wiseman,James Wiseman,C,0,0,0,0,1,james-wiseman
8203,Chris,Boucher,Chris Boucher,C/PF,0,0,0,1,1,chris-boucher
45344,Malachi,Flynn,Malachi Flynn,PG,1,0,0,0,0,malachi-flynn
88427,Marcus,Sasser,Marcus Sasser,PG,1,0,0,0,0,marcus-sasser
57826,Quentin,Grimes,Quentin Grimes,SG,0,1,0,0,0,quentin-grimes
57846,Sandro,Mamukelashvili,Sandro Mamukelashvili,C,0,0,0,0,1,sandro-mamukelashvili
3126,Cedi,Osman,Cedi Osman,PF,0,0,0,1,0,cedi-osman
3096,Evan,Fournier,Evan Fournier,SF,0,0,1,0,0,evan-fournier
71925,Dominick,Barlow,Dominick Barlow,PF,0,0,0,1,0,dominick-barlow
71750,Blake,Wesley,Blake Wesley,SG,0,1,0,0,0,blake-wesley
71781,Ochai,Agbaji,Ochai Agbaji,SG,0,1,0,0,0,ochai-agbaji
19602,Jontay,Porter,Jontay Porter,C,0,0,0,0,1,jontay-porter
80484,Stanley,Umude,Stanley Umude,SG,0,1,0,0,0,stanley-umude
10350,Jalen,McDaniels,Jalen McDaniels,SF,0,0,1,0,0,jalen-mcdaniels
89456,Malcolm,Cazalon,Malcolm Cazalon,SG,0,1,0,0,0,malcolm-cazalon
88446,Sidy,Cissoko,Sidy Cissoko,SF,0,0,1,0,0,sidy-cissoko
75653,Jared,Rhoden,Jared Rhoden,SG,0,1,0,0,0,jared-rhoden
17290,Charlie,Brown,Charlie Brown,SF,0,0,1,0,0,charlie-brown
72087,Buddy,Boeheim,Buddy Boeheim,SG,0,1,0,0,0,buddy-boeheim
88474,Jacob,Toppin,Jacob Toppin,SF,0,0,1,0,0,jacob-toppin
17307,DaQuan,Jeffries,DaQuan Jeffries,SF,0,0,1,0,0,daquan-jeffries
88477,Markquis,Nowell,Markquis Nowell,SG,0,1,0,0,0,markquis-nowell
1074,Garrett,Temple,Garrett Temple,SF,0,0,1,0,0,garrett-temple
61666,David,Duke,David Duke,SG,0,1,0,0,0,david-duke
61668,D.J.,Carton,D.J. Carton,SG,0,1,0,0,0,d.j.-carton
57837,RaiQuan,Gray,RaiQuan Gray,PF,0,0,0,1,0,raiquan-gray
57842,Charles,Bassey,Charles Bassey,C,0,0,0,0,1,charles-bassey
71679,Jamaree,Bouyea,Jamaree Bouyea,PG,1,0,0,0,0,jamaree-bouyea
58372,Duane,Washington,Duane Washington,SG,0,1,0,0,0,duane-washington
4668,Troy,Brown,Troy Brown,SF,0,0,1,0,0,troy-brown
72996,Javon,Freeman-Liberty,Javon Freeman-Liberty,PG,1,0,0,0,0,javon-freeman-liberty
95794,Nathan,Mensah,Nathan Mensah,C,0,0,0,0,1,nathan-mensah
4706,Devonte',Graham,Devonte' Graham,PG,1,0,0,0,0,devonte-graham
95819,Tosan,Evbuomwan,Tosan Evbuomwan,SF,0,0,1,0,0,tosan-evbuomwan
646,Kevin,Durant,Kevin Durant,SF/PF,0,0,1,1,0,kevin-durant
8460,Devin,Booker,Devin Booker,SG,0,1,0,0,0,devin-booker
5057,Jusuf,Nurkic,Jusuf Nurkic,C,0,0,0,0,1,jusuf-nurkic
5595,Bradley,Beal,Bradley Beal,SG/PG,1,1,0,0,0,bradley-beal
4711,Grayson,Allen,Grayson Allen,SG/SF,0,1,1,0,0,grayson-allen
10313,Bol,Bol,Bol Bol,C,0,0,0,0,1,bol-bol
8338,Royce,O'Neale,Royce O'Neale,SF/PF,0,0,1,1,0,royce-o-neale
556,Eric,Gordon,Eric Gordon,SG/SF,0,1,1,0,0,eric-gordon
7263,Drew,Eubanks,Drew Eubanks,C/PF,0,0,0,1,1,drew-eubanks
4689,Josh,Okogie,Josh Okogie,SF,0,0,1,0,0,josh-okogie
666,Thaddeus,Young,Thaddeus Young,PF,0,0,0,1,0,thaddeus-young
45310,Saben,Lee,Saben Lee,PG,1,0,0,0,0,saben-lee
45536,Theo,Maledon,Theo Maledon,PG,1,0,0,0,0,theo-maledon
4512,Marcus,Morris,Marcus Morris,PF/SF,0,0,1,1,0,marcus-morris
45623,Mamadi,Diakite,Mamadi Diakite,PF,0,0,0,1,0,mamadi-diakite
71755,David,Roddy,David Roddy,PF,0,0,0,1,0,david-roddy
10343,Nassir,Little,Nassir Little,SF,0,0,1,0,0,nassir-little
45309,Udoka,Azubuike,Udoka Azubuike,C,0,0,0,0,1,udoka-azubuike
8376,Damion,Lee,Damion Lee,SG,0,1,0,0,0,damion-lee
5062,Nikola,Jokic,Nikola Jokic,C,0,0,0,0,1,nikola-jokic
4669,Luka,Doncic,Luka Doncic,PG,1,0,0,0,0,luka-doncic
45321,Anthony,Edwards,Anthony Edwards,SG/SF,0,1,1,0,0,anthony-edwards
4498,Kyrie,Irving,Kyrie Irving,PG/SG,1,1,0,0,0,kyrie-irving
8462,Karl-Anthony,Towns,Karl-Anthony Towns,PF/C,0,0,0,1,1,karl-anthony-towns
6108,Jamal,Murray,Jamal Murray,PG,1,0,0,0,0,jamal-murray
0203,Rudy,Gobert,Rudy Gobert,C,0,0,0,0,1,rudy-gobert
4682,Michael,Porter,Michael Porter,SF/PF,0,0,1,1,0,michael-porter-jr
1594,Aaron,Gordon,Aaron Gordon,PF,0,0,0,1,0,aaron-gordon
10325,Daniel,Gafford,Daniel Gafford,C,0,0,0,0,1,daniel-gafford
10995,Naz,Reid,Naz Reid,C/PF,0,0,0,1,1,naz-reid
3716,Kyle,Anderson,Kyle Anderson,SF/PF,0,0,1,1,0,kyle-anderson
575,Mike,Conley,Mike Conley,PG,1,0,0,0,0,mike-conley
4523,Reggie,Jackson,Reggie Jackson,PG,1,0,0,0,0,reggie-jackson
5846,Tim,Hardaway,Tim Hardaway,SG/SF,0,1,1,0,0,tim-hardaway-jr
88425,Dereck,Lively,Dereck Lively,C,0,0,0,0,1,dereck-lively
10352,P.J.,Washington,P.J. Washington,PF/C,0,0,0,1,1,pj-washington
45325,Josh,Green,Josh Green,SF/SG,0,1,1,0,0,josh-green
5636,Kentavious,Caldwell-Pope,Kentavious Caldwell-Pope,SG,0,1,0,0,0,kentavious-caldwell-pope
10356,Nickeil,Alexander-Walker,Nickeil Alexander-Walker,SG/SF,0,1,1,0,0,nickeil-alexander-walker
71744,Christian,Braun,Christian Braun,SG,0,1,0,0,0,christian-braun
71761,Peyton,Watson,Peyton Watson,PF/SF,0,0,1,1,0,peyton-watson
0396,Monte,Morris,Monte Morris,PG,1,0,0,0,0,monte-morris
1621,Maxi,Kleber,Maxi Kleber,PF/C,0,0,0,1,1,maxi-kleber
71791,Jaden,Hardy,Jaden Hardy,SG,0,1,0,0,0,jaden-hardy
45319,Jaden,McDaniels,Jaden McDaniels,SF/PF,0,0,1,1,0,jaden-mcdaniels
5055,Dante,Exum,Dante Exum,SG/PG,1,1,0,0,0,dante-exum
561,DeAndre,Jordan,DeAndre Jordan,C,0,0,0,0,1,deandre-jordan
45305,Zeke,Nnaji,Zeke Nnaji,PF/C,0,0,0,1,1,zeke-nnaji
71668,Collin,Gillespie,Collin Gillespie,PG,1,0,0,0,0,collin-gillespie
6604,Justin,Holiday,Justin Holiday,SG,0,1,0,0,0,justin-holiday
6196,Dwight,Powell,Dwight Powell,C/PF,0,0,0,1,1,dwight-powell
6968,Derrick,Jones,Derrick Jones,SF/PF,0,0,1,1,0,derrick-jones-jr
88423,Julian,Strawther,Julian Strawther,SF,0,0,1,0,0,julian-strawther
5597,Jordan,McLaughlin,Jordan McLaughlin,PG,1,0,0,0,0,jordan-mclaughlin
88424,Olivier-Maxence,Prosper,Olivier-Maxence Prosper,PF,0,0,0,1,0,olivier-maxence-prosper
17285,Vlatko,Cancar,Vlatko Cancar,SF,0,0,1,0,0,vlatko-cancar
88452,Leonard,Miller,Leonard Miller,SF,0,0,1,0,0,leonard-miller
88453,Jaylen,Clark,Jaylen Clark,SG,0,1,0,0,0,jaylen-clark
88458,Jalen,Pickett,Jalen Pickett,SG,0,1,0,0,0,jalen-pickett
88459,Hunter,Tyson,Hunter Tyson,PF,0,0,0,1,0,hunter-tyson
57807,Luka,Garza,Luka Garza,C,0,0,0,0,1,luka-garza
57823,Greg,Brown,Greg Brown,PF,0,0,0,1,0,greg-brown
63978,Brandon,Williams,Brandon Williams,PG,1,0,0,0,0,brandon-williams-1
4511,Markieff,Morris,Markieff Morris,PF,0,0,0,1,0,markieff-morris
60963,Daishen,Nix,Daishen Nix,PG,1,0,0,0,0,daishen-nix
64036,Braxton,Key,Braxton Key,SF,0,0,1,0,0,braxton-key
71778,Wendell,Moore,Wendell Moore,SG,0,1,0,0,0,wendell-moore-jr
71776,Josh,Minott,Josh Minott,SF,0,0,1,0,0,josh-minott
60022,A.J.,Lawson,A.J. Lawson,SG,0,1,0,0,0,a-j-lawson
8134,Justin,Jackson,Justin Jackson,SF,0,0,1,0,0,justin-jackson
63146,Jalen,Crutcher,Jalen Crutcher,PG,1,0,0,0,0,jalen-crutcher
59097,Jay,Huff,Jay Huff,C,0,0,0,0,1,jay-huff
0808,Jayson,Tatum,Jayson Tatum,PF/SF,0,0,1,1,0,jayson-tatum
3122,Kristaps,Porzingis,Kristaps Porzingis,PF/C,0,0,0,1,1,kristaps-porzingis
7026,Jaylen,Brown,Jaylen Brown,SF/SG,0,1,1,0,0,jaylen-brown
9675,Derrick,White,Derrick White,PG/SG,1,1,0,0,0,derrick-white
663,Jrue,Holiday,Jrue Holiday,PG,1,0,0,0,0,jrue-holiday
453,Al,Horford,Al Horford,C,0,0,0,0,1,al-horford
45335,Payton,Pritchard,Payton Pritchard,PG,1,0,0,0,0,payton-pritchard
1083,Luke,Kornet,Luke Kornet,C,0,0,0,0,1,luke-kornet
58854,Sam,Hauser,Sam Hauser,SF,0,0,1,0,0,sam-hauser
45336,Xavier,Tillman,Xavier Tillman,C,0,0,0,0,1,xavier-tillman
57840,Jaden,Springer,Jaden Springer,PG,1,0,0,0,0,jaden-springer
4691,Shake,Milton,Shake Milton,PG,1,0,0,0,0,shake-milton
17283,Oshae,Brissett,Oshae Brissett,SF,0,0,1,0,0,oshae-brissett
57811,Neemias,Queta,Neemias Queta,C,0,0,0,0,1,neemias-queta
88457,Jordan,Walsh,Jordan Walsh,SF,0,0,1,0,0,jordan-walsh
10637,Darius,Bazley,Darius Bazley,PF/SF,0,0,1,1,0,darius-bazley
71677,Kenneth,Lofton,Kenneth Lofton,PF,0,0,0,1,0,kenneth-lofton-jr
95792,Drew,Peterson,Drew Peterson,PF,0,0,0,1,0,drew-peterson
4713,Svi,Mykhailiuk,Svi Mykhailiuk,SG,0,1,0,0,0,svi-mykhailiuk
71762,JD,Davison,JD Davison,PG,1,0,0,0,0,jd-davison
61553,Dru,Smith,Dru Smith,SG,0,1,0,0,0,dru-smith
8084,Justise,Winslow,Justise Winslow,SF,0,0,1,0,0,justise-winslow
77490,Mouhamadou,Gueye,Mouhamadou Gueye,PF,0,0,0,1,0,mouhamadou-gueye
4672,Zhaire,Smith,Zhaire Smith,SG,0,1,0,0,0,zhaire-smith
481,Taj,Gibson,Taj Gibson,C/PF,0,0,0,1,1,taj-gibson
4701,Chimezie,Metu,Chimezie Metu,C/PF,0,0,0,1,1,chimezie-metu
873,Robin,Lopez,Robin Lopez,C,0,0,0,0,1,robin-lopez
3740,Ryan,Arcidiacono,Ryan Arcidiacono,PG,1,0,0,0,0,ryan-arcidiacono
10317,Jaylen,Nowell,Jaylen Nowell,PG,1,0,0,0,0,jaylen-nowell
5684,Victor,Oladipo,Victor Oladipo,SG,0,1,0,0,0,victor-oladipo
2511,Ish,Smith,Ish Smith,PG,1,0,0,0,0,ish-smith
0813,Frank,Ntilikina,Frank Ntilikina,PG,1,0,0,0,0,frank-ntilikina
57818,James,Bouknight,James Bouknight,SG,0,1,0,0,0,james-bouknight
4529,Cory,Joseph,Cory Joseph,PG,1,0,0,0,0,cory-joseph
17779,Juan,Toscano-Anderson,Juan Toscano-Anderson,PF,0,0,0,1,0,juan-toscano-anderson
4699,Hamidou,Diallo,Hamidou Diallo,SG,0,1,0,0,0,hamidou-diallo
45489,Killian,Hayes,Killian Hayes,PG,1,0,0,0,0,killian-hayes
4674,Kevin,Knox,Kevin Knox,SF/PF,0,0,1,1,0,kevin-knox-ii
96042,Taze,Moore,Taze Moore,SG,0,1,0,0,0,taze-moore
6363,Joe,Harris,Joe Harris,SG,0,1,0,0,0,joe-harris
3294,Danuel,House,Danuel House,SF,0,0,1,0,0,danuel-house
0826,Furkan,Korkmaz,Furkan Korkmaz,SF,0,0,1,0,0,furkan-korkmaz
71775,Christian,Koloko,Christian Koloko,C,0,0,0,0,1,christian-koloko
2744,Shaquille,Harrison,Shaquille Harrison,PG,1,0,0,0,0,shaquille-harrison
45491,Nathan,Knight,Nathan Knight,PF,0,0,0,1,0,nathan-knight
57803,Josh,Christopher,Josh Christopher,SG,0,1,0,0,0,josh-christopher
89469,D'Moi,Hodge,D'Moi Hodge,SG,0,1,0,0,0,d'moi-hodge
93991,Alex,Fudge,Alex Fudge,SF,0,0,1,0,0,alex-fudge
17291,Armoni,Brooks,Armoni Brooks,SG,0,1,0,0,0,armoni-brooks
58243,Ish,Wainright,Ish Wainright,SF,0,0,1,0,0,ish-wainright
4496,Ricky,Rubio,Ricky Rubio,PG,1,0,0,0,0,ricky-rubio
16906,Lindell,Wigginton,Lindell Wigginton,PG,1,0,0,0,0,lindell-wigginton
98630,Dmytro,Skapintsev,Dmytro Skapintsev,C,0,0,0,0,1,dmytro-skapintsev
95815,Charles,Bediako,Charles Bediako,C,0,0,0,0,1,charles-bediako
92339,Dexter,Dennis,Dexter Dennis,SG,0,1,0,0,0,dexter-dennis
89475,Miles,Norris,Miles Norris,PF,0,0,0,1,0,miles-norris
61551,Javonte,Smart,Javonte Smart,PG,1,0,0,0,0,javonte-smart
10345,Kevin,Porter,Kevin Porter,PG,1,0,0,0,0,kevin-porter
7333,Will,Barton,Will Barton,SG/SF,0,1,1,0,0,will-barton
45541,R.J.,Hampton,R.J. Hampton,PG/SG,1,1,0,0,0,r.j.-hampton
6405,Terrence,Ross,Terrence Ross,SG/SF,0,1,1,0,0,terrence-ross
45533,Kenyon,Martin,Kenyon Martin,SF/PF,0,0,1,1,0,kenyon-martin-jr
2661,Noah,Vonleh,Noah Vonleh,PF,0,0,0,1,0,noah-vonleh
01329,Kendrick,Nunn,Kendrick Nunn,SG/PG,1,1,0,0,0,kendrick-nunn
5405,JaMychal,Green,JaMychal Green,PF/C,0,0,0,1,1,jamychal-green
10346,Isaiah,Roby,Isaiah Roby,PF/C,0,0,0,1,1,isaiah-roby
5771,Gorgui,Dieng,Gorgui Dieng,C,0,0,0,0,1,gorgui-dieng
45547,Facundo,Campazzo,Facundo Campazzo,PG,1,0,0,0,0,facundo-campazzo
560,Blake,Griffin,Blake Griffin,PF/C,0,0,0,1,1,blake-griffin
0208,Raul,Neto,Raul Neto,PG,1,0,0,0,0,raul-neto
7556,Tyler,Dorsey,Tyler Dorsey,SG,0,1,0,0,0,tyler-dorsey
5521,Theo,Pinson,Theo Pinson,SG/SF,0,1,1,0,0,theo-pinson
58852,McKinley,Wright,McKinley Wright,PG,1,0,0,0,0,mckinley-wright
71666,Trevor,Hudgins,Trevor Hudgins,PG,1,0,0,0,0,trevor-hudgins
45588,Anthony,Lamb,Anthony Lamb,SF,0,0,1,0,0,anthony-lamb
57910,Isaiah,Todd,Isaiah Todd,PF,0,0,0,1,0,isaiah-todd
5592,Austin,Rivers,Austin Rivers,SG/PG,1,1,0,0,0,austin-rivers
3788,Bryn,Forbes,Bryn Forbes,SG,0,1,0,0,0,bryn-forbes
10321,Romeo,Langford,Romeo Langford,SG,0,1,0,0,0,romeo-langford
73815,Darius,Days,Darius Days,PF,0,0,0,1,0,darius-days
71774,Trevor,Keels,Trevor Keels,SG,0,1,0,0,0,trevor-keels
3825,Nerlens,Noel,Nerlens Noel,C,0,0,0,0,1,nerlens-noel
10355,Mfiondu,Kabengele,Mfiondu Kabengele,SF,0,0,1,0,0,mfiondu-kabengele
62096,Jordan,Schakel,Jordan Schakel,SF,0,0,1,0,0,jordan-schakel
0255,Davon,Reed,Davon Reed,SF,0,0,1,0,0,davon-reed
73899,Jack,White,Jack White,SF,0,0,1,0,0,jack-white
5744,Rodney,McGruder,Rodney McGruder,SG,0,1,0,0,0,rodney-mcgruder
45312,Vernon,Carey,Vernon Carey,PF/C,0,0,0,1,1,vernon-carey
60178,Feron,Hunt,Feron Hunt,SF,0,0,1,0,0,feron-hunt
664,Andre,Iguodala,Andre Iguodala,SF,0,0,1,0,0,andre-iguodala
577,Rudy,Gay,Rudy Gay,PF/SF,0,0,1,1,0,rudy-gay
703,George,Hill,George Hill,PG,1,0,0,0,0,george-hill
6448,Frank,Kaminsky,Frank Kaminsky,PF/C,0,0,0,1,1,frank-kaminsky
673,Goran,Dragic,Goran Dragic,PG,1,0,0,0,0,goran-dragic
3776,Montrezl,Harrell,Montrezl Harrell,C,0,0,0,0,1,montrezl-harrell
957,Serge,Ibaka,Serge Ibaka,PF/C,0,0,0,1,1,serge-ibaka
8270,Edmond,Sumner,Edmond Sumner,PG/SG,1,1,0,0,0,edmond-sumner
758,Danny,Green,Danny Green,SG/SF,0,1,1,0,0,danny-green
3120,T.J.,Warren,T.J. Warren,SF/PF,0,0,1,1,0,t.j.-warren
45534,Marko,Simonovic,Marko Simonovic,C,0,0,0,0,1,marko-simonovic
45535,Leandro,Bolmaro,Leandro Bolmaro,SF,0,0,1,0,0,leandro-bolmaro
71667,Michael,Foster,Michael Foster,PF,0,0,0,1,0,michael-foster
71672,A.J.,Green,A.J. Green,SG,0,1,0,0,0,a-j-green
71754,Kennedy,Chandler,Kennedy Chandler,PG,1,0,0,0,0,kennedy-chandler
71753,Tyrese,Martin,Tyrese Martin,SG,0,1,0,0,0,tyrese-martin
4725,Kostas,Antetokounmpo,Kostas Antetokounmpo,PF,0,0,0,1,0,kostas-antetokounmpo
10333,Jarrett,Culver,Jarrett Culver,SF/SG,0,1,1,0,0,jarrett-culver
0823,Tony,Bradley,Tony Bradley,PF/C,0,0,0,1,1,tony-bradley
3127,Willy,Hernangomez,Willy Hernangomez,PF/C,0,0,0,1,1,willy-hernangomez
0822,Juancho,Hernangomez,Juancho Hernangomez,SF/PF,0,0,1,1,0,juancho-hernangomez
6081,Khem,Birch,Khem Birch,C/PF,0,0,0,1,1,khem-birch
71660,Ron,Harper,Ron Harper,SF,0,0,1,0,0,ron-harper
80485,John,Butler,John Butler,PF,0,0,0,1,0,john-butler
2332,John,Wall,John Wall,PG/SG,1,1,0,0,0,john-wall
16340,Terence,Davis,Terence Davis,SG/SF,0,1,1,0,0,terence-davis
6301,Dewayne,Dedmon,Dewayne Dedmon,C,0,0,0,0,1,dewayne-dedmon
10309,KZ,Okpala,KZ Okpala,SF,0,0,1,0,0,kz-okpala
73914,Chima,Moneke,Chima Moneke,SF,0,0,1,0,0,chima-moneke
0064,Matthew,Dellavedova,Matthew Dellavedova,PG,1,0,0,0,0,matthew-dellavedova
589,Udonis,Haslem,Udonis Haslem,PF,0,0,0,1,0,udonis-haslem
74404,Jordan,Hall,Jordan Hall,SF,0,0,1,0,0,jordan-hall
