Nickname,NF Suffix,FanDuel Nickname
Desmond Bane,desmond-bane-1,Desmond Bane
De'Aaron Fox,de-aaron-fox,De'Aaron Fox
Jaren Jackson Jr.,jaren-jackson-jr,Jaren Jackson
Cam Thomas,cameron-thomas,Cam Thomas
Michael Porter Jr.,michael-porter-jr,Michael Porter
D'Angelo Russell,d-angelo-russell,D'Angelo Russell
Tim Hardaway Jr.,tim-hardaway-jr,Tim Hardaway
Jabari Smith Jr.,jabari-smith,Jabari Smith
De'Andre Hunter,de-andre-hunter,De'Andre Hunter
CJ McCollum,c-j-mccollum,CJ McCollum
Russell Westbrook III,russell-westbrook,Russell Westbrook
Bruce Brown Jr.,bruce-brown-jr,Bruce Brown
Gary Trent Jr.,gary-trent-jr,Gary Trent
Nic Claxton,nicolas-claxton,Nic Claxton
P.J. Washington Jr.,pj-washington,P.J. Washington
Bobby Portis Jr.,bobby-portis,Bobby Portis
Trey Murphy III,trey-murphy-iii,Trey Murphy
De'Anthony Melton,de-anthony-melton,De'Anthony Melton
Kelly Oubre Jr.,kelly-oubre,Kelly Oubre
Bones Hyland,nah-shon-hyland,Bones Hyland
Marvin Bagley III,marvin-bagley-iii,Marvin Bagley
Jaime Jaquez Jr.,jaime-jaquez-jr,Jaime Jaquez
Royce O'Neale,royce-o-neale,Royce O'Neale
Craig Porter Jr.,craig-porter-jr,Craig Porter
Jae'Sean Tate,jae-sean-tate,Jae'Sean Tate
Derrick Jones Jr.,derrick-jones-jr,Derrick Jones
Sasha Vezenkov,sasha-vezenkov,Sasha Vezenkov
Vince Williams Jr.,vince-williams-jr,Vince Williams
Josh Christopher,josh-christopher,Josh Christopher
T.J. McConnell,t-j-mcconnell,T.J. McConnell
Day'Ron Sharpe,day-ron-sharpe,Day'Ron Sharpe
Xavier Tillman Sr.,xavier-tillman,Xavier Tillman
Kevin Knox II,kevin-knox-ii,Kevin Knox
Harry Giles III,harry-giles-iii,Harry Giles III
Brandon Boston Jr.,brandon-boston-jr,Brandon Boston
Marcus Morris Sr.,marcus-morris,Marcus Morris
Nick Smith Jr.,nick-smith-jr,Nick Smith
KJ Martin Jr.,kj-martin-jr,KJ Martin Jr.
Wendell Carter Jr.,wendell-carter-jr,Wendell Carter
Dennis Smith Jr.,dennis-smith-jr.,Dennis Smith
Dereck Lively,dereck-lively,Dereck Lively
Larry Nance,larry-nance-jr,Larry Nance
GG Jackson,gregory-jackson,GG Jackson
A.J. Lawson,a-j-lawson,A.J. Lawson
A.J. Green,a-j-green,A.J. Green
Andre Jackson,andre-jackson-jr,Andre Jackson
Domantas Sabonis,domantas-sabonis,Domantas Sabonis
DeMar DeRozan,demar-derozan,DeMar DeRozan
Bam Adebayo,bam-adebayo,Bam Adebayo
Nikola Vucevic,nikola-vucevic,Nikola Vucevic
Tyler Herro,tyler-herro,Tyler Herro
Coby White,coby-white,Coby White
Brandon Ingram,brandon-ingram,Brandon Ingram
Terry Rozier,terry-rozier,Terry Rozier
Keegan Murray,keegan-murray,Keegan Murray
Trey Murphy,trey-murphy,Trey Murphy
Ayo Dosunmu,ayo-dosunmu,Ayo Dosunmu
Herbert Jones,herbert-jones,Herbert Jones
Jonas Valanciunas,jonas-valanciunas,Jonas Valanciunas
Javonte Green,javonte-green,Javonte Green
Keon Ellis,keon-ellis,Keon Ellis
Andre Drummond,andre-drummond,Andre Drummond
Alex Caruso,alex-caruso,Alex Caruso
Harrison Barnes,harrison-barnes,Harrison Barnes
Jaime Jaquez,jaime-jaquez,Jaime Jaquez
Haywood Highsmith,haywood-highsmith,Haywood Highsmith
Caleb Martin,caleb-martin,Caleb Martin
Delon Wright,delon-wright,Delon Wright
Kevin Love,kevin-love,Kevin Love
Jose Alvarado,jose-alvarado,Jose Alvarado
Duncan Robinson,duncan-robinson,Duncan Robinson
Nikola Jovic,nikola-jovic,Nikola Jovic
Trey Lyles,trey-lyles,Trey Lyles
Dalen Terry,dalen-terry,Dalen Terry
Naji Marshall,naji-marshall,Naji Marshall
Davion Mitchell,davion-mitchell,Davion Mitchell
Dyson Daniels,dyson-daniels,Dyson Daniels
Thomas Bryant,thomas-bryant,Thomas Bryant
Torrey Craig,torrey-craig,Torrey Craig
Alex Len,alex-len,Alex Len
Jordan Hawkins,jordan-hawkins,Jordan Hawkins
Adama Sanogo,adama-sanogo,Adama Sanogo
Jevon Carter,jevon-carter,Jevon Carter
Jeremiah Robinson-Earl,jeremiah-robinson-earl,Jeremiah Robinson-Earl
E.J. Liddell,e.j.-liddell,E.J. Liddell
Chris Duarte,chris-duarte,Chris Duarte
Kessler Edwards,kessler-edwards,Kessler Edwards
JaVale McGee,javale-mcgee,JaVale McGee
Izaiah Brockington,izaiah-brockington,Izaiah Brockington
Orlando Robinson,orlando-robinson,Orlando Robinson
Dereon Seabron,dereon-seabron,Dereon Seabron
Alondes Williams,alondes-williams,Alondes Williams
Patrick Williams,patrick-williams,Patrick Williams
Terry Taylor,terry-taylor,Terry Taylor
Colby Jones,colby-jones,Colby Jones
Cole Swider,cole-swider,Cole Swider
Jordan Ford,jordan-ford,Jordan Ford
Jalen Slawson,jalen-slawson,Jalen Slawson
Lonzo Ball,lonzo-ball,Lonzo Ball
Julian Phillips,julian-phillips,Julian Phillips
Onuralp Bitim,onuralp-bitim,Onuralp Bitim
Malik Monk,malik-monk,Malik Monk
Jimmy Butler,jimmy-butler,Jimmy Butler
Jamal Cain,jamal-cain,Jamal Cain
Andrew Funk,andrew-funk,Andrew Funk
Cody Zeller,cody-zeller,Cody Zeller
Zach LaVine,zach-lavine,Zach LaVine
Malcolm Hill,malcolm-hill,Malcolm Hill
Patty Mills,patrick-mills,Patty Mills
Kevin Huerter,kevin-huerter,Kevin Huerter
Zion Williamson,zion-williamson,Zion Williamson
Matt Ryan,matt-ryan,Matt Ryan
Mason Jones,mason-jones,Mason Jones
Josh Richardson,josh-richardson,Josh Richardson
Henri Drell,henri-drell,Henri Drell
Anthony Davis,anthony-davis,Anthony Davis
Shai Gilgeous-Alexander,shai-gilgeous-alexander,Shai Gilgeous-Alexander
Joel Embiid,joel-embiid,Joel Embiid
LeBron James,lebron-james,LeBron James
Tyrese Haliburton,tyrese-haliburton,Tyrese Haliburton
Miles Bridges,miles-bridges,Miles Bridges
Jaren Jackson,jaren-jackson,Jaren Jackson
Tyrese Maxey,tyrese-maxey,Tyrese Maxey
Deandre Ayton,deandre-ayton,Deandre Ayton
Stephen Curry,stephen-curry,Stephen Curry
Kyle Kuzma,kyle-kuzma,Kyle Kuzma
Pascal Siakam,pascal-siakam,Pascal Siakam
LaMelo Ball,lamelo-ball,LaMelo Ball
Chet Holmgren,chet-holmgren,Chet Holmgren
Jalen Williams,jalen-williams,Jalen Williams
Anfernee Simons,anfernee-simons,Anfernee Simons
Chris Paul,chris-paul,Chris Paul
Mikal Bridges,mikal-bridges,Mikal Bridges
Jonathan Kuminga,jonathan-kuminga,Jonathan Kuminga
Brandon Miller,brandon-miller,Brandon Miller
Deni Avdija,deni-avdija,Deni Avdija
Austin Reaves,austin-reaves,Austin Reaves
Myles Turner,myles-turner,Myles Turner
Tobias Harris,tobias-harris,Tobias Harris
Vince Williams,vince-williams,Vince Williams
Jerami Grant,jerami-grant,Jerami Grant
Brandin Podziemski,brandin-podziemski,Brandin Podziemski
Josh Giddey,josh-giddey,Josh Giddey
Draymond Green,draymond-green,Draymond Green
Paul Reed,paul-reed,Paul Reed
Malcolm Brogdon,malcolm-brogdon,Malcolm Brogdon
Santi Aldama,santi-aldama,Santi Aldama
Tyus Jones,tyus-jones,Tyus Jones
Jordan Poole,jordan-poole,Jordan Poole
Dennis Schroder,dennis-schroder,Dennis Schroder
Vasilije Micic,vasilije-micic,Vasilije Micic
Scoot Henderson,scoot-henderson,Scoot Henderson
Trayce Jackson-Davis,trayce-jackson-davis,Trayce Jackson-Davis
Cameron Johnson,cameron-johnson,Cameron Johnson
Klay Thompson,klay-thompson,Klay Thompson
Marvin Bagley,marvin-bagley,Marvin Bagley
Buddy Hield,buddy-hield,Buddy Hield
Grant Williams,grant-williams,Grant Williams
Nick Richards,nick-richards,Nick Richards
Tre Mann,tre-mann,Tre Mann
John Konchar,john-konchar,John Konchar
Richaun Holmes,richaun-holmes,Richaun Holmes
Jordan Goodwin,jordan-goodwin,Jordan Goodwin
Luguentz Dort,luguentz-dort,Luguentz Dort
Mark Williams,mark-williams,Mark Williams
Luke Kennard,luke-kennard,Luke Kennard
Corey Kispert,corey-kispert,Corey Kispert
Rui Hachimura,rui-hachimura,Rui Hachimura
Aaron Nesmith,aaron-nesmith,Aaron Nesmith
Andrew Wiggins,andrew-wiggins,Andrew Wiggins
Bilal Coulibaly,bilal-coulibaly,Bilal Coulibaly
Jake LaRavia,jake-laravia,Jake LaRavia
Scotty Pippen,scotty-pippen-jr,Scotty Pippen
Dennis Smith,dennis-smith,Dennis Smith
Dorian Finney-Smith,dorian-finney-smith,Dorian Finney-Smith
Dalano Banton,dalano-banton,Dalano Banton
Isaiah Jackson,isaiah-jackson,Isaiah Jackson
Lamar Stevens,lamar-stevens,Lamar Stevens
Gordon Hayward,gordon-hayward,Gordon Hayward
Marcus Smart,marcus-smart,Marcus Smart
Toumani Camara,toumani-camara,Toumani Camara
Andrew Nembhard,andrew-nembhard,Andrew Nembhard
Cody Martin,cody-martin,Cody Martin
Trey Jemison,trey-jemison,Trey Jemison
Kris Murray,kris-murray,Kris Murray
Kai Jones,kai-jones,Kai Jones
Aleksej Pokusevski,aleksej-pokusevski,Aleksej Pokusevski
Kyle Lowry,kyle-lowry,Kyle Lowry
Jalen Smith,jalen-smith,Jalen Smith
Davis Bertans,davis-bertans,Davis Bertans
Matisse Thybulle,matisse-thybulle,Matisse Thybulle
Cameron Payne,cameron-payne,Cameron Payne
Obi Toppin,obi-toppin,Obi Toppin
Moses Moody,moses-moody,Moses Moody
Lonnie Walker,lonnie-walker,Lonnie Walker
Nicolas Batum,nicolas-batum,Nicolas Batum
Duop Reath,duop-reath,Duop Reath
DeJon Jarreau,dejon-jarreau,DeJon Jarreau
Jabari Walker,jabari-walker,Jabari Walker
Jaxson Hayes,jaxson-hayes,Jaxson Hayes
Spencer Dinwiddie,spencer-dinwiddie,Spencer Dinwiddie
Jarace Walker,jarace-walker,Jarace Walker
Cason Wallace,cason-wallace,Cason Wallace
Taurean Prince,taurean-prince,Taurean Prince
Trendon Watford,trendon-watford,Trendon Watford
Mo Bamba,mohamed-bamba,Mo Bamba
Jaylin Williams,jaylin-williams,Jaylin Williams
Aaron Wiggins,aaron-wiggins,Aaron Wiggins
Gary Payton,gary-payton-ii,Gary Payton
Seth Curry,seth-curry,Seth Curry
Wenyen Gabriel,wenyen-gabriel,Wenyen Gabriel
Ben Sheppard,ben-sheppard,Ben Sheppard
Christian Wood,christian-wood,Christian Wood
Cam Reddish,cam-reddish,Cam Reddish
Isaiah Joe,isaiah-joe,Isaiah Joe
Ashton Hagans,ashton-hagans,Ashton Hagans
Eugene Omoruyi,eugene-omoruyi,Eugene Omoruyi
Nick Smith,nick-smith,Nick Smith
Robert Covington,robert-covington,Robert Covington
Jalen Wilson,jalen-wilson,Jalen Wilson
Rayan Rupert,rayan-rupert,Rayan Rupert
KJ Martin,kj-martin,KJ Martin
Lester Quinones,lester-quinones,Lester Quinones
Landry Shamet,landry-shamet,Landry Shamet
Bryce McGowens,bryce-mcgowens,Bryce McGowens
Noah Clowney,noah-clowney,Noah Clowney
Moses Brown,moses-brown,Moses Brown
Ricky Council,ricky-council-iv,Ricky Council
Jared Butler,jared-butler,Jared Butler
Jeff Dowtin,jeff-dowtin,Jeff Dowtin
Kevon Looney,kevon-looney,Kevon Looney
Jarred Vanderbilt,jarred-vanderbilt,Jarred Vanderbilt
Yuta Watanabe,yuta-watanabe,Yuta Watanabe
Patrick Baldwin,patrick-baldwin-jr,Patrick Baldwin
Dario Saric,dario-saric,Dario Saric
Gui Santos,gui-santos,Gui Santos
Mike Muscala,mike-muscala,Mike Muscala
Gabe Vincent,gabe-vincent,Gabe Vincent
Dariq Whitehead,dariq-whitehead,Dariq Whitehead
Jalen Hood-Schifino,jalen-hood-schifino,Jalen Hood-Schifino
Colin Castleton,colin-castleton,Colin Castleton
Tristan Vukcevic,tristan-vukcevic,Tristan Vukcevic
Isaiah Wong,isaiah-wong,Isaiah Wong
Amari Bailey,amari-bailey,Amari Bailey
Quenton Jackson,quenton-jackson,Quenton Jackson
Marques Bolden,marques-bolden,Marques Bolden
Terquavion Smith,terquavion-smith,Terquavion Smith
Keyontae Johnson,keyontae-johnson,Keyontae Johnson
Maxwell Lewis,maxwell-lewis,Maxwell Lewis
Oscar Tshiebwe,oscar-tshiebwe,Oscar Tshiebwe
Jaylen Martin,jaylen-martin,Jaylen Martin
Ben Simmons,ben-simmons,Ben Simmons
Keon Johnson,keon-johnson,Keon Johnson
Isaiah Livers,isaiah-livers,Isaiah Livers
JT Thor,jt-thor,JT Thor
Justin Champagnie,justin-champagnie,Justin Champagnie
RJ Hampton,rj-hampton,RJ Hampton
Leaky Black,leaky-black,Leaky Black
Anthony Gill,anthony-gill,Anthony Gill
Ziaire Williams,ziaire-williams,Ziaire Williams
Bismack Biyombo,bismack-biyombo,Bismack Biyombo
Jerome Robinson,jerome-robinson,Jerome Robinson
Usman Garuba,usman-garuba,Usman Garuba
Keita Bates-Diop,keita-bates-diop,Keita Bates-Diop
Bennedict Mathurin,bennedict-mathurin,Bennedict Mathurin
Kendall Brown,kendall-brown,Kendall Brown
Max Christie,max-christie,Max Christie
Robert Williams,robert-williams,Robert Williams
James Johnson,james-johnson,James Johnson
Johnny Davis,johnny-davis,Johnny Davis
Jacob Gilyard,jacob-gilyard,Jacob Gilyard
Jules Bernard,jules-bernard,Jules Bernard
Derrick Rose,derrick-rose,Derrick Rose
Ja Morant,ja-morant,Ja Morant
Brandon Clarke,brandon-clarke,Brandon Clarke
Adam Flagler,adam-flagler,Adam Flagler
Ousmane Dieng,ousmane-dieng,Ousmane Dieng
Shaedon Sharpe,shaedon-sharpe,Shaedon Sharpe
Ibou Badji,ibou-badji,Ibou Badji
Kenrich Williams,kenrich-williams,Kenrich Williams
Doug McDermott,doug-mcdermott,Doug McDermott
Skylar Mays,skylar-mays,Skylar Mays
Pat Spencer,pat-spencer,Pat Spencer
Harry Giles,harry-giles,Harry Giles
Olivier Sarr,olivier-sarr,Olivier Sarr
Lindy Waters,lindy-waters-jr,Lindy Waters
Justin Minaya,justin-minaya,Justin Minaya
Giannis Antetokounmpo,giannis-antetokounmpo,Giannis Antetokounmpo
Donovan Mitchell,donovan-mitchell,Donovan Mitchell
Kawhi Leonard,kawhi-leonard,Kawhi Leonard
Dejounte Murray,dejounte-murray,Dejounte Murray
Damian Lillard,damian-lillard,Damian Lillard
James Harden,james-harden,James Harden
Trae Young,trae-young,Trae Young
Paolo Banchero,paolo-banchero,Paolo Banchero
Alperen Sengun,alperen-sengun,Alperen Sengun
Lauri Markkanen,lauri-markkanen,Lauri Markkanen
Paul George,paul-george,Paul George
Evan Mobley,evan-mobley,Evan Mobley
Jalen Johnson,jalen-johnson,Jalen Johnson
Fred VanVleet,fred-vanvleet,Fred VanVleet
Darius Garland,darius-garland,Darius Garland
Jarrett Allen,jarrett-allen,Jarrett Allen
Collin Sexton,collin-sexton,Collin Sexton
Jalen Green,jalen-green,Jalen Green
Franz Wagner,franz-wagner,Franz Wagner
Amen Thompson,amen-thompson,Amen Thompson
John Collins,john-collins,John Collins
Jordan Clarkson,jordan-clarkson,Jordan Clarkson
Keyonte George,keyonte-george,Keyonte George
Caris LeVert,caris-levert,Caris LeVert
Brook Lopez,brook-lopez,Brook Lopez
Clint Capela,clint-capela,Clint Capela
Bogdan Bogdanovic,bogdan-bogdanovic,Bogdan Bogdanovic
Wendell Carter,wendell-carter,Wendell Carter
Walker Kessler,walker-kessler,Walker Kessler
Ivica Zubac,ivica-zubac,Ivica Zubac
Max Strus,max-strus,Max Strus
Saddiq Bey,saddiq-bey,Saddiq Bey
Khris Middleton,khris-middleton,Khris Middleton
Jalen Suggs,jalen-suggs,Jalen Suggs
Malik Beasley,malik-beasley,Malik Beasley
Norman Powell,norman-powell,Norman Powell
Taylor Hendricks,taylor-hendricks,Taylor Hendricks
Onyeka Okongwu,onyeka-okongwu,Onyeka Okongwu
Terance Mann,terance-mann,Terance Mann
Dillon Brooks,dillon-brooks,Dillon Brooks
Cole Anthony,cole-anthony,Cole Anthony
Isaac Okoro,isaac-okoro,Isaac Okoro
Moritz Wagner,moritz-wagner,Moritz Wagner
Markelle Fultz,markelle-fultz,Markelle Fultz
Sam Merrill,sam-merrill,Sam Merrill
Daniel Theis,daniel-theis,Daniel Theis
Kris Dunn,kris-dunn,Kris Dunn
Cam Whitmore,cam-whitmore,Cam Whitmore
Patrick Beverley,patrick-beverley,Patrick Beverley
Gary Harris,gary-harris,Gary Harris
Talen Horton-Tucker,talen-horton-tucker,Talen Horton-Tucker
Craig Porter,craig-porter,Craig Porter
Mason Plumlee,mason-plumlee,Mason Plumlee
Jae Crowder,jae-crowder,Jae Crowder
Pat Connaughton,pat-connaughton,Pat Connaughton
Bruno Fernando,bruno-fernando,Bruno Fernando
Goga Bitadze,goga-bitadze,Goga Bitadze
Kobe Bufkin,kobe-bufkin,Kobe Bufkin
Aaron Holiday,aaron-holiday,Aaron Holiday
Dean Wade,dean-wade,Dean Wade
Jonathan Isaac,jonathan-isaac,Jonathan Isaac
Amir Coffey,amir-coffey,Amir Coffey
Anthony Black,anthony-black,Anthony Black
Luka Samanic,luka-samanic,Luka Samanic
Georges Niang,georges-niang,Georges Niang
Matt Hurt,matt-hurt,Matt Hurt
Jock Landale,jock-landale,Jock Landale
AJ Green,aj-green,AJ Green
Caleb Houstan,caleb-houstan,Caleb Houstan
Jeff Green,jeff-green,Jeff Green
Joe Ingles,joe-ingles,Joe Ingles
Omer Yurtseven,omer-yurtseven,Omer Yurtseven
Garrison Mathews,garrison-mathews,Garrison Mathews
Danilo Gallinari,danilo-gallinari,Danilo Gallinari
Brice Sensabaugh,brice-sensabaugh,Brice Sensabaugh
Kobe Brown,kobe-brown,Kobe Brown
Nate Williams,nate-williams,Nate Williams
Jordan Miller,jordan-miller,Jordan Miller
Mouhamed Gueye,mouhamed-gueye,Mouhamed Gueye
Seth Lundy,seth-lundy,Seth Lundy
Emoni Bates,emoni-bates,Emoni Bates
Chris Livingston,chris-livingston,Chris Livingston
Jermaine Samuels,jermaine-samuels-jr,Jermaine Samuels
Wesley Matthews,wesley-matthews,Wesley Matthews
Reggie Bullock,reggie-bullock,Reggie Bullock
Trevelin Queen,trevelin-queen,Trevelin Queen
Jason Preston,jason-preston,Jason Preston
Brandon Boston,brandon-boston-jr,Brandon Boston
Joshua Primo,joshua-primo,Joshua Primo
Damian Jones,damian-jones,Damian Jones
Steven Adams,steven-adams,Steven Adams
Vit Krejci,vit-krejci,Vit Krejci
Johnny Juzang,johnny-juzang,Johnny Juzang
Sharife Cooper,sharife-cooper,Sharife Cooper
Xavier Moon,xavier-moon,Xavier Moon
Tristan Thompson,tristan-thompson,Tristan Thompson
AJ Griffin,aj-griffin,AJ Griffin
Moussa Diabate,moussa-diabate,Moussa Diabate
Admiral Schofield,admiral-schofield,Admiral Schofield
TyTy Washington,tyty-washington,TyTy Washington
Ty Jerome,ty-jerome,Ty Jerome
Tari Eason,tari-eason,Tari Eason
Ryan Rollins,ryan-rollins,Ryan Rollins
Chuma Okeke,chuma-okeke,Chuma Okeke
Isaiah Mobley,isaiah-mobley,Isaiah Mobley
Dylan Windler,dylan-windler,Dylan Windler
Otto Porter,otto-porter,Otto Porter
Thanasis Antetokounmpo,thanasis-antetokounmpo,Thanasis Antetokounmpo
Pete Nance,pete-nance,Pete Nance
Micah Potter,micah-potter,Micah Potter
MarJon Beauchamp,marjon-beauchamp,MarJon Beauchamp
Nate Hinton,nate-hinton,Nate Hinton
Boban Marjanovic,boban-marjanovic,Boban Marjanovic
P.J. Tucker,p-j-tucker,P.J. Tucker
Kevon Harris,kevon-harris,Kevon Harris
Kira Lewis,kira-lewis-jr,Kira Lewis
Trent Forrest,trent-forrest,Trent Forrest
Jaylin Galloway,jaylin-galloway,Jaylin Galloway
Jett Howard,jett-howard,Jett Howard
Victor Wembanyama,victor-wembanyama,Victor Wembanyama
Jalen Brunson,jalen-brunson,Jalen Brunson
Scottie Barnes,scottie-barnes,Scottie Barnes
Cade Cunningham,cade-cunningham,Cade Cunningham
Julius Randle,julius-randle,Julius Randle
Devin Vassell,devin-vassell,Devin Vassell
Jalen Duren,jalen-duren,Jalen Duren
Immanuel Quickley,immanuel-quickley,Immanuel Quickley
Josh Hart,josh-hart,Josh Hart
RJ Barrett,rj-barrett,RJ Barrett
Jakob Poeltl,jakob-poeltl,Jakob Poeltl
Donte DiVincenzo,donte-divincenzo,Donte DiVincenzo
Precious Achiuwa,precious-achiuwa,Precious Achiuwa
Ausar Thompson,ausar-thompson,Ausar Thompson
Jaden Ivey,jaden-ivey,Jaden Ivey
Zach Collins,zach-collins,Zach Collins
Jeremy Sochan,jeremy-sochan,Jeremy Sochan
OG Anunoby,og-anunoby,OG Anunoby
Keldon Johnson,keldon-johnson,Keldon Johnson
Tre Jones,tre-jones,Tre Jones
Kelly Olynyk,kelly-olynyk,Kelly Olynyk
Bojan Bogdanovic,bojan-bogdanovic,Bojan Bogdanovic
Isaiah Hartenstein,isaiah-hartenstein,Isaiah Hartenstein
Miles McBride,miles-mcbride,Miles McBride
Isaiah Stewart,isaiah-stewart,Isaiah Stewart
Mitchell Robinson,mitchell-robinson,Mitchell Robinson
Gary Trent,gary-trent,Gary Trent
Bruce Brown,bruce-brown,Bruce Brown
Alec Burks,alec-burks,Alec Burks
Simone Fontecchio,simone-fontecchio,Simone Fontecchio
Gradey Dick,gradey-dick,Gradey Dick
Julian Champagnie,julian-champagnie,Julian Champagnie
Jericho Sims,jericho-sims,Jericho Sims
Malaki Branham,malaki-branham,Malaki Branham
Jordan Nwora,jordan-nwora,Jordan Nwora
James Wiseman,james-wiseman,James Wiseman
Chris Boucher,chris-boucher,Chris Boucher
Malachi Flynn,malachi-flynn,Malachi Flynn
Marcus Sasser,marcus-sasser,Marcus Sasser
Quentin Grimes,quentin-grimes,Quentin Grimes
Sandro Mamukelashvili,sandro-mamukelashvili,Sandro Mamukelashvili
Cedi Osman,cedi-osman,Cedi Osman
Evan Fournier,evan-fournier,Evan Fournier
Dominick Barlow,dominick-barlow,Dominick Barlow
Blake Wesley,blake-wesley,Blake Wesley
Ochai Agbaji,ochai-agbaji,Ochai Agbaji
Jontay Porter,jontay-porter,Jontay Porter
Stanley Umude,stanley-umude,Stanley Umude
Jalen McDaniels,jalen-mcdaniels,Jalen McDaniels
Malcolm Cazalon,malcolm-cazalon,Malcolm Cazalon
Sidy Cissoko,sidy-cissoko,Sidy Cissoko
Jared Rhoden,jared-rhoden,Jared Rhoden
Charlie Brown,charlie-brown,Charlie Brown
Buddy Boeheim,buddy-boeheim,Buddy Boeheim
Jacob Toppin,jacob-toppin,Jacob Toppin
DaQuan Jeffries,daquan-jeffries,DaQuan Jeffries
Markquis Nowell,markquis-nowell,Markquis Nowell
Garrett Temple,garrett-temple,Garrett Temple
David Duke,david-duke,David Duke
D.J. Carton,d.j.-carton,D.J. Carton
RaiQuan Gray,raiquan-gray,RaiQuan Gray
Charles Bassey,charles-bassey,Charles Bassey
Jamaree Bouyea,jamaree-bouyea,Jamaree Bouyea
Duane Washington,duane-washington,Duane Washington
Troy Brown,troy-brown,Troy Brown
Javon Freeman-Liberty,javon-freeman-liberty,Javon Freeman-Liberty
Nathan Mensah,nathan-mensah,Nathan Mensah
Devonte' Graham,devonte-graham,Devonte' Graham
Tosan Evbuomwan,tosan-evbuomwan,Tosan Evbuomwan
Kevin Durant,kevin-durant,Kevin Durant
Devin Booker,devin-booker,Devin Booker
Jusuf Nurkic,jusuf-nurkic,Jusuf Nurkic
Bradley Beal,bradley-beal,Bradley Beal
Grayson Allen,grayson-allen,Grayson Allen
Bol Bol,bol-bol,Bol Bol
Eric Gordon,eric-gordon,Eric Gordon
Drew Eubanks,drew-eubanks,Drew Eubanks
Josh Okogie,josh-okogie,Josh Okogie
Thaddeus Young,thaddeus-young,Thaddeus Young
Saben Lee,saben-lee,Saben Lee
Theo Maledon,theo-maledon,Theo Maledon
Mamadi Diakite,mamadi-diakite,Mamadi Diakite
David Roddy,david-roddy,David Roddy
Nassir Little,nassir-little,Nassir Little
Udoka Azubuike,udoka-azubuike,Udoka Azubuike
Damion Lee,damion-lee,Damion Lee
Nikola Jokic,nikola-jokic,Nikola Jokic
Luka Doncic,luka-doncic,Luka Doncic
Anthony Edwards,anthony-edwards,Anthony Edwards
Kyrie Irving,kyrie-irving,Kyrie Irving
Karl-Anthony Towns,karl-anthony-towns,Karl-Anthony Towns
Jamal Murray,jamal-murray,Jamal Murray
Rudy Gobert,rudy-gobert,Rudy Gobert
Michael Porter,michael-porter,Michael Porter
Aaron Gordon,aaron-gordon,Aaron Gordon
Daniel Gafford,daniel-gafford,Daniel Gafford
Naz Reid,naz-reid,Naz Reid
Kyle Anderson,kyle-anderson,Kyle Anderson
Mike Conley,mike-conley,Mike Conley
Reggie Jackson,reggie-jackson,Reggie Jackson
Tim Hardaway,tim-hardaway,Tim Hardaway
P.J. Washington,p.j.-washington,P.J. Washington
Josh Green,josh-green,Josh Green
Kentavious Caldwell-Pope,kentavious-caldwell-pope,Kentavious Caldwell-Pope
Nickeil Alexander-Walker,nickeil-alexander-walker,Nickeil Alexander-Walker
Christian Braun,christian-braun,Christian Braun
Peyton Watson,peyton-watson,Peyton Watson
Monte Morris,monte-morris,Monte Morris
Maxi Kleber,maxi-kleber,Maxi Kleber
Jaden Hardy,jaden-hardy,Jaden Hardy
Jaden McDaniels,jaden-mcdaniels,Jaden McDaniels
Dante Exum,dante-exum,Dante Exum
DeAndre Jordan,deandre-jordan,DeAndre Jordan
Zeke Nnaji,zeke-nnaji,Zeke Nnaji
Collin Gillespie,collin-gillespie,Collin Gillespie
Justin Holiday,justin-holiday,Justin Holiday
Dwight Powell,dwight-powell,Dwight Powell
Derrick Jones,derrick-jones,Derrick Jones
Julian Strawther,julian-strawther,Julian Strawther
Jordan McLaughlin,jordan-mclaughlin,Jordan McLaughlin
Olivier-Maxence Prosper,olivier-maxence-prosper,Olivier-Maxence Prosper
Vlatko Cancar,vlatko-cancar,Vlatko Cancar
Leonard Miller,leonard-miller,Leonard Miller
Jaylen Clark,jaylen-clark,Jaylen Clark
Jalen Pickett,jalen-pickett,Jalen Pickett
Hunter Tyson,hunter-tyson,Hunter Tyson
Luka Garza,luka-garza,Luka Garza
Greg Brown,greg-brown,Greg Brown
Brandon Williams,brandon-williams-1,Brandon Williams
Markieff Morris,markieff-morris,Markieff Morris
Daishen Nix,daishen-nix,Daishen Nix
Braxton Key,braxton-key,Braxton Key
Wendell Moore,wendell-moore-jr,Wendell Moore
Josh Minott,josh-minott,Josh Minott
Justin Jackson,justin-jackson,Justin Jackson
Jalen Crutcher,jalen-crutcher,Jalen Crutcher
Jay Huff,jay-huff,Jay Huff
Jayson Tatum,jayson-tatum,Jayson Tatum
Kristaps Porzingis,kristaps-porzingis,Kristaps Porzingis
Jaylen Brown,jaylen-brown,Jaylen Brown
Derrick White,derrick-white,Derrick White
Jrue Holiday,jrue-holiday,Jrue Holiday
Al Horford,al-horford,Al Horford
Payton Pritchard,payton-pritchard,Payton Pritchard
Luke Kornet,luke-kornet,Luke Kornet
Sam Hauser,sam-hauser,Sam Hauser
Jaden Springer,jaden-springer,Jaden Springer
Shake Milton,shake-milton,Shake Milton
Oshae Brissett,oshae-brissett,Oshae Brissett
Neemias Queta,neemias-queta,Neemias Queta
Jordan Walsh,jordan-walsh,Jordan Walsh
Darius Bazley,darius-bazley,Darius Bazley
Kenneth Lofton,kenneth-lofton-jr,Kenneth Lofton
Drew Peterson,drew-peterson,Drew Peterson
Svi Mykhailiuk,svi-mykhailiuk,Svi Mykhailiuk
JD Davison,jd-davison,JD Davison
Dru Smith,dru-smith,Dru Smith
Justise Winslow,justise-winslow,Justise Winslow
Mouhamadou Gueye,mouhamadou-gueye,Mouhamadou Gueye
Zhaire Smith,zhaire-smith,Zhaire Smith
Taj Gibson,taj-gibson,Taj Gibson
Chimezie Metu,chimezie-metu,Chimezie Metu
Robin Lopez,robin-lopez,Robin Lopez
Ryan Arcidiacono,ryan-arcidiacono,Ryan Arcidiacono
Jaylen Nowell,jaylen-nowell,Jaylen Nowell
Victor Oladipo,victor-oladipo,Victor Oladipo
Ish Smith,ish-smith,Ish Smith
Frank Ntilikina,frank-ntilikina,Frank Ntilikina
James Bouknight,james-bouknight,James Bouknight
Cory Joseph,cory-joseph,Cory Joseph
Juan Toscano-Anderson,juan-toscano-anderson,Juan Toscano-Anderson
Hamidou Diallo,hamidou-diallo,Hamidou Diallo
Killian Hayes,killian-hayes,Killian Hayes
Kevin Knox,kevin-knox,Kevin Knox
Taze Moore,taze-moore,Taze Moore
Joe Harris,joe-harris,Joe Harris
Danuel House,danuel-house,Danuel House
Furkan Korkmaz,furkan-korkmaz,Furkan Korkmaz
Christian Koloko,christian-koloko,Christian Koloko
Shaquille Harrison,shaquille-harrison,Shaquille Harrison
Nathan Knight,nathan-knight,Nathan Knight
D'Moi Hodge,d'moi-hodge,D'Moi Hodge
Alex Fudge,alex-fudge,Alex Fudge
Armoni Brooks,armoni-brooks,Armoni Brooks
Ish Wainright,ish-wainright,Ish Wainright
Ricky Rubio,ricky-rubio,Ricky Rubio
Lindell Wigginton,lindell-wigginton,Lindell Wigginton
Dmytro Skapintsev,dmytro-skapintsev,Dmytro Skapintsev
Charles Bediako,charles-bediako,Charles Bediako
Dexter Dennis,dexter-dennis,Dexter Dennis
Miles Norris,miles-norris,Miles Norris
Javonte Smart,javonte-smart,Javonte Smart
Kevin Porter,kevin-porter,Kevin Porter
Will Barton,will-barton,Will Barton
R.J. Hampton,r.j.-hampton,R.J. Hampton
Terrence Ross,terrence-ross,Terrence Ross
Kenyon Martin,kenyon-martin-jr,Kenyon Martin
Noah Vonleh,noah-vonleh,Noah Vonleh
Kendrick Nunn,kendrick-nunn,Kendrick Nunn
JaMychal Green,jamychal-green,JaMychal Green
Isaiah Roby,isaiah-roby,Isaiah Roby
Gorgui Dieng,gorgui-dieng,Gorgui Dieng
Facundo Campazzo,facundo-campazzo,Facundo Campazzo
Blake Griffin,blake-griffin,Blake Griffin
Raul Neto,raul-neto,Raul Neto
Tyler Dorsey,tyler-dorsey,Tyler Dorsey
Theo Pinson,theo-pinson,Theo Pinson
McKinley Wright,mckinley-wright,McKinley Wright
Trevor Hudgins,trevor-hudgins,Trevor Hudgins
Anthony Lamb,anthony-lamb,Anthony Lamb
Isaiah Todd,isaiah-todd,Isaiah Todd
Austin Rivers,austin-rivers,Austin Rivers
Bryn Forbes,bryn-forbes,Bryn Forbes
Romeo Langford,romeo-langford,Romeo Langford
Darius Days,darius-days,Darius Days
Trevor Keels,trevor-keels,Trevor Keels
Nerlens Noel,nerlens-noel,Nerlens Noel
Mfiondu Kabengele,mfiondu-kabengele,Mfiondu Kabengele
Jordan Schakel,jordan-schakel,Jordan Schakel
Davon Reed,davon-reed,Davon Reed
Jack White,jack-white,Jack White
Rodney McGruder,rodney-mcgruder,Rodney McGruder
Vernon Carey,vernon-carey,Vernon Carey
Feron Hunt,feron-hunt,Feron Hunt
Andre Iguodala,andre-iguodala,Andre Iguodala
Rudy Gay,rudy-gay,Rudy Gay
George Hill,george-hill,George Hill
Frank Kaminsky,frank-kaminsky,Frank Kaminsky
Goran Dragic,goran-dragic,Goran Dragic
Montrezl Harrell,montrezl-harrell,Montrezl Harrell
Serge Ibaka,serge-ibaka,Serge Ibaka
Edmond Sumner,edmond-sumner,Edmond Sumner
Danny Green,danny-green,Danny Green
T.J. Warren,t.j.-warren,T.J. Warren
Marko Simonovic,marko-simonovic,Marko Simonovic
Leandro Bolmaro,leandro-bolmaro,Leandro Bolmaro
Michael Foster,michael-foster,Michael Foster
Kennedy Chandler,kennedy-chandler,Kennedy Chandler
Tyrese Martin,tyrese-martin,Tyrese Martin
Kostas Antetokounmpo,kostas-antetokounmpo,Kostas Antetokounmpo
Jarrett Culver,jarrett-culver,Jarrett Culver
Tony Bradley,tony-bradley,Tony Bradley
Willy Hernangomez,willy-hernangomez,Willy Hernangomez
Juancho Hernangomez,juancho-hernangomez,Juancho Hernangomez
Khem Birch,khem-birch,Khem Birch
Ron Harper,ron-harper,Ron Harper
John Butler,john-butler,John Butler
John Wall,john-wall,John Wall
Terence Davis,terence-davis,Terence Davis
Dewayne Dedmon,dewayne-dedmon,Dewayne Dedmon
KZ Okpala,kz-okpala,KZ Okpala
Chima Moneke,chima-moneke,Chima Moneke
Matthew Dellavedova,matthew-dellavedova,Matthew Dellavedova
Udonis Haslem,udonis-haslem,Udonis Haslem
Jordan Hall,jordan-hall,Jordan Hall
