Id,Position,First Name,Nickname,Last Name,FPPG,Played,Salary,Game,Team,Opponent,Injury Indicator,Injury Details,Tier,,,Roster Position
97609-84669,PG,Luka,Luka Doncic,Doncic,57.62692495492789,26,12500,SA@DAL,DAL,SA,,,,,,PG
97609-55062,C,Nikola,Nikola Jokic,Jokic,58.9862060546875,29,12200,DEN@CHA,DEN,CHA,,,,,,C
97609-84680,PG,Shai,Shai Gilgeous-Alexander,Gilgeous-Alexander,55.852001953125,25,11800,LAL@OKC,OKC,LAL,,,,,,PG
97609-15755,PF/C,Anthony,Anthony Davis,Davis,52.803701895254626,27,11200,LAL@OKC,LAL,OKC,GTD,Ankle,,,,PF/C
97609-145337,PG,Tyrese,Tyrese Haliburton,Haliburton,48.820831298828125,24,10400,ORL@IND,IND,ORL,,,,,,PG
97609-66113,SG/PG,Donovan,Donovan Mitchell,Mitchell,46.8681807084517,22,10300,CLE@CHI,CLE,CHI,O,Illness,,,,PG/SG
97609-9488,SF/PF,LeBron,LeBron James,James,48.56538273737981,26,10300,LAL@OKC,LAL,OKC,GTD,Ankle,,,,SF/PF
97609-188414,PF/C,Victor,Victor Wembanyama,Wembanyama,45.1839990234375,25,10200,SA@DAL,SA,DAL,,,,,,PF/C
97609-84671,PG,Trae,Trae Young,Young,48.71538367638221,26,10000,MEM@ATL,ATL,MEM,,,,,,PG
97609-110344,PG,Ja,Ja Morant,Morant,46.599998474121094,2,9700,MEM@ATL,MEM,ATL,,,,,,PG
97609-42677,SG/PG,Terry,Terry Rozier,Rozier,40.94705738740809,17,9600,DEN@CHA,CHA,DEN,GTD,Knee,,,,PG/SG
97609-157822,PF/SF,Scottie,Scottie Barnes,Barnes,46.167855398995535,28,9500,UTA@TOR,TOR,UTA,,,,,,SF/PF
97609-24247,PG,Fred,Fred VanVleet,VanVleet,39.2360009765625,25,9100,HOU@NO,HOU,NO,,,,,,PG
97609-145485,PG,LaMelo,LaMelo Ball,Ball,44.5933349609375,15,9000,DEN@CHA,CHA,DEN,O,Ankle,,,,PG
97609-9524,PG,Stephen,Stephen Curry,Curry,40.55384709284856,26,8900,POR@GS,GS,POR,,,,,,PG
97609-157808,PG/SG,Cade,Cade Cunningham,Cunningham,37.82856968470982,28,8700,DET@BKN,DET,BKN,,,,,,PG/SG
97609-171759,C,Chet,Chet Holmgren,Holmgren,39.200000469501205,26,8600,LAL@OKC,OKC,LAL,,,,,,C
97609-145334,SG/SF,Desmond,Desmond Bane,Bane,40.33461350661058,26,8600,MEM@ATL,MEM,ATL,,,,,,SG/SF
97609-60021,PF,Pascal,Pascal Siakam,Siakam,37.596426827566965,28,8500,UTA@TOR,TOR,UTA,,,,,,PF
97609-14498,PG/SG,Kyrie,Kyrie Irving,Irving,38.55294261259191,17,8500,SA@DAL,DAL,SA,O,Heel,,,,PG/SG
97609-157908,C,Alperen,Alperen Sengun,Sengun,41.21538367638221,26,8500,HOU@NO,HOU,NO,,,,,,C
97609-66048,SF/PF,Brandon,Brandon Ingram,Ingram,36.98846200796274,26,8400,HOU@NO,NO,HOU,,,,,,SF/PF
97609-14514,C,Nikola,Nikola Vucevic,Vucevic,37.026668294270834,30,8400,CLE@CHI,CHI,CLE,,,,,,C
97609-9714,SF,DeMar,DeMar DeRozan,DeRozan,39.06428745814732,28,8400,CLE@CHI,CHI,CLE,,,,,,SF
97609-84683,PF/C,Jaren,Jaren Jackson,Jackson,36.39629674840857,27,8300,MEM@ATL,MEM,ATL,,,,,,PF/C
97609-84717,SG/PG,Anfernee,Anfernee Simons,Simons,40.122222900390625,9,8300,POR@GS,POR,GS,,,,,,PG/SG
97609-110326,PG,Coby,Coby White,White,31.176666259765625,30,8200,CLE@CHI,CHI,CLE,,,,,,PG
97609-80812,PF/SF,Lauri,Lauri Markkanen,Markkanen,39.1368408203125,19,8200,UTA@TOR,UTA,TOR,,,,,,SF/PF
97609-66108,PG,Jamal,Jamal Murray,Murray,34.71875,16,8000,DEN@CHA,DEN,CHA,,,,,,PG
97609-14503,C,Jonas,Jonas Valanciunas,Valanciunas,34.3310336408944,29,8000,HOU@NO,NO,HOU,,,,,,C
97609-171770,PF/SF,Paolo,Paolo Banchero,Banchero,37.192593044704864,27,8000,ORL@IND,ORL,IND,,,,,,SF/PF
97609-19067,PG/SG,CJ,CJ McCollum,McCollum,38.5,16,7900,HOU@NO,NO,HOU,,,,,,PG/SG
97609-84678,SF,Miles,Miles Bridges,Bridges,34.833333333333336,15,7800,DEN@CHA,CHA,DEN,,,,,,SF
97609-110310,PF,Zion,Zion Williamson,Williamson,37.39565111243206,23,7800,HOU@NO,NO,HOU,,,,,,PF
97609-171777,C,Walker,Walker Kessler,Kessler,28.25238037109375,21,7800,UTA@TOR,UTA,TOR,,,,,,C
97609-67708,SG/PG,Dejounte,Dejounte Murray,Murray,37.25,28,7700,MEM@ATL,ATL,MEM,GTD,Forearm,,,,PG/SG
97609-157845,PF/C,Evan,Evan Mobley,Mobley,38.07142857142857,21,7700,CLE@CHI,CLE,CHI,O,Knee,,,,PF/C
97609-157851,SF,Franz,Franz Wagner,Wagner,35.674074526186345,27,7600,ORL@IND,ORL,IND,,,,,,SF
97609-84667,SG/PG,Collin,Collin Sexton,Sexton,24.1793107657597,29,7600,UTA@TOR,UTA,TOR,,,,,,PG/SG
97609-58253,C,Myles,Myles Turner,Turner,34.56153752253606,26,7600,ORL@IND,IND,ORL,,,,,,C
97609-84670,SG/SF,Mikal,Mikal Bridges,Bridges,35.107142857142854,28,7500,DET@BKN,BKN,DET,,,,,,SG/SF
97609-110342,PG,Darius,Darius Garland,Garland,34.45,20,7500,CLE@CHI,CLE,CHI,O,Jaw,,,,PG
97609-80821,C/PF,Jarrett,Jarrett Allen,Allen,29.73333231608073,24,7500,CLE@CHI,CLE,CHI,,,,,,PF/C
97609-84673,C,Deandre,Deandre Ayton,Ayton,31.800001061480977,23,7400,POR@GS,POR,GS,,,,,,C
97609-55055,SG/PG,Dante,Dante Exum,Exum,17.09583282470703,24,7400,SA@DAL,DAL,SA,,,,,,PG/SG
97609-40783,SG,Zach,Zach LaVine,LaVine,33.383334689670136,18,7400,CLE@CHI,CHI,CLE,O,Foot,,,,SG
97609-55059,C,Clint,Clint Capela,Capela,32.237037941261576,27,7300,MEM@ATL,ATL,MEM,,,,,,C
97609-55060,SF/SG,Bogdan,Bogdan Bogdanovic,Bogdanovic,30.03461632361779,26,7300,MEM@ATL,ATL,MEM,,,,,,SG/SF
97609-15542,SG/PG,Spencer,Spencer Dinwiddie,Dinwiddie,30.625926830150462,27,7200,DET@BKN,BKN,DET,,,,,,PG/SG
97609-23831,PF/SF,Jerami,Jerami Grant,Grant,33.3521728515625,23,7200,POR@GS,POR,GS,,,,,,SF/PF
97609-14509,SG,Klay,Klay Thompson,Thompson,26.2703699182581,27,7100,POR@GS,GS,POR,,,,,,SG
97609-110347,PF/SF,Keldon,Keldon Johnson,Johnson,32.838461068960335,26,7100,SA@DAL,SA,DAL,,,,,,SF/PF
97609-110354,C,Nic,Nic Claxton,Claxton,33.352632221422695,19,7100,DET@BKN,BKN,DET,,,,,,C
97609-171767,PF,Jabari,Jabari Smith,Smith,29.311537522536057,26,7000,HOU@NO,HOU,NO,,,,,,PF
97609-158136,SF/SG,Austin,Austin Reaves,Reaves,29.093103869207972,29,7000,LAL@OKC,LAL,OKC,,,,,,SG/SF
97609-157838,SG/SF,Cam,Cam Thomas,Thomas,32.663156609786185,19,6900,DET@BKN,BKN,DET,,,,,,SG/SF
97609-171804,SF/SG,Shaedon,Shaedon Sharpe,Sharpe,29.31923029972957,26,6900,POR@GS,POR,GS,O,Groin,,,,SG/SF
97609-9623,PG,Chris,Chris Paul,Paul,27.1360009765625,25,6900,POR@GS,GS,POR,,,,,,PG
97609-12366,SF/SG,Gordon,Gordon Hayward,Hayward,30.40434729534647,23,6800,DEN@CHA,CHA,DEN,,,,,,SG/SF
97609-58312,PG/SG,D'Angelo,D'Angelo Russell,Russell,30.78928484235491,28,6800,LAL@OKC,LAL,OKC,,,,,,PG/SG
97609-66236,PF/C,John,John Collins,Collins,28.78800048828125,25,6700,UTA@TOR,UTA,TOR,,,,,,PF/C
97609-171760,SF/SG,Jalen,Jalen Williams,Williams,29.66956627887228,23,6700,LAL@OKC,OKC,LAL,,,,,,SG/SF
97609-14530,SF/PF,Bojan,Bojan Bogdanovic,Bogdanovic,27.255555894639755,9,6600,DET@BKN,DET,BKN,,,,,,SF/PF
97609-23798,SG/SF,Caris,Caris LeVert,LeVert,28.081817626953125,22,6600,CLE@CHI,CLE,CHI,GTD,Knee,,,,SG/SF
97609-110337,SG/SF,Talen,Talen Horton-Tucker,Horton-Tucker,23.892857142857142,28,6600,UTA@TOR,UTA,TOR,O,Foot,,,,SG/SF
97609-110352,PF/C,P.J.,P.J. Washington,Washington,26.61304241677989,23,6600,DEN@CHA,CHA,DEN,,,,,,PF/C
97609-58378,C,Jakob,Jakob Poeltl,Poeltl,27.853572300502233,28,6500,UTA@TOR,TOR,UTA,,,,,,C
97609-145327,PG/SG,Cole,Cole Anthony,Anthony,27.85185185185185,27,6500,ORL@IND,ORL,IND,,,,,,PG/SG
97609-15846,SG/SF,Tim,Tim Hardaway,Hardaway,23.96800048828125,25,6500,SA@DAL,DAL,SA,,,,,,SG/SF
97609-84682,SF/PF,Michael,Michael Porter,Porter,30.223333740234374,30,6400,DEN@CHA,DEN,CHA,,,,,,SF/PF
97609-157905,SG/PG,Josh,Josh Giddey,Giddey,26.803847092848557,26,6400,LAL@OKC,OKC,LAL,O,Ankle,,,,PG/SG
97609-171786,C,Mark,Mark Williams,Williams,30.88420988384046,19,6400,DEN@CHA,CHA,DEN,O,Back,,,,C
97609-157907,SG/PG,Jalen,Jalen Green,Green,28.22692401592548,26,6300,HOU@NO,HOU,NO,,,,,,PG/SG
97609-171769,SF,Tari,Tari Eason,Eason,24.65294153550092,17,6300,HOU@NO,HOU,NO,GTD,Lower leg,,,,SF
97609-171779,C,Jalen,Jalen Duren,Duren,32.50714329310826,14,6300,DET@BKN,DET,BKN,GTD,Ankle,,,,C
97609-145324,SG,Devin,Devin Vassell,Vassell,28.35000055486506,22,6300,SA@DAL,SA,DAL,,,,,,SG
97609-80815,PF/C,Zach,Zach Collins,Collins,26.896296748408563,27,6300,SA@DAL,SA,DAL,,,,,,PF/C
97609-188433,SG/SF,Brandin,Brandin Podziemski,Podziemski,20.12272782759233,22,6200,POR@GS,GS,POR,GTD,Back,,,,SG/SF
97609-112708,SG/SF,Max,Max Strus,Strus,28.24482674434267,29,6200,CLE@CHI,CLE,CHI,,,,,,SG/SF
97609-41594,PF,Aaron,Aaron Gordon,Gordon,30.384615384615383,26,6200,DEN@CHA,DEN,CHA,GTD,Heel,,,,PF
97609-145304,C/PF,Onyeka,Onyeka Okongwu,Okongwu,23.228572300502233,28,6200,MEM@ATL,ATL,MEM,,,,,,PF/C
97609-16359,PG/SG,Malcolm,Malcolm Brogdon,Brogdon,28.464999389648437,20,6200,POR@GS,POR,GS,,,,,,PG/SG
97609-188419,SF,Brandon,Brandon Miller,Miller,25.3249994913737,24,6100,DEN@CHA,CHA,DEN,,,,,,SF
97609-188450,PF/C,Trayce,Trayce Jackson-Davis,Jackson-Davis,11.938888549804688,18,6100,POR@GS,GS,POR,,,,,,PF/C
97609-145318,C,Nick,Nick Richards,Richards,20.785000610351563,20,6100,DEN@CHA,CHA,DEN,,,,,,C
97609-188425,C,Dereck,Dereck Lively,Lively,25.33043372112772,23,6000,SA@DAL,DAL,SA,O,Ankle,,,,C
97609-22541,C/PF,Kelly,Kelly Olynyk,Olynyk,22.796296296296298,27,6000,UTA@TOR,UTA,TOR,,,,,,PF/C
97609-23665,SG/SF,Buddy,Buddy Hield,Hield,24.055555555555557,27,6000,ORL@IND,IND,ORL,,,,,,SG/SF
97609-111273,SF/SG,Luguentz,Luguentz Dort,Dort,21.95199951171875,25,6000,LAL@OKC,OKC,LAL,,,,,,SG/SF
97609-40201,PG,Dennis,Dennis Schroder,Schroder,29.53928484235491,28,6000,UTA@TOR,TOR,UTA,,,,,,PG
97609-15860,PF/C,Draymond,Draymond Green,Green,26.00666707356771,15,6000,POR@GS,GS,POR,O,Suspension,,,,PF/C
97609-188412,PG/SG,Keyonte,Keyonte George,George,21.600001017252605,24,6000,UTA@TOR,UTA,TOR,O,Foot,,,,PG/SG
97609-84676,C,Wendell,Wendell Carter,Carter,21.300000871930802,7,5900,ORL@IND,ORL,IND,,,,,,C
97609-84694,SF,Bruce,Bruce Brown,Brown,24.39999954788773,27,5900,ORL@IND,IND,ORL,O,Knee,,,,SF
97609-171746,SG/SF,Bennedict,Bennedict Mathurin,Mathurin,22.68148238570602,27,5900,ORL@IND,IND,ORL,,,,,,SG/SF
97609-171749,PG/PF,Jeremy,Jeremy Sochan,Sochan,23.833333333333332,27,5900,SA@DAL,SA,DAL,,,,,,PG/PF
97609-145328,PF/SF,Saddiq,Saddiq Bey,Bey,25.064285278320312,28,5900,MEM@ATL,ATL,MEM,,,,,,SF/PF
97609-157847,SF,Trey,Trey Murphy,Murphy,26.255555894639755,9,5800,HOU@NO,NO,HOU,,,,,,SF
97609-110316,SF/PF,Cameron,Cameron Johnson,Johnson,25.914286295572918,21,5800,DET@BKN,BKN,DET,,,,,,SF/PF
97609-66968,SF/PF,Derrick,Derrick Jones,Jones,19.69259304470486,27,5800,SA@DAL,DAL,SA,,,,,,SF/PF
97609-80805,PG,Markelle,Markelle Fultz,Fultz,25.08000030517578,5,5800,ORL@IND,ORL,IND,O,Knee,,,,PG
97609-157850,SG/PG,Jalen,Jalen Suggs,Suggs,25.149998982747395,24,5700,ORL@IND,ORL,IND,O,Wrist,,,,PG/SG
97609-15557,C,Andre,Andre Drummond,Drummond,18.95,30,5700,CLE@CHI,CHI,CLE,,,,,,C
97609-145308,SF/PF,Patrick,Patrick Williams,Williams,21.663334147135416,30,5700,CLE@CHI,CHI,CLE,,,,,,SF/PF
97609-145339,PF,Obi,Obi Toppin,Toppin,21.17777732566551,27,5700,ORL@IND,IND,ORL,,,,,,PF
97609-157844,PF/C,Santi,Santi Aldama,Aldama,24.93809581938244,21,5600,MEM@ATL,MEM,ATL,,,,,,PF/C
97609-110338,SF/PF,De'Andre,De'Andre Hunter,Hunter,23.962498982747395,24,5600,MEM@ATL,ATL,MEM,O,Knee,,,,SF/PF
97609-18393,PG,T.J.,T.J. McConnell,McConnell,20.40952410016741,21,5600,ORL@IND,IND,ORL,,,,,,PG
97609-68090,SF/SG,OG,OG Anunoby,Anunoby,26.21666717529297,24,5600,UTA@TOR,TOR,UTA,,,,,,SG/SF
97609-23670,PG,Marcus,Marcus Smart,Smart,26.62727217240767,11,5500,MEM@ATL,MEM,ATL,O,Foot,,,,PG
97609-157833,SF/PF,Jalen,Jalen Johnson,Johnson,30.85333251953125,15,5500,MEM@ATL,ATL,MEM,O,Wrist,,,,SF/PF
97609-171780,SG,Jaden,Jaden Ivey,Ivey,21.97083282470703,24,5500,DET@BKN,DET,BKN,,,,,,SG
97609-60233,SG/SF,Dillon,Dillon Brooks,Brooks,21.78461632361779,26,5500,HOU@NO,HOU,NO,,,,,,SG/SF
97609-145333,SF/PF,Aaron,Aaron Nesmith,Nesmith,21.7439990234375,25,5500,ORL@IND,IND,ORL,,,,,,SF/PF
97609-188426,SF/SG,Ausar,Ausar Thompson,Thompson,27.32857186453683,28,5400,DET@BKN,DET,BKN,,,,,,SG/SF
97609-189467,PG,Craig,Craig Porter,Porter,16.505555894639755,18,5400,CLE@CHI,CLE,CHI,,,,,,PG
97609-157827,PF,Isaiah,Isaiah Jackson,Jackson,20.026315789473685,19,5400,ORL@IND,IND,ORL,,,,,,PF
97609-157904,SF/PF,Jonathan,Jonathan Kuminga,Kuminga,20.11111111111111,27,5400,POR@GS,GS,POR,,,,,,SF/PF
97609-171791,SG,Jaden,Jaden Hardy,Hardy,11.633333841959635,24,5400,SA@DAL,DAL,SA,,,,,,SG
97609-145307,C/PF,Isaiah,Isaiah Stewart,Stewart,21.71923123873197,26,5400,DET@BKN,DET,BKN,,,,,,PF/C
97609-110359,C,Goga,Goga Bitadze,Bitadze,23.71666717529297,24,5300,ORL@IND,ORL,IND,,,,,,C
97609-110883,PF/SF,Dean,Dean Wade,Wade,15.827273282137783,22,5300,CLE@CHI,CLE,CHI,,,,,,SF/PF
97609-23981,PG/SG,Alex,Alex Caruso,Caruso,21.758333841959637,24,5300,CLE@CHI,CHI,CLE,,,,,,PG/SG
97609-157839,C,Day'Ron,Day'Ron Sharpe,Sharpe,19.875,28,5200,DET@BKN,BKN,DET,,,,,,C
97609-157848,SG/SF,Herbert,Herbert Jones,Jones,26.415384145883415,26,5200,HOU@NO,NO,HOU,,,,,,SG/SF
97609-14523,PG,Reggie,Reggie Jackson,Jackson,23.673333740234376,30,5200,DEN@CHA,DEN,CHA,,,,,,PG
97609-23802,PG/SG,Kris,Kris Dunn,Dunn,13.700000581287203,21,5200,UTA@TOR,UTA,TOR,,,,,,PG/SG
97609-49116,SF/PF,Andrew,Andrew Wiggins,Wiggins,19.83199951171875,25,5200,POR@GS,GS,POR,GTD,Illness,,,,SF/PF
97609-188428,PG,Scoot,Scoot Henderson,Henderson,19.27777777777778,18,5100,POR@GS,POR,GS,,,,,,PG
97609-157849,PG/SG,Ayo,Ayo Dosunmu,Dosunmu,14.778570992606026,28,5100,CLE@CHI,CHI,CLE,,,,,,PG/SG
97609-15583,SG,Seth,Seth Curry,Curry,9.186363913796164,22,5100,SA@DAL,DAL,SA,,,,,,SG
97609-110318,PF,Grant,Grant Williams,Williams,18.515999755859376,25,5100,SA@DAL,DAL,SA,,,,,,PF
97609-145314,PF/C,Precious,Precious Achiuwa,Achiuwa,20.35000055486506,22,5100,UTA@TOR,TOR,UTA,,,,,,PF/C
97609-145341,SF/SG,Isaac,Isaac Okoro,Okoro,18.13500061035156,20,5100,CLE@CHI,CLE,CHI,,,,,,SG/SF
97609-145489,PG,Killian,Killian Hayes,Hayes,23.2560009765625,25,5000,DET@BKN,DET,BKN,,,,,,PG
97609-84679,PF/C,Marvin,Marvin Bagley,Bagley,18.991303817085598,23,5000,DET@BKN,DET,BKN,,,,,,PF/C
97609-171781,SG,Ochai,Ochai Agbaji,Agbaji,14.741379310344827,29,5000,UTA@TOR,UTA,TOR,,,,,,SG
97609-55056,PF/C,Dario,Dario Saric,Saric,21.864286150251115,28,5000,POR@GS,GS,POR,,,,,,PF/C
97609-15636,SG,Kentavious,Kentavious Caldwell-Pope,Caldwell-Pope,21.128570556640625,28,5000,DEN@CHA,DEN,CHA,,,,,,SG
97609-188447,SF/PF,Toumani,Toumani Camara,Camara,17.811110885054976,27,4900,POR@GS,POR,GS,GTD,Thumb,,,,SF/PF
97609-171748,SF/SG,Malaki,Malaki Branham,Branham,15.359259711371529,27,4900,SA@DAL,SA,DAL,,,,,,SG/SF
97609-171756,SG,Vince,Vince Williams,Williams,15.205262836657072,19,4900,MEM@ATL,MEM,ATL,,,,,,SG
97609-110349,PF/SF,Rui,Rui Hachimura,Hachimura,19.875,20,4900,LAL@OKC,LAL,OKC,GTD,Wrist,,,,SF/PF
97609-145336,C,Xavier,Xavier Tillman,Tillman,19.913334147135416,15,4900,MEM@ATL,MEM,ATL,,,,,,C
97609-23572,SF/PF,Taurean,Taurean Prince,Prince,18.462962962962962,27,4800,LAL@OKC,LAL,OKC,,,,,,SF/PF
97609-84714,C,Moritz,Moritz Wagner,Wagner,19.90740740740741,27,4800,ORL@IND,ORL,IND,,,,,,C
97609-18338,SF/PF,Royce,Royce O'Neale,O'Neale,22.762962058738427,27,4800,DET@BKN,BKN,DET,,,,,,SF/PF
97609-145323,PG,Tre,Tre Jones,Jones,19.799999734629754,23,4800,SA@DAL,SA,DAL,,,,,,PG
97609-58576,C,Kevon,Kevon Looney,Looney,20.778570992606028,28,4700,POR@GS,GS,POR,,,,,,C
97609-145819,PF/SF,Naji,Naji Marshall,Marshall,19.38500061035156,20,4700,HOU@NO,NO,HOU,,,,,,SF/PF
97609-145325,SF/SG,Josh,Josh Green,Green,16.327777438693577,18,4700,SA@DAL,DAL,SA,O,Elbow,,,,SG/SF
97609-80814,PG,Dennis,Dennis Smith,Smith,18.114286150251115,14,4700,DET@BKN,BKN,DET,,,,,,PG
97609-173747,SF,Simone,Simone Fontecchio,Fontecchio,15.792592366536459,27,4600,UTA@TOR,UTA,TOR,,,,,,SF
97609-194767,C,Duop,Duop Reath,Reath,15.466666327582466,18,4600,POR@GS,POR,GS,,,,,,C
97609-171761,SG,Peyton,Peyton Watson,Watson,14.346429007393974,28,4600,DEN@CHA,DEN,CHA,,,,,,SG
97609-171764,SF/PF,Jabari,Jabari Walker,Walker,17.088888662832755,27,4600,POR@GS,POR,GS,,,,,,SF/PF
97609-188408,PG,Anthony,Anthony Black,Black,11.975999755859375,25,4600,ORL@IND,ORL,IND,,,,,,PG
97609-14501,C,Tristan,Tristan Thompson,Thompson,10.283333460489908,24,4500,CLE@CHI,CLE,CHI,,,,,,C
97609-14505,C,Bismack,Bismack Biyombo,Biyombo,19.419047037760418,21,4500,MEM@ATL,MEM,ATL,,,,,,C
97609-84702,SG/SF,Lonnie,Lonnie Walker,Walker,21.823529411764707,17,4500,DET@BKN,BKN,DET,O,Hamstring,,,,SG/SF
97609-110339,SG/SF,Cam,Cam Reddish,Reddish,17.083333333333332,24,4500,LAL@OKC,LAL,OKC,,,,,,SG/SF
97609-145330,PG,Isaiah,Isaiah Joe,Joe,17.088461068960335,26,4500,LAL@OKC,OKC,LAL,,,,,,PG
97609-24544,SG,Gary,Gary Harris,Harris,14.931818181818182,22,4500,ORL@IND,ORL,IND,,,,,,SG
97609-16376,SF/PF,Dorian,Dorian Finney-Smith,Finney-Smith,20.95384568434495,26,4500,DET@BKN,BKN,DET,,,,,,SF/PF
97609-101387,PG/SG,Gabe,Gabe Vincent,Vincent,14.3,5,4400,LAL@OKC,LAL,OKC,GTD,Knee,,,,PG/SG
97609-42202,PF/C,Christian,Christian Wood,Wood,15.8500002347506,26,4400,LAL@OKC,LAL,OKC,,,,,,PF/C
97609-145317,SG,Sam,Sam Merrill,Merrill,9.34375,16,4400,CLE@CHI,CLE,CHI,GTD,Wrist,,,,SG
97609-188423,SF,Julian,Julian Strawther,Strawther,11.25555532949942,27,4300,DEN@CHA,DEN,CHA,,,,,,SF
97609-188427,PG,Marcus,Marcus Sasser,Sasser,15.459259033203125,27,4300,DET@BKN,DET,BKN,,,,,,PG
97609-84695,SG,Gary,Gary Trent,Trent,17.824000244140624,25,4300,UTA@TOR,TOR,UTA,,,,,,SG
97609-171755,SF/PF,David,David Roddy,Roddy,17.115384615384617,26,4300,MEM@ATL,MEM,ATL,,,,,,SF/PF
97609-145347,C,James,James Wiseman,Wiseman,14.483334011501736,18,4300,DET@BKN,DET,BKN,,,,,,C
97609-188415,PG/SG,Cason,Cason Wallace,Wallace,14.200000469501202,26,4300,LAL@OKC,OKC,LAL,,,,,,PG/SG
97609-23156,PF,Georges,Georges Niang,Niang,14.468965727707435,29,4200,CLE@CHI,CLE,CHI,,,,,,PF
97609-157843,SF,Ziaire,Ziaire Williams,Williams,15.744000244140626,25,4200,MEM@ATL,MEM,ATL,,,,,,SF
97609-158373,PG,Jose,Jose Alvarado,Alvarado,16.240000406901043,15,4200,HOU@NO,NO,HOU,,,,,,PG
97609-171747,SG/PG,Andrew,Andrew Nembhard,Nembhard,16.583333333333332,18,4200,ORL@IND,IND,ORL,,,,,,PG/SG
97609-171744,SG,Christian,Christian Braun,Braun,16.823333740234375,30,4200,DEN@CHA,DEN,CHA,,,,,,SG
97609-110320,SF,Matisse,Matisse Thybulle,Thybulle,17.366666440610533,27,4200,POR@GS,POR,GS,,,,,,SF
97609-9561,C,DeAndre,DeAndre Jordan,Jordan,13.283332824707031,12,4200,DEN@CHA,DEN,CHA,,,,,,C
97609-80811,SF/PF,Jonathan,Jonathan Isaac,Isaac,17.6,20,4200,ORL@IND,ORL,IND,,,,,,SF/PF
97609-63126,SF/PF,Cedi,Cedi Osman,Osman,14.844443992332176,27,4100,SA@DAL,SA,DAL,,,,,,SF/PF
97609-14510,PG/SG,Alec,Alec Burks,Burks,15.166666666666666,21,4100,DET@BKN,DET,BKN,,,,,,PG/SG
97609-145351,C,Omer,Omer Yurtseven,Yurtseven,12.549999660915798,18,4100,UTA@TOR,UTA,TOR,,,,,,C
97609-40396,PG,Monte,Monte Morris,Morris,23.951612903225808,62,4100,DET@BKN,DET,BKN,O,Quadriceps,,,,PG
97609-188411,PF,Taylor,Taylor Hendricks,Hendricks,13.289999389648438,10,4100,UTA@TOR,UTA,TOR,,,,,,PF
97609-68203,C/PF,Chris,Chris Boucher,Boucher,13.79199951171875,25,4000,UTA@TOR,TOR,UTA,,,,,,PF/C
97609-157829,SG,Aaron,Aaron Wiggins,Wiggins,9.83750025431315,24,4000,LAL@OKC,OKC,LAL,,,,,,SG
97609-145576,SF/PF,Jae'Sean,Jae'Sean Tate,Tate,13.362500508626303,24,4000,HOU@NO,HOU,NO,,,,,,SF/PF
97609-171784,PG,Dyson,Dyson Daniels,Daniels,19.75517325565733,29,4000,HOU@NO,NO,HOU,,,,,,PG
97609-171785,SG,Bryce,Bryce McGowens,McGowens,9.680952526274181,21,4000,DEN@CHA,CHA,DEN,,,,,,SG
97609-111376,SF,John,John Konchar,Konchar,14.236364191228693,22,4000,MEM@ATL,MEM,ATL,,,,,,SF
97609-23447,C,Richaun,Richaun Holmes,Holmes,9.986666870117187,15,4000,SA@DAL,DAL,SA,,,,,,C
97609-145344,PG,Malachi,Malachi Flynn,Flynn,12.782142639160156,28,4000,UTA@TOR,TOR,UTA,,,,,,PG
97609-188420,SG,Nick,Nick Smith,Smith,6.809091047807173,11,3900,DEN@CHA,CHA,DEN,,,,,,SG
97609-188429,SF,Kris,Kris Murray,Murray,8.315384498009315,13,3900,POR@GS,POR,GS,,,,,,SF
97609-172098,SF,Julian,Julian Champagnie,Champagnie,10.265000152587891,20,3900,SA@DAL,SA,DAL,,,,,,SF
97609-157802,SG,Moses,Moses Moody,Moody,15.928571428571429,28,3900,POR@GS,GS,POR,,,,,,SG
97609-157810,PF,Isaiah,Isaiah Livers,Livers,10.157142639160156,14,3900,DET@BKN,DET,BKN,,,,,,PF
97609-157831,PG,Tre,Tre Mann,Mann,8.19000015258789,10,3900,LAL@OKC,OKC,LAL,,,,,,PG
97609-158856,PF,Trendon,Trendon Watford,Watford,14.739999389648437,20,3900,DET@BKN,BKN,DET,,,,,,PF
97609-157846,PF/C,Sandro,Sandro Mamukelashvili,Mamukelashvili,7.258333206176758,12,3900,SA@DAL,SA,DAL,,,,,,PF/C
97609-81621,PF/C,Maxi,Maxi Kleber,Kleber,11.84000015258789,5,3900,SA@DAL,DAL,SA,O,Toe,,,,PF/C
97609-84719,PG,Aaron,Aaron Holiday,Holiday,12.925000508626303,24,3900,HOU@NO,HOU,NO,,,,,,PG
97609-9475,PG/SG,Derrick,Derrick Rose,Rose,17.066666666666666,15,3900,MEM@ATL,MEM,ATL,O,Hamstring,,,,PG/SG
97609-171795,PF,Ousmane,Ousmane Dieng,Dieng,7.576470767750459,17,3900,LAL@OKC,OKC,LAL,,,,,,PF
97609-16196,C/PF,Dwight,Dwight Powell,Powell,11.66800048828125,25,3900,SA@DAL,DAL,SA,,,,,,PF/C
97609-145303,PG/SG,Skylar,Skylar Mays,Mays,17.866666666666667,15,3900,POR@GS,POR,GS,,,,,,PG/SG
97609-145305,PF/C,Zeke,Zeke Nnaji,Nnaji,9.695833206176758,24,3900,DEN@CHA,DEN,CHA,,,,,,PF/C
97609-145322,C,Jalen,Jalen Smith,Smith,18.480000813802082,15,3900,ORL@IND,IND,ORL,,,,,,C
97609-59318,SG/SF,Joe,Joe Ingles,Ingles,15.091667175292969,24,3900,ORL@IND,ORL,IND,O,Ankle,,,,SG/SF
97609-188405,PG/SG,Amen,Amen Thompson,Thompson,12.32857186453683,7,3900,HOU@NO,HOU,NO,,,,,,PG/SG
97609-188410,SG,Ben,Ben Sheppard,Sheppard,6.133333206176758,12,3900,ORL@IND,IND,ORL,,,,,,SG
97609-188421,SG,Jordan,Jordan Hawkins,Hawkins,17.055555555555557,27,3800,HOU@NO,NO,HOU,,,,,,SG
97609-188424,PF,Olivier-Maxence,Olivier-Maxence Prosper,Prosper,7.149999830457899,18,3800,SA@DAL,DAL,SA,,,,,,PF
97609-110640,PF,Luka,Luka Samanic,Samanic,6.8076923076923075,13,3800,UTA@TOR,UTA,TOR,,,,,,PF
97609-157830,C/PF,Jeremiah,Jeremiah Robinson-Earl,Robinson-Earl,8.658333460489908,12,3800,HOU@NO,NO,HOU,,,,,,PF/C
97609-58519,SG,Gary,Gary Payton,Payton,14.950000217982701,14,3800,POR@GS,GS,POR,O,Calf,,,,SG
97609-14511,PF,Markieff,Markieff Morris,Morris,7.400000254313151,12,3800,SA@DAL,DAL,SA,,,,,,PF
97609-84696,PG,Jevon,Jevon Carter,Carter,9.790000406901042,30,3800,CLE@CHI,CHI,CLE,,,,,,PG
97609-16604,SG,Justin,Justin Holiday,Holiday,9.823529411764707,17,3800,DEN@CHA,DEN,CHA,,,,,,SG
97609-12511,PG,Ish,Ish Smith,Smith,9.50500030517578,20,3800,DEN@CHA,CHA,DEN,,,,,,PG
97609-171751,SG,Max,Max Christie,Christie,9.718181956898082,22,3800,LAL@OKC,LAL,OKC,,,,,,SG
97609-171758,PF/C,Jaylin,Jaylin Williams,Williams,11.152380807059151,21,3800,LAL@OKC,OKC,LAL,,,,,,PF/C
97609-9966,PF,James,James Johnson,Johnson,4.533333460489909,3,3800,ORL@IND,IND,ORL,,,,,,PF
97609-84721,PF,Jarred,Jarred Vanderbilt,Vanderbilt,7.75,8,3800,LAL@OKC,LAL,OKC,GTD,Heel,,,,PF
97609-9648,SF,Jeff,Jeff Green,Green,11.77199951171875,25,3800,HOU@NO,HOU,NO,,,,,,SF
97609-66046,SG/SF,Luke,Luke Kennard,Kennard,16.325000762939453,8,3800,MEM@ATL,MEM,ATL,O,Knee,,,,SG/SF
97609-117286,C,Moses,Moses Brown,Brown,8.019999694824218,5,3700,POR@GS,POR,GS,,,,,,C
97609-84674,SF/PF,Kevin,Kevin Knox,Knox,10.830000305175782,10,3700,DET@BKN,DET,BKN,,,,,,SF/PF
97609-171752,SF,AJ,AJ Griffin,Griffin,4.116666793823242,12,3700,MEM@ATL,ATL,MEM,O,Personal,,,,SF
97609-110317,PG,Jaylen,Jaylen Nowell,Nowell,10.644444783528646,9,3700,MEM@ATL,MEM,ATL,,,,,,PG
97609-110329,PF/C,Bruno,Bruno Fernando,Fernando,4.985714503696987,7,3700,MEM@ATL,ATL,MEM,,,,,,PF/C
97609-110331,PG,Ty,Ty Jerome,Jerome,4.349999904632568,2,3700,CLE@CHI,CLE,CHI,O,Ankle,,,,PG
97609-110351,SG/PG,Cody,Cody Martin,Martin,13.32857186453683,7,3700,DEN@CHA,CHA,DEN,,,,,,PG/SG
97609-160022,SG,A.J.,A.J. Lawson,Lawson,5.872727134011009,11,3700,SA@DAL,DAL,SA,,,,,,SG
97609-85305,SF,Kenrich,Kenrich Williams,Williams,11.956250190734863,16,3700,LAL@OKC,OKC,LAL,,,,,,SF
97609-15691,C,Cody,Cody Zeller,Zeller,7.936363913796165,22,3700,HOU@NO,NO,HOU,O,Ankle,,,,C
97609-111622,SF,Garrison,Garrison Mathews,Mathews,5.306250095367432,16,3600,MEM@ATL,ATL,MEM,,,,,,SF
97609-188442,PF,Jalen,Jalen Wilson,Wilson,5.371428353445871,7,3600,DET@BKN,BKN,DET,,,,,,PF
97609-9799,SG,Wesley,Wesley Matthews,Matthews,6.735294117647059,17,3600,MEM@ATL,ATL,MEM,,,,,,SG
97609-162411,SF,Matt,Matt Ryan,Ryan,13.846153846153847,13,3600,HOU@NO,NO,HOU,O,Elbow,,,,SF
97609-157823,PF,Greg,Greg Brown,Brown,4.974999904632568,4,3600,SA@DAL,DAL,SA,,,,,,PF
97609-14529,PG,Cory,Cory Joseph,Joseph,6.8000001173753,13,3600,POR@GS,GS,POR,,,,,,PG
97609-14543,SF,Davis,Davis Bertans,Bertans,7.344444274902344,9,3600,LAL@OKC,OKC,LAL,,,,,,SF
97609-84706,PG,Devonte',Devonte' Graham,Graham,9.919999694824218,5,3600,SA@DAL,SA,DAL,,,,,,PG
97609-171757,PF,Jake,Jake LaRavia,LaRavia,5.712500095367432,8,3600,MEM@ATL,MEM,ATL,,,,,,PF
97609-171763,SG,Dalen,Dalen Terry,Terry,5.507142748151507,14,3600,CLE@CHI,CHI,CLE,,,,,,SG
97609-171775,C,Christian,Christian Koloko,Koloko,11.1672415897764,58,3600,UTA@TOR,TOR,UTA,GTD,Illness,,,,C
97609-180477,PG,Jacob,Jacob Gilyard,Gilyard,10.736842105263158,19,3600,MEM@ATL,MEM,ATL,,,,,,PG
97609-110340,PF/C,Jaxson,Jaxson Hayes,Hayes,7.265384380634014,26,3600,LAL@OKC,LAL,OKC,,,,,,PF/C
97609-180484,SG,Stanley,Stanley Umude,Umude,9.173333740234375,15,3600,DET@BKN,DET,BKN,,,,,,SG
97609-55065,PG,Vasilije,Vasilije Micic,Micic,7.35,10,3600,LAL@OKC,OKC,LAL,,,,,,PG
97609-18256,PF/SF,Doug,Doug McDermott,McDermott,10.67199951171875,25,3600,SA@DAL,SA,DAL,,,,,,SF/PF
97609-192339,SG,Dexter,Dexter Dennis,Dennis,12.133333841959635,3,3600,SA@DAL,DAL,SA,,,,,,SG
97609-80813,PG,Frank,Frank Ntilikina,Ntilikina,7.157446678648603,47,3600,DEN@CHA,CHA,DEN,O,Lower leg,,,,PG
97609-158137,C,Jock,Jock Landale,Landale,5.964705972110524,17,3600,HOU@NO,HOU,NO,,,,,,C
97609-20992,PF/C,Larry,Larry Nance,Nance,11.400000435965401,14,3500,HOU@NO,NO,HOU,O,Ribs,,,,PF/C
97609-188417,SG,Kobe,Kobe Bufkin,Bufkin,1.7000000476837158,2,3500,MEM@ATL,ATL,MEM,,,,,,SG
97609-180737,SG,Nate,Nate Williams,Williams,4.75,4,3500,HOU@NO,HOU,NO,,,,,,SG
97609-188430,SF,Dariq,Dariq Whitehead,Whitehead,4,1,3500,DET@BKN,BKN,DET,,,,,,SF
97609-188431,PF,Noah,Noah Clowney,Clowney,1.2000000476837158,1,3500,DET@BKN,BKN,DET,,,,,,PF
97609-188434,SG/SF,Gradey,Gradey Dick,Dick,6.3833334181043835,18,3500,UTA@TOR,TOR,UTA,,,,,,SG/SF
97609-189456,SG,Malcolm,Malcolm Cazalon,Cazalon,0,1,3500,DET@BKN,DET,BKN,,,,,,SG
97609-188432,SG,Jalen,Jalen Hood-Schifino,Hood-Schifino,5.240000152587891,5,3500,LAL@OKC,LAL,OKC,GTD,Back,,,,SG
97609-188446,SF,Sidy,Sidy Cissoko,Cissoko,-0.5,2,3500,SA@DAL,SA,DAL,,,,,,SF
97609-189468,C,Colin,Colin Castleton,Castleton,6.224999904632568,4,3500,LAL@OKC,LAL,OKC,,,,,,C
97609-188444,PF,GG,GG Jackson,Jackson,4.150000095367432,4,3500,MEM@ATL,MEM,ATL,,,,,,PF
97609-189469,SG,D'Moi,D'Moi Hodge,Hodge,3.7857142857142856,7,3500,LAL@OKC,LAL,OKC,,,,,,SG
97609-158243,SF,Ish,Ish Wainright,Wainright,1.5,2,3500,POR@GS,POR,GS,,,,,,SF
97609-188454,PF,Mouhamed,Mouhamed Gueye,Gueye,1.5,2,3500,MEM@ATL,ATL,MEM,O,Back,,,,PF
97609-117285,SF,Vlatko,Vlatko Cancar,Cancar,9.94923095703125,65,3500,DEN@CHA,DEN,CHA,O,Knee,,,,SF
97609-188455,SF,Seth,Seth Lundy,Lundy,1.600000023841858,2,3500,MEM@ATL,ATL,MEM,,,,,,SF
97609-175653,SG,Jared,Jared Rhoden,Rhoden,4.05999984741211,5,3500,DET@BKN,DET,BKN,,,,,,SG
97609-188458,SG,Jalen,Jalen Pickett,Pickett,4.583333333333333,12,3500,DEN@CHA,DEN,CHA,,,,,,SG
97609-188459,PF,Hunter,Hunter Tyson,Tyson,1.1875,8,3500,DEN@CHA,DEN,CHA,,,,,,PF
97609-188456,SG,Rayan,Rayan Rupert,Rupert,1.8857142584664481,7,3500,POR@GS,POR,GS,,,,,,SG
97609-117291,SG,Armoni,Armoni Brooks,Brooks,6.557143075125558,7,3500,DET@BKN,BKN,DET,,,,,,SG
97609-188462,SF,Emoni,Emoni Bates,Bates,4.412499904632568,8,3500,CLE@CHI,CLE,CHI,,,,,,SF
97609-188463,SF,Julian,Julian Phillips,Phillips,1.9411764705882353,17,3500,CLE@CHI,CHI,CLE,,,,,,SF
97609-188460,SG,Isaiah,Isaiah Wong,Wong,,,3500,ORL@IND,IND,ORL,,,,,,SG
97609-188466,PG,Amari,Amari Bailey,Bailey,3.200000047683716,2,3500,DEN@CHA,CHA,DEN,,,,,,PG
97609-190515,SG,Onuralp,Onuralp Bitim,Bitim,0,1,3500,CLE@CHI,CHI,CLE,O,Nose,,,,SG
97609-188468,SF,Keyontae,Keyontae Johnson,Johnson,0,1,3500,LAL@OKC,OKC,LAL,,,,,,SF
97609-188469,SF,Maxwell,Maxwell Lewis,Lewis,1.0083333651224773,12,3500,LAL@OKC,LAL,OKC,,,,,,SF
97609-188475,C,Oscar,Oscar Tshiebwe,Tshiebwe,6.666666666666667,3,3500,ORL@IND,IND,ORL,,,,,,C
97609-180793,SF,Jermaine,Jermaine Samuels,Samuels,5.100000063578288,6,3500,HOU@NO,HOU,NO,,,,,,SF
97609-188477,SG,Markquis,Markquis Nowell,Nowell,10.399999618530273,1,3500,UTA@TOR,TOR,UTA,,,,,,SG
97609-188480,PF,Adama,Adama Sanogo,Sanogo,,,3500,CLE@CHI,CHI,CLE,,,,,,PF
97609-66115,PG/PF,Ben,Ben Simmons,Simmons,31,6,3500,DET@BKN,BKN,DET,O,Back,,,,PG/PF
97609-15947,SG,Reggie,Reggie Bullock,Bullock,4.099999861283735,11,3500,HOU@NO,HOU,NO,O,Illness,,,,SG
97609-145490,PG,Trevelin,Trevelin Queen,Queen,9.200000217982701,7,3500,ORL@IND,ORL,IND,,,,,,PG
97609-157803,SG,Josh,Josh Christopher,Christopher,10.167187690734863,64,3500,UTA@TOR,UTA,TOR,,,,,,SG
97609-157804,SG,Keon,Keon Johnson,Johnson,9.05749969482422,40,3500,DET@BKN,BKN,DET,,,,,,SG
97609-157815,PF,JT,JT Thor,Thor,8.547826352326766,23,3500,DEN@CHA,CHA,DEN,,,,,,PF
97609-157818,SG,James,James Bouknight,Bouknight,6.933333079020183,3,3500,DEN@CHA,CHA,DEN,,,,,,SG
97609-41082,C,Damian,Damian Jones,Jones,2.9083334604899087,12,3500,CLE@CHI,CLE,CHI,,,,,,C
97609-145538,PF/C,Aleksej,Aleksej Pokusevski,Pokusevski,3.3000000544956754,7,3500,LAL@OKC,OKC,LAL,,,,,,PF/C
97609-23169,C,Steven,Steven Adams,Adams,29.892857142857142,42,3500,MEM@ATL,MEM,ATL,O,Knee,,,,C
97609-171658,SF,Johnny,Johnny Juzang,Juzang,1.5,1,3500,UTA@TOR,UTA,TOR,,,,,,SF
97609-171659,SG,Lester,Lester Quinones,Quinones,3.7000001271565757,3,3500,POR@GS,GS,POR,,,,,,SG
97609-190094,SF,Leaky,Leaky Black,Black,5.628571646554129,7,3500,DEN@CHA,CHA,DEN,,,,,,SF
97609-157842,C,Charles,Charles Bassey,Bassey,12.931578786749588,19,3500,SA@DAL,SA,DAL,O,Knee,,,,C
97609-171670,SG,Dereon,Dereon Seabron,Seabron,7.480000305175781,5,3500,HOU@NO,NO,HOU,,,,,,SG
97609-171668,PG,Collin,Collin Gillespie,Gillespie,4.345454476096413,11,3500,DEN@CHA,DEN,CHA,,,,,,PG
97609-20640,PG/SG,Jordan,Jordan Clarkson,Clarkson,28.094736199629935,19,3500,UTA@TOR,UTA,TOR,,,,,,PG/SG
97609-14496,PG,Ricky,Ricky Rubio,Rubio,13.950000339084202,36,3500,CLE@CHI,CLE,CHI,O,Personal,,,,PG
97609-158371,SF,Terry,Terry Taylor,Taylor,1.0499999523162842,8,3500,CLE@CHI,CHI,CLE,,,,,,SF
97609-84677,SG,Jerome,Jerome Robinson,Robinson,1.2000000476837158,2,3500,POR@GS,GS,POR,,,,,,SG
97609-164036,SF,Braxton,Braxton Key,Key,2.3500000635782876,6,3500,DEN@CHA,DEN,CHA,,,,,,SF
97609-195794,C,Nathan,Nathan Mensah,Mensah,9.966666539510092,3,3500,DEN@CHA,CHA,DEN,,,,,,C
97609-157906,PF,Usman,Usman Garuba,Garuba,1.5,1,3500,POR@GS,GS,POR,,,,,,PF
97609-9939,SG/PG,Patty,Patty Mills,Mills,5.7,5,3500,MEM@ATL,ATL,MEM,,,,,,PG/SG
97609-171745,SG,Kendall,Kendall Brown,Brown,5.116666793823242,6,3500,ORL@IND,IND,ORL,,,,,,SG
97609-171750,SG,Blake,Blake Wesley,Wesley,3.7714285169328963,7,3500,SA@DAL,SA,DAL,,,,,,SG
97609-195815,C,Charles,Charles Bediako,Bediako,,,3500,SA@DAL,SA,DAL,,,,,,C
97609-84708,C,Robert,Robert Williams,Williams,21.51666768391927,6,3500,POR@GS,POR,GS,O,Knee,,,,C
97609-171771,SF,Caleb,Caleb Houstan,Houstan,6.2055553860134545,18,3500,ORL@IND,ORL,IND,,,,,,SF
97609-110328,SF,Admiral,Admiral Schofield,Schofield,1.5,8,3500,ORL@IND,ORL,IND,,,,,,SF
97609-194814,SF,Henri,Henri Drell,Drell,,,3500,CLE@CHI,CHI,CLE,O,Thumb,,,,SF
97609-110336,PF,Chuma,Chuma Okeke,Okeke,3.369230710543119,13,3500,ORL@IND,ORL,IND,,,,,,PF
97609-171782,PF,Isaiah,Isaiah Mobley,Mobley,5.133333206176758,3,3500,CLE@CHI,CLE,CHI,,,,,,PF
97609-171783,PF,E.J.,E.J. Liddell,Liddell,2.7999998728434243,3,3500,HOU@NO,NO,HOU,,,,,,PF
97609-15628,SF,Otto,Otto Porter,Porter,7.658333460489909,12,3500,UTA@TOR,TOR,UTA,,,,,,SF
97609-110350,PF/SF,Jalen,Jalen McDaniels,McDaniels,5.323529411764706,17,3500,UTA@TOR,TOR,UTA,,,,,,SF/PF
97609-110353,PF/C,Brandon,Brandon Clarke,Clarke,21.357142857142858,56,3500,MEM@ATL,MEM,ATL,O,Achilles,,,,PF/C
97609-161552,PF,Micah,Micah Potter,Potter,2.4000000953674316,2,3500,UTA@TOR,UTA,TOR,,,,,,PF
97609-171796,PF,Gui,Gui Santos,Santos,5.900000254313151,3,3500,POR@GS,GS,POR,,,,,,PF
97609-180016,C,Ibou,Ibou Badji,Badji,,,3500,POR@GS,POR,GS,,,,,,C
97609-119602,SF,Jontay,Jontay Porter,Porter,,,3500,UTA@TOR,TOR,UTA,,,,,,SF
97609-20277,SF/SG,Torrey,Torrey Craig,Craig,15.851851851851851,27,3500,CLE@CHI,CHI,CLE,O,Heel,,,,SG/SF
97609-82744,PG/SG,Shaquille,Shaquille Harrison,Harrison,2.4666666984558105,3,3500,MEM@ATL,MEM,ATL,,,,,,PG/SG
97609-11074,SF,Garrett,Garrett Temple,Temple,3.4833332697550454,6,3500,UTA@TOR,TOR,UTA,,,,,,SF
97609-15684,SG,Victor,Victor Oladipo,Oladipo,21.944444444444443,45,3500,HOU@NO,HOU,NO,O,Knee,,,,SG
97609-145738,SG,Nate,Nate Hinton,Hinton,3.7,5,3500,HOU@NO,HOU,NO,,,,,,SG
97609-63826,C,Boban,Boban Marjanovic,Marjanovic,9.033333460489908,3,3500,HOU@NO,HOU,NO,,,,,,C
97609-159097,C,Jay,Jay Huff,Huff,1,2,3500,DEN@CHA,DEN,CHA,,,,,,C
97609-161666,SG,David,David Duke,Duke,6.970833460489909,24,3500,SA@DAL,SA,DAL,,,,,,SG
97609-171925,SF,Dominick,Dominick Barlow,Barlow,2.825000047683716,8,3500,SA@DAL,SA,DAL,,,,,,SF
97609-145822,SG,Kevon,Kevon Harris,Harris,8.647058823529411,34,3500,ORL@IND,ORL,IND,O,Coach's decision,,,,SG
97609-145313,PF/SF,Jordan,Jordan Nwora,Nwora,11.890000152587891,10,3500,ORL@IND,IND,ORL,,,,,,SF/PF
97609-145316,PG,Kira,Kira Lewis,Lewis,7.092307457557092,13,3500,HOU@NO,NO,HOU,,,,,,PG
97609-80806,PG,Lonzo,Lonzo Ball,Ball,,,3500,CLE@CHI,CHI,CLE,O,Knee,,,,PG
97609-80819,PF/C,Harry,Harry Giles,Giles,7.785714285714286,7,3500,DET@BKN,BKN,DET,,,,,,PF/C
97609-9666,PF,Thaddeus,Thaddeus Young,Young,2.7750000953674316,4,3500,UTA@TOR,TOR,UTA,,,,,,PF
97609-193991,SF,Alex,Alex Fudge,Fudge,1.350000023841858,4,3500,LAL@OKC,LAL,OKC,,,,,,SF
97609-172996,PG,Javon,Javon Freeman-Liberty,Freeman-Liberty,,,3500,UTA@TOR,TOR,UTA,,,,,,PG
97609-145352,SG,Trent,Trent Forrest,Forrest,5.7999997820172995,7,3500,MEM@ATL,ATL,MEM,,,,,,SG
97609-163280,C,Olivier,Olivier Sarr,Sarr,10.016666412353516,6,3500,LAL@OKC,OKC,LAL,,,,,,C
97609-165854,SG,Lindy,Lindy Waters,Waters,5.022222306993273,9,3500,LAL@OKC,OKC,LAL,,,,,,SG
97609-16363,SG/SF,Joe,Joe Harris,Harris,5.954545454545454,11,3500,DET@BKN,DET,BKN,,,,,,SG/SF
97609-188406,SF,Cam,Cam Whitmore,Whitmore,9.733333587646484,6,3500,HOU@NO,HOU,NO,,,,,,SF
97609-188407,SF,Jett,Jett Howard,Howard,2.2874999046325684,8,3500,ORL@IND,ORL,IND,,,,,,SF
97609-188409,PF,Jarace,Jarace Walker,Walker,9.862500190734863,8,3500,ORL@IND,IND,ORL,,,,,,PF
97609-184831,SF,Justin,Justin Minaya,Minaya,2.5,6,3500,POR@GS,POR,GS,,,,,,SF
97609-188413,SF,Brice,Brice Sensabaugh,Sensabaugh,2.4000000953674316,1,3500,UTA@TOR,UTA,TOR,,,,,,SF