Id,Position,First Name,Nickname,Last Name,FPPG,Played,Salary,Game,Team,Opponent,Injury Indicator,Injury Details,Tier,,,Roster Position
99655-55062,C,Nikola,Nikola Jokic,Jokic,57.30357142857143,56,12100,DEN@GS,DEN,GS,,,,,,C
99655-188414,PF/C,Victor,Victor Wembanyama,Wembanyama,47.950980392156865,51,11600,SA@UTA,SA,UTA,,,,,,PF/C
99655-84680,PG,Shai,Shai Gilgeous-Alexander,Gilgeous-Alexander,54.48393031529018,56,11400,OKC@HOU,OKC,HOU,,,,,,PG
99655-59358,C/PF,Domantas,Domantas Sabonis,Sabonis,49.430908203125,55,10700,SAC@LAC,SAC,LAC,,,,,,PF/C
99655-80810,PG,De'Aaron,De'Aaron Fox,Fox,44.365304129464285,49,9700,SAC@LAC,SAC,LAC,,,,,,PG
99655-84671,PG,Trae,Trae Young,Young,45.81923264723558,52,9400,ORL@ATL,ATL,ORL,O,Finger,,,,PG
99655-9524,PG,Stephen,Stephen Curry,Curry,41.167922685731135,53,9300,DEN@GS,GS,DEN,,,,,,PG
99655-110310,PF,Zion,Zion Williamson,Williamson,38.41956627887228,46,9200,CHI@NO,NO,CHI,GTD,Foot,,,,PF
99655-14513,SF/PF,Kawhi,Kawhi Leonard,Leonard,42.12353036917892,51,8900,SAC@LAC,LAC,SAC,,,,,,SF/PF
99655-84678,SF/PF,Miles,Miles Bridges,Bridges,38.44222276475694,45,8800,CHA@POR,CHA,POR,,,,,,SF/PF
99655-171770,PF/SF,Paolo,Paolo Banchero,Banchero,40.0672396955819,58,8700,ORL@ATL,ORL,ATL,O,Illness,,,,SF/PF
99655-9644,SG/PG,James,James Harden,Harden,39.46199951171875,50,8700,SAC@LAC,LAC,SAC,,,,,,PG/SG
99655-145485,PG,LaMelo,LaMelo Ball,Ball,44.29999889026988,22,8600,CHA@POR,CHA,POR,O,Ankle,,,,PG
99655-66048,SF/PF,Brandon,Brandon Ingram,Ingram,37.83921664368872,51,8500,CHI@NO,NO,CHI,GTD,Illness,,,,SF/PF
99655-66108,PG,Jamal,Jamal Murray,Murray,37.56585246760671,41,8300,DEN@GS,DEN,GS,GTD,Lower leg,,,,PG
99655-157908,C,Alperen,Alperen Sengun,Sengun,42.43818359375,55,8300,OKC@HOU,HOU,OKC,,,,,,C
99655-67708,SG/PG,Dejounte,Dejounte Murray,Murray,38.267923607016506,53,8200,ORL@ATL,ATL,ORL,,,,,,PG/SG
99655-14514,C,Nikola,Nikola Vucevic,Vucevic,38.52745145909927,51,8200,CHI@NO,CHI,NO,,,,,,C
99655-12341,SG/SF,Paul,Paul George,George,37.58113299675708,53,8100,SAC@LAC,LAC,SAC,GTD,Knee,,,,SG/SF
99655-157833,SF/PF,Jalen,Jalen Johnson,Johnson,35.68571544828869,42,8100,ORL@ATL,ATL,ORL,,,,,,SF/PF
99655-157851,SF/PF,Franz,Franz Wagner,Wagner,35.72653011399873,49,8100,ORL@ATL,ORL,ATL,,,,,,SF/PF
99655-171759,C,Chet,Chet Holmgren,Holmgren,38.29107230050223,56,8100,OKC@HOU,OKC,HOU,,,,,,C
99655-171760,SF/SG,Jalen,Jalen Williams,Williams,33.6039990234375,50,8000,OKC@HOU,OKC,HOU,,,,,,SG/SF
99655-188405,PG/SG,Amen,Amen Thompson,Thompson,22.151350691511823,37,8000,OKC@HOU,HOU,OKC,,,,,,PG/SG
99655-19067,PG/SG,CJ,CJ McCollum,McCollum,34.70465229832849,43,7900,CHI@NO,NO,CHI,O,Ankle,,,,PG/SG
99655-84673,C,Deandre,Deandre Ayton,Ayton,32.71842233758224,38,7900,CHA@POR,POR,CHA,,,,,,C
99655-80812,PF/SF,Lauri,Lauri Markkanen,Markkanen,39.1510633103391,47,7900,SA@UTA,UTA,SA,,,,,,SF/PF
99655-24247,PG,Fred,Fred VanVleet,VanVleet,37.64898058832908,49,7800,OKC@HOU,HOU,OKC,,,,,,PG
99655-9714,SF,DeMar,DeMar DeRozan,DeRozan,39.120370370370374,54,7800,CHI@NO,CHI,NO,,,,,,SF
99655-84717,SG/PG,Anfernee,Anfernee Simons,Simons,34.48749923706055,32,7600,CHA@POR,POR,CHA,,,,,,PG/SG
99655-110326,PG,Coby,Coby White,White,33.62321472167969,56,7500,CHI@NO,CHI,NO,,,,,,PG
99655-145324,SG,Devin,Devin Vassell,Vassell,31.40576876126803,52,7400,SA@UTA,SA,UTA,,,,,,SG
99655-23831,PF/SF,Jerami,Jerami Grant,Grant,32.38958231608073,48,7300,CHA@POR,POR,CHA,,,,,,SF/PF
99655-188419,SF,Brandon,Brandon Miller,Miller,27.6239990234375,50,7100,CHA@POR,CHA,POR,,,,,,SF
99655-16359,PG/SG,Malcolm,Malcolm Brogdon,Brogdon,29.656409630408653,39,7000,CHA@POR,POR,CHA,O,Elbow,,,,PG/SG
99655-14503,C,Jonas,Jonas Valanciunas,Valanciunas,31.635086862664473,57,6900,CHI@NO,NO,CHI,,,,,,C
99655-157904,SF/PF,Jonathan,Jonathan Kuminga,Kuminga,25.67777732566551,54,6800,DEN@GS,GS,DEN,,,,,,SF/PF
99655-15860,PF/C,Draymond,Draymond Green,Green,29.583870180191532,31,6800,DEN@GS,GS,DEN,,,,,,PF/C
99655-84667,SG/PG,Collin,Collin Sexton,Sexton,28.442104406524123,57,6700,SA@UTA,UTA,SA,,,,,,PG/SG
99655-80816,SG/PG,Malik,Malik Monk,Monk,27.977778682002313,54,6700,SAC@LAC,SAC,LAC,,,,,,PG/SG
99655-66236,PF/C,John,John Collins,Collins,28.89056511645047,53,6600,SA@UTA,UTA,SA,,,,,,PF/C
99655-84682,SF/PF,Michael,Michael Porter,Porter,29.423213413783483,56,6600,DEN@GS,DEN,GS,,,,,,SF/PF
99655-171767,PF,Jabari,Jabari Smith,Smith,28.50980392156863,51,6600,OKC@HOU,HOU,OKC,,,,,,PF
99655-15557,C,Andre,Andre Drummond,Drummond,23.29642813546317,56,6500,CHI@NO,CHI,NO,,,,,,C
99655-157907,SG/PG,Jalen,Jalen Green,Green,29.42142813546317,56,6500,OKC@HOU,HOU,OKC,,,,,,PG/SG
99655-157905,SG/PG,Josh,Josh Giddey,Giddey,27.003635475852274,55,6500,OKC@HOU,OKC,HOU,,,,,,PG/SG
99655-188433,SG/SF,Brandin,Brandin Podziemski,Podziemski,24.497959681919642,49,6400,DEN@GS,GS,DEN,,,,,,SG/SF
99655-171749,PG/PF,Jeremy,Jeremy Sochan,Sochan,26.063157466419955,57,6400,SA@UTA,SA,UTA,,,,,,PG/PF
99655-171777,C,Walker,Walker Kessler,Kessler,27.106121452487244,49,6400,SA@UTA,UTA,SA,,,,,,C
99655-41594,PF,Aaron,Aaron Gordon,Gordon,29.249018650428923,51,6300,DEN@GS,DEN,GS,,,,,,PF
99655-157831,PG,Tre,Tre Mann,Mann,14.5,18,6300,CHA@POR,CHA,POR,,,,,,PG
99655-55060,SF/SG,Bogdan,Bogdan Bogdanovic,Bogdanovic,28.396296748408563,54,6300,ORL@ATL,ATL,ORL,,,,,,SG/SF
99655-20640,PG/SG,Jordan,Jordan Clarkson,Clarkson,27.870213285405587,47,6200,SA@UTA,UTA,SA,,,,,,PG/SG
99655-70827,C,Ivica,Ivica Zubac,Zubac,28.662223307291665,45,6200,SAC@LAC,LAC,SAC,,,,,,C
99655-145328,PF/SF,Saddiq,Saddiq Bey,Bey,25.901817737926137,55,6200,ORL@ATL,ATL,ORL,,,,,,SF/PF
99655-157848,SG/SF,Herbert,Herbert Jones,Jones,24.557692307692307,52,6100,CHI@NO,NO,CHI,,,,,,SG/SF
99655-55059,C,Clint,Clint Capela,Capela,30.772916158040363,48,6100,ORL@ATL,ATL,ORL,,,,,,C
99655-9623,PG,Chris,Chris Paul,Paul,26.725000381469727,32,6100,DEN@GS,GS,DEN,O,Hand,,,,PG
99655-110347,PF/SF,Keldon,Keldon Johnson,Johnson,29.375472158755898,53,6000,SA@UTA,SA,UTA,,,,,,SF/PF
99655-9642,PG,Russell,Russell Westbrook,Westbrook,26.719999556107954,55,6000,SAC@LAC,LAC,SAC,,,,,,PG
99655-188412,PG/SG,Keyonte,Keyonte George,George,21.270589192708332,51,6000,SA@UTA,UTA,SA,,,,,,PG/SG
99655-157847,SF,Trey,Trey Murphy,Murphy,23.068750381469727,32,5900,CHI@NO,NO,CHI,,,,,,SF
99655-145318,C,Nick,Nick Richards,Richards,24.404255319148938,47,5900,CHA@POR,CHA,POR,,,,,,C
99655-23981,PG/SG,Alex,Alex Caruso,Caruso,24.90416717529297,48,5900,CHI@NO,CHI,NO,,,,,,PG/SG
99655-157849,PG/SG,Ayo,Ayo Dosunmu,Dosunmu,19.55925835503472,54,5800,CHI@NO,CHI,NO,,,,,,PG/SG
99655-110338,SF/PF,De'Andre,De'Andre Hunter,Hunter,23.634374618530273,32,5800,ORL@ATL,ATL,ORL,,,,,,SF/PF
99655-145323,PG,Tre,Tre Jones,Jones,23.990384615384617,52,5800,SA@UTA,SA,UTA,,,,,,PG
99655-188428,PG,Scoot,Scoot Henderson,Henderson,22.86976800962936,43,5700,CHA@POR,POR,CHA,O,Thigh,,,,PG
99655-80815,PF/C,Zach,Zach Collins,Collins,23.97999945746528,45,5700,SA@UTA,SA,UTA,,,,,,PF/C
99655-49116,SF/PF,Andrew,Andrew Wiggins,Wiggins,22.4160009765625,50,5700,DEN@GS,GS,DEN,,,,,,SF/PF
99655-157850,SG/PG,Jalen,Jalen Suggs,Suggs,24.025000939002403,52,5600,ORL@ATL,ORL,ATL,,,,,,PG/SG
99655-84704,SG/SF,Kevin,Kevin Huerter,Huerter,21.78490519973467,53,5600,SAC@LAC,SAC,LAC,,,,,,SG/SF
99655-171786,C,Mark,Mark Williams,Williams,30.88420988384046,19,5600,CHA@POR,CHA,POR,O,Back,,,,C
99655-14509,SG,Klay,Klay Thompson,Thompson,26.3250004695012,52,5500,DEN@GS,GS,DEN,,,,,,SG
99655-171787,SF/PF,Keegan,Keegan Murray,Murray,27.805881874234068,51,5500,SAC@LAC,SAC,LAC,,,,,,SF/PF
99655-145304,C/PF,Onyeka,Onyeka Okongwu,Okongwu,24.383019789209907,53,5500,ORL@ATL,ATL,ORL,O,Toe,,,,PF/C
99655-188421,SG,Jordan,Jordan Hawkins,Hawkins,15.20199951171875,50,5400,CHI@NO,NO,CHI,,,,,,SG
99655-14523,PG,Reggie,Reggie Jackson,Jackson,20.177192554139253,57,5400,DEN@GS,DEN,GS,,,,,,PG
99655-110318,PF,Grant,Grant Williams,Williams,18.09230745755709,52,5400,CHA@POR,CHA,POR,,,,,,PF
99655-111273,SF/SG,Luguentz,Luguentz Dort,Dort,21.19629584418403,54,5300,OKC@HOU,OKC,HOU,,,,,,SG/SF
99655-84676,C,Wendell,Wendell Carter,Carter,23.080645161290324,31,5300,ORL@ATL,ORL,ATL,,,,,,C
99655-80805,PG,Markelle,Markelle Fultz,Fultz,21.966666085379465,21,5200,ORL@ATL,ORL,ATL,,,,,,PG
99655-145327,PG/SG,Cole,Cole Anthony,Anthony,23.412499564034597,56,5200,ORL@ATL,ORL,ATL,,,,,,PG/SG
99655-20992,PF/C,Larry,Larry Nance,Nance,17.348717322716347,39,5100,CHI@NO,NO,CHI,,,,,,PF/C
99655-171769,SF,Tari,Tari Eason,Eason,25.868180708451703,22,5100,OKC@HOU,HOU,OKC,O,Lower leg,,,,SF
99655-12366,SF/SG,Gordon,Gordon Hayward,Hayward,28.40370460792824,27,5000,OKC@HOU,OKC,HOU,,,,,,SG/SF
99655-110351,SG/PG,Cody,Cody Martin,Martin,20.84166717529297,24,5000,CHA@POR,CHA,POR,,,,,,PG/SG
99655-60233,SG/SF,Dillon,Dillon Brooks,Brooks,22.24042657081117,47,5000,OKC@HOU,HOU,OKC,,,,,,SG/SF
99655-110315,SG/SF,Terance,Terance Mann,Mann,16.269388004225128,49,4900,SAC@LAC,LAC,SAC,,,,,,SG/SF
99655-188406,SF,Cam,Cam Whitmore,Whitmore,18.826666259765624,30,4900,OKC@HOU,HOU,OKC,,,,,,SF
99655-188429,SF,Kris,Kris Murray,Murray,9.728571428571428,35,4800,CHA@POR,POR,CHA,,,,,,SF
99655-84714,C,Moritz,Moritz Wagner,Wagner,19.801817737926136,55,4800,ORL@ATL,ORL,ATL,,,,,,C
99655-158373,PG,Jose,Jose Alvarado,Alvarado,16.153846153846153,39,4700,CHI@NO,NO,CHI,O,Suspension,,,,PG
99655-16293,SF/SG,Norman,Norman Powell,Powell,19.655556007667823,54,4700,SAC@LAC,LAC,SAC,GTD,Ankle,,,,SG/SF
99655-15946,SF/PF,Harrison,Harrison Barnes,Barnes,19.292726828835228,55,4600,SAC@LAC,SAC,LAC,,,,,,SF/PF
99655-15636,SG,Kentavious,Kentavious Caldwell-Pope,Caldwell-Pope,20.36730722280649,52,4600,DEN@GS,DEN,GS,GTD,Finger,,,,SG
99655-171761,PF/SF,Peyton,Peyton Watson,Watson,15.883635919744318,55,4500,DEN@GS,DEN,GS,,,,,,SF/PF
99655-171764,SF/PF,Jabari,Jabari Walker,Walker,19.127450980392158,51,4500,CHA@POR,POR,CHA,,,,,,SF/PF
99655-188447,SF/PF,Toumani,Toumani Camara,Camara,17.464814362702548,54,4400,CHA@POR,POR,CHA,,,,,,SF/PF
99655-84719,PG,Aaron,Aaron Holiday,Holiday,13.15471721145342,53,4400,OKC@HOU,HOU,OKC,,,,,,PG
99655-23802,PG/SG,Kris,Kris Dunn,Dunn,18.29387804926658,49,4400,SA@UTA,UTA,SA,,,,,,PG/SG
99655-188450,PF/C,Trayce,Trayce Jackson-Davis,Jackson-Davis,15.55714343843006,42,4300,DEN@GS,GS,DEN,,,,,,PF/C
99655-58461,PF,Trey,Trey Lyles,Lyles,15.8625,40,4300,SAC@LAC,SAC,LAC,,,,,,PF
99655-194767,C,Duop,Duop Reath,Reath,17.526828672827744,41,4300,CHA@POR,POR,CHA,,,,,,C
99655-110359,C,Goga,Goga Bitadze,Bitadze,19.85531940866024,47,4300,ORL@ATL,ORL,ATL,,,,,,C
99655-188411,PF,Taylor,Taylor Hendricks,Hendricks,12.172222561306423,18,4300,SA@UTA,UTA,SA,,,,,,PF
99655-171744,SG,Christian,Christian Braun,Braun,15.071929396244517,57,4200,DEN@GS,DEN,GS,,,,,,SG
99655-171748,SG,Malaki,Malaki Branham,Branham,14.088461068960337,52,4200,SA@UTA,SA,UTA,,,,,,SG
99655-15590,C,Mason,Mason Plumlee,Plumlee,16.07199951171875,25,4200,SAC@LAC,LAC,SAC,,,,,,C
99655-80811,SF/PF,Jonathan,Jonathan Isaac,Isaac,17.399999373998398,39,4200,ORL@ATL,ORL,ATL,,,,,,SF/PF
99655-110329,PF/C,Bruno,Bruno Fernando,Fernando,10.5,19,4100,ORL@ATL,ATL,ORL,,,,,,PF/C
99655-55056,PF/C,Dario,Dario Saric,Saric,19.86226322965802,53,4100,DEN@GS,GS,DEN,,,,,,PF/C
99655-55065,PG,Vasilije,Vasilije Micic,Micic,9.75142822265625,35,4100,CHA@POR,CHA,POR,,,,,,PG
99655-145819,PF/SF,Naji,Naji Marshall,Marshall,15.900000530740488,46,4100,CHI@NO,NO,CHI,O,Suspension,,,,SF/PF
99655-172098,SF,Julian,Julian Champagnie,Champagnie,13.354000244140625,50,4000,SA@UTA,SA,UTA,,,,,,SF
99655-110320,SF,Matisse,Matisse Thybulle,Thybulle,16.08490566037736,53,4000,CHA@POR,POR,CHA,,,,,,SF
99655-110337,SG/SF,Talen,Talen Horton-Tucker,Horton-Tucker,21.530554877387154,36,4000,SA@UTA,UTA,SA,,,,,,SG/SF
99655-9561,C,DeAndre,DeAndre Jordan,Jordan,11.772413582637393,29,4000,DEN@GS,DEN,GS,,,,,,C
99655-188408,PG,Anthony,Anthony Black,Black,11.651923546424278,52,4000,ORL@ATL,ORL,ATL,,,,,,PG
99655-188415,PG/SG,Cason,Cason Wallace,Wallace,14.610714503696986,56,4000,OKC@HOU,OKC,HOU,,,,,,PG/SG
99655-63126,PF,Cedi,Cedi Osman,Osman,14.005262943736295,57,3900,SA@UTA,SA,UTA,,,,,,PF
99655-58519,SG,Gary,Gary Payton,Payton,14.276189894903274,21,3900,DEN@GS,GS,DEN,,,,,,SG
99655-15583,SG,Seth,Seth Curry,Curry,9.378048780487806,41,3900,CHA@POR,CHA,POR,O,Hip,,,,SG
99655-171750,SG,Blake,Blake Wesley,Wesley,10.558333502875435,36,3900,SA@UTA,SA,UTA,,,,,,SG
99655-171758,PF/C,Jaylin,Jaylin Williams,Williams,11.514893876745345,47,3900,OKC@HOU,OKC,HOU,,,,,,PF/C
99655-20277,SF/SG,Torrey,Torrey Craig,Craig,15.975757945667613,33,3900,CHI@NO,CHI,NO,O,Knee,,,,SG/SF
99655-111492,SF/SG,Amir,Amir Coffey,Coffey,11.083721072174782,43,3900,SAC@LAC,LAC,SAC,,,,,,SG/SF
99655-145305,PF/C,Zeke,Zeke Nnaji,Nnaji,9.021428426106771,42,3900,DEN@GS,DEN,GS,,,,,,PF/C
99655-145330,PG,Isaiah,Isaiah Joe,Joe,15.061538696289062,52,3900,OKC@HOU,OKC,HOU,,,,,,PG
99655-24544,SG,Gary,Gary Harris,Harris,14.51142839704241,35,3900,ORL@ATL,ORL,ATL,O,Calf,,,,SG
99655-157802,SG,Moses,Moses Moody,Moody,15.148779892339938,41,3800,DEN@GS,GS,DEN,,,,,,SG
99655-157812,PG,Davion,Davion Mitchell,Mitchell,7.8044447157118055,45,3800,SAC@LAC,SAC,LAC,,,,,,PG
99655-157821,PG,Dalano,Dalano Banton,Banton,7.685714176722935,28,3800,CHA@POR,POR,CHA,,,,,,PG
99655-157829,SG,Aaron,Aaron Wiggins,Wiggins,11.760377128169221,53,3800,OKC@HOU,OKC,HOU,,,,,,SG
99655-58576,C,Kevon,Kevon Looney,Looney,17.005454323508523,55,3800,DEN@GS,GS,DEN,,,,,,C
99655-171785,SG,Bryce,Bryce McGowens,McGowens,9.9636362249201,44,3800,CHA@POR,CHA,POR,,,,,,SG
99655-59318,SG,Joe,Joe Ingles,Ingles,13.34418576262718,43,3800,ORL@ATL,ORL,ATL,,,,,,SG
99655-157830,C/PF,Jeremiah,Jeremiah Robinson-Earl,Robinson-Earl,8.2478259542714,23,3700,CHI@NO,NO,CHI,,,,,,PF/C
99655-157828,SF,Chris,Chris Duarte,Duarte,8.328947368421053,38,3700,SAC@LAC,SAC,LAC,,,,,,SF
99655-171659,SG,Lester,Lester Quinones,Quinones,9.952380952380953,21,3700,DEN@GS,GS,DEN,,,,,,SG
99655-171668,PG,Collin,Collin Gillespie,Gillespie,6.336842185572574,19,3700,DEN@GS,DEN,GS,,,,,,PG
99655-14505,C,Bismack,Bismack Biyombo,Biyombo,18.02903304561492,31,3700,OKC@HOU,OKC,HOU,,,,,,C
99655-145576,SF/PF,Jae'Sean,Jae'Sean Tate,Tate,12.188461303710938,52,3700,OKC@HOU,HOU,OKC,,,,,,SF/PF
99655-16604,SG,Justin,Justin Holiday,Holiday,8.747058644014245,34,3700,DEN@GS,DEN,GS,,,,,,SG
99655-171763,SG,Dalen,Dalen Terry,Terry,7.458333333333333,36,3700,CHI@NO,CHI,NO,,,,,,SG
99655-9648,SF,Jeff,Jeff Green,Green,11.318518744574654,54,3700,OKC@HOU,HOU,OKC,,,,,,SF
99655-15814,C,Alex,Alex Len,Len,9.121739263119904,23,3700,SAC@LAC,SAC,LAC,O,Illness,,,,C
99655-188423,SF,Julian,Julian Strawther,Strawther,10.36216199720228,37,3600,DEN@GS,DEN,GS,,,,,,SF
99655-111622,SF,Garrison,Garrison Mathews,Mathews,6.334999847412109,40,3600,ORL@ATL,ATL,ORL,,,,,,SF
99655-188463,SF,Julian,Julian Phillips,Phillips,3.5064515144594255,31,3600,CHI@NO,CHI,NO,,,,,,SF
99655-145490,PG,Trevelin,Trevelin Queen,Queen,9.13846177321214,13,3600,ORL@ATL,ORL,ATL,,,,,,PG
99655-157846,C,Sandro,Sandro Mamukelashvili,Mamukelashvili,6.758064516129032,31,3600,SA@UTA,SA,UTA,,,,,,C
99655-171669,SG,Keon,Keon Ellis,Ellis,8.61212158203125,33,3600,SAC@LAC,SAC,LAC,,,,,,SG
99655-84696,PG,Jevon,Jevon Carter,Carter,9.424528301886792,53,3600,CHI@NO,CHI,NO,,,,,,PG
99655-171771,SF,Caleb,Caleb Houstan,Houstan,8.015000152587891,40,3600,ORL@ATL,ORL,ATL,,,,,,SF
99655-85305,SF,Kenrich,Kenrich Williams,Williams,11.520000542534722,45,3600,OKC@HOU,OKC,HOU,,,,,,SF
99655-171925,PF,Dominick,Dominick Barlow,Barlow,13.16521686056386,23,3600,SA@UTA,SA,UTA,,,,,,PF
99655-158137,C,Jock,Jock Landale,Landale,7.570000203450521,30,3600,OKC@HOU,HOU,OKC,,,,,,C
99655-145351,C,Omer,Omer Yurtseven,Yurtseven,8.709999593098958,30,3600,SA@UTA,UTA,SA,,,,,,C
99655-188418,PF,Kobe,Kobe Brown,Brown,4.915625095367432,32,3500,SAC@LAC,LAC,SAC,,,,,,PF
99655-188417,SG,Kobe,Kobe Bufkin,Bufkin,3.3400001525878906,5,3500,ORL@ATL,ATL,ORL,,,,,,SG
99655-180737,SG,Nate,Nate Williams,Williams,5.2727272727272725,11,3500,OKC@HOU,HOU,OKC,,,,,,SG
99655-188420,SG,Nick,Nick Smith,Smith,10.278378048458615,37,3500,CHA@POR,CHA,POR,,,,,,SG
99655-9739,C,JaVale,JaVale McGee,McGee,9.728204971704727,39,3500,SAC@LAC,SAC,LAC,,,,,,C
99655-188446,SF,Sidy,Sidy Cissoko,Cissoko,4.240000152587891,5,3500,SA@UTA,SA,UTA,,,,,,SF
99655-188445,SF,Jordan,Jordan Miller,Miller,2.9600000381469727,5,3500,SAC@LAC,LAC,SAC,,,,,,SF
99655-188448,SG,Colby,Colby Jones,Jones,5.411764705882353,17,3500,SAC@LAC,SAC,LAC,,,,,,SG
99655-188449,SF,Jalen,Jalen Slawson,Slawson,2.5600000381469727,5,3500,SAC@LAC,SAC,LAC,,,,,,SF
99655-188454,PF,Mouhamed,Mouhamed Gueye,Gueye,1.5,2,3500,ORL@ATL,ATL,ORL,O,Back,,,,PF
99655-117285,SF,Vlatko,Vlatko Cancar,Cancar,9.94923095703125,65,3500,DEN@GS,DEN,GS,,,,,,SF
99655-188455,SF,Seth,Seth Lundy,Lundy,2.3777777353922525,9,3500,ORL@ATL,ATL,ORL,,,,,,SF
99655-117286,C,Moses,Moses Brown,Brown,9.688888549804688,9,3500,CHA@POR,POR,CHA,O,Wrist,,,,C
99655-188458,SG,Jalen,Jalen Pickett,Pickett,3.8722220526801214,18,3500,DEN@GS,DEN,GS,,,,,,SG
99655-188459,PF,Hunter,Hunter Tyson,Tyson,0.9666666454739041,9,3500,DEN@GS,DEN,GS,O,Finger,,,,PF
99655-188456,SG,Rayan,Rayan Rupert,Rupert,5.418749809265137,16,3500,CHA@POR,POR,CHA,O,Ankle,,,,SG
99655-188466,PG,Amari,Amari Bailey,Bailey,2.633333365122477,3,3500,CHA@POR,CHA,POR,,,,,,PG
99655-190515,SG,Onuralp,Onuralp Bitim,Bitim,0,2,3500,CHI@NO,CHI,NO,,,,,,SG
99655-117808,PF,Marques,Marques Bolden,Bolden,1.2000000476837158,2,3500,CHA@POR,CHA,POR,,,,,,PF
99655-110640,PF,Luka,Luka Samanic,Samanic,4.907692249004658,26,3500,SA@UTA,UTA,SA,,,,,,PF
99655-188468,SF,Keyontae,Keyontae Johnson,Johnson,2.7249999046325684,8,3500,OKC@HOU,OKC,HOU,,,,,,SF
99655-180793,SF,Jermaine,Jermaine Samuels,Samuels,3.6545455239035864,11,3500,OKC@HOU,HOU,OKC,,,,,,SF
99655-188480,PF,Adama,Adama Sanogo,Sanogo,4.733333269755046,3,3500,CHI@NO,CHI,NO,,,,,,PF
99655-9799,SG,Wesley,Wesley Matthews,Matthews,6.5761907668340776,21,3500,ORL@ATL,ATL,ORL,,,,,,SG
99655-15947,SG,Reggie,Reggie Bullock,Bullock,5.5043477597443955,23,3500,OKC@HOU,HOU,OKC,,,,,,SG
99655-162411,SF,Matt,Matt Ryan,Ryan,12.279999796549479,15,3500,CHI@NO,NO,CHI,,,,,,SF
99655-157806,PG,Jason,Jason Preston,Preston,0.20000000298023224,1,3500,SA@UTA,UTA,SA,,,,,,PG
99655-157805,SG,Brandon,Brandon Boston,Boston,5.617647058823529,17,3500,SAC@LAC,LAC,SAC,,,,,,SG
99655-157815,PF,JT,JT Thor,Thor,7.956818320534446,44,3500,CHA@POR,CHA,POR,,,,,,PF
99655-157813,SG/PG,Joshua,Joshua Primo,Primo,2,1,3500,SAC@LAC,LAC,SAC,,,,,,PG/SG
99655-81529,PF/C,Daniel,Daniel Theis,Theis,15.314999389648438,40,3500,SAC@LAC,LAC,SAC,,,,,,PF/C
99655-23169,C,Steven,Steven Adams,Adams,29.892857142857142,42,3500,OKC@HOU,HOU,OKC,O,Knee,,,,C
99655-145540,PG,Vit,Vit Krejci,Krejci,0,1,3500,ORL@ATL,ATL,ORL,,,,,,PG
99655-171658,SF,Johnny,Johnny Juzang,Juzang,0.75,2,3500,SA@UTA,UTA,SA,,,,,,SF
99655-157834,PG,Bones,Bones Hyland,Hyland,10.415789152446546,19,3500,SAC@LAC,LAC,SAC,,,,,,PG
99655-157835,SF,Kessler,Kessler Edwards,Edwards,3.435135093895165,37,3500,SAC@LAC,SAC,LAC,,,,,,SF
99655-190094,SF,Leaky,Leaky Black,Black,6.845454822887074,22,3500,CHA@POR,CHA,POR,,,,,,SF
99655-163983,SG,Xavier,Xavier Moon,Moon,3.950000047683716,2,3500,SAC@LAC,LAC,SAC,,,,,,SG
99655-157842,C,Charles,Charles Bassey,Bassey,12.931578786749588,19,3500,SA@UTA,SA,UTA,O,Knee,,,,C
99655-171670,SG,Dereon,Dereon Seabron,Seabron,7.480000305175781,5,3500,CHI@NO,NO,CHI,,,,,,SG
99655-158371,SF,Terry,Terry Taylor,Taylor,4.521052711888363,19,3500,CHI@NO,CHI,NO,,,,,,SF
99655-14512,PF/SF,Marcus,Marcus Morris,Morris,12.697296967377534,37,3500,SA@UTA,SA,UTA,O,Not injury related,,,,SF/PF
99655-84677,SG,Jerome,Jerome Robinson,Robinson,1.7818182164972478,11,3500,DEN@GS,GS,DEN,,,,,,SG
99655-164036,SF,Braxton,Braxton Key,Key,3.2874999046325684,16,3500,DEN@GS,DEN,GS,,,,,,SF
99655-14543,SF,Davis,Davis Bertans,Bertans,6.478947288111637,19,3500,CHA@POR,CHA,POR,GTD,Knee,,,,SF
99655-195794,C,Nathan,Nathan Mensah,Mensah,6.82,25,3500,CHA@POR,CHA,POR,,,,,,C
99655-157906,PF,Usman,Usman Garuba,Garuba,2.25,2,3500,DEN@GS,GS,DEN,,,,,,PF
99655-161491,SF,Malcolm,Malcolm Hill,Hill,1.7200000762939454,5,3500,CHI@NO,NO,CHI,,,,,,SF
99655-9939,SG/PG,Patty,Patty Mills,Mills,6.2105263157894735,19,3500,ORL@ATL,ATL,ORL,,,,,,PG/SG
99655-145623,PF,Mamadi,Mamadi Diakite,Diakite,7.200000127156575,3,3500,SA@UTA,SA,UTA,,,,,,PF
99655-84706,PG,Devonte',Devonte' Graham,Graham,7.641666412353516,12,3500,SA@UTA,SA,UTA,,,,,,PG
99655-84708,C,Robert,Robert Williams,Williams,21.51666768391927,6,3500,CHA@POR,POR,CHA,O,Knee,,,,C
99655-145643,SG,Mason,Mason Jones,Jones,,,3500,SAC@LAC,SAC,LAC,,,,,,SG
99655-171752,SF,AJ,AJ Griffin,Griffin,3.322222179836697,18,3500,ORL@ATL,ATL,ORL,,,,,,SF
99655-171765,PF,Moussa,Moussa Diabate,Diabate,6.7,10,3500,SAC@LAC,LAC,SAC,,,,,,PF
99655-110328,SF,Admiral,Admiral Schofield,Schofield,2.1615384908822866,13,3500,ORL@ATL,ORL,ATL,,,,,,SF
99655-194814,SF,Henri,Henri Drell,Drell,,,3500,CHI@NO,CHI,NO,,,,,,SF
99655-110336,PF,Chuma,Chuma Okeke,Okeke,7.360605875651042,33,3500,ORL@ATL,ORL,ATL,,,,,,PF
99655-171783,PF,E.J.,E.J. Liddell,Liddell,2.6875,8,3500,CHI@NO,NO,CHI,,,,,,PF
99655-171784,PG,Dyson,Dyson Daniels,Daniels,18.234615619365986,52,3500,CHI@NO,NO,CHI,O,Knee,,,,PG
99655-15628,SF,Otto,Otto Porter,Porter,7.586666870117187,15,3500,SA@UTA,UTA,SA,O,Not injury related,,,,SF
99655-196882,SG,Adam,Adam Flagler,Flagler,1.5,1,3500,OKC@HOU,OKC,HOU,,,,,,SG
99655-171795,PF,Ousmane,Ousmane Dieng,Dieng,8.044827691439924,29,3500,OKC@HOU,OKC,HOU,,,,,,PF
99655-161552,PF,Micah,Micah Potter,Potter,2.4000000953674316,2,3500,SA@UTA,UTA,SA,,,,,,PF
99655-171796,PF,Gui,Gui Santos,Santos,8.307143075125557,14,3500,DEN@GS,GS,DEN,O,Knee,,,,PF
99655-171804,SF/SG,Shaedon,Shaedon Sharpe,Sharpe,27.84375,32,3500,CHA@POR,POR,CHA,O,Abdomen,,,,SG/SF
99655-180016,C,Ibou,Ibou Badji,Badji,9.300000359030332,17,3500,CHA@POR,POR,CHA,,,,,,C
99655-163146,PG,Jalen,Jalen Crutcher,Crutcher,,,3500,CHI@NO,NO,CHI,,,,,,PG
99655-145738,SG,Nate,Nate Hinton,Hinton,5.854545593261719,11,3500,OKC@HOU,HOU,OKC,,,,,,SG
99655-15691,C,Cody,Cody Zeller,Zeller,6.970270105310388,37,3500,CHI@NO,NO,CHI,,,,,,C
99655-40783,SG,Zach,Zach LaVine,LaVine,32.9039990234375,25,3500,CHI@NO,CHI,NO,O,Foot,,,,SG
99655-63826,C,Boban,Boban Marjanovic,Marjanovic,6.266666836208767,9,3500,OKC@HOU,HOU,OKC,,,,,,C
99655-23407,PF,P.J.,P.J. Tucker,Tucker,7.449999809265137,16,3500,SAC@LAC,LAC,SAC,,,,,,PF
99655-159097,C,Jay,Jay Huff,Huff,2.15,10,3500,DEN@GS,DEN,GS,GTD,Knee,,,,C
99655-161666,SG,David,David Duke,Duke,6.970833460489909,24,3500,SA@UTA,SA,UTA,,,,,,SG
99655-145822,SG,Kevon,Kevon Harris,Harris,3.450000047683716,2,3500,ORL@ATL,ORL,ATL,,,,,,SG
99655-145308,SF/PF,Patrick,Patrick Williams,Williams,20.67907005132631,43,3500,CHI@NO,CHI,NO,O,Foot,,,,SF/PF
99655-145824,PG,Jordan,Jordan Ford,Ford,2.7333332697550454,6,3500,SAC@LAC,SAC,LAC,,,,,,PG
99655-145316,PG,Kira,Kira Lewis,Lewis,5.766666836208767,18,3500,SA@UTA,UTA,SA,,,,,,PG
99655-174501,PG,Pat,Pat Spencer,Spencer,,,3500,DEN@GS,GS,DEN,,,,,,PG
99655-80806,PG,Lonzo,Lonzo Ball,Ball,,,3500,CHI@NO,CHI,NO,O,Knee,,,,PG
99655-80829,PF,Sasha,Sasha Vezenkov,Vezenkov,10.84857177734375,35,3500,SAC@LAC,SAC,LAC,O,Ankle,,,,PF
99655-145355,PG,Ashton,Ashton Hagans,Hagans,6.5,5,3500,CHA@POR,POR,CHA,,,,,,PG
99655-145352,SG,Trent,Trent Forrest,Forrest,7.3599998474121096,20,3500,ORL@ATL,ATL,ORL,,,,,,SG
99655-163280,C,Olivier,Olivier Sarr,Sarr,7,13,3500,OKC@HOU,OKC,HOU,,,,,,C
99655-165854,SG,Lindy,Lindy Waters,Waters,5.149999936421712,24,3500,OKC@HOU,OKC,HOU,,,,,,SG
99655-188407,SF,Jett,Jett Howard,Howard,2.6538461538461537,13,3500,ORL@ATL,ORL,ATL,,,,,,SF
99655-184831,SF,Justin,Justin Minaya,Minaya,4.305555555555555,18,3500,CHA@POR,POR,CHA,,,,,,SF
99655-188413,SF,Brice,Brice Sensabaugh,Sensabaugh,3.3999998910086497,7,3500,SA@UTA,UTA,SA,,,,,,SF