Id,Position,First Name,Nickname,Last Name,FPPG,Played,Salary,Game,Team,Opponent,Injury Indicator,Injury Details,Tier,,,Roster Position
99441-84669,PG,Luka,Luka Doncic,Doncic,60.539581298828125,48,12600,PHO@DAL,DAL,PHO,GTD,Nose,,,,PG
99441-55062,C,Nikola,Nikola Jokic,Jokic,56.80925835503472,54,12100,WAS@DEN,DEN,WAS,,,,,,C
99441-84680,PG,Shai,Shai Gilgeous-Alexander,Gilgeous-Alexander,54.43333152488426,54,11400,LAC@OKC,OKC,LAC,,,,,,PG
99441-80808,PF/SF,Jayson,Jayson Tatum,Tatum,46.6150961821934,53,10300,BOS@CHI,BOS,CHI,,,,,,SF/PF
99441-66113,SG/PG,Donovan,Donovan Mitchell,Mitchell,48.17777777777778,45,10200,ORL@CLE,CLE,ORL,GTD,Illness,,,,PG/SG
99441-145337,PG,Tyrese,Tyrese Haliburton,Haliburton,46.81818181818182,44,9900,DET@IND,IND,DET,,,,,,PG
99441-9646,SF/PF,Kevin,Kevin Durant,Durant,47.81836933992347,49,9800,PHO@DAL,PHO,DAL,,,,,,SF/PF
99441-14498,PG/SG,Kyrie,Kyrie Irving,Irving,43.62727124763258,33,9700,PHO@DAL,DAL,PHO,,,,,,PG/SG
99441-84690,PG,Jalen,Jalen Brunson,Brunson,42.53019052181604,53,9600,NY@PHI,NY,PHI,,,,,,PG
99441-58460,SG,Devin,Devin Booker,Booker,44.76521632982337,46,9500,PHO@DAL,PHO,DAL,,,,,,SG
99441-145485,PG,LaMelo,LaMelo Ball,Ball,44.29999889026988,22,9400,CHA@UTA,CHA,UTA,O,Ankle,,,,PG
99441-145331,PG,Tyrese,Tyrese Maxey,Maxey,41.967998046875,50,9300,NY@PHI,PHI,NY,,,,,,PG
99441-157822,PF/SF,Scottie,Scottie Barnes,Barnes,43.86071341378348,56,9200,BKN@TOR,TOR,BKN,,,,,,SF/PF
99441-9644,SG/PG,James,James Harden,Harden,39.92291768391927,48,9100,LAC@OKC,LAC,OKC,,,,,,PG/SG
99441-14513,SF/PF,Kawhi,Kawhi Leonard,Leonard,42.34898158482143,49,9000,LAC@OKC,LAC,OKC,,,,,,SF/PF
99441-84678,SF/PF,Miles,Miles Bridges,Bridges,38.12558196311773,43,8900,CHA@UTA,CHA,UTA,,,,,,SF/PF
99441-63122,PF/C,Kristaps,Kristaps Porzingis,Porzingis,37.09750061035156,40,8800,BOS@CHI,BOS,CHI,,,,,,PF/C
99441-157908,C,Alperen,Alperen Sengun,Sengun,42.67735664799528,53,8700,HOU@NO,HOU,NO,,,,,,C
99441-171770,PF/SF,Paolo,Paolo Banchero,Banchero,40.557141985212056,56,8600,ORL@CLE,ORL,CLE,,,,,,SF/PF
99441-12341,SG/SF,Paul,Paul George,George,37.998039694393384,51,8500,LAC@OKC,LAC,OKC,,,,,,SG/SF
99441-66108,PG,Jamal,Jamal Murray,Murray,37.28500061035156,40,8400,WAS@DEN,DEN,WAS,GTD,Lower leg,,,,PG
99441-14514,C,Nikola,Nikola Vucevic,Vucevic,38.54199951171875,50,8400,BOS@CHI,CHI,BOS,,,,,,C
99441-157808,PG/SG,Cade,Cade Cunningham,Cunningham,38.31363747336648,44,8300,DET@IND,DET,IND,GTD,Knee,,,,PG/SG
99441-42669,PF,Julius,Julius Randle,Randle,41.41521686056386,46,8300,NY@PHI,NY,PHI,O,Shoulder,,,,PF
99441-110310,PF,Zion,Zion Williamson,Williamson,38.0204551003196,44,8200,HOU@NO,NO,HOU,,,,,,PF
99441-171759,C,Chet,Chet Holmgren,Holmgren,38.237037941261576,54,8200,LAC@OKC,OKC,LAC,,,,,,C
99441-60021,PF,Pascal,Pascal Siakam,Siakam,38.312961154513886,54,8100,DET@IND,IND,DET,,,,,,PF
99441-157851,SF/PF,Franz,Franz Wagner,Wagner,36.304256358045215,47,8100,ORL@CLE,ORL,CLE,,,,,,SF/PF
99441-9714,SF,DeMar,DeMar DeRozan,DeRozan,39.249055682488205,53,8100,BOS@CHI,CHI,BOS,,,,,,SF
99441-66048,SF/PF,Brandon,Brandon Ingram,Ingram,37.83921664368872,51,8000,HOU@NO,NO,HOU,GTD,Illness,,,,SF/PF
99441-80812,PF/SF,Lauri,Lauri Markkanen,Markkanen,39.15869671365489,46,8000,CHA@UTA,UTA,CHA,,,,,,SF/PF
99441-67026,SF/SG,Jaylen,Jaylen Brown,Brown,36.8862735523897,51,8000,BOS@CHI,BOS,CHI,,,,,,SG/SF
99441-14518,PF/SF,Tobias,Tobias Harris,Harris,33.08958435058594,48,7900,NY@PHI,PHI,NY,,,,,,SF/PF
99441-171760,SF/SG,Jalen,Jalen Williams,Williams,33.635416666666664,48,7900,LAC@OKC,OKC,LAC,,,,,,SG/SF
99441-188405,PG/SG,Amen,Amen Thompson,Thompson,21.159999302455358,35,7900,HOU@NO,HOU,NO,,,,,,PG/SG
99441-58377,SF/PF,Kyle,Kyle Kuzma,Kuzma,36.46153846153846,52,7800,WAS@DEN,WAS,DEN,,,,,,SF/PF
99441-24247,PG,Fred,Fred VanVleet,VanVleet,37.92978619514628,47,7800,HOU@NO,HOU,NO,,,,,,PG
99441-84681,SG/SF,Donte,Donte DiVincenzo,DiVincenzo,24.60925971137153,54,7800,NY@PHI,NY,PHI,,,,,,SG/SF
99441-110326,PG,Coby,Coby White,White,33.7,55,7800,BOS@CHI,CHI,BOS,,,,,,PG
99441-19067,PG/SG,CJ,CJ McCollum,McCollum,35.15121832126525,41,7700,HOU@NO,NO,HOU,,,,,,PG/SG
99441-84670,SG/SF,Mikal,Mikal Bridges,Bridges,34.905556007667826,54,7700,BKN@TOR,BKN,TOR,,,,,,SG/SF
99441-171779,C,Jalen,Jalen Duren,Duren,33.88205190805289,39,7700,DET@IND,DET,IND,,,,,,C
99441-80821,C/PF,Jarrett,Jarrett Allen,Allen,36.48541768391927,48,7700,ORL@CLE,CLE,ORL,,,,,,PF/C
99441-157845,PF/C,Evan,Evan Mobley,Mobley,37.17333170572917,30,7600,ORL@CLE,CLE,ORL,,,,,,PF/C
99441-15595,SG/PG,Bradley,Bradley Beal,Beal,31.136665852864585,30,7600,PHO@DAL,PHO,DAL,GTD,Hamstring,,,,PG/SG
99441-145314,PF/C,Precious,Precious Achiuwa,Achiuwa,20.460416158040363,48,7600,NY@PHI,NY,PHI,,,,,,PF/C
99441-23665,SG/SF,Buddy,Buddy Hield,Hield,24.18035670689174,56,7500,NY@PHI,PHI,NY,,,,,,SG/SF
99441-110354,C,Nic,Nic Claxton,Claxton,34.79772671786222,44,7500,BKN@TOR,BKN,TOR,,,,,,C
99441-110357,SF,RJ,RJ Barrett,Barrett,30.87555609809028,45,7500,BKN@TOR,TOR,BKN,,,,,,SF
99441-49675,PG/SG,Derrick,Derrick White,White,32.182353898590684,51,7400,BOS@CHI,BOS,CHI,,,,,,PG/SG
99441-145539,SF/PF,Deni,Deni Avdija,Avdija,29.079630533854168,54,7400,WAS@DEN,WAS,DEN,,,,,,SF/PF
99441-157907,SG/PG,Jalen,Jalen Green,Green,29.70740650318287,54,7400,HOU@NO,HOU,NO,,,,,,PG/SG
99441-58081,PG,Tyus,Tyus Jones,Jones,29.57777687355324,54,7300,WAS@DEN,WAS,DEN,,,,,,PG
99441-80825,PF/C,Isaiah,Isaiah Hartenstein,Hartenstein,26.1860009765625,50,7300,NY@PHI,NY,PHI,GTD,Achilles,,,,PF/C
99441-188419,SF,Brandon,Brandon Miller,Miller,27.291666666666668,48,7200,CHA@UTA,CHA,UTA,,,,,,SF
99441-157838,SG/SF,Cam,Cam Thomas,Thomas,29.642222764756944,45,7200,BKN@TOR,BKN,TOR,,,,,,SG/SF
99441-55057,C,Jusuf,Jusuf Nurkic,Nurkic,33.54807692307692,52,7100,PHO@DAL,PHO,DAL,,,,,,C
99441-58253,C,Myles,Myles Turner,Turner,32.97692401592548,52,7100,DET@IND,IND,DET,,,,,,C
99441-145348,PG/SG,Immanuel,Immanuel Quickley,Quickley,25.9039990234375,50,7100,BKN@TOR,TOR,BKN,,,,,,PG/SG
99441-110325,C,Daniel,Daniel Gafford,Gafford,31.68541717529297,48,7000,PHO@DAL,DAL,PHO,,,,,,C
99441-171777,C,Walker,Walker Kessler,Kessler,27.475001017252605,48,7000,CHA@UTA,UTA,CHA,,,,,,C
99441-9663,PG,Jrue,Jrue Holiday,Holiday,29.96199951171875,50,7000,BOS@CHI,BOS,CHI,,,,,,PG
99441-58378,C,Jakob,Jakob Poeltl,Poeltl,29.631819291548297,44,6900,BKN@TOR,TOR,BKN,,,,,,C
99441-171780,SG/PG,Jaden,Jaden Ivey,Ivey,26.64800048828125,50,6900,DET@IND,DET,IND,,,,,,PG/SG
99441-40562,SF/PF,Josh,Josh Hart,Hart,23.025926378038193,54,6800,NY@PHI,NY,PHI,,,,,,SF/PF
99441-145329,C,Paul,Paul Reed,Reed,18.785185637297452,54,6800,NY@PHI,PHI,NY,,,,,,C
99441-84667,SG/PG,Collin,Collin Sexton,Sexton,28.541072300502233,56,6700,CHA@UTA,UTA,CHA,,,,,,PG/SG
99441-58153,SF/SG,Kelly,Kelly Oubre,Oubre,25.342857724144345,42,6700,NY@PHI,PHI,NY,,,,,,SG/SF
99441-66115,PG/PF,Ben,Ben Simmons,Simmons,28.850001017252605,12,6600,BKN@TOR,BKN,TOR,,,,,,PG/PF
99441-157831,PG,Tre,Tre Mann,Mann,13.25,16,6600,CHA@UTA,CHA,UTA,,,,,,PG
99441-84679,PF/C,Marvin,Marvin Bagley,Bagley,21.156756426836992,37,6600,WAS@DEN,WAS,DEN,,,,,,PF/C
99441-70827,C,Ivica,Ivica Zubac,Zubac,28.6953494049782,43,6500,LAC@OKC,LAC,OKC,,,,,,C
99441-15557,C,Andre,Andre Drummond,Drummond,23.29090909090909,55,6500,BOS@CHI,CHI,BOS,,,,,,C
99441-110342,PG,Darius,Darius Garland,Garland,31.144828007139008,29,6500,ORL@CLE,CLE,ORL,,,,,,PG
99441-41594,PF,Aaron,Aaron Gordon,Gordon,29.375510702327805,49,6400,WAS@DEN,DEN,WAS,,,,,,PF
99441-110322,PG/SG,Jordan,Jordan Poole,Poole,26.334615854116585,52,6400,WAS@DEN,WAS,DEN,,,,,,PG/SG
99441-171767,PF,Jabari,Jabari Smith,Smith,28.306122448979593,49,6400,HOU@NO,HOU,NO,,,,,,PF
99441-188426,SF/SG,Ausar,Ausar Thompson,Thompson,23.574074074074073,54,6300,DET@IND,DET,IND,,,,,,SG/SF
99441-157827,C/PF,Isaiah,Isaiah Jackson,Jackson,17.923256097837935,43,6300,DET@IND,IND,DET,,,,,,PF/C
99441-14503,C,Jonas,Jonas Valanciunas,Valanciunas,31.561818625710227,55,6300,HOU@NO,NO,HOU,,,,,,C
99441-66236,PF/C,John,John Collins,Collins,28.78076876126803,52,6200,CHA@UTA,UTA,CHA,,,,,,PF/C
99441-157905,SG/PG,Josh,Josh Giddey,Giddey,27.04339714770047,53,6200,LAC@OKC,OKC,LAC,,,,,,PG/SG
99441-9642,PG,Russell,Russell Westbrook,Westbrook,27.19811320754717,53,6200,LAC@OKC,LAC,OKC,,,,,,PG
99441-20640,PG/SG,Jordan,Jordan Clarkson,Clarkson,27.832609757133152,46,6100,CHA@UTA,UTA,CHA,,,,,,PG/SG
99441-84682,SF/PF,Michael,Michael Porter,Porter,28.80740695529514,54,6100,WAS@DEN,DEN,WAS,,,,,,SF/PF
99441-110316,SF/PF,Cameron,Cameron Johnson,Johnson,25.38780547351372,41,6100,BKN@TOR,BKN,TOR,,,,,,SF/PF
99441-188425,C,Dereck,Dereck Lively,Lively,25.589188859269427,37,6000,PHO@DAL,DAL,PHO,GTD,Nose,,,,C
99441-23981,PG/SG,Alex,Alex Caruso,Caruso,24.814894655917552,47,6000,BOS@CHI,CHI,BOS,,,,,,PG/SG
99441-68090,SF/SG,OG,OG Anunoby,Anunoby,28.04146222370427,41,6000,NY@PHI,NY,PHI,O,Elbow,,,,SG/SF
99441-14530,SF/PF,Bojan,Bojan Bogdanovic,Bogdanovic,28.10666707356771,30,5900,NY@PHI,NY,PHI,GTD,Calf,,,,SF/PF
99441-84703,SG/PG,De'Anthony,De'Anthony Melton,Melton,26.51212195194129,33,5900,NY@PHI,PHI,NY,O,Back,,,,PG/SG
99441-40201,PG,Dennis,Dennis Schroder,Schroder,27.290739836516202,54,5900,BKN@TOR,BKN,TOR,,,,,,PG
99441-157849,PG/SG,Ayo,Ayo Dosunmu,Dosunmu,19.237735388413917,53,5800,BOS@CHI,CHI,BOS,,,,,,PG/SG
99441-171747,SG/PG,Andrew,Andrew Nembhard,Nembhard,19.214285714285715,42,5800,DET@IND,IND,DET,,,,,,PG/SG
99441-145318,C,Nick,Nick Richards,Richards,24.075556098090278,45,5800,CHA@UTA,CHA,UTA,,,,,,C
99441-188412,PG/SG,Keyonte,Keyonte George,George,21.2539990234375,50,5800,CHA@UTA,UTA,CHA,,,,,,PG/SG
99441-22541,C/PF,Kelly,Kelly Olynyk,Olynyk,22.158491026680423,53,5700,BKN@TOR,TOR,BKN,,,,,,PF/C
99441-84711,SG/SF,Grayson,Grayson Allen,Allen,25.37959133848852,49,5700,PHO@DAL,PHO,DAL,,,,,,SG/SF
99441-9453,C,Al,Al Horford,Horford,24.331111653645834,45,5700,BOS@CHI,BOS,CHI,,,,,,C
99441-23798,SG/SF,Caris,Caris LeVert,LeVert,27.90232671693314,43,5700,ORL@CLE,CLE,ORL,,,,,,SG/SF
99441-145333,SF/PF,Aaron,Aaron Nesmith,Nesmith,23.599999521292894,51,5700,DET@IND,IND,DET,O,Lower leg,,,,SF/PF
99441-157847,SF,Trey,Trey Murphy,Murphy,22.730000813802082,30,5600,HOU@NO,NO,HOU,,,,,,SF
99441-14510,PG/SG,Alec,Alec Burks,Burks,19.232608961022418,46,5600,NY@PHI,NY,PHI,,,,,,PG/SG
99441-14523,PG,Reggie,Reggie Jackson,Jackson,20.32545498934659,55,5600,WAS@DEN,DEN,WAS,,,,,,PG
99441-60233,SG/SF,Dillon,Dillon Brooks,Brooks,22.695555284288194,45,5600,HOU@NO,HOU,NO,,,,,,SG/SF
99441-80814,PG,Dennis,Dennis Smith,Smith,20.405263800370065,38,5600,BKN@TOR,BKN,TOR,,,,,,PG
99441-157848,SG/SF,Herbert,Herbert Jones,Jones,23.98,50,5500,HOU@NO,NO,HOU,,,,,,SG/SF
99441-173747,SF/PF,Simone,Simone Fontecchio,Fontecchio,17.70754716981132,53,5500,DET@IND,DET,IND,,,,,,SF/PF
99441-84676,C,Wendell,Wendell Carter,Carter,23.19310260641164,29,5500,ORL@CLE,ORL,CLE,,,,,,C
99441-18393,PG,T.J.,T.J. McConnell,McConnell,21.364444986979166,45,5500,DET@IND,IND,DET,,,,,,PG
99441-157850,SG/PG,Jalen,Jalen Suggs,Suggs,24.0139990234375,50,5400,ORL@CLE,ORL,CLE,,,,,,PG/SG
99441-111273,SF/SG,Luguentz,Luguentz Dort,Dort,21.08653846153846,52,5400,LAC@OKC,OKC,LAC,,,,,,SG/SF
99441-110318,PF,Grant,Grant Williams,Williams,17.934000244140623,50,5400,CHA@UTA,CHA,UTA,,,,,,PF
99441-171786,C,Mark,Mark Williams,Williams,30.88420988384046,19,5400,CHA@UTA,CHA,UTA,O,Back,,,,C
99441-12366,SF/SG,Gordon,Gordon Hayward,Hayward,29.8160009765625,25,5300,LAC@OKC,OKC,LAC,,,,,,SG/SF
99441-84709,C,Mitchell,Mitchell Robinson,Robinson,27.033333914620535,21,5300,NY@PHI,NY,PHI,O,Ankle,,,,C
99441-171769,SF,Tari,Tari Eason,Eason,25.868180708451703,22,5300,HOU@NO,HOU,NO,O,Lower leg,,,,SF
99441-110352,PF/C,P.J.,P.J. Washington,Washington,26.02340373587101,47,5300,PHO@DAL,DAL,PHO,,,,,,PF/C
99441-80805,PG,Markelle,Markelle Fultz,Fultz,21.966666085379465,21,5300,ORL@CLE,ORL,CLE,O,Knee,,,,PG
99441-20992,PF/C,Larry,Larry Nance,Nance,17.46486519478463,37,5200,HOU@NO,NO,HOU,,,,,,PF/C
99441-112708,SG/SF,Max,Max Strus,Strus,26.271698573850237,53,5200,ORL@CLE,CLE,ORL,,,,,,SG/SF
99441-9556,SG/SF,Eric,Eric Gordon,Gordon,21.5531914893617,47,5200,PHO@DAL,PHO,DAL,,,,,,SG/SF
99441-15846,SG/SF,Tim,Tim Hardaway,Hardaway,24.96923123873197,52,5200,PHO@DAL,DAL,PHO,,,,,,SG/SF
99441-157819,SF,Corey,Corey Kispert,Kispert,17.9471700416421,53,5100,WAS@DEN,WAS,DEN,,,,,,SF
99441-110351,SG/PG,Cody,Cody Martin,Martin,20.504545731977984,22,5100,CHA@UTA,CHA,UTA,,,,,,PG/SG
99441-188406,SF,Cam,Cam Whitmore,Whitmore,18.817858014787948,28,5100,HOU@NO,HOU,NO,,,,,,SF
99441-84695,SG,Gary,Gary Trent,Trent,18.944000244140625,50,5000,BKN@TOR,TOR,BKN,,,,,,SG
99441-171746,SG/SF,Bennedict,Bennedict Mathurin,Mathurin,22.092308631310097,52,5000,DET@IND,IND,DET,,,,,,SG/SF
99441-145327,PG/SG,Cole,Cole Anthony,Anthony,23.17777732566551,54,5000,ORL@CLE,ORL,CLE,,,,,,PG/SG
99441-145325,SF/SG,Josh,Josh Green,Green,18.526189894903276,42,5000,PHO@DAL,DAL,PHO,,,,,,SG/SF
99441-157824,PG,Miles,Miles McBride,McBride,10.066666376023065,42,4900,NY@PHI,NY,PHI,,,,,,PG
99441-84694,SF,Bruce,Bruce Brown,Brown,23.81276491855053,47,4900,BKN@TOR,TOR,BKN,,,,,,SF
99441-16293,SF/SG,Norman,Norman Powell,Powell,19.59433962264151,53,4900,LAC@OKC,LAC,OKC,,,,,,SG/SF
99441-145322,C,Jalen,Jalen Smith,Smith,21.023684853001644,38,4900,DET@IND,IND,DET,,,,,,C
99441-48567,PG/SG,Cameron,Cameron Payne,Payne,12.964706121706495,51,4900,NY@PHI,PHI,NY,,,,,,PG/SG
99441-188427,PG,Marcus,Marcus Sasser,Sasser,15.136734943000638,49,4800,DET@IND,DET,IND,,,,,,PG
99441-84702,SG/SF,Lonnie,Lonnie Walker,Walker,18.308823529411764,34,4800,BKN@TOR,BKN,TOR,,,,,,SG/SF
99441-84719,PG,Aaron,Aaron Holiday,Holiday,13.411764705882353,51,4800,HOU@NO,HOU,NO,,,,,,PG
99441-15636,SG,Kentavious,Kentavious Caldwell-Pope,Caldwell-Pope,20.68800048828125,50,4800,WAS@DEN,DEN,WAS,GTD,Hamstring,,,,SG
99441-18338,SF/PF,Royce,Royce O'Neale,O'Neale,20.080768291766827,52,4800,PHO@DAL,PHO,DAL,,,,,,SF/PF
99441-188471,SG,Ricky,Ricky Council,Council,9.985714503696986,14,4700,NY@PHI,PHI,NY,,,,,,SG
99441-81621,PF/C,Maxi,Maxi Kleber,Kleber,15.278946725945724,19,4700,PHO@DAL,DAL,PHO,GTD,Toe,,,,PF/C
99441-171761,PF/SF,Peyton,Peyton Watson,Watson,15.64716958099941,53,4700,WAS@DEN,DEN,WAS,,,,,,SF/PF
99441-23802,PG/SG,Kris,Kris Dunn,Dunn,18.339583079020183,48,4700,CHA@UTA,UTA,CHA,,,,,,PG/SG
99441-145336,C,Xavier,Xavier Tillman,Tillman,19.997059541590072,34,4700,BOS@CHI,BOS,CHI,,,,,,C
99441-145341,SF/SG,Isaac,Isaac Okoro,Okoro,18.62272782759233,44,4700,ORL@CLE,CLE,ORL,,,,,,SG/SF
99441-188416,SF,Bilal,Bilal Coulibaly,Coulibaly,19.23396272479363,53,4600,WAS@DEN,WAS,DEN,,,,,,SF
99441-9809,SF/PF,Nicolas,Nicolas Batum,Batum,17.358823888442096,34,4600,NY@PHI,PHI,NY,,,,,,SF/PF
99441-110337,SG/SF,Talen,Talen Horton-Tucker,Horton-Tucker,21.530554877387154,36,4600,CHA@UTA,UTA,CHA,,,,,,SG/SF
99441-110359,C,Goga,Goga Bitadze,Bitadze,19.93043451723845,46,4600,ORL@CLE,ORL,CLE,,,,,,C
99441-55065,PG,Vasilije,Vasilije Micic,Micic,9.393939393939394,33,4600,CHA@UTA,CHA,UTA,,,,,,PG
99441-145307,C/PF,Isaiah,Isaiah Stewart,Stewart,23.688570731026786,35,4600,DET@IND,DET,IND,O,Ankle,,,,PF/C
99441-97263,C/PF,Drew,Drew Eubanks,Eubanks,14.832652812101403,49,4600,PHO@DAL,PHO,DAL,,,,,,PF/C
99441-145533,PF,KJ,KJ Martin,Martin,7.294999694824218,40,4500,NY@PHI,PHI,NY,,,,,,PF
99441-157839,C,Day'Ron,Day'Ron Sharpe,Sharpe,20.58974358974359,39,4500,BKN@TOR,BKN,TOR,,,,,,C
99441-84675,C,Mo,Mo Bamba,Bamba,12.665624618530273,32,4500,NY@PHI,PHI,NY,,,,,,C
99441-84714,C,Moritz,Moritz Wagner,Wagner,19.41132167600236,53,4500,ORL@CLE,ORL,CLE,,,,,,C
99441-55055,SG/PG,Dante,Dante Exum,Exum,18.134374618530273,32,4500,PHO@DAL,DAL,PHO,O,Knee,,,,PG/SG
99441-145308,SF/PF,Patrick,Patrick Williams,Williams,20.67907005132631,43,4500,BOS@CHI,CHI,BOS,O,Foot,,,,SF/PF
99441-145335,PG,Payton,Payton Pritchard,Pritchard,17.12363614169034,55,4500,BOS@CHI,BOS,CHI,,,,,,PG
99441-145339,PF,Obi,Obi Toppin,Toppin,19.85892813546317,56,4500,DET@IND,IND,DET,,,,,,PF
99441-158854,SF,Sam,Sam Hauser,Hauser,15.040740966796875,54,4400,BOS@CHI,BOS,CHI,,,,,,SF
99441-171791,SG,Jaden,Jaden Hardy,Hardy,13.644000244140624,50,4400,PHO@DAL,DAL,PHO,,,,,,SG
99441-9535,PG,Kyle,Kyle Lowry,Lowry,21.278378048458613,37,4400,NY@PHI,PHI,NY,,,,,,PG
99441-145819,PF/SF,Naji,Naji Marshall,Marshall,16.097726995294746,44,4400,HOU@NO,NO,HOU,,,,,,SF/PF
99441-80811,SF/PF,Jonathan,Jonathan Isaac,Isaac,16.986486486486488,37,4400,ORL@CLE,ORL,CLE,,,,,,SF/PF
99441-41083,C,Luke,Luke Kornet,Kornet,14.820512820512821,39,4300,BOS@CHI,BOS,CHI,,,,,,C
99441-157825,C,Jericho,Jericho Sims,Sims,6.632142748151507,28,4300,NY@PHI,NY,PHI,,,,,,C
99441-158373,PG,Jose,Jose Alvarado,Alvarado,15.77027027027027,37,4300,HOU@NO,NO,HOU,,,,,,PG
99441-66968,SF/PF,Derrick,Derrick Jones,Jones,19.10199951171875,50,4300,PHO@DAL,DAL,PHO,,,,,,SF/PF
99441-9666,PF,Thaddeus,Thaddeus Young,Young,14.391304347826088,23,4300,PHO@DAL,PHO,DAL,,,,,,PF
99441-16376,SF/PF,Dorian,Dorian Finney-Smith,Finney-Smith,19.7022216796875,45,4300,BKN@TOR,BKN,TOR,,,,,,SF/PF
99441-20491,PF/SF,Robert,Robert Covington,Covington,15.151723927464978,29,4200,NY@PHI,PHI,NY,O,Knee,,,,SF/PF
99441-23096,SF,Evan,Evan Fournier,Fournier,14.980000305175782,5,4200,DET@IND,DET,IND,,,,,,SF
99441-15583,SG,Seth,Seth Curry,Curry,9.15897467197516,39,4200,CHA@UTA,CHA,UTA,,,,,,SG
99441-171744,SG,Christian,Christian Braun,Braun,14.894545676491477,55,4200,WAS@DEN,DEN,WAS,,,,,,SG
99441-15590,C,Mason,Mason Plumlee,Plumlee,16.795651643172555,23,4200,LAC@OKC,LAC,OKC,,,,,,C
99441-110313,C,Bol,Bol Bol,Bol,9.894444783528646,18,4100,PHO@DAL,PHO,DAL,,,,,,C
99441-110315,SG/SF,Terance,Terance Mann,Mann,15.597871820977394,47,4100,LAC@OKC,LAC,OKC,,,,,,SG/SF
99441-20277,SF/SG,Torrey,Torrey Craig,Craig,15.975757945667613,33,4100,BOS@CHI,CHI,BOS,O,Knee,,,,SG/SF
99441-9561,C,DeAndre,DeAndre Jordan,Jordan,11.772413582637393,29,4100,WAS@DEN,DEN,WAS,,,,,,C
99441-111492,SF/SG,Amir,Amir Coffey,Coffey,10.865853658536585,41,4100,LAC@OKC,LAC,OKC,,,,,,SG/SF
99441-68203,C/PF,Chris,Chris Boucher,Boucher,13.628261400305707,46,4000,BKN@TOR,TOR,BKN,,,,,,PF/C
99441-157829,SG,Aaron,Aaron Wiggins,Wiggins,11.643137015548406,51,4000,LAC@OKC,OKC,LAC,,,,,,SG
99441-158856,PF,Trendon,Trendon Watford,Watford,12.576315628854852,38,4000,BKN@TOR,BKN,TOR,,,,,,PF
99441-14505,C,Bismack,Bismack Biyombo,Biyombo,18.523333740234374,30,4000,LAC@OKC,OKC,LAC,,,,,,C
99441-84691,PG,Shake,Shake Milton,Milton,10.019511897389481,41,4000,DET@IND,DET,IND,,,,,,PG
99441-145347,C,James,James Wiseman,Wiseman,13.2,35,4000,DET@IND,DET,IND,,,,,,C
99441-24544,SG,Gary,Gary Harris,Harris,14.206060236150568,33,4000,ORL@CLE,ORL,CLE,,,,,,SG
99441-188423,SF,Julian,Julian Strawther,Strawther,10.81142839704241,35,3900,WAS@DEN,DEN,WAS,GTD,Ankle,,,,SF
99441-188421,SG,Jordan,Jordan Hawkins,Hawkins,15.231249491373697,48,3900,HOU@NO,NO,HOU,,,,,,SG
99441-188434,SG/SF,Gradey,Gradey Dick,Dick,10.108823888442096,34,3900,BKN@TOR,TOR,BKN,,,,,,SG/SF
99441-188442,PF,Jalen,Jalen Wilson,Wilson,11.399999618530273,16,3900,BKN@TOR,BKN,TOR,,,,,,PF
99441-189467,PG,Craig,Craig Porter,Porter,15.384374618530273,32,3900,ORL@CLE,CLE,ORL,,,,,,PG
99441-157811,C,Neemias,Neemias Queta,Queta,13.691304082455842,23,3900,BOS@CHI,BOS,CHI,,,,,,C
99441-23156,PF,Georges,Georges Niang,Niang,15.709433501621461,53,3900,ORL@CLE,CLE,ORL,,,,,,PF
99441-157826,SG/SF,Quentin,Quentin Grimes,Grimes,13.079999457465277,45,3900,DET@IND,DET,IND,GTD,Knee,,,,SG/SF
99441-84668,SF,Troy,Troy Brown,Brown,8.65250015258789,40,3900,DET@IND,DET,IND,,,,,,SF
99441-84696,PG,Jevon,Jevon Carter,Carter,9.48653822678786,52,3900,BOS@CHI,CHI,BOS,,,,,,PG
99441-16604,SG,Justin,Justin Holiday,Holiday,8.631250381469727,32,3900,WAS@DEN,DEN,WAS,,,,,,SG
99441-171758,PF/C,Jaylin,Jaylin Williams,Williams,11.26304294752038,46,3900,LAC@OKC,OKC,LAC,,,,,,PF/C
99441-84724,SG,Landry,Landry Shamet,Shamet,12.824324324324325,37,3900,WAS@DEN,WAS,DEN,,,,,,SG
99441-119602,C,Jontay,Jontay Porter,Porter,14.341176650103401,17,3900,BKN@TOR,TOR,BKN,,,,,,C
99441-145310,PG,Saben,Saben Lee,Lee,8.66153834416316,13,3900,PHO@DAL,PHO,DAL,,,,,,PG
99441-145313,PF/SF,Jordan,Jordan Nwora,Nwora,10.464285714285714,28,3900,BKN@TOR,TOR,BKN,,,,,,SF/PF
99441-9648,SF,Jeff,Jeff Green,Green,11.330769465519833,52,3900,HOU@NO,HOU,NO,,,,,,SF
99441-59318,SG,Joe,Joe Ingles,Ingles,13.473171327172256,41,3900,ORL@CLE,ORL,CLE,,,,,,SG
99441-188411,PF,Taylor,Taylor Hendricks,Hendricks,11.45882370892693,17,3900,CHA@UTA,UTA,CHA,,,,,,PF
99441-188408,PG,Anthony,Anthony Black,Black,11.55800048828125,50,3900,ORL@CLE,ORL,CLE,,,,,,PG
99441-188415,PG/SG,Cason,Cason Wallace,Wallace,14.266667118778935,54,3900,LAC@OKC,OKC,LAC,,,,,,PG/SG
99441-81529,PF/C,Daniel,Daniel Theis,Theis,15.314999389648438,40,3800,LAC@OKC,LAC,OKC,,,,,,PF/C
99441-157840,PG,Jaden,Jaden Springer,Springer,10.378125190734863,32,3800,BOS@CHI,BOS,CHI,,,,,,PG
99441-145576,SF/PF,Jae'Sean,Jae'Sean Tate,Tate,12.192156623391543,51,3800,HOU@NO,HOU,NO,,,,,,SF/PF
99441-84689,SF,Josh,Josh Okogie,Okogie,13.5,49,3800,PHO@DAL,PHO,DAL,,,,,,SF
99441-171763,SG,Dalen,Dalen Terry,Terry,7.311428397042411,35,3800,BOS@CHI,CHI,BOS,,,,,,SG
99441-171785,SG,Bryce,Bryce McGowens,McGowens,10,43,3800,CHA@UTA,CHA,UTA,,,,,,SG
99441-110883,PF/SF,Dean,Dean Wade,Wade,15.077273282137783,44,3800,ORL@CLE,CLE,ORL,,,,,,SF/PF
99441-16196,C/PF,Dwight,Dwight Powell,Powell,13.082979242852394,47,3800,PHO@DAL,DAL,PHO,,,,,,PF/C
99441-15691,C,Cody,Cody Zeller,Zeller,7,36,3800,HOU@NO,NO,HOU,GTD,Knee,,,,C
99441-23447,C,Richaun,Richaun Holmes,Holmes,9.647999877929687,25,3800,WAS@DEN,WAS,DEN,,,,,,C
99441-145317,SG,Sam,Sam Merrill,Merrill,13.27567600559544,37,3800,ORL@CLE,CLE,ORL,,,,,,SG
99441-145330,PG,Isaiah,Isaiah Joe,Joe,14.94800048828125,50,3800,LAC@OKC,OKC,LAC,,,,,,PG
99441-17894,C,Mike,Mike Muscala,Muscala,9.589188859269425,37,3800,DET@IND,DET,IND,,,,,,C
99441-188410,SG,Ben,Ben Sheppard,Sheppard,7.266666759144176,33,3800,DET@IND,IND,DET,,,,,,SG
99441-188409,PF,Jarace,Jarace Walker,Walker,10.22352959127987,17,3800,DET@IND,IND,DET,,,,,,PF
99441-188420,SG,Nick,Nick Smith,Smith,10.278378048458615,37,3700,CHA@UTA,CHA,UTA,,,,,,SG
99441-188424,PF,Olivier-Maxence,Olivier-Maxence Prosper,Prosper,6.623333231608073,30,3700,PHO@DAL,DAL,PHO,,,,,,PF
99441-188431,PF,Noah,Noah Clowney,Clowney,7.657142639160156,7,3700,BKN@TOR,BKN,TOR,,,,,,PF
99441-117283,SF,Oshae,Oshae Brissett,Brissett,9.497222052680122,36,3700,BOS@CHI,BOS,CHI,,,,,,SF
99441-188463,SF,Julian,Julian Phillips,Phillips,3.1933334350585936,30,3700,BOS@CHI,CHI,BOS,,,,,,SF
99441-188470,PG,Terquavion,Terquavion Smith,Smith,7.309091047807173,11,3700,NY@PHI,PHI,NY,,,,,,PG
99441-145490,PG,Trevelin,Trevelin Queen,Queen,9.13846177321214,13,3700,ORL@CLE,ORL,CLE,,,,,,PG
99441-157805,SG,Brandon,Brandon Boston,Boston,5.84375,16,3700,LAC@OKC,LAC,OKC,,,,,,SG
99441-157834,PG,Bones,Bones Hyland,Hyland,10.415789152446546,19,3700,LAC@OKC,LAC,OKC,,,,,,PG
99441-84688,PF,Keita,Keita Bates-Diop,Bates-Diop,11.497560826743522,41,3700,BKN@TOR,BKN,TOR,,,,,,PF
99441-195819,SF,Tosan,Tosan Evbuomwan,Evbuomwan,9.640000152587891,5,3700,DET@IND,DET,IND,,,,,,SF
99441-171755,SF/PF,David,David Roddy,Roddy,16.657143106265945,49,3700,PHO@DAL,PHO,DAL,,,,,,SF/PF
99441-171781,SG,Ochai,Ochai Agbaji,Agbaji,12.046296296296296,54,3700,BKN@TOR,TOR,BKN,,,,,,SG
99441-171795,PF,Ousmane,Ousmane Dieng,Dieng,8.044827691439924,29,3700,LAC@OKC,OKC,LAC,,,,,,PF
99441-145738,SG,Nate,Nate Hinton,Hinton,5.854545593261719,11,3700,HOU@NO,HOU,NO,,,,,,SG
99441-18256,PF/SF,Doug,Doug McDermott,McDermott,9.1591834243463,49,3700,DET@IND,IND,DET,,,,,,SF/PF
99441-145305,PF/C,Zeke,Zeke Nnaji,Nnaji,8.492500305175781,40,3700,WAS@DEN,DEN,WAS,,,,,,PF/C
99441-158137,C,Jock,Jock Landale,Landale,7.379310344827586,29,3700,HOU@NO,HOU,NO,,,,,,C
99441-172996,PG,Javon,Javon Freeman-Liberty,Freeman-Liberty,1.600000023841858,2,3700,BKN@TOR,TOR,BKN,,,,,,PG
99441-159702,SF,Eugene,Eugene Omoruyi,Omoruyi,9.779166539510092,24,3700,WAS@DEN,WAS,DEN,,,,,,SF
99441-188418,PF,Kobe,Kobe Brown,Brown,4.915625095367432,32,3600,LAC@OKC,LAC,OKC,,,,,,PF
99441-188474,SF,Jacob,Jacob Toppin,Toppin,5.040000152587891,5,3600,NY@PHI,NY,PHI,,,,,,SF
99441-157804,SG,Keon,Keon Johnson,Johnson,14.09999974568685,3,3600,BKN@TOR,BKN,TOR,,,,,,SG
99441-157830,C/PF,Jeremiah,Jeremiah Robinson-Earl,Robinson-Earl,8.228571573893229,21,3600,HOU@NO,NO,HOU,,,,,,PF/C
99441-190094,SF,Leaky,Leaky Black,Black,6.845454822887074,22,3600,CHA@UTA,CHA,UTA,,,,,,SF
99441-171668,PG,Collin,Collin Gillespie,Gillespie,5.055555555555555,18,3600,WAS@DEN,DEN,WAS,,,,,,PG
99441-158371,SF,Terry,Terry Taylor,Taylor,4.688888973659939,18,3600,BOS@CHI,CHI,BOS,,,,,,SF
99441-14543,SF,Davis,Davis Bertans,Bertans,6.338888804117839,18,3600,CHA@UTA,CHA,UTA,,,,,,SF
99441-58084,SF,Justise,Justise Winslow,Winslow,20.586206896551722,29,3600,BKN@TOR,TOR,BKN,,,,,,SF
99441-171771,SF,Caleb,Caleb Houstan,Houstan,8.015000152587891,40,3600,ORL@CLE,ORL,CLE,,,,,,SF
99441-180484,SG,Stanley,Stanley Umude,Umude,9.158823349896599,17,3600,DET@IND,DET,IND,,,,,,SG
99441-110343,SF,Nassir,Nassir Little,Little,9.078125,32,3600,PHO@DAL,PHO,DAL,,,,,,SF
99441-160022,SG,A.J.,A.J. Lawson,Lawson,6.922221996166088,27,3600,PHO@DAL,DAL,PHO,,,,,,SG
99441-85305,SF,Kenrich,Kenrich Williams,Williams,11.406976744186046,43,3600,LAC@OKC,OKC,LAC,,,,,,SF
99441-177490,PF,Mouhamadou,Mouhamadou Gueye,Gueye,11.600000381469727,1,3600,BKN@TOR,TOR,BKN,,,,,,PF
99441-145309,C,Udoka,Udoka Azubuike,Azubuike,6.778571537562779,14,3600,PHO@DAL,PHO,DAL,,,,,,C
99441-145344,PG,Malachi,Malachi Flynn,Flynn,9.278723534117354,47,3600,DET@IND,DET,IND,,,,,,PG
99441-145351,C,Omer,Omer Yurtseven,Yurtseven,8.709999593098958,30,3600,CHA@UTA,UTA,CHA,,,,,,C
99441-180737,SG,Nate,Nate Williams,Williams,5.6299999237060545,10,3500,HOU@NO,HOU,NO,,,,,,SG
99441-188430,SF,Dariq,Dariq Whitehead,Whitehead,7.650000095367432,2,3500,BKN@TOR,BKN,TOR,O,Lower leg,,,,SF
99441-189456,SG,Malcolm,Malcolm Cazalon,Cazalon,0,1,3500,DET@IND,DET,IND,,,,,,SG
99441-188445,SF,Jordan,Jordan Miller,Miller,2.9600000381469727,5,3500,LAC@OKC,LAC,OKC,,,,,,SF
99441-117285,SF,Vlatko,Vlatko Cancar,Cancar,9.94923095703125,65,3500,WAS@DEN,DEN,WAS,,,,,,SF
99441-175653,SG,Jared,Jared Rhoden,Rhoden,5,6,3500,DET@IND,DET,IND,,,,,,SG
99441-188458,SG,Jalen,Jalen Pickett,Pickett,4.199999809265137,16,3500,WAS@DEN,DEN,WAS,,,,,,SG
99441-188459,PF,Hunter,Hunter Tyson,Tyson,0.9666666454739041,9,3500,WAS@DEN,DEN,WAS,O,Finger,,,,PF
99441-188457,SF,Jordan,Jordan Walsh,Walsh,6.300000190734863,4,3500,BOS@CHI,BOS,CHI,,,,,,SF
99441-117290,SF,Charlie,Charlie Brown,Brown,2.066666603088379,6,3500,NY@PHI,NY,PHI,,,,,,SF
99441-188462,SF,Emoni,Emoni Bates,Bates,4.7,10,3500,ORL@CLE,CLE,ORL,,,,,,SF
99441-188460,SG,Isaiah,Isaiah Wong,Wong,,,3500,DET@IND,IND,DET,,,,,,SG
99441-188466,PG,Amari,Amari Bailey,Bailey,2.633333365122477,3,3500,CHA@UTA,CHA,UTA,,,,,,PG
99441-190515,SG,Onuralp,Onuralp Bitim,Bitim,0,1,3500,BOS@CHI,CHI,BOS,,,,,,SG
99441-110640,PF,Luka,Luka Samanic,Samanic,4.907692249004658,26,3500,CHA@UTA,UTA,CHA,,,,,,PF
99441-188468,SF,Keyontae,Keyontae Johnson,Johnson,2.6000001089913503,7,3500,LAC@OKC,OKC,LAC,,,,,,SF
99441-188475,C,Oscar,Oscar Tshiebwe,Tshiebwe,6.971428462437221,7,3500,DET@IND,IND,DET,,,,,,C
99441-180793,SF,Jermaine,Jermaine Samuels,Samuels,3.6545455239035864,11,3500,HOU@NO,HOU,NO,,,,,,SF
99441-188477,SG,Markquis,Markquis Nowell,Nowell,10.399999618530273,1,3500,BKN@TOR,TOR,BKN,GTD,Hamstring,,,,SG
99441-188480,C,Adama,Adama Sanogo,Sanogo,4.733333269755046,3,3500,BOS@CHI,CHI,BOS,,,,,,C
99441-15947,SG,Reggie,Reggie Bullock,Bullock,5.6181817488236865,22,3500,HOU@NO,HOU,NO,GTD,Back,,,,SG
99441-162411,SF,Matt,Matt Ryan,Ryan,12.942856924874443,14,3500,HOU@NO,NO,HOU,,,,,,SF
99441-157801,SG,Jared,Jared Butler,Butler,8.76111094156901,18,3500,WAS@DEN,WAS,DEN,,,,,,SG
99441-157806,PG,Jason,Jason Preston,Preston,0.20000000298023224,1,3500,CHA@UTA,UTA,CHA,,,,,,PG
99441-157810,PF,Isaiah,Isaiah Livers,Livers,10.74347852623981,23,3500,WAS@DEN,WAS,DEN,O,Hip,,,,PF
99441-157815,PF,JT,JT Thor,Thor,8.072093165198037,43,3500,CHA@UTA,CHA,UTA,,,,,,PF
99441-157813,SG,Joshua,Joshua Primo,Primo,2,1,3500,LAC@OKC,LAC,OKC,,,,,,SG
99441-41082,C,Damian,Damian Jones,Jones,5.344000244140625,25,3500,ORL@CLE,CLE,ORL,,,,,,C
99441-157823,PF,Greg,Greg Brown,Brown,6.633333206176758,6,3500,PHO@DAL,DAL,PHO,,,,,,PF
99441-145538,PF/C,Aleksej,Aleksej Pokusevski,Pokusevski,3.45,10,3500,LAC@OKC,OKC,LAC,,,,,,PF/C
99441-23169,C,Steven,Steven Adams,Adams,29.892857142857142,42,3500,HOU@NO,HOU,NO,O,Knee,,,,C
99441-145536,PG,Theo,Theo Maledon,Maledon,8.853333536783854,15,3500,PHO@DAL,PHO,DAL,,,,,,PG
99441-171658,SF,Johnny,Johnny Juzang,Juzang,0.75,2,3500,CHA@UTA,UTA,CHA,,,,,,SF
99441-163978,PG,Brandon,Brandon Williams,Williams,4.450000127156575,12,3500,PHO@DAL,DAL,PHO,,,,,,PG
99441-163983,SG,Xavier,Xavier Moon,Moon,3.950000047683716,2,3500,LAC@OKC,LAC,OKC,,,,,,SG
99441-145548,PF,Anthony,Anthony Gill,Gill,4.927585996430496,29,3500,WAS@DEN,WAS,DEN,,,,,,PF
99441-171670,SG,Dereon,Dereon Seabron,Seabron,7.480000305175781,5,3500,HOU@NO,NO,HOU,,,,,,SG
99441-171677,PF,Kenneth,Kenneth Lofton,Lofton,5.505882263183594,17,3500,NY@PHI,PHI,NY,,,,,,PF
99441-14501,C,Tristan,Tristan Thompson,Thompson,11.027777777777779,36,3500,ORL@CLE,CLE,ORL,O,Suspension,,,,C
99441-158372,SG,Duane,Duane Washington,Washington,12.183871361517138,31,3500,NY@PHI,NY,PHI,GTD,Thumb,,,,SG
99441-14511,PF,Markieff,Markieff Morris,Morris,6.264705882352941,17,3500,PHO@DAL,DAL,PHO,,,,,,PF
99441-84672,SG,Zhaire,Zhaire Smith,Smith,,,3500,ORL@CLE,CLE,ORL,,,,,,SG
99441-164036,SF,Braxton,Braxton Key,Key,3.2266667683919272,15,3500,WAS@DEN,DEN,WAS,,,,,,SF
99441-195794,C,Nathan,Nathan Mensah,Mensah,6.82,25,3500,CHA@UTA,CHA,UTA,,,,,,C
99441-195792,PF,Drew,Drew Peterson,Peterson,4.5,1,3500,BOS@CHI,BOS,CHI,,,,,,PF
99441-171745,SG,Kendall,Kendall Brown,Brown,3.0799999237060547,5,3500,DET@IND,IND,DET,,,,,,SG
99441-84713,SG,Svi,Svi Mykhailiuk,Mykhailiuk,5.043478260869565,23,3500,BOS@CHI,BOS,CHI,,,,,,SG
99441-9966,PF,James,James Johnson,Johnson,5.259999847412109,5,3500,DET@IND,IND,DET,,,,,,PF
99441-171762,PG,JD,JD Davison,Davison,2.200000047683716,2,3500,BOS@CHI,BOS,CHI,,,,,,PG
99441-171766,SG,Johnny,Johnny Davis,Davis,4.943478128184443,23,3500,WAS@DEN,WAS,DEN,,,,,,SG
99441-171765,PF,Moussa,Moussa Diabate,Diabate,6.7,10,3500,LAC@OKC,LAC,OKC,,,,,,PF
99441-110328,SF,Admiral,Admiral Schofield,Schofield,2.1615384908822866,13,3500,ORL@CLE,ORL,CLE,,,,,,SF
99441-110331,PG,Ty,Ty Jerome,Jerome,4.349999904632568,2,3500,ORL@CLE,CLE,ORL,O,Ankle,,,,PG
99441-194814,SF,Henri,Henri Drell,Drell,,,3500,BOS@CHI,CHI,BOS,,,,,,SF
99441-171773,SF,Patrick,Patrick Baldwin,Baldwin,6.452940996955423,17,3500,WAS@DEN,WAS,DEN,,,,,,SF
99441-180483,SG,Jules,Jules Bernard,Bernard,4.083333333333333,6,3500,WAS@DEN,WAS,DEN,,,,,,SG
99441-110336,PF,Chuma,Chuma Okeke,Okeke,7.360605875651042,33,3500,ORL@CLE,ORL,CLE,,,,,,PF
99441-171782,PF,Isaiah,Isaiah Mobley,Mobley,5.133333206176758,3,3500,ORL@CLE,CLE,ORL,,,,,,PF
99441-171783,PF,E.J.,E.J. Liddell,Liddell,2.6875,8,3500,HOU@NO,NO,HOU,,,,,,PF
99441-9481,C/PF,Taj,Taj Gibson,Gibson,5.131249904632568,16,3500,NY@PHI,NY,PHI,,,,,,PF/C
99441-171784,PG,Dyson,Dyson Daniels,Daniels,18.234615619365986,52,3500,HOU@NO,NO,HOU,O,Knee,,,,PG
99441-15628,SF,Otto,Otto Porter,Porter,7.586666870117187,15,3500,CHA@UTA,UTA,CHA,O,Not injury related,,,,SF
99441-110350,PF/SF,Jalen,Jalen McDaniels,McDaniels,5.906060421105587,33,3500,BKN@TOR,TOR,BKN,,,,,,SF/PF
99441-196882,SG,Adam,Adam Flagler,Flagler,,,3500,LAC@OKC,OKC,LAC,,,,,,SG
99441-161552,PF,Micah,Micah Potter,Potter,2.4000000953674316,2,3500,CHA@UTA,UTA,CHA,,,,,,PF
99441-11074,SF,Garrett,Garrett Temple,Temple,3.075000047683716,16,3500,BKN@TOR,TOR,BKN,,,,,,SF
99441-40783,SG,Zach,Zach LaVine,LaVine,32.9039990234375,25,3500,BOS@CHI,CHI,BOS,O,Foot,,,,SG
99441-63826,C,Boban,Boban Marjanovic,Marjanovic,6.266666836208767,9,3500,HOU@NO,HOU,NO,,,,,,C
99441-23407,PF,P.J.,P.J. Tucker,Tucker,7.706666564941406,15,3500,LAC@OKC,LAC,OKC,,,,,,PF
99441-159097,C,Jay,Jay Huff,Huff,2.137500047683716,8,3500,WAS@DEN,DEN,WAS,,,,,,C
99441-145822,SG,Kevon,Kevon Harris,Harris,3.450000047683716,2,3500,ORL@CLE,ORL,CLE,,,,,,SG
99441-145316,PG,Kira,Kira Lewis,Lewis,5.766666836208767,18,3500,CHA@UTA,UTA,CHA,,,,,,PG
99441-80806,PG,Lonzo,Lonzo Ball,Ball,,,3500,BOS@CHI,CHI,BOS,O,Knee,,,,PG
99441-18376,SG,Damion,Damion Lee,Lee,13.392682331364329,82,3500,PHO@DAL,PHO,DAL,O,Knee,,,,SG
99441-163280,C,Olivier,Olivier Sarr,Sarr,7.483333587646484,12,3500,LAC@OKC,OKC,LAC,,,,,,C
99441-49111,C,Joel,Joel Embiid,Embiid,62.42058967141544,34,3500,NY@PHI,PHI,NY,O,Knee,,,,C
99441-165854,SG,Lindy,Lindy Waters,Waters,5.3739129771357,23,3500,LAC@OKC,OKC,LAC,,,,,,SG
99441-188407,SF,Jett,Jett Howard,Howard,2.6538461538461537,13,3500,ORL@CLE,ORL,CLE,,,,,,SF
99441-188413,SF,Brice,Brice Sensabaugh,Sensabaugh,2.4666666984558105,6,3500,CHA@UTA,UTA,CHA,,,,,,SF