Id,Position,First Name,Nickname,Last Name,FPPG,Played,Salary,Game,Team,Opponent,Injury Indicator,Injury Details,Tier,,,Roster Position
82438-40199,PF/SF,Giannis,Giannis Antetokounmpo,Antetokounmpo,63.6000010172526,3,11800,NY@MIL,MIL,NY,,,,,,SF/PF
82438-55062,C,Nikola,Nikola Jokic,Jokic,51.85999755859375,5,11500,UTA@DEN,DEN,UTA,,,,,,C
82438-15755,PF/C,Anthony,Anthony Davis,Davis,51.900001525878906,4,10800,LAL@MIN,LAL,MIN,O,Back,,,,PF/C
82438-80808,PF/SF,Jayson,Jayson Tatum,Tatum,51.900001525878906,4,10500,CLE@BOS,BOS,CLE,,,,,,SF/PF
82438-9488,SF/PF,LeBron,LeBron James,James,50.125,4,10300,LAL@MIN,LAL,MIN,,,,,,SF/PF
82438-9644,SG/PG,James,James Harden,Harden,52.44000244140625,5,10200,PHI@TOR,PHI,TOR,,,,,,PG/SG
82438-49111,C,Joel,Joel Embiid,Embiid,46.4,5,10000,PHI@TOR,PHI,TOR,GTD,Knee,,,,C
82438-60021,C/PF,Pascal,Pascal Siakam,Siakam,50.6,5,9600,PHI@TOR,TOR,PHI,,,,,,PF/C
82438-67708,SG/PG,Dejounte,Dejounte Murray,Murray,48.375,4,9500,ATL@DET,ATL,DET,,,,,,PG/SG
82438-84671,PG,Trae,Trae Young,Young,47.125,4,9400,ATL@DET,ATL,DET,,,,,,PG
82438-66113,SG/PG,Donovan,Donovan Mitchell,Mitchell,48.625,4,9200,CLE@BOS,CLE,BOS,,,,,,PG/SG
82438-58460,SG,Devin,Devin Booker,Booker,46.724998474121094,4,8900,NO@PHO,PHO,NO,,,,,,SG
82438-20848,PG,Damian,Damian Lillard,Lillard,43.460000610351564,5,8800,HOU@POR,POR,HOU,O,Calf,,,,PG
82438-145337,PG/SG,Tyrese,Tyrese Haliburton,Haliburton,43.83999938964844,5,8600,IND@WAS,IND,WAS,,,,,,PG/SG
82438-9714,SG/SF,DeMar,DeMar DeRozan,DeRozan,39.9,5,8500,CHI@SA,CHI,SA,,,,,,SG/SF
82438-58462,PF/C,Karl-Anthony,Karl-Anthony Towns,Towns,35.879998779296876,5,8400,LAL@MIN,MIN,LAL,,,,,,PF/C
82438-145485,PG,LaMelo,LaMelo Ball,Ball,42.16623440036526,77,8300,CHA@ORL,CHA,ORL,O,Ankle,,,,PG
82438-19067,PG/SG,CJ,CJ McCollum,McCollum,39.82500076293945,4,8300,NO@PHO,NO,PHO,GTD,Finger,,,,PG/SG
82438-24247,PG,Fred,Fred VanVleet,VanVleet,42.73999938964844,5,8200,PHI@TOR,TOR,PHI,,,,,,PG
82438-67026,SF/SG,Jaylen,Jaylen Brown,Brown,40.474998474121094,4,8200,CLE@BOS,BOS,CLE,,,,,,SG/SF
82438-110310,PF,Zion,Zion Williamson,Williamson,38.5,3,8100,NO@PHO,NO,PHO,GTD,Hip,,,,PF
82438-14514,C,Nikola,Nikola Vucevic,Vucevic,38.060000610351565,5,8000,CHI@SA,CHI,SA,,,,,,C
82438-171770,PF/SF,Paolo,Paolo Banchero,Banchero,42.320001220703126,5,8000,CHA@ORL,ORL,CHA,,,,,,SF/PF
82438-40203,C,Rudy,Rudy Gobert,Gobert,36.7,5,8000,LAL@MIN,MIN,LAL,,,,,,C
82438-42669,PF/C,Julius,Julius Randle,Randle,38.25,4,7900,NY@MIL,NY,MIL,,,,,,PF/C
82438-110345,PG,Kevin,Kevin Porter,Porter,38.97999877929688,5,7900,HOU@POR,HOU,POR,GTD,Quadriceps,,,,PG
82438-145321,SG/SF,Anthony,Anthony Edwards,Edwards,37.179998779296874,5,7900,LAL@MIN,MIN,LAL,,,,,,SG/SF
82438-42677,SG/PG,Terry,Terry Rozier,Rozier,47.650001525878906,2,7800,CHA@ORL,CHA,ORL,O,Ankle,,,,PG/SG
82438-15595,SG,Bradley,Bradley Beal,Beal,33.82500076293945,4,7800,IND@WAS,WAS,IND,,,,,,SG
82438-9663,PG/SG,Jrue,Jrue Holiday,Holiday,36.06666564941406,3,7800,NY@MIL,MIL,NY,,,,,,PG/SG
82438-66048,SF/SG,Brandon,Brandon Ingram,Ingram,36.46666717529297,3,7600,NO@PHO,NO,PHO,O,Concussion,,,,SG/SF
82438-66236,PF/C,John,John Collins,Collins,41.349998474121094,4,7600,ATL@DET,ATL,DET,,,,,,PF/C
82438-84690,PG/SG,Jalen,Jalen Brunson,Brunson,40.400001525878906,4,7600,NY@MIL,NY,MIL,,,,,,PG/SG
82438-110342,SG/PG,Darius,Darius Garland,Garland,13.699999809265137,1,7600,CLE@BOS,CLE,BOS,O,Eye,,,,PG/SG
82438-157808,PG/SG,Cade,Cade Cunningham,Cunningham,35.76000061035156,5,7500,ATL@DET,DET,ATL,,,,,,PG/SG
82438-84717,SG/PG,Anfernee,Anfernee Simons,Simons,26.079998779296876,5,7400,HOU@POR,POR,HOU,,,,,,PG/SG
82438-16261,SF/SG,Khris,Khris Middleton,Middleton,35.55362248075181,69,7400,NY@MIL,MIL,NY,O,Wrist,,,,SG/SF
82438-9623,PG,Chris,Chris Paul,Paul,37.224998474121094,4,7400,NO@PHO,PHO,NO,,,,,,PG
82438-58377,SF/PF,Kyle,Kyle Kuzma,Kuzma,34.349998474121094,4,7300,IND@WAS,WAS,IND,,,,,,SF/PF
82438-14503,C,Jonas,Jonas Valanciunas,Valanciunas,36.67499923706055,4,7300,NO@PHO,NO,PHO,,,,,,C
82438-40783,SG/SF,Zach,Zach LaVine,LaVine,35.56666564941406,3,7300,CHI@SA,CHI,SA,GTD,Knee,,,,SG/SF
82438-58312,PG/SG,D'Angelo,D'Angelo Russell,Russell,33.9,5,7300,LAL@MIN,MIN,LAL,,,,,,PG/SG
82438-63122,C/PF,Kristaps,Kristaps Porzingis,Porzingis,33.04999923706055,4,7200,IND@WAS,WAS,IND,,,,,,PF/C
82438-110347,PF/SF,Keldon,Keldon Johnson,Johnson,35.26000061035156,5,7200,CHI@SA,SA,CHI,,,,,,SF/PF
82438-80812,PF/SF,Lauri,Lauri Markkanen,Markkanen,39.460000610351564,5,7200,UTA@DEN,UTA,DEN,,,,,,SF/PF
82438-80821,C/PF,Jarrett,Jarrett Allen,Allen,33.79999923706055,4,7200,CLE@BOS,CLE,BOS,,,,,,PF/C
82438-157822,PF/SF,Scottie,Scottie Barnes,Barnes,31.975000381469727,4,7100,PHI@TOR,TOR,PHI,,,,,,SF/PF
82438-84673,C,Deandre,Deandre Ayton,Ayton,33.900001525878906,4,7000,NO@PHO,PHO,NO,,,,,,C
82438-145331,PG/SG,Tyrese,Tyrese Maxey,Maxey,30.220001220703125,5,7000,PHI@TOR,PHI,TOR,,,,,,PG/SG
82438-55057,C,Jusuf,Jusuf Nurkic,Nurkic,31.720001220703125,5,6800,HOU@POR,POR,HOU,,,,,,C
82438-80814,PG,Dennis,Dennis Smith,Smith,33.32500076293945,4,6800,CHA@ORL,CHA,ORL,,,,,,PG
82438-9642,PG,Russell,Russell Westbrook,Westbrook,29.166666666666668,3,6700,LAL@MIN,LAL,MIN,,,,,,PG
82438-58378,C,Jakob,Jakob Poeltl,Poeltl,33.320001220703126,5,6600,CHI@SA,SA,CHI,,,,,,C
82438-157851,SF/SG,Franz,Franz Wagner,Wagner,30.120001220703124,5,6600,CHA@ORL,ORL,CHA,,,,,,SG/SF
82438-12366,SF/SG,Gordon,Gordon Hayward,Hayward,31.950000762939453,4,6500,CHA@ORL,CHA,ORL,,,,,,SG/SF
82438-40562,SG/SF,Josh,Josh Hart,Hart,31.679998779296874,5,6500,HOU@POR,POR,HOU,,,,,,SG/SF
82438-20640,PG/SG,Jordan,Jordan Clarkson,Clarkson,32.439999389648435,5,6500,UTA@DEN,UTA,DEN,,,,,,PG/SG
82438-171780,SG,Jaden,Jaden Ivey,Ivey,31.100000381469727,4,6500,ATL@DET,DET,ATL,,,,,,SG
82438-23831,PF,Jerami,Jerami Grant,Grant,24.660000610351563,5,6500,HOU@POR,POR,HOU,,,,,,PF
82438-145324,SG,Devin,Devin Vassell,Vassell,35.25,4,6500,CHI@SA,SA,CHI,O,Knee,,,,SG
82438-157845,PF/C,Evan,Evan Mobley,Mobley,27.325000762939453,4,6400,CLE@BOS,CLE,BOS,,,,,,PF/C
82438-84676,C/PF,Wendell,Wendell Carter,Carter,29.4,5,6400,CHA@ORL,ORL,CHA,,,,,,PF/C
82438-157907,SG/PG,Jalen,Jalen Green,Green,33.16000061035156,5,6400,HOU@POR,HOU,POR,,,,,,PG/SG
82438-145328,SF,Saddiq,Saddiq Bey,Bey,26.3,5,6400,ATL@DET,DET,ATL,,,,,,SF
82438-9575,PG,Mike,Mike Conley,Conley,30.179998779296874,5,6300,UTA@DEN,UTA,DEN,,,,,,PG
82438-68090,SF/SG,OG,OG Anunoby,Anunoby,28.1,5,6300,PHI@TOR,TOR,PHI,,,,,,SG/SF
82438-14518,SF/PF,Tobias,Tobias Harris,Harris,28.679998779296874,5,6200,PHI@TOR,PHI,TOR,,,,,,SF/PF
82438-171767,PF,Jabari,Jabari Smith,Smith,28.779998779296875,5,6200,HOU@POR,HOU,POR,,,,,,PF
82438-58153,SF/SG,Kelly,Kelly Oubre,Oubre,31.149999618530273,4,6200,CHA@ORL,CHA,ORL,,,,,,SG/SF
82438-84682,PF/SF,Michael,Michael Porter,Porter,28.524999618530273,4,6100,UTA@DEN,DEN,UTA,GTD,Back,,,,SF/PF
82438-157908,C/PF,Alperen,Alperen Sengun,Sengun,31.5,3,6100,HOU@POR,HOU,POR,GTD,Illness,,,,PF/C
82438-84721,PF,Jarred,Jarred Vanderbilt,Vanderbilt,29.160000610351563,5,6100,UTA@DEN,UTA,DEN,,,,,,PF
82438-14530,SF/PF,Bojan,Bojan Bogdanovic,Bogdanovic,30.279998779296875,5,6000,ATL@DET,DET,ATL,,,,,,SF/PF
82438-58253,C/PF,Myles,Myles Turner,Turner,28.200000762939453,1,6000,IND@WAS,IND,WAS,,,,,,PF/C
82438-9621,C,Brook,Brook Lopez,Lopez,33,3,6000,NY@MIL,MIL,NY,,,,,,C
82438-145323,PG,Tre,Tre Jones,Jones,29.779998779296875,5,6000,CHI@SA,SA,CHI,,,,,,PG
82438-23798,SG/SF,Caris,Caris LeVert,LeVert,26.325000762939453,4,5900,CLE@BOS,CLE,BOS,,,,,,SG/SF
82438-110357,SF/SG,RJ,RJ Barrett,Barrett,27.625,4,5900,NY@MIL,NY,MIL,,,,,,SG/SF
82438-145322,PF/C,Jalen,Jalen Smith,Smith,29.660000610351563,5,5900,IND@WAS,IND,WAS,,,,,,PF/C
82438-145327,PG/SG,Cole,Cole Anthony,Anthony,30.075000762939453,4,5900,CHA@ORL,ORL,CHA,O,Oblique,,,,PG/SG
82438-22541,C/PF,Kelly,Kelly Olynyk,Olynyk,25.219999694824217,5,5800,UTA@DEN,UTA,DEN,,,,,,PF/C
82438-110352,PF/C,P.J.,P.J. Washington,Washington,24.899999618530273,4,5800,CHA@ORL,CHA,ORL,,,,,,PF/C
82438-84695,SG/SF,Gary,Gary Trent,Trent,27.120001220703124,5,5700,PHI@TOR,TOR,PHI,,,,,,SG/SF
82438-171746,SG,Bennedict,Bennedict Mathurin,Mathurin,30.8,5,5700,IND@WAS,IND,WAS,,,,,,SG
82438-23670,SG/PG,Marcus,Marcus Smart,Smart,24.299999237060547,4,5600,CLE@BOS,BOS,CLE,,,,,,PG/SG
82438-41594,PF/C,Aaron,Aaron Gordon,Gordon,30.220001220703125,5,5600,UTA@DEN,DEN,UTA,,,,,,PF/C
82438-157847,SF,Trey,Trey Murphy,Murphy,27.299999237060547,4,5600,NO@PHO,NO,PHO,,,,,,SF
82438-9453,C/PF,Al,Al Horford,Horford,15.666666666666666,3,5600,CLE@BOS,BOS,CLE,,,,,,PF/C
82438-55059,C,Clint,Clint Capela,Capela,27.375,4,5600,ATL@DET,ATL,DET,,,,,,C
82438-23665,SG/SF,Buddy,Buddy Hield,Hield,27.23999938964844,5,5500,IND@WAS,IND,WAS,,,,,,SG/SF
82438-42156,PF/C,Bobby,Bobby Portis,Portis,31.76666768391927,3,5500,NY@MIL,MIL,NY,,,,,,PF/C
82438-145307,C/PF,Isaiah,Isaiah Stewart,Stewart,27.339999389648437,5,5500,ATL@DET,DET,ATL,,,,,,PF/C
82438-66108,PG/SG,Jamal,Jamal Murray,Murray,22.225000381469727,4,5400,UTA@DEN,DEN,UTA,,,,,,PG/SG
82438-157849,PG/SG,Ayo,Ayo Dosunmu,Dosunmu,27.8,5,5400,CHI@SA,CHI,SA,,,,,,PG/SG
82438-84670,SG/SF,Mikal,Mikal Bridges,Bridges,28.524999618530273,4,5400,NO@PHO,PHO,NO,,,,,,SG/SF
82438-16359,PG/SG,Malcolm,Malcolm Brogdon,Brogdon,21.625,4,5300,CLE@BOS,BOS,CLE,,,,,,PG/SG
82438-84702,SG/SF,Lonnie,Lonnie Walker,Walker,27.850000381469727,4,5200,LAL@MIN,LAL,MIN,,,,,,SG/SF
82438-84709,C,Mitchell,Mitchell Robinson,Robinson,25.799999237060547,4,5200,NY@MIL,NY,MIL,,,,,,C
82438-110317,PG,Jaylen,Jaylen Nowell,Nowell,27.160000610351563,5,5200,LAL@MIN,MIN,LAL,,,,,,PG
82438-145314,PF/C,Precious,Precious Achiuwa,Achiuwa,23.3,5,5200,PHI@TOR,TOR,PHI,,,,,,PF/C
82438-20992,PF/C,Larry,Larry Nance,Nance,19.875,4,5100,NO@PHO,NO,PHO,,,,,,PF/C
82438-17333,SG/SF,Will,Will Barton,Barton,21.149999618530273,4,5100,IND@WAS,WAS,IND,,,,,,SG/SF
82438-66064,SF/SG,Malik,Malik Beasley,Beasley,22.019999694824218,5,5000,UTA@DEN,UTA,DEN,,,,,,SG/SF
82438-16405,SG/SF,Terrence,Terrence Ross,Ross,22.68000030517578,5,5000,CHA@ORL,ORL,CHA,,,,,,SG/SF
82438-157850,PG/SG,Jalen,Jalen Suggs,Suggs,20.799999237060547,2,5000,CHA@ORL,ORL,CHA,O,Ankle,,,,PG/SG
82438-157848,SG/SF,Herbert,Herbert Jones,Jones,17.333333333333332,3,5000,NO@PHO,NO,PHO,GTD,Knee,,,,SG/SF
82438-58084,SF,Justise,Justise Winslow,Winslow,21.174999237060547,4,5000,HOU@POR,POR,HOU,,,,,,SF
82438-67312,C,Thomas,Thomas Bryant,Bryant,15.818518744574654,27,5000,LAL@MIN,LAL,MIN,O,Thumb,,,,C
82438-145304,C,Onyeka,Onyeka Okongwu,Okongwu,18.375,4,5000,ATL@DET,ATL,DET,,,,,,C
82438-145319,SF/PF,Jaden,Jaden McDaniels,McDaniels,27.179998779296874,5,5000,LAL@MIN,MIN,LAL,,,,,,SF/PF
82438-12474,PG/SG,Patrick,Patrick Beverley,Beverley,20.725000381469727,4,4900,LAL@MIN,LAL,MIN,,,,,,PG/SG
82438-15590,C,Mason,Mason Plumlee,Plumlee,25.350000381469727,4,4900,CHA@ORL,CHA,ORL,,,,,,C
82438-110313,C,Bol,Bol Bol,Bol,23.860000610351562,5,4900,CHA@ORL,ORL,CHA,,,,,,C
82438-110329,PF/C,Bruno,Bruno Fernando,Fernando,24.049999237060547,2,4900,HOU@POR,HOU,POR,O,Knee,,,,PF/C
82438-171779,C,Jalen,Jalen Duren,Duren,21.3,5,4900,ATL@DET,DET,ATL,,,,,,C
82438-145318,C,Nick,Nick Richards,Richards,24.924999237060547,4,4900,CHA@ORL,CHA,ORL,,,,,,C
82438-40396,PG,Monte,Monte Morris,Morris,25.575000762939453,4,4900,IND@WAS,WAS,IND,,,,,,PG
82438-49675,PG/SG,Derrick,Derrick White,White,23.375,4,4800,CLE@BOS,BOS,CLE,,,,,,PG/SG
82438-145541,PG/SG,R.J.,R.J. Hampton,Hampton,5.699999809265137,4,4800,CHA@ORL,ORL,CHA,,,,,,PG/SG
82438-84667,SG,Collin,Collin Sexton,Sexton,17.91999969482422,5,4800,UTA@DEN,UTA,DEN,GTD,Oblique,,,,SG
82438-110318,PF,Grant,Grant Williams,Williams,20.100000381469727,4,4800,CLE@BOS,BOS,CLE,O,Suspension,,,,PF
82438-16233,SF/SG,Josh,Josh Richardson,Richardson,21.439999389648438,5,4800,CHI@SA,SA,CHI,,,,,,SG/SF
82438-9874,PF/C,Kevin,Kevin Love,Love,21.649999618530273,4,4700,CLE@BOS,CLE,BOS,,,,,,PF/C
82438-15557,C,Andre,Andre Drummond,Drummond,21.18000030517578,5,4700,CHI@SA,CHI,SA,,,,,,C
82438-84694,SG,Bruce,Bruce Brown,Brown,22.26000061035156,5,4700,UTA@DEN,DEN,UTA,,,,,,SG
82438-110338,SF/PF,De'Andre,De'Andre Hunter,Hunter,23.475000381469727,4,4700,ATL@DET,ATL,DET,,,,,,SF/PF
82438-15636,SG/SF,Kentavious,Kentavious Caldwell-Pope,Caldwell-Pope,23.860000610351562,5,4700,UTA@DEN,DEN,UTA,GTD,Ankle,,,,SG/SF
82438-9556,SF/SG,Eric,Eric Gordon,Gordon,22.075000762939453,4,4700,HOU@POR,HOU,POR,,,,,,SG/SF
82438-145348,SG/PG,Immanuel,Immanuel Quickley,Quickley,18.950000762939453,4,4700,NY@MIL,NY,MIL,,,,,,PG/SG
82438-157827,PF,Isaiah,Isaiah Jackson,Jackson,19.88000030517578,5,4600,IND@WAS,IND,WAS,,,,,,PF
82438-145576,SF/PF,Jae'Sean,Jae'Sean Tate,Tate,12.5,1,4600,HOU@POR,HOU,POR,,,,,,SF/PF
82438-110337,SG/SF,Talen,Talen Horton-Tucker,Horton-Tucker,19.88000030517578,5,4600,UTA@DEN,UTA,DEN,,,,,,SG/SF
82438-110350,PF,Jalen,Jalen McDaniels,McDaniels,24.674999237060547,4,4600,CHA@ORL,CHA,ORL,,,,,,PF
82438-40830,PG/SG,Delon,Delon Wright,Wright,24.625,4,4600,IND@WAS,WAS,IND,O,Hamstring,,,,PG/SG
82438-80825,PF,Isaiah,Isaiah Hartenstein,Hartenstein,24.049999237060547,4,4600,NY@MIL,NY,MIL,,,,,,PF
82438-157813,SG/PG,Joshua,Joshua Primo,Primo,17.149999618530273,4,4500,CHI@SA,SA,CHI,O,Lower body,,,,PG/SG
82438-15993,SF/PF,Pat,Pat Connaughton,Connaughton,19.406494140625,77,4500,NY@MIL,MIL,NY,O,Calf,,,,SF/PF
82438-63126,SF/PF,Cedi,Cedi Osman,Osman,23.975000381469727,4,4500,CLE@BOS,CLE,BOS,,,,,,SF/PF
82438-171769,SF,Tari,Tari Eason,Eason,21.139999389648438,5,4500,HOU@POR,HOU,POR,,,,,,SF
82438-110359,C,Goga,Goga Bitadze,Bitadze,18.674999237060547,4,4500,IND@WAS,IND,WAS,,,,,,C
82438-171777,C,Walker,Walker Kessler,Kessler,18.839999389648437,5,4400,UTA@DEN,UTA,DEN,GTD,Illness,,,,C
82438-40201,SG/PG,Dennis,Dennis Schroder,Schroder,25.121875762939453,64,4400,LAL@MIN,LAL,MIN,O,Thumb,,,,PG/SG
82438-15628,SF/PF,Otto,Otto Porter,Porter,19.9073173709032,82,4400,PHI@TOR,TOR,PHI,O,Personal,,,,SF/PF
82438-145308,SF/PF,Patrick,Patrick Williams,Williams,11.55999984741211,5,4400,CHI@SA,CHI,SA,,,,,,SF/PF
82438-158136,SF/SG,Austin,Austin Reaves,Reaves,9.175000190734863,4,4400,LAL@MIN,LAL,MIN,,,,,,SG/SF
82438-23096,SG/SF,Evan,Evan Fournier,Fournier,20.375,4,4300,NY@MIL,NY,MIL,,,,,,SG/SF
82438-145536,PG,Theo,Theo Maledon,Maledon,13.233333587646484,3,4300,CHA@ORL,CHA,ORL,,,,,,PG
82438-158371,SG/SF,Terry,Terry Taylor,Taylor,12.3,5,4300,IND@WAS,IND,WAS,,,,,,SG/SF
82438-84703,PG/SG,De'Anthony,De'Anthony Melton,Melton,17.41999969482422,5,4300,PHI@TOR,PHI,TOR,,,,,,PG/SG
82438-171749,SF/PF,Jeremy,Jeremy Sochan,Sochan,16.7,5,4300,CHI@SA,SA,CHI,,,,,,SF/PF
82438-110316,SF/PF,Cameron,Cameron Johnson,Johnson,20.299999237060547,4,4300,NO@PHO,PHO,NO,,,,,,SF/PF
82438-68203,C/PF,Chris,Chris Boucher,Boucher,15.600000381469727,2,4200,PHI@TOR,TOR,PHI,,,,,,PF/C
82438-145533,SF/PF,Kenyon,Kenyon Martin,Martin,20.26000061035156,5,4200,HOU@POR,HOU,POR,,,,,,SF/PF
82438-157828,SF,Chris,Chris Duarte,Duarte,13.539999389648438,5,4200,IND@WAS,IND,WAS,,,,,,SF
82438-14510,PG/SG,Alec,Alec Burks,Burks,24.949383017457563,81,4200,ATL@DET,DET,ATL,O,Foot,,,,PG/SG
82438-84711,SG/SF,Grayson,Grayson Allen,Allen,19.1999994913737,3,4200,NY@MIL,MIL,NY,,,,,,SG/SF
82438-171804,SG,Shaedon,Shaedon Sharpe,Sharpe,13.88000030517578,5,4200,HOU@POR,POR,HOU,,,,,,SG
82438-23981,PG/SG,Alex,Alex Caruso,Caruso,19.6,5,4200,CHI@SA,CHI,SA,,,,,,PG/SG
82438-145339,PF,Obi,Obi Toppin,Toppin,17.075000762939453,4,4200,NY@MIL,NY,MIL,,,,,,PF
82438-158856,PF,Trendon,Trendon Watford,Watford,17.485416412353516,48,4100,HOU@POR,POR,HOU,O,Hip,,,,PF
82438-157906,PF,Usman,Usman Garuba,Garuba,13.633333841959635,3,4100,HOU@POR,HOU,POR,,,,,,PF
82438-110339,SG/SF,Cam,Cam Reddish,Reddish,16.950000762939453,4,4100,NY@MIL,NY,MIL,,,,,,SG/SF
82438-110349,SF/PF,Rui,Rui Hachimura,Hachimura,16.174999237060547,4,4100,IND@WAS,WAS,IND,,,,,,SF/PF
82438-80815,PF/C,Zach,Zach Collins,Collins,18.9,5,4100,CHI@SA,SA,CHI,,,,,,PF/C
82438-9648,PF/SF,Jeff,Jeff Green,Green,16.860000610351562,5,4100,UTA@DEN,DEN,UTA,,,,,,SF/PF
82438-112709,SG/SF,Javonte,Javonte Green,Green,16.719999694824217,5,4000,CHI@SA,CHI,SA,,,,,,SG/SF
82438-145489,PG,Killian,Killian Hayes,Hayes,12.960000610351562,5,4000,ATL@DET,DET,ATL,,,,,,PG
82438-58519,SG,Gary,Gary Payton,Payton,16.973494564194276,83,4000,HOU@POR,POR,HOU,O,Abdomen,,,,SG
82438-23716,SF/PF,Kyle,Kyle Anderson,Anderson,7.349999904632568,2,4000,LAL@MIN,MIN,LAL,GTD,Back,,,,SF/PF
82438-158373,PG,Jose,Jose Alvarado,Alvarado,17,4,4000,NO@PHO,NO,PHO,GTD,Back,,,,PG
82438-110326,PG/SG,Coby,Coby White,White,11.319999694824219,5,4000,CHI@SA,CHI,SA,,,,,,PG/SG
82438-110351,SG/PG,Cody,Cody Martin,Martin,0,1,4000,CHA@ORL,CHA,ORL,O,Quadriceps,,,,PG/SG
82438-55060,SF/SG,Bogdan,Bogdan Bogdanovic,Bogdanovic,27.15507175611413,69,4000,ATL@DET,ATL,DET,O,Knee,,,,SG/SF
82438-18256,PF/SF,Doug,Doug McDermott,McDermott,14.6,5,4000,CHI@SA,SA,CHI,,,,,,SF/PF
82438-9577,PF/SF,Rudy,Rudy Gay,Gay,14.839999389648437,5,4000,UTA@DEN,UTA,DEN,O,Covid-19,,,,SF/PF
82438-23407,PF,P.J.,P.J. Tucker,Tucker,12.7,5,4000,PHI@TOR,PHI,TOR,,,,,,PF
82438-80805,PG/SG,Markelle,Markelle Fultz,Fultz,24.294443766276043,18,4000,CHA@ORL,ORL,CHA,O,Toe,,,,PG/SG
82438-111622,SF,Garrison,Garrison Mathews,Mathews,6.159999847412109,5,3900,HOU@POR,HOU,POR,,,,,,SF
82438-85597,PG,Jordan,Jordan McLaughlin,McLaughlin,12.740000152587891,5,3900,LAL@MIN,MIN,LAL,,,,,,PG
82438-157834,PG,Bones,Bones Hyland,Hyland,15.7,5,3900,UTA@DEN,DEN,UTA,,,,,,PG
82438-42661,PF,Noah,Noah Vonleh,Vonleh,12,4,3900,CLE@BOS,BOS,CLE,,,,,,PF
82438-84679,PF/C,Marvin,Marvin Bagley,Bagley,22.5124994913737,48,3900,ATL@DET,DET,ATL,O,Knee,,,,PF/C
82438-171747,SG,Andrew,Andrew Nembhard,Nembhard,16.700000762939453,4,3900,IND@WAS,IND,WAS,,,,,,SG
82438-171744,SG,Christian,Christian Braun,Braun,11.65999984741211,5,3900,UTA@DEN,DEN,UTA,,,,,,SG
82438-84706,PG,Devonte',Devonte' Graham,Graham,10.399999618530273,4,3900,NO@PHO,NO,PHO,,,,,,PG
82438-171775,C,Christian,Christian Koloko,Koloko,9.44000015258789,5,3900,PHI@TOR,TOR,PHI,,,,,,C
82438-110336,PF,Chuma,Chuma Okeke,Okeke,6.840000152587891,5,3900,CHA@ORL,ORL,CHA,,,,,,PF
82438-110343,SF,Nassir,Nassir Little,Little,10.640000152587891,5,3900,HOU@POR,POR,HOU,,,,,,SF
82438-55056,PF,Dario,Dario Saric,Saric,0,1,3900,NO@PHO,PHO,NO,,,,,,PF
82438-110883,PF/SF,Dean,Dean Wade,Wade,16.424999237060547,4,3900,CLE@BOS,CLE,BOS,,,,,,SF/PF
82438-145819,SF,Naji,Naji Marshall,Marshall,12.699999809265137,4,3900,NO@PHO,NO,PHO,,,,,,SF
82438-145313,PF/SF,Jordan,Jordan Nwora,Nwora,10.299999872843424,3,3900,NY@MIL,MIL,NY,,,,,,SF/PF
82438-80811,SF/PF,Jonathan,Jonathan Isaac,Isaac,,,3900,CHA@ORL,ORL,CHA,O,Knee,,,,SF/PF
82438-158137,C,Jock,Jock Landale,Landale,18.524999618530273,4,3900,NO@PHO,PHO,NO,,,,,,C
82438-18376,SG,Damion,Damion Lee,Lee,13.625,4,3900,NO@PHO,PHO,NO,,,,,,SG
82438-101329,SG/PG,Kendrick,Kendrick Nunn,Nunn,9.699999809265137,4,3900,LAL@MIN,LAL,MIN,,,,,,PG/SG
82438-18393,PG/SG,T.J.,T.J. McConnell,McConnell,12.359999847412109,5,3900,IND@WAS,IND,WAS,,,,,,PG/SG
82438-9703,PG,George,George Hill,Hill,14.40000025431315,3,3900,NY@MIL,MIL,NY,,,,,,PG
82438-97263,C/PF,Drew,Drew Eubanks,Eubanks,9.919999694824218,5,3900,HOU@POR,POR,HOU,,,,,,PF/C
82438-23572,SF/PF,Taurean,Taurean Prince,Prince,11.65999984741211,5,3800,LAL@MIN,MIN,LAL,,,,,,SF/PF
82438-117283,SF,Oshae,Oshae Brissett,Brissett,2.299999952316284,2,3800,IND@WAS,IND,WAS,,,,,,SF
82438-16448,PF/C,Frank,Frank Kaminsky,Kaminsky,22.63333299424913,9,3800,ATL@DET,ATL,DET,,,,,,PF/C
82438-157803,SG,Josh,Josh Christopher,Christopher,5.425000190734863,4,3800,HOU@POR,HOU,POR,,,,,,SG
82438-145539,SF/PF,Deni,Deni Avdija,Avdija,17.950000762939453,4,3800,IND@WAS,WAS,IND,,,,,,SF/PF
82438-84696,PG/SG,Jevon,Jevon Carter,Carter,10.800000508626303,3,3800,NY@MIL,MIL,NY,,,,,,PG/SG
82438-110340,PF,Jaxson,Jaxson Hayes,Hayes,1.4500000476837158,2,3800,NO@PHO,NO,PHO,,,,,,PF
82438-110346,PF/C,Isaiah,Isaiah Roby,Roby,13.300000190734863,4,3800,CHI@SA,SA,CHI,,,,,,PF/C
82438-110356,SG/SF,Nickeil,Nickeil Alexander-Walker,Alexander-Walker,2.5,2,3800,UTA@DEN,UTA,DEN,,,,,,SG/SF
82438-9561,C,DeAndre,DeAndre Jordan,Jordan,9.449999809265137,4,3800,UTA@DEN,DEN,UTA,,,,,,C
82438-66968,SF/PF,Derrick,Derrick Jones,Jones,11.566666920979818,3,3800,CHI@SA,CHI,SA,,,,,,SF/PF
82438-15771,C,Gorgui,Gorgui Dieng,Dieng,10.333333333333334,3,3800,CHI@SA,SA,CHI,,,,,,C
82438-145333,SG,Aaron,Aaron Nesmith,Nesmith,14.560000610351562,5,3800,IND@WAS,IND,WAS,,,,,,SG
82438-9666,PF,Thaddeus,Thaddeus Young,Young,6.700000127156575,3,3800,PHI@TOR,TOR,PHI,,,,,,PF
82438-9673,PG,Goran,Goran Dragic,Dragic,16.73999938964844,5,3800,CHI@SA,CHI,SA,,,,,,PG
82438-117779,PF,Juan,Juan Toscano-Anderson,Toscano-Anderson,9.274999618530273,4,3700,LAL@MIN,LAL,MIN,O,Ankle,,,,PF
82438-9799,SG,Wesley,Wesley Matthews,Matthews,9.566666920979818,3,3700,NY@MIL,MIL,NY,,,,,,SG
82438-23156,PF,Georges,Georges Niang,Niang,7.219999694824219,5,3700,PHI@TOR,PHI,TOR,,,,,,PF
82438-157819,SF,Corey,Corey Kispert,Kispert,14.718182452313311,77,3700,IND@WAS,WAS,IND,O,Ankle,,,,SF
82438-14529,PG,Cory,Cory Joseph,Joseph,12.019999694824218,5,3700,ATL@DET,DET,ATL,,,,,,PG
82438-84675,C,Mo,Mo Bamba,Bamba,6.880000305175781,5,3700,CHA@ORL,ORL,CHA,,,,,,C
82438-110325,C,Daniel,Daniel Gafford,Gafford,15.175000190734863,4,3700,IND@WAS,WAS,IND,,,,,,C
82438-84724,SG,Landry,Landry Shamet,Shamet,9.600000381469727,2,3700,NO@PHO,PHO,NO,,,,,,SG
82438-9475,PG/SG,Derrick,Derrick Rose,Rose,14.199999809265137,4,3700,NY@MIL,NY,MIL,,,,,,PG/SG
82438-171781,SG,Ochai,Ochai Agbaji,Agbaji,0,1,3700,UTA@DEN,UTA,DEN,,,,,,SG
82438-171786,C,Mark,Mark Williams,Williams,3.4000000953674316,2,3700,CHA@ORL,CHA,ORL,,,,,,C
82438-20277,SG/SF,Torrey,Torrey Craig,Craig,11.524999618530273,4,3700,NO@PHO,PHO,NO,,,,,,SG/SF
82438-9560,PF/C,Blake,Blake Griffin,Griffin,7.099999745686849,3,3700,CLE@BOS,BOS,CLE,,,,,,PF/C
82438-110995,C,Naz,Naz Reid,Reid,13.574999809265137,4,3700,LAL@MIN,MIN,LAL,,,,,,C
82438-48567,PG/SG,Cameron,Cameron Payne,Payne,13.024999618530273,4,3700,NO@PHO,PHO,NO,,,,,,PG/SG
82438-157804,SG,Keon,Keon Johnson,Johnson,7.5,2,3600,HOU@POR,POR,HOU,,,,,,SG
82438-157810,PF,Isaiah,Isaiah Livers,Livers,15.800000508626303,3,3600,ATL@DET,DET,ATL,,,,,,PF
82438-157815,PF,JT,JT Thor,Thor,8.200000127156576,3,3600,CHA@ORL,CHA,ORL,,,,,,PF
82438-81529,PF/C,Daniel,Daniel Theis,Theis,15.857142857142858,63,3600,IND@WAS,IND,WAS,O,Knee,,,,PF/C
82438-157818,SG,James,James Bouknight,Bouknight,11.100000381469727,4,3600,CHA@ORL,CHA,ORL,,,,,,SG
82438-41082,C,Damian,Damian Jones,Jones,8.133333206176758,3,3600,LAL@MIN,LAL,MIN,,,,,,C
82438-157821,PG,Dalano,Dalano Banton,Banton,5.9,5,3600,PHI@TOR,TOR,PHI,,,,,,PG
82438-157826,SG/SF,Quentin,Quentin Grimes,Grimes,11.995651908542799,46,3600,NY@MIL,NY,MIL,O,Foot,,,,SG/SF
82438-9873,C,Robin,Robin Lopez,Lopez,15.649999618530273,2,3600,CLE@BOS,CLE,BOS,,,,,,C
82438-63127,PF/C,Willy,Willy Hernangomez,Hernangomez,8,1,3600,NO@PHO,NO,PHO,,,,,,PF/C
82438-158372,SG,Duane,Duane Washington,Washington,0,1,3600,NO@PHO,PHO,NO,,,,,,SG
82438-70822,SF/PF,Juancho,Juancho Hernangomez,Hernangomez,4.199999809265137,1,3600,PHI@TOR,TOR,PHI,,,,,,SF/PF
82438-14505,C,Bismack,Bismack Biyombo,Biyombo,1.4500000476837158,2,3600,NO@PHO,PHO,NO,,,,,,C
82438-84668,SF,Troy,Troy Brown,Brown,16.649999618530273,2,3600,LAL@MIN,LAL,MIN,,,,,,SF
82438-160963,PG,Daishen,Daishen Nix,Nix,6.133333206176758,3,3600,HOU@POR,HOU,POR,,,,,,PG
82438-84674,SF/PF,Kevin,Kevin Knox,Knox,3.799999952316284,4,3600,ATL@DET,DET,ATL,,,,,,SF/PF
82438-16081,C/PF,Khem,Khem Birch,Birch,4.300000190734863,2,3600,PHI@TOR,TOR,PHI,,,,,,PF/C
82438-84699,SG/SF,Hamidou,Hamidou Diallo,Diallo,8.95999984741211,5,3600,ATL@DET,DET,ATL,,,,,,SG/SF
82438-16604,SF/SG,Justin,Justin Holiday,Holiday,11.5,4,3600,ATL@DET,ATL,DET,,,,,,SG/SF
82438-23776,C,Montrezl,Montrezl Harrell,Harrell,3.1200000762939455,5,3600,PHI@TOR,PHI,TOR,,,,,,C
82438-9957,PF/C,Serge,Serge Ibaka,Ibaka,9.100000381469727,2,3600,NY@MIL,MIL,NY,,,,,,PF/C
82438-171752,SF,AJ,AJ Griffin,Griffin,14,1,3600,ATL@DET,ATL,DET,,,,,,SF
82438-84714,PF,Moritz,Moritz Wagner,Wagner,16.125397212921627,63,3600,CHA@ORL,ORL,CHA,O,Foot,,,,PF
82438-84719,PG,Aaron,Aaron Holiday,Holiday,10.699999809265137,4,3600,ATL@DET,ATL,DET,,,,,,PG
82438-110320,SF,Matisse,Matisse Thybulle,Thybulle,0,4,3600,PHI@TOR,PHI,TOR,,,,,,SF
82438-171763,SG,Dalen,Dalen Terry,Terry,0.3333333333333333,3,3600,CHI@SA,CHI,SA,,,,,,SG
82438-171766,SG,Johnny,Johnny Davis,Davis,1.2000000476837158,1,3600,IND@WAS,WAS,IND,,,,,,SG
82438-171768,PG,TyTy,TyTy Washington,Washington,,,3600,HOU@POR,HOU,POR,O,Knee,,,,PG
82438-23294,SF,Danuel,Danuel House,House,7.919999694824218,5,3600,PHI@TOR,PHI,TOR,,,,,,SF
82438-171784,PG,Dyson,Dyson Daniels,Daniels,15.800000190734863,2,3600,NO@PHO,NO,PHO,GTD,Ankle,,,,PG
82438-40208,PG,Raul,Raul Neto,Neto,8.550000190734863,4,3600,CLE@BOS,CLE,BOS,,,,,,PG
82438-145309,C,Udoka,Udoka Azubuike,Azubuike,11.129411585190716,17,3600,UTA@DEN,UTA,DEN,,,,,,C
82438-145329,C,Paul,Paul Reed,Reed,2.4666666984558105,3,3600,PHI@TOR,PHI,TOR,,,,,,C
82438-145341,SF/SG,Isaac,Isaac Okoro,Okoro,2.450000047683716,4,3600,CLE@BOS,CLE,BOS,,,,,,SG/SF
82438-145344,PG/SG,Malachi,Malachi Flynn,Flynn,4.5,2,3600,PHI@TOR,TOR,PHI,,,,,,PG/SG
82438-163280,C,Olivier,Olivier Sarr,Sarr,15.186363913796164,22,3600,HOU@POR,POR,HOU,O,Wrist,,,,C
82438-24544,SG/SF,Gary,Gary Harris,Harris,18.53114794121414,61,3600,CHA@ORL,ORL,CHA,O,Knee,,,,SG/SF
82438-158243,SF,Ish,Ish Wainright,Wainright,5.596153846153846,52,3500,NO@PHO,PHO,NO,GTD,Back,,,,SF
82438-117285,SF,Vlatko,Vlatko Cancar,Cancar,-0.5,2,3500,UTA@DEN,DEN,UTA,,,,,,SF
82438-172087,SG,Buddy,Buddy Boeheim,Boeheim,0,1,3500,ATL@DET,DET,ATL,,,,,,SG
82438-172098,SF,Julian,Julian Champagnie,Champagnie,,,3500,PHI@TOR,PHI,TOR,,,,,,SF
82438-145490,PG,Trevelin,Trevelin Queen,Queen,7.919999694824218,10,3500,IND@WAS,IND,WAS,,,,,,PG
82438-145491,PF,Nathan,Nathan Knight,Knight,1.2000000476837158,2,3500,LAL@MIN,MIN,LAL,,,,,,PF
82438-162411,SF,Matt,Matt Ryan,Ryan,6.533333460489909,3,3500,LAL@MIN,LAL,MIN,,,,,,SF
82438-157807,C,Luka,Luka Garza,Garza,11.34375,32,3500,LAL@MIN,MIN,LAL,,,,,,C
82438-41083,PF,Luke,Luke Kornet,Kornet,3.4000000953674316,2,3500,CLE@BOS,BOS,CLE,,,,,,PF
82438-157817,C,Kai,Kai Jones,Jones,1.5,2,3500,CHA@ORL,CHA,ORL,,,,,,C
82438-145534,C,Marko,Marko Simonovic,Simonovic,0,1,3500,CHI@SA,CHI,SA,,,,,,C
82438-145535,SF,Leandro,Leandro Bolmaro,Bolmaro,0,1,3500,UTA@DEN,UTA,DEN,,,,,,SF
82438-157823,PF,Greg,Greg Brown,Brown,5.5,2,3500,HOU@POR,POR,HOU,,,,,,PF
82438-157824,PG,Miles,Miles McBride,McBride,0,1,3500,NY@MIL,NY,MIL,,,,,,PG
82438-157825,C,Jericho,Jericho Sims,Sims,1.2000000476837158,1,3500,NY@MIL,NY,MIL,,,,,,C
82438-158854,SF,Sam,Sam Hauser,Hauser,7.074999809265137,4,3500,CLE@BOS,BOS,CLE,,,,,,SF
82438-158855,SF,Justin,Justin Champagnie,Champagnie,5.886110941569011,36,3500,PHI@TOR,TOR,PHI,,,,,,SF
82438-145540,PG,Vit,Vit Krejci,Krejci,1.5,1,3500,ATL@DET,ATL,DET,,,,,,PG
82438-171658,SF,Johnny,Johnny Juzang,Juzang,,,3500,UTA@DEN,UTA,DEN,,,,,,SF
82438-157833,SF,Jalen,Jalen Johnson,Johnson,5.849999904632568,4,3500,ATL@DET,ATL,DET,,,,,,SF
82438-145548,PF,Anthony,Anthony Gill,Gill,4.625,4,3500,IND@WAS,WAS,IND,,,,,,PF
82438-171660,SF,Ron,Ron Harper,Harper,,,3500,PHI@TOR,TOR,PHI,,,,,,SF
82438-171661,PG,Scotty,Scotty Pippen,Pippen,2,1,3500,LAL@MIN,LAL,MIN,,,,,,PG
82438-157842,C,Charles,Charles Bassey,Bassey,8.63076899601863,26,3500,CHI@SA,SA,CHI,,,,,,C
82438-171666,PG,Trevor,Trevor Hudgins,Hudgins,3,1,3500,HOU@POR,HOU,POR,,,,,,PG
82438-171667,PF,Michael,Michael Foster,Foster,,,3500,PHI@TOR,PHI,TOR,,,,,,PF
82438-157840,PG,Jaden,Jaden Springer,Springer,6.400000095367432,1,3500,PHI@TOR,PHI,TOR,,,,,,PG
82438-157846,PF/C,Sandro,Sandro Mamukelashvili,Mamukelashvili,-1,1,3500,NY@MIL,MIL,NY,,,,,,PF/C
82438-171670,SG,Dereon,Dereon Seabron,Seabron,,,3500,NO@PHO,NO,PHO,,,,,,SG
82438-171668,PG,Collin,Collin Gillespie,Gillespie,,,3500,UTA@DEN,DEN,UTA,O,Lower leg,,,,PG
82438-171672,SG,A.J.,A.J. Green,Green,1.5,1,3500,NY@MIL,MIL,NY,,,,,,SG
82438-14496,PG,Ricky,Ricky Rubio,Rubio,30.285292681525736,34,3500,CLE@BOS,CLE,BOS,O,Knee,,,,PG
82438-171680,SF,Cole,Cole Swider,Swider,2.700000047683716,1,3500,LAL@MIN,LAL,MIN,O,Foot,,,,SF
82438-70826,SG/SF,Furkan,Furkan Korkmaz,Korkmaz,0,1,3500,PHI@TOR,PHI,TOR,,,,,,SG/SF
82438-173747,SF,Simone,Simone Fontecchio,Fontecchio,3.950000047683716,4,3500,UTA@DEN,UTA,DEN,O,Covid-19,,,,SF
82438-23740,PG/SG,Ryan,Ryan Arcidiacono,Arcidiacono,0,1,3500,NY@MIL,NY,MIL,,,,,,PG/SG
82438-164036,SF,Braxton,Braxton Key,Key,4,1,3500,ATL@DET,DET,ATL,,,,,,SF
82438-161487,PG,Jeff,Jeff Dowtin,Dowtin,7.622222052680121,9,3500,PHI@TOR,TOR,PHI,,,,,,PG
82438-84689,SF/SG,Josh,Josh Okogie,Okogie,3.75,4,3500,NO@PHO,PHO,NO,,,,,,SG/SF
82438-84688,PF,Keita,Keita Bates-Diop,Bates-Diop,6.1,5,3500,CHI@SA,SA,CHI,,,,,,PF
82438-161491,SF,Malcolm,Malcolm Hill,Hill,0.6000000238418579,2,3500,CHI@SA,CHI,SA,,,,,,SF
82438-84691,PG,Shake,Shake Milton,Milton,2.700000047683716,1,3500,PHI@TOR,PHI,TOR,,,,,,PG
82438-157910,PF,Isaiah,Isaiah Todd,Todd,0,1,3500,IND@WAS,WAS,IND,,,,,,PF
82438-145623,PF,Mamadi,Mamadi Diakite,Diakite,12.676923311673677,13,3500,CLE@BOS,CLE,BOS,,,,,,PF
82438-12511,PG/SG,Ish,Ish Smith,Smith,2.133333365122477,3,3500,UTA@DEN,DEN,UTA,,,,,,PG/SG
82438-171745,SG,Kendall,Kendall Brown,Brown,,,3500,IND@WAS,IND,WAS,,,,,,SG
82438-171750,SG,Blake,Blake Wesley,Wesley,,,3500,CHI@SA,SA,CHI,,,,,,SG
82438-84708,PF/C,Robert,Robert Williams,Williams,31.071796123798077,78,3500,CLE@BOS,BOS,CLE,O,Knee,,,,PF/C
82438-171751,SG,Max,Max Christie,Christie,4.449999809265137,2,3500,LAL@MIN,LAL,MIN,,,,,,SG
82438-171748,SF,Malaki,Malaki Branham,Branham,,,3500,CHI@SA,SA,CHI,,,,,,SF
82438-15592,SG/PG,Austin,Austin Rivers,Rivers,0.6000000238418579,2,3500,LAL@MIN,MIN,LAL,,,,,,PG/SG
82438-84713,SG,Svi,Svi Mykhailiuk,Mykhailiuk,5.400000095367432,1,3500,NY@MIL,NY,MIL,,,,,,SG
82438-171753,SG,Tyrese,Tyrese Martin,Martin,2,1,3500,ATL@DET,ATL,DET,,,,,,SG
82438-23788,SG,Bryn,Bryn Forbes,Forbes,3.049999952316284,4,3500,LAL@MIN,MIN,LAL,,,,,,SG
82438-9966,SF/PF,James,James Johnson,Johnson,11.899999618530273,1,3500,IND@WAS,IND,WAS,,,,,,SF/PF
82438-110321,SG,Romeo,Romeo Langford,Langford,3.2333332697550454,3,3500,CHI@SA,SA,CHI,,,,,,SG
82438-171762,PG,JD,JD Davison,Davison,,,3500,CLE@BOS,BOS,CLE,,,,,,PG
82438-171761,SG,Peyton,Peyton Watson,Watson,2.7999998728434243,3,3500,UTA@DEN,DEN,UTA,,,,,,SG
82438-84725,PF,Kostas,Kostas Antetokounmpo,Antetokounmpo,,,3500,CHI@SA,CHI,SA,,,,,,PF
82438-173815,PF,Darius,Darius Days,Days,,,3500,HOU@POR,HOU,POR,,,,,,PF
82438-171764,SF,Jabari,Jabari Walker,Walker,7.25,2,3500,HOU@POR,POR,HOU,,,,,,SF
82438-110328,SF,Admiral,Admiral Schofield,Schofield,7.7973680998149675,38,3500,CHA@ORL,ORL,CHA,,,,,,SF
82438-171771,SF,Caleb,Caleb Houstan,Houstan,7.066666920979817,3,3500,CHA@ORL,ORL,CHA,,,,,,SF
82438-110333,SF/SG,Jarrett,Jarrett Culver,Culver,7.825,40,3500,ATL@DET,ATL,DET,,,,,,SG/SF
82438-171774,SG,Trevor,Trevor Keels,Keels,1.2000000476837158,1,3500,NY@MIL,NY,MIL,,,,,,SG
82438-171778,SG,Wendell,Wendell Moore,Moore,-1,1,3500,LAL@MIN,MIN,LAL,,,,,,SG
82438-171776,SF,Josh,Josh Minott,Minott,,,3500,LAL@MIN,MIN,LAL,,,,,,SF
82438-110341,SG,Dylan,Dylan Windler,Windler,6.055999755859375,50,3500,CLE@BOS,CLE,BOS,O,Ankle,,,,SG
82438-171782,PF,Isaiah,Isaiah Mobley,Mobley,4.199999809265137,1,3500,CLE@BOS,CLE,BOS,,,,,,PF
82438-171783,PF,E.J.,E.J. Liddell,Liddell,,,3500,NO@PHO,NO,PHO,O,Knee,,,,PF
82438-180485,PF,John,John Butler,Butler,,,3500,HOU@POR,POR,HOU,,,,,,PF
82438-9481,C,Taj,Taj Gibson,Gibson,0,1,3500,IND@WAS,WAS,IND,,,,,,C
82438-171785,SG,Bryce,Bryce McGowens,McGowens,1.6666666666666667,3,3500,CHA@ORL,CHA,ORL,,,,,,SG
82438-111372,SF/PF,Thanasis,Thanasis Antetokounmpo,Antetokounmpo,0,1,3500,NY@MIL,MIL,NY,,,,,,SF/PF
82438-23825,C,Nerlens,Nerlens Noel,Noel,18.06800048828125,25,3500,ATL@DET,DET,ATL,,,,,,C
82438-110355,SF,Mfiondu,Mfiondu Kabengele,Kabengele,,,3500,CLE@BOS,BOS,CLE,,,,,,SF
82438-161552,PF,Micah,Micah Potter,Potter,9.266666412353516,3,3500,UTA@DEN,UTA,DEN,,,,,,PF
82438-58134,SF,Justin,Justin Jackson,Jackson,6,1,3500,CLE@BOS,BOS,CLE,,,,,,SF
82438-171802,SF,MarJon,MarJon Beauchamp,Beauchamp,2,1,3500,NY@MIL,MIL,NY,,,,,,SF
82438-162096,SF,Jordan,Jordan Schakel,Schakel,4.150000095367432,4,3500,IND@WAS,WAS,IND,,,,,,SF
82438-40255,SF,Davon,Davon Reed,Reed,3.5250000953674316,4,3500,UTA@DEN,DEN,UTA,GTD,Personal,,,,SF
82438-11074,SF,Garrett,Garrett Temple,Temple,12.47999979654948,60,3500,NO@PHO,NO,PHO,,,,,,SF
82438-173899,SF,Jack,Jack White,White,3,1,3500,UTA@DEN,DEN,UTA,,,,,,SF
82438-63826,C,Boban,Boban Marjanovic,Marjanovic,2.7000001271565757,3,3500,HOU@POR,HOU,POR,,,,,,C
82438-15744,SG,Rodney,Rodney McGruder,McGruder,4.199999809265137,1,3500,ATL@DET,DET,ATL,,,,,,SG
82438-171925,SF,Dominick,Dominick Barlow,Barlow,,,3500,CHI@SA,SA,CHI,,,,,,SF
82438-145305,PF/C,Zeke,Zeke Nnaji,Nnaji,2.5,4,3500,UTA@DEN,DEN,UTA,,,,,,PF/C
82438-145822,SG,Kevon,Kevon Harris,Harris,5.299999872843425,3,3500,CHA@ORL,ORL,CHA,,,,,,SG
82438-145312,PF/C,Vernon,Vernon Carey,Carey,5.771428789411273,7,3500,IND@WAS,WAS,IND,,,,,,PF/C
82438-9637,SF/PF,Danilo,Danilo Gallinari,Gallinari,20.506849315068493,73,3500,CLE@BOS,BOS,CLE,O,Knee,,,,SF/PF
82438-145316,PG,Kira,Kira Lewis,Lewis,11.304166158040365,24,3500,NO@PHO,NO,PHO,O,Knee,,,,PG
82438-80806,PG,Lonzo,Lonzo Ball,Ball,32.94285714285714,35,3500,CHI@SA,CHI,SA,O,Knee,,,,PG
82438-160174,PG,Jordan,Jordan Goodwin,Goodwin,4.599999904632568,1,3500,IND@WAS,WAS,IND,,,,,,PG
82438-160178,SF,Feron,Feron Hunt,Hunt,2.3499999046325684,2,3500,NY@MIL,NY,MIL,,,,,,SF
82438-145335,PG/SG,Payton,Payton Pritchard,Pritchard,5.099999904632568,2,3500,CLE@BOS,BOS,CLE,,,,,,PG/SG
82438-59318,SG/SF,Joe,Joe Ingles,Ingles,16.82666693793403,45,3500,NY@MIL,MIL,NY,O,Knee,,,,SG/SF
82438-80823,PF/C,Tony,Tony Bradley,Bradley,1.7999999523162842,2,3500,CHI@SA,CHI,SA,,,,,,PF/C
82438-15800,PF/SF,Jae,Jae Crowder,Crowder,23.10625,80,3500,NO@PHO,PHO,NO,O,Not injury related,,,,SF/PF
82438-145352,SG,Trent,Trent Forrest,Forrest,1.5,1,3500,ATL@DET,ATL,DET,,,,,,SG
82438-145357,PF,Lamar,Lamar Stevens,Stevens,1.2000000476837158,1,3500,CLE@BOS,CLE,BOS,,,,,,PF
82438-85466,PF,Wenyen,Wenyen Gabriel,Gabriel,1.350000023841858,2,3500,LAL@MIN,LAL,MIN,,,,,,PF