Id,Position,First Name,Nickname,Last Name,FPPG,Played,Salary,Game,Team,Opponent,Injury Indicator,Injury Details,Tier,,,Roster Position
98607-49111,C,Joel,Joel Embiid,Embiid,63.14666748046875,30,12500,PHI@CHA,PHI,CHA,GTD,Knee,,,,C
98607-84680,PG,Shai,Shai Gilgeous-Alexander,Gilgeous-Alexander,54.35250244140625,40,11000,OKC@MIN,OKC,MIN,,,,,,PG
98607-66113,SG/PG,Donovan,Donovan Mitchell,Mitchell,47.85333251953125,30,10600,CLE@ATL,CLE,ATL,,,,,,PG/SG
98607-84671,PG,Trae,Trae Young,Young,47.95263029399671,38,10200,CLE@ATL,ATL,CLE,GTD,Illness,,,,PG
98607-188414,PF/C,Victor,Victor Wembanyama,Wembanyama,45.885714285714286,35,10200,SA@WAS,SA,WAS,,,,,,PF/C
98607-145485,PG,LaMelo,LaMelo Ball,Ball,45.16842169510691,19,9600,PHI@CHA,CHA,PHI,GTD,Ankle,,,,PG
98607-80812,PF/SF,Lauri,Lauri Markkanen,Markkanen,41.04242498224432,33,9300,UTA@HOU,UTA,HOU,,,,,,SF/PF
98607-145321,SG/SF,Anthony,Anthony Edwards,Edwards,42.24473812705592,38,9200,OKC@MIN,MIN,OKC,,,,,,SG/SF
98607-145331,PG,Tyrese,Tyrese Maxey,Maxey,43.758973732972755,39,9200,PHI@CHA,PHI,CHA,,,,,,PG
98607-84690,PG,Jalen,Jalen Brunson,Brunson,41.742498779296874,40,9100,TOR@NY,NY,TOR,,,,,,PG
98607-157822,PF/SF,Scottie,Scottie Barnes,Barnes,44.94285656156994,42,9000,TOR@NY,TOR,NY,,,,,,SF/PF
98607-157908,C,Alperen,Alperen Sengun,Sengun,42.970001220703125,40,9000,UTA@HOU,HOU,UTA,,,,,,C
98607-42669,PF,Julius,Julius Randle,Randle,41.521429152715776,42,8800,TOR@NY,NY,TOR,,,,,,PF
98607-80821,C/PF,Jarrett,Jarrett Allen,Allen,35.52647130629595,34,8600,CLE@ATL,CLE,ATL,,,,,,PF/C
98607-84683,PF/C,Jaren,Jaren Jackson,Jackson,36.799998747996796,39,8500,MEM@CHI,MEM,CHI,,,,,,PF/C
98607-42677,SG/PG,Terry,Terry Rozier,Rozier,40.93571254185268,28,8400,PHI@CHA,CHA,PHI,,,,,,PG/SG
98607-40203,C,Rudy,Rudy Gobert,Gobert,36.870001220703124,40,8400,OKC@MIN,MIN,OKC,,,,,,C
98607-58377,SF/PF,Kyle,Kyle Kuzma,Kuzma,36.5,40,8300,SA@WAS,WAS,SA,,,,,,SF/PF
98607-14514,C,Nikola,Nikola Vucevic,Vucevic,37.921052631578945,38,8300,MEM@CHI,CHI,MEM,,,,,,C
98607-58462,PF/C,Karl-Anthony,Karl-Anthony Towns,Towns,37.91000061035156,40,8200,OKC@MIN,MIN,OKC,,,,,,PF/C
98607-24247,PG,Fred,Fred VanVleet,VanVleet,38.287178235176285,39,8200,UTA@HOU,HOU,UTA,,,,,,PG
98607-67708,SG/PG,Dejounte,Dejounte Murray,Murray,36.951219512195124,41,8100,CLE@ATL,ATL,CLE,,,,,,PG/SG
98607-9714,SF,DeMar,DeMar DeRozan,DeRozan,38.58536585365854,41,8100,MEM@CHI,CHI,MEM,,,,,,SF
98607-171759,C,Chet,Chet Holmgren,Holmgren,37.956096370045735,41,8000,OKC@MIN,OKC,MIN,,,,,,C
98607-171760,SF/SG,Jalen,Jalen Williams,Williams,33.32105134662829,38,8000,OKC@MIN,OKC,MIN,,,,,,SG/SF
98607-110342,PG,Darius,Darius Garland,Garland,34.45,20,7900,CLE@ATL,CLE,ATL,O,Jaw,,,,PG
98607-157845,PF/C,Evan,Evan Mobley,Mobley,38.07142857142857,21,7800,CLE@ATL,CLE,ATL,O,Knee,,,,PF/C
98607-14518,PF/SF,Tobias,Tobias Harris,Harris,32.80512883112981,39,7700,PHI@CHA,PHI,CHA,,,,,,SF/PF
98607-110326,PG,Coby,Coby White,White,32.13720987009447,43,7600,MEM@CHI,CHI,MEM,,,,,,PG
98607-157833,SF/PF,Jalen,Jalen Johnson,Johnson,33.529629177517364,27,7500,CLE@ATL,ATL,CLE,,,,,,SF/PF
98607-80825,PF/C,Isaiah,Isaiah Hartenstein,Hartenstein,25.802379789806547,42,7500,TOR@NY,NY,TOR,,,,,,PF/C
98607-145348,PG/SG,Immanuel,Immanuel Quickley,Quickley,25.2,40,7500,TOR@NY,TOR,NY,,,,,,PG/SG
98607-84678,SF,Miles,Miles Bridges,Bridges,35.94642857142857,28,7400,PHI@CHA,CHA,PHI,,,,,,SF
98607-40783,SG,Zach,Zach LaVine,LaVine,32.9039990234375,25,7400,MEM@CHI,CHI,MEM,O,Ankle,,,,SG
98607-23798,SG/SF,Caris,Caris LeVert,LeVert,29.032258064516128,31,7200,CLE@ATL,CLE,ATL,GTD,Wrist,,,,SG/SF
98607-84667,SG/PG,Collin,Collin Sexton,Sexton,27.102326149164245,43,7100,UTA@HOU,UTA,HOU,,,,,,PG/SG
98607-20640,PG/SG,Jordan,Jordan Clarkson,Clarkson,29.49090946081913,33,7000,UTA@HOU,UTA,HOU,,,,,,PG/SG
98607-110322,PG/SG,Jordan,Jordan Poole,Poole,26.95897498497596,39,6900,SA@WAS,WAS,SA,,,,,,PG/SG
98607-110357,SF,RJ,RJ Barrett,Barrett,29.680555555555557,36,6900,TOR@NY,TOR,NY,,,,,,SF
98607-145324,SG,Devin,Devin Vassell,Vassell,29.794443766276043,36,6900,SA@WAS,SA,WAS,,,,,,SG
98607-157905,SG/PG,Josh,Josh Giddey,Giddey,27.814999389648438,40,6800,OKC@MIN,OKC,MIN,,,,,,PG/SG
98607-110347,PF/SF,Keldon,Keldon Johnson,Johnson,30.933333959334934,39,6800,SA@WAS,SA,WAS,,,,,,SF/PF
98607-58081,PG,Tyus,Tyus Jones,Jones,28.472500610351563,40,6700,SA@WAS,WAS,SA,,,,,,PG
98607-171756,SF/SG,Vince,Vince Williams,Williams,19.574193154611894,31,6700,MEM@CHI,MEM,CHI,,,,,,SG/SF
98607-55059,C,Clint,Clint Capela,Capela,31.243589743589745,39,6700,CLE@ATL,ATL,CLE,,,,,,C
98607-110325,C,Daniel,Daniel Gafford,Gafford,29.919443766276043,36,6600,SA@WAS,WAS,SA,O,Concussion,,,,C
98607-171767,PF,Jabari,Jabari Smith,Smith,28.643589117588142,39,6600,UTA@HOU,HOU,UTA,,,,,,PF
98607-145323,PG,Tre,Tre Jones,Jones,22.370270600190032,37,6600,SA@WAS,SA,WAS,,,,,,PG
98607-58378,C,Jakob,Jakob Poeltl,Poeltl,28.86944580078125,36,6500,TOR@NY,TOR,NY,O,Ankle,,,,C
98607-66236,PF/C,John,John Collins,Collins,27.112821138822117,39,6500,UTA@HOU,UTA,HOU,,,,,,PF/C
98607-171749,PG/PF,Jeremy,Jeremy Sochan,Sochan,25.35609696551067,41,6500,SA@WAS,SA,WAS,,,,,,PG/PF
98607-68090,SF/SG,OG,OG Anunoby,Anunoby,27.140540870460303,37,6500,TOR@NY,NY,TOR,,,,,,SG/SF
98607-145539,SF/PF,Deni,Deni Avdija,Avdija,27.645001220703126,40,6400,SA@WAS,WAS,SA,,,,,,SF/PF
98607-145318,C,Nick,Nick Richards,Richards,23.034374237060547,32,6400,PHI@CHA,CHA,PHI,GTD,Ankle,,,,C
98607-84703,SG/PG,De'Anthony,De'Anthony Melton,Melton,26.51212195194129,33,6300,PHI@CHA,PHI,CHA,O,Back,,,,PG/SG
98607-80815,PF/C,Zach,Zach Collins,Collins,26.774999618530273,32,6300,SA@WAS,SA,WAS,GTD,Rest,,,,PF/C
98607-145336,C,Xavier,Xavier Tillman,Tillman,20.02068881330819,29,6300,MEM@CHI,MEM,CHI,GTD,Knee,,,,C
98607-157907,SG/PG,Jalen,Jalen Green,Green,28.0125,40,6200,UTA@HOU,HOU,UTA,,,,,,PG/SG
98607-171786,C,Mark,Mark Williams,Williams,30.88420988384046,19,6200,PHI@CHA,CHA,PHI,O,Back,,,,C
98607-110995,C/PF,Naz,Naz Reid,Reid,23.073170731707318,41,6200,OKC@MIN,MIN,OKC,,,,,,PF/C
98607-112708,SG/SF,Max,Max Strus,Strus,27.22564227764423,39,6100,CLE@ATL,CLE,ATL,,,,,,SG/SF
98607-171777,C,Walker,Walker Kessler,Kessler,27.388570731026785,35,6100,UTA@HOU,UTA,HOU,,,,,,C
98607-145304,C/PF,Onyeka,Onyeka Okongwu,Okongwu,23.19499969482422,40,6100,CLE@ATL,ATL,CLE,,,,,,PF/C
98607-15557,C,Andre,Andre Drummond,Drummond,22.493023539698402,43,6000,MEM@CHI,CHI,MEM,GTD,Back,,,,C
98607-84679,PF/C,Marvin,Marvin Bagley,Bagley,19.381481029369212,27,6000,SA@WAS,WAS,SA,,,,,,PF/C
98607-55060,SF/SG,Bogdan,Bogdan Bogdanovic,Bogdanovic,28.28717823517628,39,6000,CLE@ATL,ATL,CLE,GTD,Ankle,,,,SG/SF
98607-188444,PF,GG,GG Jackson,Jackson,11.788888719346788,9,5900,MEM@CHI,MEM,CHI,,,,,,PF
98607-84681,SG/SF,Donte,Donte DiVincenzo,DiVincenzo,21.385714576357888,42,5900,TOR@NY,NY,TOR,,,,,,SG/SF
98607-84694,SF,Bruce,Bruce Brown,Brown,24.961765064912683,34,5900,TOR@NY,TOR,NY,,,,,,SF
98607-110352,PF/C,P.J.,P.J. Washington,Washington,25.79696932705966,33,5900,PHI@CHA,CHA,PHI,,,,,,PF/C
98607-9575,PG,Mike,Mike Conley,Conley,26.475,40,5900,OKC@MIN,MIN,OKC,,,,,,PG
98607-157844,PF/C,Santi,Santi Aldama,Aldama,22.635484264742942,31,5800,MEM@CHI,MEM,CHI,,,,,,PF/C
98607-171769,SF,Tari,Tari Eason,Eason,25.868180708451703,22,5800,UTA@HOU,HOU,UTA,O,Lower leg,,,,SF
98607-23981,PG/SG,Alex,Alex Caruso,Caruso,23.386111789279514,36,5800,MEM@CHI,CHI,MEM,,,,,,PG/SG
98607-40201,PG,Dennis,Dennis Schroder,Schroder,28.478570847284224,42,5700,TOR@NY,TOR,NY,,,,,,PG
98607-145328,PF/SF,Saddiq,Saddiq Bey,Bey,24.948781083269818,41,5700,CLE@ATL,ATL,CLE,,,,,,SF/PF
98607-12366,SF/SG,Gordon,Gordon Hayward,Hayward,29.8160009765625,25,5600,PHI@CHA,CHA,PHI,O,Calf,,,,SG/SF
98607-145329,C,Paul,Paul Reed,Reed,16.360000610351562,40,5600,PHI@CHA,PHI,CHA,,,,,,C
98607-40562,SG/SF,Josh,Josh Hart,Hart,20.770731111852132,41,5500,TOR@NY,NY,TOR,GTD,Knee,,,,SG/SF
98607-58153,SF/SG,Kelly,Kelly Oubre,Oubre,23.803571428571427,28,5500,PHI@CHA,PHI,CHA,,,,,,SG/SF
98607-23716,SF/PF,Kyle,Kyle Anderson,Anderson,19.68780517578125,41,5400,OKC@MIN,MIN,OKC,,,,,,SF/PF
98607-188412,PG/SG,Keyonte,Keyonte George,George,20.66756789748733,37,5400,UTA@HOU,UTA,HOU,,,,,,PG/SG
98607-188419,SF,Brandon,Brandon Miller,Miller,23.957575017755683,33,5300,PHI@CHA,CHA,PHI,,,,,,SF
98607-22541,C/PF,Kelly,Kelly Olynyk,Olynyk,22.60731766863567,41,5300,UTA@HOU,UTA,HOU,,,,,,PF/C
98607-66046,SG/SF,Luke,Luke Kennard,Kennard,18.438888549804688,18,5300,MEM@CHI,MEM,CHI,,,,,,SG/SF
98607-60233,SG/SF,Dillon,Dillon Brooks,Brooks,21.52258103893649,31,5200,UTA@HOU,HOU,UTA,,,,,,SG/SF
98607-171925,PF,Dominick,Dominick Barlow,Barlow,12.357894897460938,19,5200,SA@WAS,SA,WAS,,,,,,PF
98607-188406,SF,Cam,Cam Whitmore,Whitmore,15.158824247472426,17,5200,UTA@HOU,HOU,UTA,,,,,,SF
98607-111273,SF/SG,Luguentz,Luguentz Dort,Dort,22.079486553485577,39,5100,OKC@MIN,OKC,MIN,,,,,,SG/SF
98607-110338,SF/PF,De'Andre,De'Andre Hunter,Hunter,23.962498982747395,24,5100,CLE@ATL,ATL,CLE,O,Knee,,,,SF/PF
98607-9809,SF/PF,Nicolas,Nicolas Batum,Batum,17.237930824016704,29,5000,PHI@CHA,PHI,CHA,,,,,,SF/PF
98607-84695,SG,Gary,Gary Trent,Trent,18.6729736328125,37,5000,TOR@NY,TOR,NY,,,,,,SG
98607-23802,PG/SG,Kris,Kris Dunn,Dunn,17.211429268973216,35,5000,UTA@HOU,UTA,HOU,,,,,,PG/SG
98607-119602,C,Jontay,Jontay Porter,Porter,17.566667344835068,9,5000,TOR@NY,TOR,NY,,,,,,C
98607-189467,PG,Craig,Craig Porter,Porter,17.47307645357572,26,4900,CLE@ATL,CLE,ATL,,,,,,PG
98607-84675,C,Mo,Mo Bamba,Bamba,11.71250025431315,24,4900,PHI@CHA,PHI,CHA,O,Knee,,,,C
98607-145319,SF/PF,Jaden,Jaden McDaniels,McDaniels,18.900000787550404,31,4900,OKC@MIN,MIN,OKC,,,,,,SF/PF
98607-145341,SF/SG,Isaac,Isaac Okoro,Okoro,18.636665852864585,30,4900,CLE@ATL,CLE,ATL,,,,,,SG/SF
98607-188416,SF,Bilal,Bilal Coulibaly,Coulibaly,19.46666697966747,39,4800,SA@WAS,WAS,SA,,,,,,SF
98607-68203,C/PF,Chris,Chris Boucher,Boucher,13.66153814853766,39,4800,TOR@NY,TOR,NY,,,,,,PF/C
98607-110351,SG/PG,Cody,Cody Martin,Martin,19.980000305175782,10,4800,PHI@CHA,CHA,PHI,,,,,,PG/SG
98607-40830,PG,Delon,Delon Wright,Wright,16.48421116879112,19,4800,SA@WAS,WAS,SA,,,,,,PG
98607-145317,SG,Sam,Sam Merrill,Merrill,13.25,24,4800,CLE@ATL,CLE,ATL,,,,,,SG
98607-157846,PF/C,Sandro,Sandro Mamukelashvili,Mamukelashvili,7.887500127156575,24,4700,SA@WAS,SA,WAS,,,,,,PF/C
98607-12474,PG,Patrick,Patrick Beverley,Beverley,14.687179174178686,39,4700,PHI@CHA,PHI,CHA,GTD,Illness,,,,PG
98607-145308,SF/PF,Patrick,Patrick Williams,Williams,20.480000305175782,40,4700,MEM@CHI,CHI,MEM,GTD,Ankle,,,,SF/PF
98607-188415,PG/SG,Cason,Cason Wallace,Wallace,14.597560975609756,41,4700,OKC@MIN,OKC,MIN,,,,,,PG/SG
98607-23156,PF,Georges,Georges Niang,Niang,15.97948749248798,39,4600,CLE@ATL,CLE,ATL,,,,,,PF
98607-157849,PG/SG,Ayo,Ayo Dosunmu,Dosunmu,16.670731707317074,41,4600,MEM@CHI,CHI,MEM,GTD,Shoulder,,,,PG/SG
98607-173747,SF,Simone,Simone Fontecchio,Fontecchio,16.66829327839177,41,4600,UTA@HOU,UTA,HOU,,,,,,SF
98607-171755,SF/PF,David,David Roddy,Roddy,15.784210205078125,38,4600,MEM@CHI,MEM,CHI,,,,,,SF/PF
98607-180477,PG,Jacob,Jacob Gilyard,Gilyard,11.800000508626303,24,4600,MEM@CHI,MEM,CHI,,,,,,PG
98607-110883,PF/SF,Dean,Dean Wade,Wade,15.25,32,4500,CLE@ATL,CLE,ATL,,,,,,SF/PF
98607-9666,PF,Thaddeus,Thaddeus Young,Young,10.707142421177455,14,4500,TOR@NY,TOR,NY,,,,,,PF
98607-188405,PG/SG,Amen,Amen Thompson,Thompson,14.980952671595983,21,4500,UTA@HOU,HOU,UTA,,,,,,PG/SG
98607-157843,SF,Ziaire,Ziaire Williams,Williams,15.015383989383013,39,4400,MEM@CHI,MEM,CHI,,,,,,SF
98607-63126,SF/PF,Cedi,Cedi Osman,Osman,14.497561571074694,41,4400,SA@WAS,SA,WAS,,,,,,SF/PF
98607-171748,SF/SG,Malaki,Malaki Branham,Branham,14.544999694824218,40,4400,SA@WAS,SA,WAS,,,,,,SG/SF
98607-9475,PG,Derrick,Derrick Rose,Rose,15.794117647058824,17,4400,MEM@CHI,MEM,CHI,O,Thigh,,,,PG
98607-172098,SF,Julian,Julian Champagnie,Champagnie,12.558823529411764,34,4300,SA@WAS,SA,WAS,,,,,,SF
98607-157824,PG,Miles,Miles McBride,McBride,7.765517136146283,29,4300,TOR@NY,NY,TOR,,,,,,PG
98607-14512,PF/SF,Marcus,Marcus Morris,Morris,12.671875,32,4300,PHI@CHA,PHI,CHA,,,,,,SF/PF
98607-110356,SG/SF,Nickeil,Nickeil Alexander-Walker,Alexander-Walker,15.646341463414634,41,4300,OKC@MIN,MIN,OKC,,,,,,SG/SF
98607-157819,SF,Corey,Corey Kispert,Kispert,16.76923076923077,39,4200,SA@WAS,WAS,SA,,,,,,SF
98607-145576,SF/PF,Jae'Sean,Jae'Sean Tate,Tate,12.781579268606086,38,4200,UTA@HOU,HOU,UTA,,,,,,SF/PF
98607-110337,SG/SF,Talen,Talen Horton-Tucker,Horton-Tucker,22.973333740234374,30,4200,UTA@HOU,UTA,HOU,,,,,,SG/SF
98607-145330,PG,Isaiah,Isaiah Joe,Joe,15.836585068121188,41,4200,OKC@MIN,OKC,MIN,,,,,,PG
98607-84724,SG,Landry,Landry Shamet,Shamet,13.541666666666666,24,4100,SA@WAS,WAS,SA,,,,,,SG
98607-171781,SG,Ochai,Ochai Agbaji,Agbaji,13.160465684047965,43,4100,UTA@HOU,UTA,HOU,,,,,,SG
98607-111376,SF,John,John Konchar,Konchar,13.359375,32,4100,MEM@CHI,MEM,CHI,,,,,,SF
98607-145314,PF/C,Precious,Precious Achiuwa,Achiuwa,16.362857491629466,35,4100,TOR@NY,NY,TOR,,,,,,PF/C
98607-188420,PG/SG,Nick,Nick Smith,Smith,10.84999974568685,24,4000,PHI@CHA,CHA,PHI,,,,,,PG/SG
98607-20491,PF/SF,Robert,Robert Covington,Covington,15.151723927464978,29,4000,PHI@CHA,PHI,CHA,O,Knee,,,,SF/PF
98607-157829,SG,Aaron,Aaron Wiggins,Wiggins,10.131578947368421,38,4000,OKC@MIN,OKC,MIN,,,,,,SG
98607-110350,PF/SF,Jalen,Jalen McDaniels,McDaniels,6.600000234750601,26,4000,TOR@NY,TOR,NY,,,,,,SF/PF
98607-85597,PG,Jordan,Jordan McLaughlin,McLaughlin,8.105000305175782,20,3900,OKC@MIN,MIN,OKC,,,,,,PG
98607-157810,PF,Isaiah,Isaiah Livers,Livers,10.74347852623981,23,3900,SA@WAS,WAS,SA,,,,,,PF
98607-157826,SG/SF,Quentin,Quentin Grimes,Grimes,12.287179800180288,39,3900,TOR@NY,NY,TOR,,,,,,SG/SF
98607-14501,C,Tristan,Tristan Thompson,Thompson,10.661764705882353,34,3900,CLE@ATL,CLE,ATL,,,,,,C
98607-171750,SG,Blake,Blake Wesley,Wesley,7.490000152587891,20,3900,SA@WAS,SA,WAS,,,,,,SG
98607-84719,PG,Aaron,Aaron Holiday,Holiday,11.868421052631579,38,3900,UTA@HOU,HOU,UTA,,,,,,PG
98607-110329,PF/C,Bruno,Bruno Fernando,Fernando,7.208333333333333,12,3900,CLE@ATL,ATL,CLE,,,,,,PF/C
98607-20277,SF/SG,Torrey,Torrey Craig,Craig,15.851851851851851,27,3900,MEM@CHI,CHI,MEM,O,Heel,,,,SG/SF
98607-85305,SF,Kenrich,Kenrich Williams,Williams,12.129999796549479,30,3900,OKC@MIN,OKC,MIN,,,,,,SF
98607-145313,PF/SF,Jordan,Jordan Nwora,Nwora,9.422222561306423,18,3900,TOR@NY,TOR,NY,,,,,,SF/PF
98607-9648,SF,Jeff,Jeff Green,Green,11.435897435897436,39,3900,UTA@HOU,HOU,UTA,,,,,,SF
98607-158137,C,Jock,Jock Landale,Landale,6.517391038977581,23,3900,UTA@HOU,HOU,UTA,,,,,,C
98607-157815,PF,JT,JT Thor,Thor,8.478787508877842,33,3800,PHI@CHA,CHA,PHI,,,,,,PF
98607-157831,PG,Tre,Tre Mann,Mann,8.292307927058292,13,3800,OKC@MIN,OKC,MIN,,,,,,PG
98607-195794,C,Nathan,Nathan Mensah,Mensah,8.353333536783854,15,3800,PHI@CHA,CHA,PHI,,,,,,C
98607-84696,PG,Jevon,Jevon Carter,Carter,9.700000297732469,41,3800,MEM@CHI,CHI,MEM,,,,,,PG
98607-84699,SG/SF,Hamidou,Hamidou Diallo,Diallo,5.449999809265137,2,3800,SA@WAS,WAS,SA,,,,,,SG/SF
98607-171758,PF/C,Jaylin,Jaylin Williams,Williams,10.521212491122158,33,3800,OKC@MIN,OKC,MIN,,,,,,PF/C
98607-171763,SG,Dalen,Dalen Terry,Terry,6.466666892722801,27,3800,MEM@CHI,CHI,MEM,,,,,,SG
98607-171785,SG,Bryce,Bryce McGowens,McGowens,9.478124618530273,32,3800,PHI@CHA,CHA,PHI,GTD,Hip,,,,SG
98607-171795,PF,Ousmane,Ousmane Dieng,Dieng,7.531818043101918,22,3800,OKC@MIN,OKC,MIN,,,,,,PF
98607-18256,PF/SF,Doug,Doug McDermott,McDermott,9.672222561306423,36,3800,SA@WAS,SA,WAS,,,,,,SF/PF
98607-145344,PG,Malachi,Malachi Flynn,Flynn,10.956756591796875,37,3800,TOR@NY,NY,TOR,,,,,,PG
98607-111622,SF,Garrison,Garrison Mathews,Mathews,6.49259270562066,27,3700,CLE@ATL,ATL,CLE,,,,,,SF
98607-171661,PG,Scotty,Scotty Pippen,Pippen,4.799999872843425,6,3700,MEM@CHI,MEM,CHI,,,,,,PG
98607-84691,PG,Shake,Shake Milton,Milton,9.236363266453598,33,3700,OKC@MIN,MIN,OKC,,,,,,PG
98607-12511,PG,Ish,Ish Smith,Smith,10.112500190734863,32,3700,PHI@CHA,CHA,PHI,,,,,,PG
98607-171773,SF,Patrick,Patrick Baldwin,Baldwin,6.599999745686849,12,3700,SA@WAS,WAS,SA,,,,,,SF
98607-55065,PG,Vasilije,Vasilije Micic,Micic,9.509523664202009,21,3700,OKC@MIN,OKC,MIN,,,,,,PG
98607-80813,PG,Frank,Frank Ntilikina,Ntilikina,1.7000000476837158,1,3700,PHI@CHA,CHA,PHI,,,,,,PG
98607-145351,C,Omer,Omer Yurtseven,Yurtseven,10.33750025431315,24,3700,UTA@HOU,UTA,HOU,,,,,,C
98607-145352,SG,Trent,Trent Forrest,Forrest,8.006666564941407,15,3700,CLE@ATL,ATL,CLE,,,,,,SG
98607-188411,PF,Taylor,Taylor Hendricks,Hendricks,11.292307927058292,13,3700,UTA@HOU,UTA,HOU,,,,,,PF
98607-188434,SG/SF,Gradey,Gradey Dick,Dick,6.71904790969122,21,3600,TOR@NY,TOR,NY,,,,,,SG/SF
98607-157818,SG,James,James Bouknight,Bouknight,6.179999923706054,10,3600,PHI@CHA,CHA,PHI,,,,,,SG
98607-41082,C,Damian,Damian Jones,Jones,3.7125000953674316,16,3600,CLE@ATL,CLE,ATL,,,,,,C
98607-145533,PF,KJ,KJ Martin,Martin,4.333333333333333,27,3600,PHI@CHA,PHI,CHA,,,,,,PF
98607-157825,C,Jericho,Jericho Sims,Sims,3.5944442749023438,18,3600,TOR@NY,NY,TOR,,,,,,C
98607-157840,PG,Jaden,Jaden Springer,Springer,8.02500025431315,24,3600,PHI@CHA,PHI,CHA,O,Ankle,,,,PG
98607-158371,SF,Terry,Terry Taylor,Taylor,4.006666564941407,15,3600,MEM@CHI,CHI,MEM,,,,,,SF
98607-84668,SF,Troy,Troy Brown,Brown,8.626470229204964,34,3600,OKC@MIN,MIN,OKC,,,,,,SF
98607-145623,PF,Mamadi,Mamadi Diakite,Diakite,7.200000127156575,3,3600,SA@WAS,SA,WAS,,,,,,PF
98607-84706,PG,Devonte',Devonte' Graham,Graham,9.188888549804688,9,3600,SA@WAS,SA,WAS,,,,,,PG
98607-171752,SF,AJ,AJ Griffin,Griffin,3.7733332316080728,15,3600,CLE@ATL,ATL,CLE,,,,,,SF
98607-110331,PG,Ty,Ty Jerome,Jerome,4.349999904632568,2,3600,CLE@ATL,CLE,ATL,O,Ankle,,,,PG
98607-23294,SF,Danuel,Danuel House,House,6.727999877929688,25,3600,PHI@CHA,PHI,CHA,,,,,,SF
98607-159702,SF,Eugene,Eugene Omoruyi,Omoruyi,8.215789794921875,19,3600,SA@WAS,WAS,SA,,,,,,SF
98607-165854,SG,Lindy,Lindy Waters,Waters,5.3600001017252605,15,3600,OKC@MIN,OKC,MIN,,,,,,SG
98607-188417,SG,Kobe,Kobe Bufkin,Bufkin,1.7000000476837158,2,3500,CLE@ATL,ATL,CLE,,,,,,SG
98607-180737,SG,Nate,Nate Williams,Williams,5.516666412353516,6,3500,UTA@HOU,HOU,UTA,,,,,,SG
98607-188446,SF,Sidy,Sidy Cissoko,Cissoko,4.240000152587891,5,3500,SA@WAS,SA,WAS,O,Ankle,,,,SF
98607-188454,PF,Mouhamed,Mouhamed Gueye,Gueye,1.5,2,3500,CLE@ATL,ATL,CLE,O,Back,,,,PF
98607-188455,SF,Seth,Seth Lundy,Lundy,2.2857142857142856,7,3500,CLE@ATL,ATL,CLE,,,,,,SF
98607-188452,SF,Leonard,Leonard Miller,Miller,6.05999984741211,5,3500,OKC@MIN,MIN,OKC,,,,,,SF
98607-188453,SG,Jaylen,Jaylen Clark,Clark,,,3500,OKC@MIN,MIN,OKC,O,Achilles,,,,SG
98607-117290,SF,Charlie,Charlie Brown,Brown,0.3333333333333333,3,3500,TOR@NY,NY,TOR,,,,,,SF
98607-188462,SF,Emoni,Emoni Bates,Bates,4.7,10,3500,CLE@ATL,CLE,ATL,,,,,,SF
98607-188463,SF,Julian,Julian Phillips,Phillips,2.3904762268066406,21,3500,MEM@CHI,CHI,MEM,,,,,,SF
98607-188466,PG,Amari,Amari Bailey,Bailey,3.200000047683716,2,3500,PHI@CHA,CHA,PHI,,,,,,PG
98607-190515,SG,Onuralp,Onuralp Bitim,Bitim,0,1,3500,MEM@CHI,CHI,MEM,,,,,,SG
98607-110640,PF,Luka,Luka Samanic,Samanic,5.768420972322163,19,3500,UTA@HOU,UTA,HOU,,,,,,PF
98607-188470,PG,Terquavion,Terquavion Smith,Smith,6,1,3500,PHI@CHA,PHI,CHA,,,,,,PG
98607-188471,SG,Ricky,Ricky Council,Council,0.5,2,3500,PHI@CHA,PHI,CHA,,,,,,SG
98607-188468,SF,Keyontae,Keyontae Johnson,Johnson,4.300000190734863,2,3500,OKC@MIN,OKC,MIN,,,,,,SF
98607-188474,SF,Jacob,Jacob Toppin,Toppin,1.5,3,3500,TOR@NY,NY,TOR,,,,,,SF
98607-23096,SF,Evan,Evan Fournier,Fournier,10.766666412353516,3,3500,TOR@NY,NY,TOR,,,,,,SF
98607-188473,SF,Jaylen,Jaylen Martin,Martin,,,3500,TOR@NY,NY,TOR,,,,,,SF
98607-180793,SF,Jermaine,Jermaine Samuels,Samuels,5.100000063578288,6,3500,UTA@HOU,HOU,UTA,,,,,,SF
98607-188477,SG,Markquis,Markquis Nowell,Nowell,10.399999618530273,1,3500,TOR@NY,TOR,NY,,,,,,SG
98607-188480,C,Adama,Adama Sanogo,Sanogo,4.733333269755046,3,3500,MEM@CHI,CHI,MEM,,,,,,C
98607-9799,SG,Wesley,Wesley Matthews,Matthews,6.431578786749589,19,3500,CLE@ATL,ATL,CLE,O,Calf,,,,SG
98607-15947,SG,Reggie,Reggie Bullock,Bullock,5.252941355985754,17,3500,UTA@HOU,HOU,UTA,O,Back,,,,SG
98607-157801,SG,Jared,Jared Butler,Butler,9.27647040872013,17,3500,SA@WAS,WAS,SA,,,,,,SG
98607-157806,PG,Jason,Jason Preston,Preston,6.926666768391927,15,3500,UTA@HOU,UTA,HOU,,,,,,PG
98607-157807,C,Luka,Luka Garza,Garza,3.200000047683716,8,3500,OKC@MIN,MIN,OKC,,,,,,C
98607-23670,PG,Marcus,Marcus Smart,Smart,27.879998779296876,20,3500,MEM@CHI,MEM,CHI,O,Finger,,,,PG
98607-145538,PF/C,Aleksej,Aleksej Pokusevski,Pokusevski,3.3000000544956754,7,3500,OKC@MIN,OKC,MIN,,,,,,PF/C
98607-23169,C,Steven,Steven Adams,Adams,29.892857142857142,42,3500,MEM@CHI,MEM,CHI,O,Knee,,,,C
98607-145540,PG,Vit,Vit Krejci,Krejci,3.6448274809738685,29,3500,CLE@ATL,ATL,CLE,O,Shoulder,,,,PG
98607-171658,SF,Johnny,Johnny Juzang,Juzang,1.5,1,3500,UTA@HOU,UTA,HOU,,,,,,SF
98607-190094,SF,Leaky,Leaky Black,Black,3.9454546841708096,11,3500,PHI@CHA,CHA,PHI,,,,,,SF
98607-145548,PF,Anthony,Anthony Gill,Gill,5.408333460489909,24,3500,SA@WAS,WAS,SA,,,,,,PF
98607-157842,C,Charles,Charles Bassey,Bassey,12.931578786749588,19,3500,SA@WAS,SA,WAS,O,Knee,,,,C
98607-171677,PF,Kenneth,Kenneth Lofton,Lofton,5.650000095367432,16,3500,PHI@CHA,PHI,CHA,GTD,Shoulder,,,,PF
98607-158372,SG,Duane,Duane Washington,Washington,12.183871361517138,31,3500,TOR@NY,NY,TOR,,,,,,SG
98607-70826,SF,Furkan,Furkan Korkmaz,Korkmaz,3.98,25,3500,PHI@CHA,PHI,CHA,,,,,,SF
98607-23740,PG,Ryan,Ryan Arcidiacono,Arcidiacono,0.9799999872843425,15,3500,TOR@NY,NY,TOR,,,,,,PG
98607-160963,PG,Daishen,Daishen Nix,Nix,2.0333333015441895,6,3500,OKC@MIN,MIN,OKC,,,,,,PG
98607-14543,SF,Davis,Davis Bertans,Bertans,6.333333333333333,12,3500,OKC@MIN,OKC,MIN,,,,,,SF
98607-9939,SG/PG,Patty,Patty Mills,Mills,5.970000076293945,10,3500,CLE@ATL,ATL,CLE,,,,,,PG/SG
98607-84709,C,Mitchell,Mitchell Robinson,Robinson,27.033333914620535,21,3500,TOR@NY,NY,TOR,O,Ankle,,,,C
98607-110317,PG,Jaylen,Jaylen Nowell,Nowell,10.644444783528646,9,3500,MEM@CHI,MEM,CHI,,,,,,PG
98607-171757,PF,Jake,Jake LaRavia,LaRavia,6.381817904385653,11,3500,MEM@CHI,MEM,CHI,O,Ankle,,,,PF
98607-171766,SG,Johnny,Johnny Davis,Davis,5.131578947368421,19,3500,SA@WAS,WAS,SA,,,,,,SG
98607-194814,SF,Henri,Henri Drell,Drell,,,3500,MEM@CHI,CHI,MEM,,,,,,SF
98607-171778,SG,Wendell,Wendell Moore,Moore,2.1100000381469726,10,3500,OKC@MIN,MIN,OKC,,,,,,SG
98607-180483,SG,Jules,Jules Bernard,Bernard,1.2333333492279053,3,3500,SA@WAS,WAS,SA,,,,,,SG
98607-171776,SF,Josh,Josh Minott,Minott,3.006666564941406,15,3500,OKC@MIN,MIN,OKC,,,,,,SF
98607-171782,PF,Isaiah,Isaiah Mobley,Mobley,5.133333206176758,3,3500,CLE@ATL,CLE,ATL,,,,,,PF
98607-110344,PG,Ja,Ja Morant,Morant,44.94444444444444,9,3500,MEM@CHI,MEM,CHI,O,Shoulder,,,,PG
98607-15628,SF,Otto,Otto Porter,Porter,7.586666870117187,15,3500,TOR@NY,TOR,NY,GTD,Knee,,,,SF
98607-194829,PF,Pete,Pete Nance,Nance,,,3500,CLE@ATL,CLE,ATL,,,,,,PF
98607-110353,PF/C,Brandon,Brandon Clarke,Clarke,21.357142857142858,56,3500,MEM@CHI,MEM,CHI,O,Achilles,,,,PF/C
98607-161552,PF,Micah,Micah Potter,Potter,2.4000000953674316,2,3500,UTA@HOU,UTA,HOU,,,,,,PF
98607-11074,SF,Garrett,Garrett Temple,Temple,3.6200000762939455,10,3500,TOR@NY,TOR,NY,,,,,,SF
98607-15684,SG,Victor,Victor Oladipo,Oladipo,21.944444444444443,45,3500,UTA@HOU,HOU,UTA,O,Knee,,,,SG
98607-145738,SG,Nate,Nate Hinton,Hinton,3.7,5,3500,UTA@HOU,HOU,UTA,,,,,,SG
98607-63826,C,Boban,Boban Marjanovic,Marjanovic,6.833333333333333,6,3500,UTA@HOU,HOU,UTA,,,,,,C
98607-161666,SG,David,David Duke,Duke,6.970833460489909,24,3500,SA@WAS,SA,WAS,,,,,,SG
98607-145316,PG,Kira,Kira Lewis,Lewis,6.520000203450521,15,3500,TOR@NY,TOR,NY,,,,,,PG
98607-80806,PG,Lonzo,Lonzo Ball,Ball,,,3500,MEM@CHI,CHI,MEM,O,Knee,,,,PG
98607-145334,SG/SF,Desmond,Desmond Bane,Bane,39.88648780616554,37,3500,MEM@CHI,MEM,CHI,O,Ankle,,,,SG/SF
98607-172996,PG,Javon,Javon Freeman-Liberty,Freeman-Liberty,3.200000047683716,1,3500,TOR@NY,TOR,NY,,,,,,PG
98607-163280,C,Olivier,Olivier Sarr,Sarr,7.466666327582465,9,3500,OKC@MIN,OKC,MIN,,,,,,C
98607-188413,SF,Brice,Brice Sensabaugh,Sensabaugh,2.9000000953674316,4,3500,UTA@HOU,UTA,HOU,,,,,,SF