Id,Position,First Name,Nickname,Last Name,FPPG,Played,Salary,Game,Team,Opponent,Injury Indicator,Injury Details,Tier,,,Roster Position
98132-84669,PG,Luka,Luka Doncic,Doncic,59.290626525878906,32,12300,MIN@DAL,DAL,MIN,GTD,Ankle,,,,PG
98132-55062,C,Nikola,Nikola Jokic,Jokic,57.388888888888886,36,12100,DET@DEN,DEN,DET,,,,,,C
98132-15755,PF/C,Anthony,Anthony Davis,Davis,54.47352869370405,34,11700,LAC@LAL,LAL,LAC,GTD,Ankle,,,,PF/C
98132-59358,C/PF,Domantas,Domantas Sabonis,Sabonis,47.55294261259191,34,10400,NO@SAC,SAC,NO,,,,,,PF/C
98132-9488,SF/PF,LeBron,LeBron James,James,48.25757575757576,33,10300,LAC@LAL,LAL,LAC,GTD,Ankle,,,,SF/PF
98132-9646,SF/PF,Kevin,Kevin Durant,Durant,49.125,28,10100,MEM@PHO,PHO,MEM,GTD,Hamstring,,,,SF/PF
98132-84671,PG,Trae,Trae Young,Young,48.59062576293945,32,10000,ATL@ORL,ATL,ORL,,,,,,PG
98132-58460,SG,Devin,Devin Booker,Booker,45.23076923076923,26,9900,MEM@PHO,PHO,MEM,,,,,,SG
98132-110344,PG,Ja,Ja Morant,Morant,44.94444444444444,9,9800,MEM@PHO,MEM,PHO,GTD,Shoulder,,,,PG
98132-80810,PG,De'Aaron,De'Aaron Fox,Fox,47.32142857142857,28,9700,NO@SAC,SAC,NO,,,,,,PG
98132-157808,PG/SG,Cade,Cade Cunningham,Cunningham,39.5028564453125,35,9500,DET@DEN,DET,DEN,,,,,,PG/SG
98132-157822,PF/SF,Scottie,Scottie Barnes,Barnes,46.53142787388393,35,9400,TOR@GS,TOR,GS,,,,,,SF/PF
98132-145321,SG/SF,Anthony,Anthony Edwards,Edwards,42.96451691658266,31,9300,MIN@DAL,MIN,DAL,,,,,,SG/SF
98132-171770,PF/SF,Paolo,Paolo Banchero,Banchero,40.07142857142857,35,9200,ATL@ORL,ORL,ATL,,,,,,SF/PF
98132-14498,PG/SG,Kyrie,Kyrie Irving,Irving,39.689999389648435,20,9100,MIN@DAL,DAL,MIN,,,,,,PG/SG
98132-14513,SF/PF,Kawhi,Kawhi Leonard,Leonard,42.40333251953125,30,9000,LAC@LAL,LAC,LAL,,,,,,SF/PF
98132-9644,SG/PG,James,James Harden,Harden,39.63448360048491,29,8800,LAC@LAL,LAC,LAL,,,,,,PG/SG
98132-9524,PG,Stephen,Stephen Curry,Curry,40.515151515151516,33,8700,TOR@GS,GS,TOR,,,,,,PG
98132-66108,PG,Jamal,Jamal Murray,Murray,37.23913043478261,23,8600,DET@DEN,DEN,DET,,,,,,PG
98132-60021,PF,Pascal,Pascal Siakam,Siakam,38.61142926897321,35,8600,TOR@GS,TOR,GS,,,,,,PF
98132-145334,SG/SF,Desmond,Desmond Bane,Bane,40.17058967141544,34,8500,MEM@PHO,MEM,PHO,,,,,,SG/SF
98132-12341,SG/SF,Paul,Paul George,George,39.06562423706055,32,8400,LAC@LAL,LAC,LAL,,,,,,SG/SF
98132-66048,SF/PF,Brandon,Brandon Ingram,Ingram,37.59393865411932,33,8300,NO@SAC,NO,SAC,,,,,,SF/PF
98132-84683,PF/C,Jaren,Jaren Jackson,Jackson,36.11142926897321,35,8300,MEM@PHO,MEM,PHO,,,,,,PF/C
98132-110310,PF,Zion,Zion Williamson,Williamson,37.2933349609375,30,8200,NO@SAC,NO,SAC,GTD,Leg,,,,PF
98132-58462,PF/C,Karl-Anthony,Karl-Anthony Towns,Towns,37.60000147964015,33,8100,MIN@DAL,MIN,DAL,,,,,,PF/C
98132-67708,SG/PG,Dejounte,Dejounte Murray,Murray,37.05294261259191,34,8100,ATL@ORL,ATL,ORL,,,,,,PG/SG
98132-40203,C,Rudy,Rudy Gobert,Gobert,35.55294261259191,34,8000,MIN@DAL,MIN,DAL,,,,,,C
98132-157851,SF/PF,Franz,Franz Wagner,Wagner,36.34706025965073,34,7900,ATL@ORL,ORL,ATL,O,Ankle,,,,SF/PF
98132-19067,PG/SG,CJ,CJ McCollum,McCollum,36.608695652173914,23,7800,NO@SAC,NO,SAC,,,,,,PG/SG
98132-171779,C,Jalen,Jalen Duren,Duren,33.525,20,7700,DET@DEN,DET,DEN,,,,,,C
98132-158136,SF/SG,Austin,Austin Reaves,Reaves,29.544443766276043,36,7600,LAC@LAL,LAL,LAC,,,,,,SG/SF
98132-15595,SG/PG,Bradley,Bradley Beal,Beal,28.290910200639203,11,7500,MEM@PHO,PHO,MEM,,,,,,PG/SG
98132-55059,C,Clint,Clint Capela,Capela,32.35757723721591,33,7400,ATL@ORL,ATL,ORL,,,,,,C
98132-157833,SF/PF,Jalen,Jalen Johnson,Johnson,32.76000061035156,20,7300,ATL@ORL,ATL,ORL,,,,,,SF/PF
98132-145348,PG/SG,Immanuel,Immanuel Quickley,Quickley,23.793939763849433,33,7300,TOR@GS,TOR,GS,,,,,,PG/SG
98132-55057,C,Jusuf,Jusuf Nurkic,Nurkic,34.28484922466856,33,7200,MEM@PHO,PHO,MEM,,,,,,C
98132-14503,C,Jonas,Jonas Valanciunas,Valanciunas,32.89722357855903,36,7100,NO@SAC,NO,SAC,,,,,,C
98132-14530,SF/PF,Bojan,Bojan Bogdanovic,Bogdanovic,29.412500381469727,16,7000,DET@DEN,DET,DEN,,,,,,SF/PF
98132-58378,C,Jakob,Jakob Poeltl,Poeltl,28.759999302455356,35,6900,TOR@GS,TOR,GS,,,,,,C
98132-84682,SF/PF,Michael,Michael Porter,Porter,29.84324192356419,37,6800,DET@DEN,DEN,DET,,,,,,SF/PF
98132-55055,SG/PG,Dante,Dante Exum,Exum,18.54666748046875,30,6800,MIN@DAL,DAL,MIN,O,Heel,,,,PG/SG
98132-70827,C,Ivica,Ivica Zubac,Zubac,28.844118006089154,34,6700,LAC@LAL,LAC,LAL,,,,,,C
98132-14509,SG,Klay,Klay Thompson,Thompson,26.126470229204962,34,6700,TOR@GS,GS,TOR,,,,,,SG
98132-171787,SF/PF,Keegan,Keegan Murray,Murray,28.84000040690104,30,6600,NO@SAC,SAC,NO,,,,,,SF/PF
98132-145327,PG/SG,Cole,Cole Anthony,Anthony,26.649999281939337,34,6600,ATL@ORL,ORL,ATL,,,,,,PG/SG
98132-80816,SG/PG,Malik,Malik Monk,Monk,27.5,33,6600,NO@SAC,SAC,NO,,,,,,PG/SG
98132-41594,PF,Aaron,Aaron Gordon,Gordon,30.312903619581654,31,6500,DET@DEN,DEN,DET,,,,,,PF
98132-40201,PG,Dennis,Dennis Schroder,Schroder,29.965715680803573,35,6500,TOR@GS,TOR,GS,,,,,,PG
98132-15846,SG/SF,Tim,Tim Hardaway,Hardaway,24.781817811908144,33,6500,MIN@DAL,DAL,MIN,,,,,,SG/SF
98132-188425,C,Dereck,Dereck Lively,Lively,24.810344827586206,29,6400,MIN@DAL,DAL,MIN,GTD,Ankle,,,,C
98132-55060,SF/SG,Bogdan,Bogdan Bogdanovic,Bogdanovic,29.149999618530273,32,6400,ATL@ORL,ATL,ORL,,,,,,SG/SF
98132-9642,PG,Russell,Russell Westbrook,Westbrook,28.173530129825366,34,6400,LAC@LAL,LAC,LAL,,,,,,PG
98132-188433,SG/SF,Brandin,Brandin Podziemski,Podziemski,22.710343985721984,29,6300,TOR@GS,GS,TOR,,,,,,SG/SF
98132-157850,SG/PG,Jalen,Jalen Suggs,Suggs,25.583870180191532,31,6300,ATL@ORL,ORL,ATL,,,,,,PG/SG
98132-58312,PG/SG,D'Angelo,D'Angelo Russell,Russell,29.462499618530273,32,6300,LAC@LAL,LAL,LAC,GTD,Lower body,,,,PG/SG
98132-23670,PG,Marcus,Marcus Smart,Smart,26.394444783528645,18,6200,MEM@PHO,MEM,PHO,,,,,,PG
98132-110357,SF,RJ,RJ Barrett,Barrett,27.43793145541487,29,6200,TOR@GS,TOR,GS,,,,,,SF
98132-84711,SG/SF,Grayson,Grayson Allen,Allen,26.293332926432292,30,6100,MEM@PHO,PHO,MEM,,,,,,SG/SF
98132-9575,PG,Mike,Mike Conley,Conley,26.17941104664522,34,6100,MIN@DAL,MIN,DAL,,,,,,PG
98132-157904,SF/PF,Jonathan,Jonathan Kuminga,Kuminga,20.976470947265625,34,6000,TOR@GS,GS,TOR,GTD,Toe,,,,SF/PF
98132-15860,PF/C,Draymond,Draymond Green,Green,26.00666707356771,15,6000,TOR@GS,GS,TOR,O,Suspension,,,,PF/C
98132-145328,PF/SF,Saddiq,Saddiq Bey,Bey,25.16470516429228,34,5900,ATL@ORL,ATL,ORL,,,,,,SF/PF
98132-171780,SG,Jaden,Jaden Ivey,Ivey,23.509677025579638,31,5800,DET@DEN,DET,DEN,,,,,,SG
98132-110359,C,Goga,Goga Bitadze,Bitadze,23.351613690776208,31,5800,ATL@ORL,ORL,ATL,,,,,,C
98132-171791,SG,Jaden,Jaden Hardy,Hardy,13.748387490549396,31,5700,MIN@DAL,DAL,MIN,,,,,,SG
98132-188450,PF/C,Trayce,Trayce Jackson-Davis,Jackson-Davis,14.615999755859375,25,5600,TOR@GS,GS,TOR,,,,,,PF/C
98132-80805,PG,Markelle,Markelle Fultz,Fultz,25.08000030517578,5,5600,ATL@ORL,ORL,ATL,,,,,,PG
98132-157848,SG/SF,Herbert,Herbert Jones,Jones,24.706060236150567,33,5500,NO@SAC,NO,SAC,,,,,,SG/SF
98132-110995,C/PF,Naz,Naz Reid,Reid,22.16176470588235,34,5500,MIN@DAL,MIN,DAL,,,,,,PF/C
98132-145304,C/PF,Onyeka,Onyeka Okongwu,Okongwu,23.006060975970644,33,5500,ATL@ORL,ATL,ORL,,,,,,PF/C
98132-14523,PG,Reggie,Reggie Jackson,Jackson,22.094594594594593,37,5400,DET@DEN,DEN,DET,,,,,,PG
98132-84676,C,Wendell,Wendell Carter,Carter,19.81538508488582,13,5400,ATL@ORL,ORL,ATL,O,Knee,,,,C
98132-84714,C,Moritz,Moritz Wagner,Wagner,19.594285365513393,35,5400,ATL@ORL,ORL,ATL,,,,,,C
98132-157847,SF,Trey,Trey Murphy,Murphy,23.5,13,5300,NO@SAC,NO,SAC,,,,,,SF
98132-9556,SG/SF,Eric,Eric Gordon,Gordon,23.00333251953125,30,5300,MEM@PHO,PHO,MEM,GTD,Knee,,,,SG/SF
98132-16293,SF/SG,Norman,Norman Powell,Powell,19.641176111557904,34,5300,LAC@LAL,LAC,LAL,,,,,,SG/SF
98132-110338,SF/PF,De'Andre,De'Andre Hunter,Hunter,23.962498982747395,24,5200,ATL@ORL,ATL,ORL,O,Knee,,,,SF/PF
98132-66968,SF/PF,Derrick,Derrick Jones,Jones,20.617142159598213,35,5200,MIN@DAL,DAL,MIN,,,,,,SF/PF
98132-145325,SF/SG,Josh,Josh Green,Green,16.34166717529297,24,5200,MIN@DAL,DAL,MIN,,,,,,SG/SF
98132-14510,PG/SG,Alec,Alec Burks,Burks,16.842857360839844,28,5100,DET@DEN,DET,DEN,GTD,Hamstring,,,,PG/SG
98132-171761,PF/SF,Peyton,Peyton Watson,Watson,14.962857491629464,35,5100,DET@DEN,DEN,DET,,,,,,SF/PF
98132-145307,C/PF,Isaiah,Isaiah Stewart,Stewart,22.514286586216517,28,5100,DET@DEN,DET,DEN,O,Toe,,,,PF/C
98132-49116,SF/PF,Andrew,Andrew Wiggins,Wiggins,19.948387884324596,31,5100,TOR@GS,GS,TOR,,,,,,SF/PF
98132-188426,SF/SG,Ausar,Ausar Thompson,Thompson,24.3971435546875,35,5000,DET@DEN,DET,DEN,,,,,,SG/SF
98132-23572,SF/PF,Taurean,Taurean Prince,Prince,19.326469870174634,34,5000,LAC@LAL,LAL,LAC,,,,,,SF/PF
98132-84695,SG,Gary,Gary Trent,Trent,18.6741943359375,31,5000,TOR@GS,TOR,GS,GTD,Quadriceps,,,,SG
98132-145319,SF/PF,Jaden,Jaden McDaniels,McDaniels,18.641666412353516,24,5000,MIN@DAL,MIN,DAL,,,,,,SF/PF
98132-20992,PF/C,Larry,Larry Nance,Nance,15.163158215974507,19,4900,NO@SAC,NO,SAC,,,,,,PF/C
98132-110349,PF/SF,Rui,Rui Hachimura,Hachimura,19.5,25,4900,LAC@LAL,LAL,LAC,O,Calf,,,,SF/PF
98132-15636,SG,Kentavious,Kentavious Caldwell-Pope,Caldwell-Pope,21.262857491629465,35,4900,DET@DEN,DEN,DET,,,,,,SG
98132-157844,PF/C,Santi,Santi Aldama,Aldama,22.574999128069198,28,4800,MEM@PHO,MEM,PHO,,,,,,PF/C
98132-23716,SF/PF,Kyle,Kyle Anderson,Anderson,19.80000035903033,34,4800,MIN@DAL,MIN,DAL,,,,,,SF/PF
98132-84701,C/PF,Chimezie,Chimezie Metu,Metu,12.14,25,4800,MEM@PHO,PHO,MEM,,,,,,PF/C
98132-42202,PF/C,Christian,Christian Wood,Wood,16.409677813130042,31,4700,LAC@LAL,LAL,LAC,,,,,,PF/C
98132-55056,PF/C,Dario,Dario Saric,Saric,21.422856794084822,35,4700,TOR@GS,GS,TOR,,,,,,PF/C
98132-9561,C,DeAndre,DeAndre Jordan,Jordan,14.450000217982701,14,4700,DET@DEN,DEN,DET,,,,,,C
98132-15946,SF/PF,Harrison,Harrison Barnes,Barnes,18.973528693704043,34,4600,NO@SAC,SAC,NO,,,,,,SF/PF
98132-158373,PG,Jose,Jose Alvarado,Alvarado,16.254545731977984,22,4600,NO@SAC,NO,SAC,O,Illness,,,,PG
98132-110315,SG/SF,Terance,Terance Mann,Mann,16.1749997820173,28,4600,LAC@LAL,LAC,LAL,,,,,,SG/SF
98132-145336,C,Xavier,Xavier Tillman,Tillman,17.791304878566574,23,4600,MEM@PHO,MEM,PHO,,,,,,C
98132-145490,PG,Trevelin,Trevelin Queen,Queen,17.133333841959637,3,4500,ATL@ORL,ORL,ATL,,,,,,PG
98132-145489,PG,Killian,Killian Hayes,Hayes,21.406667073567707,30,4500,DET@DEN,DET,DEN,,,,,,PG
98132-68203,C/PF,Chris,Chris Boucher,Boucher,13.587499618530273,32,4500,TOR@GS,TOR,GS,,,,,,PF/C
98132-84704,SG/SF,Kevin,Kevin Huerter,Huerter,19.830303770123106,33,4500,NO@SAC,SAC,NO,,,,,,SG/SF
98132-160022,SG,A.J.,A.J. Lawson,Lawson,8.913333129882812,15,4500,MIN@DAL,DAL,MIN,,,,,,SG
98132-16196,C/PF,Dwight,Dwight Powell,Powell,13.093939578894412,33,4500,MIN@DAL,DAL,MIN,,,,,,PF/C
98132-14505,C,Bismack,Bismack Biyombo,Biyombo,18.896427699497767,28,4400,MEM@PHO,MEM,PHO,,,,,,C
98132-84674,SF/PF,Kevin,Kevin Knox,Knox,13.141176111557904,17,4400,DET@DEN,DET,DEN,,,,,,SF/PF
98132-15583,SG,Seth,Seth Curry,Curry,9.874074300130209,27,4400,MIN@DAL,DAL,MIN,,,,,,SG
98132-171756,SF/SG,Vince,Vince Williams,Williams,16.17199951171875,25,4400,MEM@PHO,MEM,PHO,GTD,Foot,,,,SG/SF
98132-110318,PF,Grant,Grant Williams,Williams,17.853124618530273,32,4400,MIN@DAL,DAL,MIN,GTD,Ankle,,,,PF
98132-110356,SG/SF,Nickeil,Nickeil Alexander-Walker,Alexander-Walker,16.05294081744026,34,4400,MIN@DAL,MIN,DAL,,,,,,SG/SF
98132-97263,C/PF,Drew,Drew Eubanks,Eubanks,15.274193548387096,31,4400,MEM@PHO,PHO,MEM,,,,,,PF/C
98132-188408,PG,Anthony,Anthony Black,Black,12.803030303030303,33,4400,ATL@ORL,ORL,ATL,,,,,,PG
98132-66046,SG/SF,Luke,Luke Kennard,Kennard,15.958333333333334,12,4400,MEM@PHO,MEM,PHO,,,,,,SG/SF
98132-157843,SF,Ziaire,Ziaire Williams,Williams,14.675757205847537,33,4300,MEM@PHO,MEM,PHO,,,,,,SF
98132-84689,SF/SG,Josh,Josh Okogie,Okogie,15.044827165274784,29,4300,MEM@PHO,PHO,MEM,,,,,,SG/SF
98132-58576,C,Kevon,Kevon Looney,Looney,19.508571079799108,35,4300,TOR@GS,GS,TOR,,,,,,C
98132-171744,SG,Christian,Christian Braun,Braun,16.537838497677363,37,4300,DET@DEN,DEN,DET,,,,,,SG
98132-110339,SG/SF,Cam,Cam Reddish,Reddish,15.855171992860992,29,4300,LAC@LAL,LAL,LAC,,,,,,SG/SF
98132-171784,PG,Dyson,Dyson Daniels,Daniels,18.752777099609375,36,4300,NO@SAC,NO,SAC,,,,,,PG
98132-145819,PF/SF,Naji,Naji Marshall,Marshall,17.374074300130207,27,4300,NO@SAC,NO,SAC,,,,,,SF/PF
98132-160174,PG,Jordan,Jordan Goodwin,Goodwin,15.0625,32,4300,MEM@PHO,PHO,MEM,,,,,,PG
98132-110313,C,Bol,Bol Bol,Bol,6.836363358931108,11,4200,MEM@PHO,PHO,MEM,O,Ankle,,,,C
98132-84721,PF,Jarred,Jarred Vanderbilt,Vanderbilt,10.633333333333333,15,4200,LAC@LAL,LAL,LAC,,,,,,PF
98132-145347,C,James,James Wiseman,Wiseman,14.02500025431315,24,4200,DET@DEN,DET,DEN,,,,,,C
98132-24544,SG,Gary,Gary Harris,Harris,14.525926378038195,27,4200,ATL@ORL,ORL,ATL,O,Calf,,,,SG
98132-58461,PF,Trey,Trey Lyles,Lyles,16.09047589983259,21,4100,NO@SAC,SAC,NO,O,Ankle,,,,PF
98132-84679,PF/C,Marvin,Marvin Bagley,Bagley,18.19199951171875,25,4100,DET@DEN,DET,DEN,,,,,,PF/C
98132-171751,SG,Max,Max Christie,Christie,11.103846623347355,26,4100,LAC@LAL,LAL,LAC,,,,,,SG
98132-15590,C,Mason,Mason Plumlee,Plumlee,14.142857142857142,7,4100,LAC@LAL,LAC,LAL,,,,,,C
98132-157802,SG,Moses,Moses Moody,Moody,15.171875,32,4000,TOR@GS,GS,TOR,,,,,,SG
98132-171771,SF,Caleb,Caleb Houstan,Houstan,7.219230651855469,26,4000,ATL@ORL,ORL,ATL,,,,,,SF
98132-110336,PF,Chuma,Chuma Okeke,Okeke,5.5500000847710504,18,4000,ATL@ORL,ORL,ATL,,,,,,PF
98132-110343,SF,Nassir,Nassir Little,Little,11.26086956521739,23,4000,MEM@PHO,PHO,MEM,O,Knee,,,,SF
98132-111376,SF,John,John Konchar,Konchar,13.925925925925926,27,4000,MEM@PHO,MEM,PHO,,,,,,SF
98132-40396,PG,Monte,Monte Morris,Morris,23.951612903225808,62,4000,DET@DEN,DET,DEN,O,Quadriceps,,,,PG
98132-188423,SF,Julian,Julian Strawther,Strawther,10.872726902817234,33,3900,DET@DEN,DEN,DET,O,Knee,,,,SF
98132-188421,SG,Jordan,Jordan Hawkins,Hawkins,16.13225826140373,31,3900,NO@SAC,NO,SAC,,,,,,SG
98132-85597,PG,Jordan,Jordan McLaughlin,McLaughlin,7.585714067731585,14,3900,MIN@DAL,MIN,DAL,,,,,,PG
98132-157810,PF,Isaiah,Isaiah Livers,Livers,10.136842426500822,19,3900,DET@DEN,DET,DEN,,,,,,PF
98132-81529,PF/C,Daniel,Daniel Theis,Theis,14.66249974568685,24,3900,LAC@LAL,LAC,LAL,,,,,,PF/C
98132-157828,SF,Chris,Chris Duarte,Duarte,9.106451219128024,31,3900,NO@SAC,SAC,NO,,,,,,SF
98132-171669,SG,Keon,Keon Ellis,Ellis,10.299999734629756,23,3900,NO@SAC,SAC,NO,,,,,,SG
98132-81621,PF/C,Maxi,Maxi Kleber,Kleber,11.84000015258789,5,3900,MIN@DAL,DAL,MIN,O,Toe,,,,PF/C
98132-9475,PG/SG,Derrick,Derrick Rose,Rose,15.794117647058824,17,3900,MEM@PHO,MEM,PHO,O,Thigh,,,,PG/SG
98132-80811,SF/PF,Jonathan,Jonathan Isaac,Isaac,17.509524390811013,21,3900,ATL@ORL,ORL,ATL,O,Hamstring,,,,SF/PF
98132-188427,PG,Marcus,Marcus Sasser,Sasser,13.922580842048891,31,3800,DET@DEN,DET,DEN,,,,,,PG
98132-188424,PF,Olivier-Maxence,Olivier-Maxence Prosper,Prosper,7.386956256368886,23,3800,MIN@DAL,DAL,MIN,,,,,,PF
98132-157830,C/PF,Jeremiah,Jeremiah Robinson-Earl,Robinson-Earl,9.178571428571429,14,3800,NO@SAC,NO,SAC,,,,,,PF/C
98132-157834,PG,Bones,Bones Hyland,Hyland,11.3125,16,3800,LAC@LAL,LAC,LAL,,,,,,PG
98132-84691,PG,Shake,Shake Milton,Milton,9.806896341258081,29,3800,MIN@DAL,MIN,DAL,,,,,,PG
98132-15691,C,Cody,Cody Zeller,Zeller,7.357692425067608,26,3800,NO@SAC,NO,SAC,,,,,,C
98132-111492,SF/SG,Amir,Amir Coffey,Coffey,7.045454545454546,22,3800,LAC@LAL,LAC,LAL,,,,,,SG/SF
98132-145305,PF/C,Zeke,Zeke Nnaji,Nnaji,8.961289928805444,31,3800,DET@DEN,DEN,DET,,,,,,PF/C
98132-59318,SG/SF,Joe,Joe Ingles,Ingles,15.091667175292969,24,3800,ATL@ORL,ORL,ATL,O,Ankle,,,,SG/SF
98132-15814,C,Alex,Alex Len,Len,9.509999847412109,10,3800,NO@SAC,SAC,NO,,,,,,C
98132-111622,SF,Garrison,Garrison Mathews,Mathews,5.931818181818182,22,3700,ATL@ORL,ATL,ORL,,,,,,SF
98132-157805,SG,Brandon,Brandon Boston,Boston,7.933333079020183,6,3700,LAC@LAL,LAC,LAL,,,,,,SG
98132-157812,PG,Davion,Davion Mitchell,Mitchell,8.155555442527488,27,3700,NO@SAC,SAC,NO,,,,,,PG
98132-14529,PG,Cory,Cory Joseph,Joseph,5.931250095367432,16,3700,TOR@GS,GS,TOR,,,,,,PG
98132-84688,PF,Keita,Keita Bates-Diop,Bates-Diop,13.62,25,3700,MEM@PHO,PHO,MEM,,,,,,PF
98132-16604,SG,Justin,Justin Holiday,Holiday,9.59000015258789,20,3700,DET@DEN,DEN,DET,,,,,,SG
98132-171755,SF/PF,David,David Roddy,Roddy,14.82121230616714,33,3700,MEM@PHO,MEM,PHO,,,,,,SF/PF
98132-23447,C,Richaun,Richaun Holmes,Holmes,9.5625,16,3700,MIN@DAL,DAL,MIN,GTD,Personal,,,,C
98132-145309,C,Udoka,Udoka Azubuike,Azubuike,8.177777608235678,9,3700,MEM@PHO,PHO,MEM,,,,,,C
98132-145352,SG,Trent,Trent Forrest,Forrest,6.740000152587891,10,3700,ATL@ORL,ATL,ORL,,,,,,SG
98132-188418,PF,Kobe,Kobe Brown,Brown,6.043478260869565,23,3600,LAC@LAL,LAC,LAL,,,,,,PF
98132-9739,C,JaVale,JaVale McGee,McGee,10.203448065396014,29,3600,NO@SAC,SAC,NO,,,,,,C
98132-188432,SG,Jalen,Jalen Hood-Schifino,Hood-Schifino,4.887499809265137,8,3600,LAC@LAL,LAL,LAC,,,,,,SG
98132-157823,PF,Greg,Greg Brown,Brown,6.633333206176758,6,3600,MIN@DAL,DAL,MIN,,,,,,PF
98132-163978,PG,Brandon,Brandon Williams,Williams,7.700000127156575,3,3600,MIN@DAL,DAL,MIN,,,,,,PG
98132-58519,SG,Gary,Gary Payton,Payton,13.756250381469727,16,3600,TOR@GS,GS,TOR,O,Hamstring,,,,SG
98132-84668,SF,Troy,Troy Brown,Brown,9.2,30,3600,MIN@DAL,MIN,DAL,,,,,,SF
98132-171752,SF,AJ,AJ Griffin,Griffin,3.8769231942983775,13,3600,ATL@ORL,ATL,ORL,,,,,,SF
98132-110329,PF/C,Bruno,Bruno Fernando,Fernando,6.100000169542101,9,3600,ATL@ORL,ATL,ORL,,,,,,PF/C
98132-110328,SF,Admiral,Admiral Schofield,Schofield,1.9272727966308594,11,3600,ATL@ORL,ORL,ATL,,,,,,SF
98132-180477,PG,Jacob,Jacob Gilyard,Gilyard,10.725,20,3600,MEM@PHO,MEM,PHO,,,,,,PG
98132-110340,PF/C,Jaxson,Jaxson Hayes,Hayes,6.658064319241431,31,3600,LAC@LAL,LAL,LAC,,,,,,PF/C
98132-180484,SG,Stanley,Stanley Umude,Umude,9.173333740234375,15,3600,DET@DEN,DET,DEN,GTD,Foot,,,,SG
98132-110350,PF/SF,Jalen,Jalen McDaniels,McDaniels,6.142857142857143,21,3600,TOR@GS,TOR,GS,,,,,,SF/PF
98132-119602,C,Jontay,Jontay Porter,Porter,9.600000381469727,2,3600,TOR@GS,TOR,GS,,,,,,C
98132-145310,PG,Saben,Saben Lee,Lee,8.012499809265137,8,3600,MEM@PHO,PHO,MEM,,,,,,PG
98132-188417,SG,Kobe,Kobe Bufkin,Bufkin,1.7000000476837158,2,3500,ATL@ORL,ATL,ORL,,,,,,SG
98132-101387,PG/SG,Gabe,Gabe Vincent,Vincent,14.3,5,3500,LAC@LAL,LAL,LAC,O,Knee,,,,PG/SG
98132-188434,SG/SF,Gradey,Gradey Dick,Dick,6.363157975046258,19,3500,TOR@GS,TOR,GS,,,,,,SG/SF
98132-189456,SG,Malcolm,Malcolm Cazalon,Cazalon,0,1,3500,DET@DEN,DET,DEN,,,,,,SG
98132-117779,PF,Juan,Juan Toscano-Anderson,Toscano-Anderson,1.8125,8,3500,NO@SAC,SAC,NO,,,,,,PF
98132-189468,C,Colin,Colin Castleton,Castleton,6.224999904632568,4,3500,LAC@LAL,LAL,LAC,,,,,,C
98132-188444,PF,GG,GG Jackson,Jackson,4.150000095367432,4,3500,MEM@PHO,MEM,PHO,,,,,,PF
98132-189469,SG,D'Moi,D'Moi Hodge,Hodge,3.7857142857142856,7,3500,LAC@LAL,LAL,LAC,,,,,,SG
98132-188445,SF,Jordan,Jordan Miller,Miller,1.7333332697550456,3,3500,LAC@LAL,LAC,LAL,,,,,,SF
98132-188448,SG,Colby,Colby Jones,Jones,4.850000063578288,12,3500,NO@SAC,SAC,NO,,,,,,SG
98132-188449,SF,Jalen,Jalen Slawson,Slawson,2.5600000381469727,5,3500,NO@SAC,SAC,NO,,,,,,SF
98132-188454,PF,Mouhamed,Mouhamed Gueye,Gueye,1.5,2,3500,ATL@ORL,ATL,ORL,O,Back,,,,PF
98132-117285,SF,Vlatko,Vlatko Cancar,Cancar,9.94923095703125,65,3500,DET@DEN,DEN,DET,O,Knee,,,,SF
98132-188455,SF,Seth,Seth Lundy,Lundy,2.1200000762939455,5,3500,ATL@ORL,ATL,ORL,,,,,,SF
98132-188452,SF,Leonard,Leonard Miller,Miller,4.724999904632568,4,3500,MIN@DAL,MIN,DAL,,,,,,SF
98132-188453,SG,Jaylen,Jaylen Clark,Clark,,,3500,MIN@DAL,MIN,DAL,O,Achilles,,,,SG
98132-175653,SG,Jared,Jared Rhoden,Rhoden,4.05999984741211,5,3500,DET@DEN,DET,DEN,,,,,,SG
98132-188458,SG,Jalen,Jalen Pickett,Pickett,4.146666717529297,15,3500,DET@DEN,DEN,DET,,,,,,SG
98132-188459,PF,Hunter,Hunter Tyson,Tyson,1.1875,8,3500,DET@DEN,DEN,DET,,,,,,PF
98132-188469,SF,Maxwell,Maxwell Lewis,Lewis,1.0083333651224773,12,3500,LAC@LAL,LAL,LAC,,,,,,SF
98132-188477,SG,Markquis,Markquis Nowell,Nowell,10.399999618530273,1,3500,TOR@GS,TOR,GS,,,,,,SG
98132-9799,SG,Wesley,Wesley Matthews,Matthews,6.555555555555555,18,3500,ATL@ORL,ATL,ORL,,,,,,SG
98132-162411,SF,Matt,Matt Ryan,Ryan,13.846153846153847,13,3500,NO@SAC,NO,SAC,O,Elbow,,,,SF
98132-157807,C,Luka,Luka Garza,Garza,3.6571429116385326,7,3500,MIN@DAL,MIN,DAL,,,,,,C
98132-157813,SG/PG,Joshua,Joshua Primo,Primo,2,1,3500,LAC@LAL,LAC,LAL,,,,,,PG/SG
98132-23169,C,Steven,Steven Adams,Adams,29.892857142857142,42,3500,MEM@PHO,MEM,PHO,O,Knee,,,,C
98132-145536,PG,Theo,Theo Maledon,Maledon,9.969231238731972,13,3500,MEM@PHO,PHO,MEM,,,,,,PG
98132-145540,PG,Vit,Vit Krejci,Krejci,3.6448274809738685,29,3500,ATL@ORL,ATL,ORL,O,Shoulder,,,,PG
98132-171659,SG,Lester,Lester Quinones,Quinones,2.7750000953674316,4,3500,TOR@GS,GS,TOR,,,,,,SG
98132-157835,SF,Kessler,Kessler Edwards,Edwards,3.0239999389648435,25,3500,NO@SAC,SAC,NO,,,,,,SF
98132-163983,SG,Xavier,Xavier Moon,Moon,3.950000047683716,2,3500,LAC@LAL,LAC,LAL,,,,,,SG
98132-171670,SG,Dereon,Dereon Seabron,Seabron,7.480000305175781,5,3500,NO@SAC,NO,SAC,,,,,,SG
98132-171668,PG,Collin,Collin Gillespie,Gillespie,4.345454476096413,11,3500,DET@DEN,DEN,DET,,,,,,PG
98132-14511,PF,Markieff,Markieff Morris,Morris,6.992857251848493,14,3500,MIN@DAL,DAL,MIN,GTD,Illness,,,,PF
98132-160963,PG,Daishen,Daishen Nix,Nix,2.0333333015441895,6,3500,MIN@DAL,MIN,DAL,,,,,,PG
98132-84677,SG,Jerome,Jerome Robinson,Robinson,2.0999999046325684,4,3500,TOR@GS,GS,TOR,,,,,,SG
98132-164036,SF,Braxton,Braxton Key,Key,3.4099998474121094,10,3500,DET@DEN,DEN,DET,,,,,,SF
98132-157906,PF,Usman,Usman Garuba,Garuba,2.25,2,3500,TOR@GS,GS,TOR,,,,,,PF
98132-9939,SG/PG,Patty,Patty Mills,Mills,4.842857360839844,7,3500,ATL@ORL,ATL,ORL,,,,,,PG/SG
98132-110317,PG,Jaylen,Jaylen Nowell,Nowell,10.644444783528646,9,3500,MEM@PHO,MEM,PHO,,,,,,PG
98132-171757,PF,Jake,Jake LaRavia,LaRavia,5.712500095367432,8,3500,MEM@PHO,MEM,PHO,,,,,,PF
98132-171765,PF,Moussa,Moussa Diabate,Diabate,6.7,10,3500,LAC@LAL,LAC,LAL,O,Hand,,,,PF
98132-85238,SG/SF,Yuta,Yuta Watanabe,Watanabe,8.147825821586277,23,3500,MEM@PHO,PHO,MEM,,,,,,SG/SF
98132-171775,C,Christian,Christian Koloko,Koloko,11.1672415897764,58,3500,TOR@GS,TOR,GS,O,Illness,,,,C
98132-171778,SG,Wendell,Wendell Moore,Moore,1.3875000476837158,8,3500,MIN@DAL,MIN,DAL,,,,,,SG
98132-171776,SF,Josh,Josh Minott,Minott,2.6499998910086497,14,3500,MIN@DAL,MIN,DAL,,,,,,SF
98132-171783,PF,E.J.,E.J. Liddell,Liddell,2.7999998728434243,3,3500,NO@SAC,NO,SAC,,,,,,PF
98132-15628,SF,Otto,Otto Porter,Porter,7.586666870117187,15,3500,TOR@GS,TOR,GS,O,Knee,,,,SF
98132-110353,PF/C,Brandon,Brandon Clarke,Clarke,21.357142857142858,56,3500,MEM@PHO,MEM,PHO,O,Achilles,,,,PF/C
98132-171796,PF,Gui,Gui Santos,Santos,5.525000095367432,4,3500,TOR@GS,GS,TOR,,,,,,PF
98132-82744,PG,Shaquille,Shaquille Harrison,Harrison,2.4666666984558105,3,3500,MEM@PHO,MEM,PHO,,,,,,PG
98132-11074,SF,Garrett,Garrett Temple,Temple,3.4833332697550454,6,3500,TOR@GS,TOR,GS,,,,,,SF
98132-23407,PF,P.J.,P.J. Tucker,Tucker,7.706666564941406,15,3500,LAC@LAL,LAC,LAL,,,,,,PF
98132-159097,C,Jay,Jay Huff,Huff,1,2,3500,DET@DEN,DEN,DET,,,,,,C
98132-9623,PG,Chris,Chris Paul,Paul,26.725000381469727,32,3500,TOR@GS,GS,TOR,O,Hand,,,,PG
98132-145822,SG,Kevon,Kevon Harris,Harris,8.647058823529411,34,3500,ATL@ORL,ORL,ATL,,,,,,SG
98132-145824,PG,Jordan,Jordan Ford,Ford,2.7333332697550454,6,3500,NO@SAC,SAC,NO,,,,,,PG
98132-145316,PG,Kira,Kira Lewis,Lewis,6.742857251848493,14,3500,NO@SAC,NO,SAC,,,,,,PG
98132-80829,PF,Sasha,Sasha Vezenkov,Vezenkov,10.833333333333334,27,3500,NO@SAC,SAC,NO,,,,,,PF
98132-9666,PF,Thaddeus,Thaddeus Young,Young,4.842857360839844,7,3500,TOR@GS,TOR,GS,,,,,,PF
98132-193991,SF,Alex,Alex Fudge,Fudge,1.350000023841858,4,3500,LAC@LAL,LAL,LAC,,,,,,SF
98132-172996,PG,Javon,Javon Freeman-Liberty,Freeman-Liberty,,,3500,TOR@GS,TOR,GS,,,,,,PG
98132-18376,SG,Damion,Damion Lee,Lee,13.392682331364329,82,3500,MEM@PHO,PHO,MEM,GTD,Knee,,,,SG
98132-16363,SG,Joe,Joe Harris,Harris,5.558333079020183,12,3500,DET@DEN,DET,DEN,,,,,,SG
98132-188407,SF,Jett,Jett Howard,Howard,2.3666665818956165,9,3500,ATL@ORL,ORL,ATL,,,,,,SF