Id,Position,First Name,Nickname,Last Name,FPPG,Played,Salary,Game,Team,Opponent,Injury Indicator,Injury Details,Tier,,,Roster Position
97465-49111,C,Joel,Joel Embiid,Embiid,62.74782396399456,23,12900,MIN@PHI,PHI,MIN,,,,,,C
97465-84669,PG,Luka,Luka Doncic,Doncic,57.86,25,12500,LAC@DAL,DAL,LAC,,,,,,PG
97465-55062,C,Nikola,Nikola Jokic,Jokic,58.47777868200232,27,12300,DEN@TOR,DEN,TOR,,,,,,C
97465-15755,PF/C,Anthony,Anthony Davis,Davis,52.792001953125,25,11400,LAL@CHI,LAL,CHI,GTD,Ankle,,,,PF/C
97465-145337,PG,Tyrese,Tyrese Haliburton,Haliburton,49.49091131036932,22,10700,CHA@IND,IND,CHA,,,,,,PG
97465-59358,C/PF,Domantas,Domantas Sabonis,Sabonis,46.1639990234375,25,10600,BOS@SAC,SAC,BOS,,,,,,PF/C
97465-9488,SF/PF,LeBron,LeBron James,James,48.327998046875,25,10500,LAL@CHI,LAL,CHI,GTD,Calf,,,,SF/PF
97465-84671,PG,Trae,Trae Young,Young,48.27916463216146,24,10400,ATL@HOU,ATL,HOU,,,,,,PG
97465-66113,SG/PG,Donovan,Donovan Mitchell,Mitchell,46.8681807084517,22,10200,UTA@CLE,CLE,UTA,GTD,Illness,,,,PG/SG
97465-80810,PG,De'Aaron,De'Aaron Fox,Fox,47.85789409436678,19,10100,BOS@SAC,SAC,BOS,,,,,,PG
97465-80808,PF/SF,Jayson,Jayson Tatum,Tatum,45.0076904296875,26,9900,BOS@SAC,BOS,SAC,,,,,,SF/PF
97465-42677,SG/PG,Terry,Terry Rozier,Rozier,40.48749923706055,16,9600,CHA@IND,CHA,IND,,,,,,PG/SG
97465-145321,SG/SF,Anthony,Anthony Edwards,Edwards,41.3545448996804,22,9500,MIN@PHI,MIN,PHI,,,,,,SG/SF
97465-157822,PF/SF,Scottie,Scottie Barnes,Barnes,46.06923264723558,26,9400,DEN@TOR,TOR,DEN,,,,,,SF/PF
97465-14513,SF/PF,Kawhi,Kawhi Leonard,Leonard,41.30769230769231,26,9300,LAC@DAL,LAC,DAL,,,,,,SF/PF
97465-80817,C,Bam,Bam Adebayo,Adebayo,43.88235294117647,17,9100,MIA@ORL,MIA,ORL,,,,,,C
97465-145485,PG,LaMelo,LaMelo Ball,Ball,44.5933349609375,15,9000,CHA@IND,CHA,IND,O,Ankle,,,,PG
97465-9644,SG/PG,James,James Harden,Harden,38.661905924479164,21,9000,LAC@DAL,LAC,DAL,,,,,,PG/SG
97465-58462,PF/C,Karl-Anthony,Karl-Anthony Towns,Towns,40.0360009765625,25,8900,MIN@PHI,MIN,PHI,,,,,,PF/C
97465-42669,PF,Julius,Julius Randle,Randle,41.23076923076923,26,8800,NY@BKN,NY,BKN,,,,,,PF
97465-145331,PG,Tyrese,Tyrese Maxey,Maxey,43.512001953125,25,8700,MIN@PHI,PHI,MIN,,,,,,PG
97465-12341,SG/SF,Paul,Paul George,George,39.7439990234375,25,8600,LAC@DAL,LAC,DAL,GTD,Illness,,,,SG/SF
97465-14514,C,Nikola,Nikola Vucevic,Vucevic,37.510716029575896,28,8600,LAL@CHI,CHI,LAL,,,,,,C
97465-84690,PG,Jalen,Jalen Brunson,Brunson,40.35384427584135,26,8500,NY@BKN,NY,BKN,,,,,,PG
97465-60021,PF,Pascal,Pascal Siakam,Siakam,37.796154315655045,26,8400,DEN@TOR,TOR,DEN,,,,,,PF
97465-24247,PG,Fred,Fred VanVleet,VanVleet,39.09565270465353,23,8400,ATL@HOU,HOU,ATL,,,,,,PG
97465-14528,SF/PF,Jimmy,Jimmy Butler,Butler,37.295651643172555,23,8400,MIA@ORL,MIA,ORL,O,Calf,,,,SF/PF
97465-14498,PG/SG,Kyrie,Kyrie Irving,Irving,38.55294261259191,17,8300,LAC@DAL,DAL,LAC,O,Heel,,,,PG/SG
97465-157908,C,Alperen,Alperen Sengun,Sengun,41.324999491373696,24,8300,ATL@HOU,HOU,ATL,,,,,,C
97465-110326,PG,Coby,Coby White,White,31.13214329310826,28,8300,LAL@CHI,CHI,LAL,,,,,,PG
97465-67026,SF/SG,Jaylen,Jaylen Brown,Brown,36.82800048828125,25,8300,BOS@SAC,BOS,SAC,,,,,,SG/SF
97465-40203,C,Rudy,Rudy Gobert,Gobert,36.65199951171875,25,8200,MIN@PHI,MIN,PHI,,,,,,C
97465-80812,PF/SF,Lauri,Lauri Markkanen,Markkanen,39.116665310329864,18,8200,UTA@CLE,UTA,CLE,,,,,,SF/PF
97465-63122,PF/C,Kristaps,Kristaps Porzingis,Porzingis,35.042104620682565,19,8100,BOS@SAC,BOS,SAC,GTD,Calf,,,,PF/C
97465-171770,PF/SF,Paolo,Paolo Banchero,Banchero,37.36800048828125,25,8100,MIA@ORL,ORL,MIA,,,,,,SF/PF
97465-9714,SF,DeMar,DeMar DeRozan,DeRozan,38.67692213792067,26,8100,LAL@CHI,CHI,LAL,,,,,,SF
97465-66108,PG,Jamal,Jamal Murray,Murray,32.642857142857146,14,7900,DEN@TOR,DEN,TOR,,,,,,PG
97465-15542,SG/PG,Spencer,Spencer Dinwiddie,Dinwiddie,31.99199951171875,25,7800,NY@BKN,BKN,NY,,,,,,PG/SG
97465-84678,SF,Miles,Miles Bridges,Bridges,34.65714372907366,14,7800,CHA@IND,CHA,IND,,,,,,SF
97465-171777,C,Walker,Walker Kessler,Kessler,28.51578883120888,19,7800,UTA@CLE,UTA,CLE,,,,,,C
97465-67708,SG/PG,Dejounte,Dejounte Murray,Murray,36.97307645357572,26,7700,ATL@HOU,ATL,HOU,,,,,,PG/SG
97465-157845,PF/C,Evan,Evan Mobley,Mobley,38.07142857142857,21,7700,UTA@CLE,CLE,UTA,O,Knee,,,,PF/C
97465-55060,SF/SG,Bogdan,Bogdan Bogdanovic,Bogdanovic,29.3625005086263,24,7700,ATL@HOU,ATL,HOU,GTD,Ankle,,,,SG/SF
97465-110312,SG,Tyler,Tyler Herro,Herro,37.23333401150174,9,7600,MIA@ORL,MIA,ORL,,,,,,SG
97465-84670,SG/SF,Mikal,Mikal Bridges,Bridges,35.82307786207933,26,7500,NY@BKN,BKN,NY,,,,,,SG/SF
97465-110342,PG,Darius,Darius Garland,Garland,34.45,20,7500,UTA@CLE,CLE,UTA,O,Jaw,,,,PG
97465-40783,SG,Zach,Zach LaVine,LaVine,33.383334689670136,18,7400,LAL@CHI,CHI,LAL,O,Foot,,,,SG
97465-58253,C,Myles,Myles Turner,Turner,34.675000508626304,24,7400,CHA@IND,IND,CHA,GTD,Hamstring,,,,C
97465-55059,C,Clint,Clint Capela,Capela,32.5839990234375,25,7300,ATL@HOU,ATL,HOU,,,,,,C
97465-157851,SF,Franz,Franz Wagner,Wagner,35.13199951171875,25,7200,MIA@ORL,ORL,MIA,,,,,,SF
97465-110354,C,Nic,Nic Claxton,Claxton,32.75882496553309,17,7200,NY@BKN,BKN,NY,,,,,,C
97465-49675,PG/SG,Derrick,Derrick White,White,33.66521686056386,23,7100,BOS@SAC,BOS,SAC,,,,,,PG/SG
97465-157838,SG/SF,Cam,Cam Thomas,Thomas,33.39411836511948,17,7100,NY@BKN,BKN,NY,,,,,,SG/SF
97465-84667,SG,Collin,Collin Sexton,Sexton,23.28888843677662,27,7100,UTA@CLE,UTA,CLE,,,,,,SG
97465-80821,C/PF,Jarrett,Jarrett Allen,Allen,29.527271617542613,22,7100,UTA@CLE,CLE,UTA,,,,,,PF/C
97465-158136,SF/SG,Austin,Austin Reaves,Reaves,28.74444354021991,27,7000,LAL@CHI,LAL,CHI,,,,,,SG/SF
97465-70827,C,Ivica,Ivica Zubac,Zubac,29.01538555438702,26,6900,LAC@DAL,LAC,DAL,,,,,,C
97465-171787,SF/PF,Keegan,Keegan Murray,Murray,29.44285656156994,21,6900,BOS@SAC,SAC,BOS,,,,,,SF/PF
97465-12366,SF/SG,Gordon,Gordon Hayward,Hayward,31.118180708451703,22,6800,CHA@IND,CHA,IND,GTD,Illness,,,,SG/SF
97465-41594,PF,Aaron,Aaron Gordon,Gordon,30.875,24,6800,DEN@TOR,DEN,TOR,GTD,Heel,,,,PF
97465-58378,C,Jakob,Jakob Poeltl,Poeltl,27.95384568434495,26,6700,DEN@TOR,TOR,DEN,,,,,,C
97465-171769,SF,Tari,Tari Eason,Eason,24.65294153550092,17,6700,ATL@HOU,HOU,ATL,,,,,,SF
97465-40201,PG,Dennis,Dennis Schroder,Schroder,30.061537522536057,26,6700,DEN@TOR,TOR,DEN,,,,,,PG
97465-66236,PF/C,John,John Collins,Collins,28.800001061480977,23,6600,UTA@CLE,UTA,CLE,,,,,,PF/C
97465-110337,SG/SF,Talen,Talen Horton-Tucker,Horton-Tucker,23.344443992332177,27,6500,UTA@CLE,UTA,CLE,,,,,,SG/SF
97465-110352,PF/C,P.J.,P.J. Washington,Washington,27.1045448996804,22,6500,CHA@IND,CHA,IND,,,,,,PF/C
97465-9663,PG,Jrue,Jrue Holiday,Holiday,30.22083282470703,24,6500,BOS@SAC,BOS,SAC,,,,,,PG
97465-113267,SF/PF,Caleb,Caleb Martin,Martin,23.270588594324447,17,6400,MIA@ORL,MIA,ORL,,,,,,SF/PF
97465-171767,PF,Jabari,Jabari Smith,Smith,27.82916768391927,24,6400,ATL@HOU,HOU,ATL,,,,,,PF
97465-171786,C,Mark,Mark Williams,Williams,30.88420988384046,19,6400,CHA@IND,CHA,IND,GTD,Back,,,,C
97465-145328,PF/SF,Saddiq,Saddiq Bey,Bey,24.923076923076923,26,6400,ATL@HOU,ATL,HOU,,,,,,SF/PF
97465-80825,PF/C,Isaiah,Isaiah Hartenstein,Hartenstein,20.161538931039665,26,6400,NY@BKN,NY,BKN,,,,,,PF/C
97465-58312,PG/SG,D'Angelo,D'Angelo Russell,Russell,31.23461444561298,26,6400,LAL@CHI,LAL,CHI,,,,,,PG/SG
97465-188425,C,Dereck,Dereck Lively,Lively,25.33043372112772,23,6300,LAC@DAL,DAL,LAC,O,Ankle,,,,C
97465-84682,SF/PF,Michael,Michael Porter,Porter,30.542857578822545,28,6300,DEN@TOR,DEN,TOR,,,,,,SF/PF
97465-23798,SG/SF,Caris,Caris LeVert,LeVert,28.035000610351563,20,6300,UTA@CLE,CLE,UTA,,,,,,SG/SF
97465-18393,PG,T.J.,T.J. McConnell,McConnell,20.75789441560444,19,6300,CHA@IND,IND,CHA,,,,,,PG
97465-68090,SF/SG,OG,OG Anunoby,Anunoby,26.827273282137785,22,6300,DEN@TOR,TOR,DEN,,,,,,SG/SF
97465-157907,SG/PG,Jalen,Jalen Green,Green,28.037501017252605,24,6200,ATL@HOU,HOU,ATL,,,,,,PG/SG
97465-84703,SG/PG,De'Anthony,De'Anthony Melton,Melton,27.107691838191105,26,6200,MIN@PHI,PHI,MIN,,,,,,PG/SG
97465-110357,SF,RJ,RJ Barrett,Barrett,27.909522646949405,21,6200,NY@BKN,NY,BKN,,,,,,SF
97465-145304,C,Onyeka,Onyeka Okongwu,Okongwu,22.588461068960335,26,6200,ATL@HOU,ATL,HOU,,,,,,C
97465-9874,PF/C,Kevin,Kevin Love,Love,22.547619047619047,21,6100,MIA@ORL,MIA,ORL,O,Illness,,,,PF/C
97465-14518,PF/SF,Tobias,Tobias Harris,Harris,29.919231708233173,26,6100,MIN@PHI,PHI,MIN,,,,,,SF/PF
97465-55055,SG/PG,Dante,Dante Exum,Exum,16.5043480914572,23,6100,LAC@DAL,DAL,LAC,,,,,,PG/SG
97465-145318,C,Nick,Nick Richards,Richards,21.163158215974505,19,6100,CHA@IND,CHA,IND,,,,,,C
97465-145327,PG/SG,Cole,Cole Anthony,Anthony,26.94,25,6100,MIA@ORL,ORL,MIA,,,,,,PG/SG
97465-188412,PG/SG,Keyonte,Keyonte George,George,21.600001017252605,24,6100,UTA@CLE,UTA,CLE,O,Foot,,,,PG/SG
97465-66115,PG/PF,Ben,Ben Simmons,Simmons,31,6,6000,NY@BKN,BKN,NY,O,Back,,,,PG/PF
97465-84694,SF,Bruce,Bruce Brown,Brown,24.92,25,6000,CHA@IND,IND,CHA,,,,,,SF
97465-110359,C,Goga,Goga Bitadze,Bitadze,23.97826086956522,23,6000,MIA@ORL,ORL,MIA,,,,,,C
97465-9642,PG,Russell,Russell Westbrook,Westbrook,28.22692401592548,26,6000,LAC@DAL,LAC,DAL,,,,,,PG
97465-112708,SG/SF,Max,Max Strus,Strus,28.67407452618634,27,5900,UTA@CLE,CLE,UTA,,,,,,SG/SF
97465-171746,SG/SF,Bennedict,Bennedict Mathurin,Mathurin,23.04800048828125,25,5900,CHA@IND,IND,CHA,,,,,,SG/SF
97465-110338,SF/PF,De'Andre,De'Andre Hunter,Hunter,24.278261931046195,23,5900,ATL@HOU,ATL,HOU,,,,,,SF/PF
97465-110995,C/PF,Naz,Naz Reid,Reid,23.18,25,5900,MIN@PHI,MIN,PHI,,,,,,PF/C
97465-80816,SG/PG,Malik,Malik Monk,Monk,26.76,25,5900,BOS@SAC,SAC,BOS,,,,,,PG/SG
97465-188419,SF,Brandon,Brandon Miller,Miller,24.917390242866848,23,5800,CHA@IND,CHA,IND,,,,,,SF
97465-157827,PF,Isaiah,Isaiah Jackson,Jackson,20.517646340762866,17,5800,CHA@IND,IND,CHA,,,,,,PF
97465-110316,SF/PF,Cameron,Cameron Johnson,Johnson,25.957895379317435,19,5800,NY@BKN,BKN,NY,,,,,,SF/PF
97465-80805,PG,Markelle,Markelle Fultz,Fultz,25.08000030517578,5,5800,MIA@ORL,ORL,MIA,O,Knee,,,,PG
97465-188422,SF,Jaime,Jaime Jaquez,Jaquez,23.522221317997687,27,5700,MIA@ORL,MIA,ORL,,,,,,SF
97465-14523,PG,Reggie,Reggie Jackson,Jackson,24.353572300502233,28,5700,DEN@TOR,DEN,TOR,,,,,,PG
97465-9535,PG,Kyle,Kyle Lowry,Lowry,24.11199951171875,25,5700,MIA@ORL,MIA,ORL,,,,,,PG
97465-145308,SF/PF,Patrick,Patrick Williams,Williams,21.160714285714285,28,5700,LAL@CHI,CHI,LAL,GTD,Calf,,,,SF/PF
97465-22541,C/PF,Kelly,Kelly Olynyk,Olynyk,21.82,25,5600,UTA@CLE,UTA,CLE,,,,,,PF/C
97465-157850,SG/PG,Jalen,Jalen Suggs,Suggs,25.430435844089676,23,5600,MIA@ORL,ORL,MIA,,,,,,PG/SG
97465-9575,PG,Mike,Mike Conley,Conley,26.1039990234375,25,5600,MIN@PHI,MIN,PHI,,,,,,PG
97465-15846,SG/SF,Tim,Tim Hardaway,Hardaway,23.565217391304348,23,5600,LAC@DAL,DAL,LAC,,,,,,SG/SF
97465-9453,C,Al,Al Horford,Horford,23.66521686056386,23,5500,BOS@SAC,BOS,SAC,,,,,,C
97465-16293,SF/SG,Norman,Norman Powell,Powell,19.52692354642428,26,5500,LAC@DAL,LAC,DAL,GTD,Illness,,,,SG/SF
97465-145339,PF,Obi,Obi Toppin,Toppin,21.1,25,5500,CHA@IND,IND,CHA,,,,,,PF
97465-145348,SG/PG,Immanuel,Immanuel Quickley,Quickley,23.25199951171875,25,5500,NY@BKN,NY,BKN,,,,,,PG/SG
97465-23572,SF/PF,Taurean,Taurean Prince,Prince,17.92800048828125,25,5400,LAL@CHI,LAL,CHI,,,,,,SF/PF
97465-23665,SG/SF,Buddy,Buddy Hield,Hield,22.92,25,5400,CHA@IND,IND,CHA,,,,,,SG/SF
97465-85137,SG/SF,Duncan,Duncan Robinson,Robinson,23.03199951171875,25,5400,MIA@ORL,MIA,ORL,,,,,,SG/SF
97465-60233,SG/SF,Dillon,Dillon Brooks,Brooks,21.850001017252605,24,5400,ATL@HOU,HOU,ATL,,,,,,SG/SF
97465-15557,C,Andre,Andre Drummond,Drummond,17.982142857142858,28,5300,LAL@CHI,CHI,LAL,,,,,,C
97465-66968,SF/PF,Derrick,Derrick Jones,Jones,19.55199951171875,25,5300,LAC@DAL,DAL,LAC,,,,,,SF/PF
97465-23981,PG/SG,Alex,Alex Caruso,Caruso,21.58636335893111,22,5300,LAL@CHI,CHI,LAL,GTD,Ankle,,,,PG/SG
97465-145333,SF/PF,Aaron,Aaron Nesmith,Nesmith,20.856522269870926,23,5300,CHA@IND,IND,CHA,,,,,,SF/PF
97465-84676,C,Wendell,Wendell Carter,Carter,23.519999694824218,5,5200,MIA@ORL,ORL,MIA,,,,,,C
97465-84681,SG/SF,Donte,Donte DiVincenzo,DiVincenzo,18.15769254244291,26,5200,NY@BKN,NY,BKN,,,,,,SG/SF
97465-110883,PF/SF,Dean,Dean Wade,Wade,14.85,20,5200,UTA@CLE,CLE,UTA,,,,,,SF/PF
97465-58153,SF/SG,Kelly,Kelly Oubre,Oubre,23.4,15,5200,MIN@PHI,PHI,MIN,,,,,,SG/SF
97465-145314,PF/C,Precious,Precious Achiuwa,Achiuwa,20.225,20,5200,DEN@TOR,TOR,DEN,,,,,,PF/C
97465-40562,SG/SF,Josh,Josh Hart,Hart,21.115384615384617,26,5100,NY@BKN,NY,BKN,,,,,,SG/SF
97465-157849,PG/SG,Ayo,Ayo Dosunmu,Dosunmu,14.173076923076923,26,5100,LAL@CHI,CHI,LAL,,,,,,PG/SG
97465-23716,SF/PF,Kyle,Kyle Anderson,Anderson,20.98,25,5100,MIN@PHI,MIN,PHI,,,,,,SF/PF
97465-15636,SG,Kentavious,Kentavious Caldwell-Pope,Caldwell-Pope,20.873077392578125,26,5100,DEN@TOR,DEN,TOR,,,,,,SG
97465-145319,SF/PF,Jaden,Jaden McDaniels,McDaniels,15.966666666666667,15,5100,MIN@PHI,MIN,PHI,,,,,,SF/PF
97465-145341,SF/SG,Isaac,Isaac Okoro,Okoro,17.52222188313802,18,5100,UTA@CLE,CLE,UTA,,,,,,SG/SF
97465-15946,SF/PF,Harrison,Harrison Barnes,Barnes,19.44,25,5000,BOS@SAC,SAC,BOS,,,,,,SF/PF
97465-157839,C,Day'Ron,Day'Ron Sharpe,Sharpe,18.46153846153846,26,5000,NY@BKN,BKN,NY,,,,,,C
97465-84704,SG/SF,Kevin,Kevin Huerter,Huerter,23.100001017252605,24,5000,BOS@SAC,SAC,BOS,,,,,,SG/SF
97465-110318,PF,Grant,Grant Williams,Williams,18.143477730129074,23,5000,LAC@DAL,DAL,LAC,,,,,,PF
97465-171761,SG,Peyton,Peyton Watson,Watson,14.069230299729567,26,5000,DEN@TOR,DEN,TOR,,,,,,SG
97465-16376,SF/PF,Dorian,Dorian Finney-Smith,Finney-Smith,21.370834350585938,24,5000,NY@BKN,BKN,NY,,,,,,SF/PF
97465-42202,PF/C,Christian,Christian Wood,Wood,17.129166920979817,24,4900,LAL@CHI,LAL,CHI,,,,,,PF/C
97465-23802,PG/SG,Kris,Kris Dunn,Dunn,12.515789634303042,19,4900,UTA@CLE,UTA,CLE,,,,,,PG/SG
97465-171781,SG,Ochai,Ochai Agbaji,Agbaji,14.444444444444445,27,4900,UTA@CLE,UTA,CLE,,,,,,SG
97465-16233,SF/SG,Josh,Josh Richardson,Richardson,19.272727272727273,22,4900,MIA@ORL,MIA,ORL,,,,,,SG/SF
97465-18338,SF/PF,Royce,Royce O'Neale,O'Neale,22.10800048828125,25,4900,NY@BKN,BKN,NY,,,,,,SF/PF
97465-188423,SF,Julian,Julian Strawther,Strawther,11.364000244140625,25,4800,DEN@TOR,DEN,TOR,,,,,,SF
97465-173747,SF,Simone,Simone Fontecchio,Fontecchio,15.464000244140625,25,4800,UTA@CLE,UTA,CLE,,,,,,SF
97465-110339,SG/SF,Cam,Cam Reddish,Reddish,16.818181818181817,22,4700,LAL@CHI,LAL,CHI,,,,,,SG/SF
97465-80814,PG,Dennis,Dennis Smith,Smith,17.792307927058292,13,4700,NY@BKN,BKN,NY,O,Back,,,,PG
97465-189467,PG,Craig,Craig Porter,Porter,14.787500381469727,16,4600,UTA@CLE,CLE,UTA,,,,,,PG
97465-81529,PF/C,Daniel,Daniel Theis,Theis,16.006250381469727,16,4600,LAC@DAL,LAC,DAL,,,,,,PF/C
97465-110349,PF/SF,Rui,Rui Hachimura,Hachimura,20.066667344835068,18,4600,LAL@CHI,LAL,CHI,,,,,,SF/PF
97465-145329,C,Paul,Paul Reed,Reed,13.596153846153847,26,4600,MIN@PHI,PHI,MIN,,,,,,C
97465-80829,PF,Sasha,Sasha Vezenkov,Vezenkov,12.39090936834162,22,4600,BOS@SAC,SAC,BOS,,,,,,PF
97465-101387,PG/SG,Gabe,Gabe Vincent,Vincent,15.699999809265137,4,4500,LAL@CHI,LAL,CHI,GTD,Knee,,,,PG/SG
97465-171665,C,Orlando,Orlando Robinson,Robinson,17.1750005086263,12,4500,MIA@ORL,MIA,ORL,,,,,,C
97465-15583,SG,Seth,Seth Curry,Curry,9.319047473725819,21,4500,LAC@DAL,DAL,LAC,,,,,,SG
97465-110329,PF/C,Bruno,Bruno Fernando,Fernando,4.985714503696987,7,4500,ATL@HOU,ATL,HOU,,,,,,PF/C
97465-145325,SF/SG,Josh,Josh Green,Green,16.327777438693577,18,4500,LAC@DAL,DAL,LAC,O,Elbow,,,,SG/SF
97465-188408,PG,Anthony,Anthony Black,Black,11.91739156971807,23,4500,MIA@ORL,ORL,MIA,,,,,,PG
97465-58461,PF,Trey,Trey Lyles,Lyles,15.433333079020182,12,4400,BOS@SAC,SAC,BOS,,,,,,PF
97465-171744,SG,Christian,Christian Braun,Braun,17.4500002179827,28,4400,DEN@TOR,DEN,TOR,,,,,,SG
97465-84714,C,Moritz,Moritz Wagner,Wagner,19.2,25,4400,MIA@ORL,ORL,MIA,,,,,,C
97465-20277,SF/SG,Torrey,Torrey Craig,Craig,15.851851851851851,27,4400,LAL@CHI,CHI,LAL,O,Heel,,,,SG/SF
97465-102025,PF,Haywood,Haywood Highsmith,Highsmith,15.41764741785386,17,4300,MIA@ORL,MIA,ORL,,,,,,PF
97465-145576,SF/PF,Jae'Sean,Jae'Sean Tate,Tate,14.05000027743253,22,4300,ATL@HOU,HOU,ATL,GTD,Illness,,,,SF/PF
97465-110356,SG/SF,Nickeil,Nickeil Alexander-Walker,Alexander-Walker,16.78,25,4300,MIN@PHI,MIN,PHI,,,,,,SG/SF
97465-9561,C,DeAndre,DeAndre Jordan,Jordan,14.309090354225852,11,4300,DEN@TOR,DEN,TOR,,,,,,C
97465-145335,PG,Payton,Payton Pritchard,Pritchard,15.642308161808895,26,4300,BOS@SAC,BOS,SAC,,,,,,PG
97465-20491,PF/SF,Robert,Robert Covington,Covington,15.744000244140626,25,4200,MIN@PHI,PHI,MIN,GTD,Illness,,,,SF/PF
97465-158854,SF,Sam,Sam Hauser,Hauser,16.71153846153846,26,4200,BOS@SAC,BOS,SAC,,,,,,SF
97465-16604,SG,Justin,Justin Holiday,Holiday,9.823529411764707,17,4200,DEN@TOR,DEN,TOR,,,,,,SG
97465-171747,SG/PG,Andrew,Andrew Nembhard,Nembhard,16.752940458409928,17,4200,CHA@IND,IND,CHA,O,Knee,,,,PG/SG
97465-110315,SG/SF,Terance,Terance Mann,Mann,16.55,20,4200,LAC@DAL,LAC,DAL,,,,,,SG/SF
97465-9648,SF,Jeff,Jeff Green,Green,12.386956256368887,23,4200,ATL@HOU,HOU,ATL,,,,,,SF
97465-145351,C,Omer,Omer Yurtseven,Yurtseven,12.549999660915798,18,4200,UTA@CLE,UTA,CLE,O,Illness,,,,C
97465-24544,SG,Gary,Gary Harris,Harris,14.675,20,4200,MIA@ORL,ORL,MIA,,,,,,SG
97465-188405,PG/SG,Amen,Amen Thompson,Thompson,11.94000015258789,5,4200,ATL@HOU,HOU,ATL,GTD,Illness,,,,PG/SG
97465-9809,SF/PF,Nicolas,Nicolas Batum,Batum,16.55500030517578,20,4100,MIN@PHI,PHI,MIN,O,Hamstring,,,,SF/PF
97465-68203,C/PF,Chris,Chris Boucher,Boucher,13.72499974568685,24,4100,DEN@TOR,TOR,DEN,,,,,,PF/C
97465-23156,PF,Georges,Georges Niang,Niang,14.37037037037037,27,4100,UTA@CLE,CLE,UTA,,,,,,PF
97465-84668,SF,Troy,Troy Brown,Brown,11.39047604515439,21,4100,MIN@PHI,MIN,PHI,,,,,,SF
97465-171791,SG,Jaden,Jaden Hardy,Hardy,10.94999972256747,22,4100,LAC@DAL,DAL,LAC,,,,,,SG
97465-145317,PG,Sam,Sam Merrill,Merrill,8.171428680419922,14,4100,UTA@CLE,CLE,UTA,,,,,,PG
97465-80811,SF/PF,Jonathan,Jonathan Isaac,Isaac,17.494444105360245,18,4100,MIA@ORL,ORL,MIA,,,,,,SF/PF
97465-157834,PG,Bones,Bones Hyland,Hyland,12.576923076923077,13,4000,LAC@DAL,LAC,DAL,GTD,Knee,,,,PG
97465-158856,PF,Trendon,Trendon Watford,Watford,14.93157958984375,19,4000,NY@BKN,BKN,NY,,,,,,PF
97465-171669,SG,Keon,Keon Ellis,Ellis,10.438888549804688,18,4000,BOS@SAC,SAC,BOS,,,,,,SG
97465-14512,PF/SF,Marcus,Marcus Morris,Morris,11.744444105360243,18,4000,MIN@PHI,PHI,MIN,GTD,Illness,,,,SF/PF
97465-84691,PG,Shake,Shake Milton,Milton,11.112500508626303,24,4000,MIN@PHI,MIN,PHI,,,,,,PG
97465-84695,SG,Gary,Gary Trent,Trent,17.33478313943614,23,4000,DEN@TOR,TOR,DEN,,,,,,SG
97465-67312,C,Thomas,Thomas Bryant,Bryant,11.57647076775046,17,4000,MIA@ORL,MIA,ORL,,,,,,C
97465-145344,PG,Malachi,Malachi Flynn,Flynn,12.826923076923077,26,4000,DEN@TOR,TOR,DEN,,,,,,PG
97465-188411,PF,Taylor,Taylor Hendricks,Hendricks,13.122222052680122,9,4000,UTA@CLE,UTA,CLE,,,,,,PF
97465-188420,SG,Nick,Nick Smith,Smith,6.990000152587891,10,3900,CHA@IND,CHA,IND,,,,,,SG
97465-157826,SG/SF,Quentin,Quentin Grimes,Grimes,11.47499974568685,24,3900,NY@BKN,NY,BKN,,,,,,SG/SF
97465-14511,PF,Markieff,Markieff Morris,Morris,8,10,3900,LAC@DAL,DAL,LAC,,,,,,PF
97465-12474,PG,Patrick,Patrick Beverley,Beverley,12.957692072941708,26,3900,MIN@PHI,PHI,MIN,,,,,,PG
97465-84675,C,Mo,Mo Bamba,Bamba,9.071428571428571,14,3900,MIN@PHI,PHI,MIN,,,,,,C
97465-84719,PG,Aaron,Aaron Holiday,Holiday,13.509091463955967,22,3900,ATL@HOU,HOU,ATL,,,,,,PG
97465-84721,PF,Jarred,Jarred Vanderbilt,Vanderbilt,9,6,3900,LAL@CHI,LAL,CHI,GTD,Heel,,,,PF
97465-145322,C,Jalen,Jalen Smith,Smith,18.74285670689174,14,3900,CHA@IND,IND,CHA,GTD,Heel,,,,C
97465-59318,SG/SF,Joe,Joe Ingles,Ingles,15.091667175292969,24,3900,MIA@ORL,ORL,MIA,O,Ankle,,,,SG/SF
97465-188410,SG,Ben,Ben Sheppard,Sheppard,6.133333206176758,12,3900,CHA@IND,IND,CHA,,,,,,SG
97465-110640,PF,Luka,Luka Samanic,Samanic,6.708333333333333,12,3800,UTA@CLE,UTA,CLE,,,,,,PF
97465-157811,C,Neemias,Neemias Queta,Queta,14.266666412353516,6,3800,BOS@SAC,BOS,SAC,,,,,,C
97465-157825,C,Jericho,Jericho Sims,Sims,4.307142802647182,14,3800,NY@BKN,NY,BKN,O,Ankle,,,,C
97465-14501,C,Tristan,Tristan Thompson,Thompson,8.813636086203836,22,3800,UTA@CLE,CLE,UTA,,,,,,C
97465-81621,PF/C,Maxi,Maxi Kleber,Kleber,11.84000015258789,5,3800,LAC@DAL,DAL,LAC,O,Toe,,,,PF/C
97465-84696,PG,Jevon,Jevon Carter,Carter,9.54642813546317,28,3800,LAL@CHI,CHI,LAL,,,,,,PG
97465-12511,PG,Ish,Ish Smith,Smith,9.37368453176398,19,3800,CHA@IND,CHA,IND,,,,,,PG
97465-171751,SG,Max,Max Christie,Christie,10.180952526274181,21,3800,LAL@CHI,LAL,CHI,,,,,,SG
97465-9966,PF,James,James Johnson,Johnson,4.300000190734863,2,3800,CHA@IND,IND,CHA,,,,,,PF
97465-171785,SG,Bryce,Bryce McGowens,McGowens,10.09000015258789,20,3800,CHA@IND,CHA,IND,,,,,,SG
97465-16196,C/PF,Dwight,Dwight Powell,Powell,12.226087487262228,23,3800,LAC@DAL,DAL,LAC,,,,,,PF/C
97465-111492,SF/SG,Amir,Amir Coffey,Coffey,4.51428576878139,14,3800,LAC@DAL,LAC,DAL,,,,,,SG/SF
97465-23447,C,Richaun,Richaun Holmes,Holmes,8.62142835344587,14,3800,LAC@DAL,DAL,LAC,,,,,,C
97465-188418,PF,Kobe,Kobe Brown,Brown,5.752941355985754,17,3700,LAC@DAL,LAC,DAL,,,,,,PF
97465-188424,PF,Olivier-Maxence,Olivier-Maxence Prosper,Prosper,5.987500190734863,16,3700,LAC@DAL,DAL,LAC,,,,,,PF
97465-9739,C,JaVale,JaVale McGee,McGee,10.240909229625355,22,3700,BOS@SAC,SAC,BOS,,,,,,C
97465-117779,PF,Juan,Juan Toscano-Anderson,Toscano-Anderson,3.049999952316284,2,3700,BOS@SAC,SAC,BOS,,,,,,PF
97465-157805,SG,Brandon,Brandon Boston,Boston,6.699999809265137,2,3700,LAC@DAL,LAC,DAL,,,,,,SG
97465-157812,PG,Davion,Davion Mitchell,Mitchell,9.042105423776727,19,3700,BOS@SAC,SAC,BOS,,,,,,PG
97465-41083,C,Luke,Luke Kornet,Kornet,12.54117629107307,17,3700,BOS@SAC,BOS,SAC,O,Thigh,,,,C
97465-157840,PG,Jaden,Jaden Springer,Springer,10.146666463216146,15,3700,MIN@PHI,PHI,MIN,,,,,,PG
97465-110331,PG,Ty,Ty Jerome,Jerome,4.349999904632568,2,3700,UTA@CLE,CLE,UTA,O,Ankle,,,,PG
97465-9481,C/PF,Taj,Taj Gibson,Gibson,2.933333396911621,3,3700,NY@BKN,NY,BKN,,,,,,PF/C
97465-110351,SG/PG,Cody,Cody Martin,Martin,13.32857186453683,7,3700,CHA@IND,CHA,IND,O,Knee,,,,PG/SG
97465-171792,PF,Nikola,Nikola Jovic,Jovic,13.274999618530273,4,3700,MIA@ORL,MIA,ORL,,,,,,PF
97465-145357,PF,Lamar,Lamar Stevens,Stevens,6.055555555555555,9,3700,BOS@SAC,BOS,SAC,,,,,,PF
97465-111622,SF,Garrison,Garrison Mathews,Mathews,5.428571428571429,14,3600,ATL@HOU,ATL,HOU,,,,,,SF
97465-188434,SG/SF,Gradey,Gradey Dick,Dick,6.582353030934053,17,3600,DEN@TOR,TOR,DEN,,,,,,SG/SF
97465-117283,SF,Oshae,Oshae Brissett,Brissett,6.400000254313151,12,3600,BOS@SAC,BOS,SAC,,,,,,SF
97465-9799,SG,Wesley,Wesley Matthews,Matthews,7.326666768391927,15,3600,ATL@HOU,ATL,HOU,,,,,,SG
97465-85597,PG,Jordan,Jordan McLaughlin,McLaughlin,3.8125,8,3600,MIN@PHI,MIN,PHI,,,,,,PG
97465-157813,SG/PG,Joshua,Joshua Primo,Primo,2,1,3600,LAC@DAL,LAC,DAL,,,,,,PG/SG
97465-145533,PF,KJ,KJ Martin,Martin,5.513333129882812,15,3600,MIN@PHI,PHI,MIN,,,,,,PF
97465-157824,PG,Miles,Miles McBride,McBride,4.300000190734863,16,3600,NY@BKN,NY,BKN,,,,,,PG
97465-157828,SF,Chris,Chris Duarte,Duarte,8.51818154074929,22,3600,BOS@SAC,SAC,BOS,,,,,,SF
97465-171752,SF,AJ,AJ Griffin,Griffin,4.116666793823242,12,3600,ATL@HOU,ATL,HOU,O,Personal,,,,SF
97465-171763,SG,Dalen,Dalen Terry,Terry,4.708333333333333,12,3600,LAL@CHI,CHI,LAL,,,,,,SG
97465-171775,C,Christian,Christian Koloko,Koloko,11.1672415897764,58,3600,DEN@TOR,TOR,DEN,O,Illness,,,,C
97465-23294,SF,Danuel,Danuel House,House,7.866666666666666,15,3600,MIN@PHI,PHI,MIN,,,,,,SF
97465-110340,PF/C,Jaxson,Jaxson Hayes,Hayes,7.441666920979817,24,3600,LAL@CHI,LAL,CHI,,,,,,PF/C
97465-110350,PF/SF,Jalen,Jalen McDaniels,McDaniels,5.318749904632568,16,3600,DEN@TOR,TOR,DEN,,,,,,SF/PF
97465-160022,SG,A.J.,A.J. Lawson,Lawson,4.855555640326606,9,3600,LAC@DAL,DAL,LAC,,,,,,SG
97465-180555,SF,Jamal,Jamal Cain,Cain,9.362500190734863,8,3600,MIA@ORL,MIA,ORL,,,,,,SF
97465-145305,PF/C,Zeke,Zeke Nnaji,Nnaji,9.772727272727273,22,3600,DEN@TOR,DEN,TOR,,,,,,PF/C
97465-80813,PG,Frank,Frank Ntilikina,Ntilikina,7.157446678648603,47,3600,CHA@IND,CHA,IND,O,Lower leg,,,,PG
97465-158137,C,Jock,Jock Landale,Landale,5.474999904632568,16,3600,ATL@HOU,HOU,ATL,,,,,,C
97465-188417,SG,Kobe,Kobe Bufkin,Bufkin,1.7000000476837158,2,3500,ATL@HOU,ATL,HOU,O,Thumb,,,,SG
97465-180737,SG,Nate,Nate Williams,Williams,4.75,4,3500,ATL@HOU,HOU,ATL,,,,,,SG
97465-188430,SF,Dariq,Dariq Whitehead,Whitehead,4,1,3500,NY@BKN,BKN,NY,,,,,,SF
97465-188431,PF,Noah,Noah Clowney,Clowney,1.2000000476837158,1,3500,NY@BKN,BKN,NY,,,,,,PF
97465-188432,SG,Jalen,Jalen Hood-Schifino,Hood-Schifino,5.240000152587891,5,3500,LAL@CHI,LAL,CHI,O,Back,,,,SG
97465-188442,PF,Jalen,Jalen Wilson,Wilson,4.733333269755046,6,3500,NY@BKN,BKN,NY,,,,,,PF
97465-189468,C,Colin,Colin Castleton,Castleton,6.224999904632568,4,3500,LAL@CHI,LAL,CHI,,,,,,C
97465-189469,SG,D'Moi,D'Moi Hodge,Hodge,3.7857142857142856,7,3500,LAL@CHI,LAL,CHI,,,,,,SG
97465-188445,SF,Jordan,Jordan Miller,Miller,1.7333332697550456,3,3500,LAC@DAL,LAC,DAL,,,,,,SF
97465-189475,PF,Miles,Miles Norris,Norris,,,3500,ATL@HOU,ATL,HOU,,,,,,PF
97465-188448,SG,Colby,Colby Jones,Jones,5.181818181818182,11,3500,BOS@SAC,SAC,BOS,,,,,,SG
97465-188449,SF,Jalen,Jalen Slawson,Slawson,2.5600000381469727,5,3500,BOS@SAC,SAC,BOS,,,,,,SF
97465-188454,PF,Mouhamed,Mouhamed Gueye,Gueye,1.5,2,3500,ATL@HOU,ATL,HOU,O,Back,,,,PF
97465-117285,SF,Vlatko,Vlatko Cancar,Cancar,9.94923095703125,65,3500,DEN@TOR,DEN,TOR,O,Knee,,,,SF
97465-188455,SF,Seth,Seth Lundy,Lundy,1.600000023841858,2,3500,ATL@HOU,ATL,HOU,,,,,,SF
97465-188452,SF,Leonard,Leonard Miller,Miller,3.566666603088379,3,3500,MIN@PHI,MIN,PHI,,,,,,SF
97465-188453,SG,Jaylen,Jaylen Clark,Clark,,,3500,MIN@PHI,MIN,PHI,O,Achilles,,,,SG
97465-188458,SG,Jalen,Jalen Pickett,Pickett,4.583333333333333,12,3500,DEN@TOR,DEN,TOR,,,,,,SG
97465-188459,PF,Hunter,Hunter Tyson,Tyson,1.1875,8,3500,DEN@TOR,DEN,TOR,,,,,,PF
97465-117291,SG,Armoni,Armoni Brooks,Brooks,6.557143075125558,7,3500,NY@BKN,BKN,NY,,,,,,SG
97465-188457,SF,Jordan,Jordan Walsh,Walsh,,,3500,BOS@SAC,BOS,SAC,,,,,,SF
97465-117290,SF,Charlie,Charlie Brown,Brown,-2,1,3500,NY@BKN,NY,BKN,,,,,,SF
97465-188462,SF,Emoni,Emoni Bates,Bates,4.399999891008649,7,3500,UTA@CLE,CLE,UTA,,,,,,SF
97465-188463,SF,Julian,Julian Phillips,Phillips,2.2,15,3500,LAL@CHI,CHI,LAL,,,,,,SF
97465-188460,SG,Isaiah,Isaiah Wong,Wong,,,3500,CHA@IND,IND,CHA,,,,,,SG
97465-188466,PG,Amari,Amari Bailey,Bailey,3.200000047683716,2,3500,CHA@IND,CHA,IND,,,,,,PG
97465-190515,SG,Onuralp,Onuralp Bitim,Bitim,0,1,3500,LAL@CHI,CHI,LAL,O,Nose,,,,SG
97465-188470,PG,Terquavion,Terquavion Smith,Smith,,,3500,MIN@PHI,PHI,MIN,,,,,,PG
97465-188471,SG,Ricky,Ricky Council,Council,,,3500,MIN@PHI,PHI,MIN,,,,,,SG
97465-188469,SF,Maxwell,Maxwell Lewis,Lewis,1.1000000346790662,11,3500,LAL@CHI,LAL,CHI,,,,,,SF
97465-188474,SF,Jacob,Jacob Toppin,Toppin,3,1,3500,NY@BKN,NY,BKN,,,,,,SF
97465-23096,SF,Evan,Evan Fournier,Fournier,7.699999809265137,1,3500,NY@BKN,NY,BKN,,,,,,SF
97465-188475,C,Oscar,Oscar Tshiebwe,Tshiebwe,6.666666666666667,3,3500,CHA@IND,IND,CHA,,,,,,C
97465-117307,SF,DaQuan,DaQuan Jeffries,Jeffries,1.6666666666666667,9,3500,NY@BKN,NY,BKN,,,,,,SF
97465-188473,SF,Jaylen,Jaylen Martin,Martin,,,3500,NY@BKN,NY,BKN,,,,,,SF
97465-180793,SF,Jermaine,Jermaine Samuels,Samuels,4.079999923706055,5,3500,ATL@HOU,HOU,ATL,,,,,,SF
97465-188477,SG,Markquis,Markquis Nowell,Nowell,10.399999618530273,1,3500,DEN@TOR,TOR,DEN,,,,,,SG
97465-188480,PF,Adama,Adama Sanogo,Sanogo,,,3500,LAL@CHI,CHI,LAL,,,,,,PF
97465-15947,SG,Reggie,Reggie Bullock,Bullock,4.099999861283735,11,3500,ATL@HOU,HOU,ATL,,,,,,SG
97465-145490,PG,Trevelin,Trevelin Queen,Queen,9.200000217982701,7,3500,MIA@ORL,ORL,MIA,,,,,,PG
97465-145491,PF,Nathan,Nathan Knight,Knight,6.214285714285714,42,3500,BOS@SAC,BOS,SAC,,,,,,PF
97465-157803,SG,Josh,Josh Christopher,Christopher,10.167187690734863,64,3500,UTA@CLE,UTA,CLE,,,,,,SG
97465-157807,C,Luka,Luka Garza,Garza,4.1400001525878904,5,3500,MIN@PHI,MIN,PHI,,,,,,C
97465-157804,SG,Keon,Keon Johnson,Johnson,9.05749969482422,40,3500,NY@BKN,BKN,NY,,,,,,SG
97465-157815,PF,JT,JT Thor,Thor,8.790908813476562,22,3500,CHA@IND,CHA,IND,,,,,,PF
97465-157818,SG,James,James Bouknight,Bouknight,8.199999809265137,2,3500,CHA@IND,CHA,IND,,,,,,SG
97465-41082,C,Damian,Damian Jones,Jones,2.881818251176314,11,3500,UTA@CLE,CLE,UTA,,,,,,C
97465-157823,PF,Greg,Greg Brown,Brown,2.633333365122477,3,3500,LAC@DAL,DAL,LAC,,,,,,PF
97465-157821,PG,Dalano,Dalano Banton,Banton,6.541666666666667,12,3500,BOS@SAC,BOS,SAC,,,,,,PG
97465-145541,PG/SG,RJ,RJ Hampton,Hampton,2.200000047683716,2,3500,MIA@ORL,MIA,ORL,,,,,,PG/SG
97465-171658,SF,Johnny,Johnny Juzang,Juzang,1.5,1,3500,UTA@CLE,UTA,CLE,,,,,,SF
97465-157835,SF,Kessler,Kessler Edwards,Edwards,3.3099998474121093,20,3500,BOS@SAC,SAC,BOS,,,,,,SF
97465-157833,SF/PF,Jalen,Jalen Johnson,Johnson,30.85333251953125,15,3500,ATL@HOU,ATL,HOU,O,Wrist,,,,SF/PF
97465-190094,SF,Leaky,Leaky Black,Black,6.566666920979817,6,3500,CHA@IND,CHA,IND,,,,,,SF
97465-163983,SG,Xavier,Xavier Moon,Moon,3.950000047683716,2,3500,LAC@DAL,LAC,DAL,,,,,,SG
97465-171668,PG,Collin,Collin Gillespie,Gillespie,4.345454476096413,11,3500,DEN@TOR,DEN,TOR,,,,,,PG
97465-20640,PG/SG,Jordan,Jordan Clarkson,Clarkson,28.094736199629935,19,3500,UTA@CLE,UTA,CLE,O,Thigh,,,,PG/SG
97465-14496,PG,Ricky,Ricky Rubio,Rubio,13.950000339084202,36,3500,UTA@CLE,CLE,UTA,O,Personal,,,,PG
97465-158371,SF,Terry,Terry Taylor,Taylor,1.566666603088379,6,3500,LAL@CHI,CHI,LAL,,,,,,SF
97465-171680,SF,Cole,Cole Swider,Swider,8.90000025431315,3,3500,MIA@ORL,MIA,ORL,,,,,,SF
97465-70826,SF,Furkan,Furkan Korkmaz,Korkmaz,4.711111280653212,18,3500,MIN@PHI,PHI,MIN,,,,,,SF
97465-23740,PG/SG,Ryan,Ryan Arcidiacono,Arcidiacono,1.350000023841858,8,3500,NY@BKN,NY,BKN,,,,,,PG/SG
97465-160963,PG,Daishen,Daishen Nix,Nix,2.0333333015441895,6,3500,MIN@PHI,MIN,PHI,,,,,,PG
97465-164036,SF,Braxton,Braxton Key,Key,2.3500000635782876,6,3500,DEN@TOR,DEN,TOR,,,,,,SF
97465-195794,C,Nathan,Nathan Mensah,Mensah,10.25,2,3500,CHA@IND,CHA,IND,,,,,,C
97465-195792,PF,Drew,Drew Peterson,Peterson,,,3500,BOS@SAC,BOS,SAC,,,,,,PF
97465-9939,SG/PG,Patty,Patty Mills,Mills,5.949999809265137,4,3500,ATL@HOU,ATL,HOU,,,,,,PG/SG
97465-84702,SG/SF,Lonnie,Lonnie Walker,Walker,21.823529411764707,17,3500,NY@BKN,BKN,NY,O,Hamstring,,,,SG/SF
97465-171745,SG,Kendall,Kendall Brown,Brown,5.116666793823242,6,3500,CHA@IND,IND,CHA,,,,,,SG
97465-84709,C,Mitchell,Mitchell Robinson,Robinson,27.033333914620535,21,3500,NY@BKN,NY,BKN,O,Ankle,,,,C
97465-15590,C,Mason,Mason Plumlee,Plumlee,14.766666412353516,6,3500,LAC@DAL,LAC,DAL,O,Knee,,,,C
97465-84713,SG,Svi,Svi Mykhailiuk,Mykhailiuk,2.85,10,3500,BOS@SAC,BOS,SAC,,,,,,SG
97465-171762,PG,JD,JD Davison,Davison,4.524999936421712,12,3500,BOS@SAC,BOS,SAC,,,,,,PG
97465-171765,PF,Moussa,Moussa Diabate,Diabate,7.3111114501953125,9,3500,LAC@DAL,LAC,DAL,O,Hip,,,,PF
97465-171771,SF,Caleb,Caleb Houstan,Houstan,6.15625,16,3500,MIA@ORL,ORL,MIA,,,,,,SF
97465-110328,SF,Admiral,Admiral Schofield,Schofield,1.5,8,3500,MIA@ORL,ORL,MIA,,,,,,SF
97465-194814,SF,Henri,Henri Drell,Drell,,,3500,LAL@CHI,CHI,LAL,O,Thumb,,,,SF
97465-171778,SG,Wendell,Wendell Moore,Moore,0.5400000095367432,5,3500,MIN@PHI,MIN,PHI,,,,,,SG
97465-110336,PF,Chuma,Chuma Okeke,Okeke,2.6583333015441895,12,3500,MIA@ORL,ORL,MIA,,,,,,PF
97465-171776,SF,Josh,Josh Minott,Minott,2.5545454892245205,11,3500,MIN@PHI,MIN,PHI,,,,,,SF
97465-171782,PF,Isaiah,Isaiah Mobley,Mobley,5.449999809265137,2,3500,UTA@CLE,CLE,UTA,,,,,,PF
97465-15628,SF,Otto,Otto Porter,Porter,7.572727550159801,11,3500,DEN@TOR,TOR,DEN,,,,,,SF
97465-161551,PG,Javonte,Javonte Smart,Smart,,,3500,MIN@PHI,PHI,MIN,,,,,,PG
97465-161552,PF,Micah,Micah Potter,Potter,2.4000000953674316,2,3500,UTA@CLE,UTA,CLE,,,,,,PF
97465-161553,SG,Dru,Dru Smith,Smith,11.977778116861979,9,3500,MIA@ORL,MIA,ORL,O,Knee,,,,SG
97465-119602,SF,Jontay,Jontay Porter,Porter,,,3500,DEN@TOR,TOR,DEN,,,,,,SF
97465-11074,SF,Garrett,Garrett Temple,Temple,3.4833332697550454,6,3500,DEN@TOR,TOR,DEN,,,,,,SF
97465-15684,SG,Victor,Victor Oladipo,Oladipo,21.944444444444443,45,3500,ATL@HOU,HOU,ATL,O,Knee,,,,SG
97465-145738,SG,Nate,Nate Hinton,Hinton,3.1500000953674316,4,3500,ATL@HOU,HOU,ATL,,,,,,SG
97465-192339,SG,Dexter,Dexter Dennis,Dennis,3.200000047683716,2,3500,LAC@DAL,DAL,LAC,,,,,,SG
97465-63826,C,Boban,Boban Marjanovic,Marjanovic,9.033333460489908,3,3500,ATL@HOU,HOU,ATL,,,,,,C
97465-23407,PF,P.J.,P.J. Tucker,Tucker,7.706666564941406,15,3500,LAC@DAL,LAC,DAL,,,,,,PF
97465-159097,C,Jay,Jay Huff,Huff,1,2,3500,DEN@TOR,DEN,TOR,GTD,Ankle,,,,C
97465-145822,SG,Kevon,Kevon Harris,Harris,8.647058823529411,34,3500,MIA@ORL,ORL,MIA,,,,,,SG
97465-145824,PG,Jordan,Jordan Ford,Ford,2.7333332697550454,6,3500,BOS@SAC,SAC,BOS,,,,,,PG
97465-145313,PF/SF,Jordan,Jordan Nwora,Nwora,12.377777947319878,9,3500,CHA@IND,IND,CHA,,,,,,SF/PF
97465-80806,PG,Lonzo,Lonzo Ball,Ball,,,3500,LAL@CHI,CHI,LAL,O,Knee,,,,PG
97465-80819,PF/C,Harry,Harry Giles,Giles,8.75,6,3500,NY@BKN,BKN,NY,,,,,,PF/C
97465-9666,PF,Thaddeus,Thaddeus Young,Young,2.7750000953674316,4,3500,DEN@TOR,TOR,DEN,,,,,,PF
97465-193991,SF,Alex,Alex Fudge,Fudge,1.350000023841858,4,3500,LAL@CHI,LAL,CHI,,,,,,SF
97465-172996,PG,Javon,Javon Freeman-Liberty,Freeman-Liberty,,,3500,DEN@TOR,TOR,DEN,,,,,,PG
97465-15814,C,Alex,Alex Len,Len,9.616666793823242,6,3500,BOS@SAC,SAC,BOS,O,Ankle,,,,C
97465-145352,SG,Trent,Trent Forrest,Forrest,5.7999997820172995,7,3500,ATL@HOU,ATL,HOU,,,,,,SG
97465-188406,SF,Cam,Cam Whitmore,Whitmore,6.719999694824219,5,3500,ATL@HOU,HOU,ATL,,,,,,SF
97465-188407,SF,Jett,Jett Howard,Howard,2.2874999046325684,8,3500,MIA@ORL,ORL,MIA,,,,,,SF
97465-188409,PF,Jarace,Jarace Walker,Walker,9.862500190734863,8,3500,CHA@IND,IND,CHA,,,,,,PF
97465-188413,SF,Brice,Brice Sensabaugh,Sensabaugh,2.4000000953674316,1,3500,UTA@CLE,UTA,CLE,,,,,,SF