Id,Position,First Name,Nickname,Last Name,FPPG,Played,Salary,Game,Team,Opponent,Injury Indicator,Injury Details,Tier,,,Roster Position
100020-40199,PF,Giannis,Giannis Antetokounmpo,Antetokounmpo,56.8816650390625,60,12000,MIL@GS,MIL,GS,GTD,Achilles,,,,PF
100020-15755,PF/C,Anthony,Anthony Davis,Davis,53.39833170572917,60,11400,SAC@LAL,LAL,SAC,GTD,Achilles,,,,PF/C
100020-84680,PG,Shai,Shai Gilgeous-Alexander,Gilgeous-Alexander,54.572129546618854,61,11000,OKC@POR,OKC,POR,,,,,,PG
100020-59358,C/PF,Domantas,Domantas Sabonis,Sabonis,49.45333251953125,60,10500,SAC@LAL,SAC,LAL,,,,,,PF/C
100020-9488,SF/PF,LeBron,LeBron James,James,47.371429443359375,56,10300,SAC@LAL,LAL,SAC,GTD,Ankle,,,,SF/PF
100020-66113,SG/PG,Donovan,Donovan Mitchell,Mitchell,47.19166564941406,48,9700,CLE@ATL,CLE,ATL,O,Knee,,,,PG/SG
100020-80810,PG,De'Aaron,De'Aaron Fox,Fox,44.52692119891827,52,9600,SAC@LAL,SAC,LAL,,,,,,PG
100020-14513,SF/PF,Kawhi,Kawhi Leonard,Leonard,42.45356968470982,56,9500,LAC@HOU,LAC,HOU,,,,,,SF/PF
100020-145331,PG,Tyrese,Tyrese Maxey,Maxey,42.300000871930806,56,9500,MEM@PHI,PHI,MEM,O,Concussion,,,,PG
100020-67708,SG/PG,Dejounte,Dejounte Murray,Murray,38.96551724137931,58,9100,CLE@ATL,ATL,CLE,,,,,,PG/SG
100020-9524,PG,Stephen,Stephen Curry,Curry,40.21896467537716,58,9000,MIL@GS,GS,MIL,,,,,,PG
100020-20848,PG,Damian,Damian Lillard,Lillard,41.179308661099135,58,8900,MIL@GS,MIL,GS,,,,,,PG
100020-84683,PF/C,Jaren,Jaren Jackson,Jackson,37.729630081741895,54,8800,MEM@PHI,MEM,PHI,,,,,,PF/C
100020-9644,SG/PG,James,James Harden,Harden,39.57818270596591,55,8800,LAC@HOU,LAC,HOU,,,,,,PG/SG
100020-84671,PG,Trae,Trae Young,Young,45.81923264723558,52,8700,CLE@ATL,ATL,CLE,O,Finger,,,,PG
100020-171770,PF/SF,Paolo,Paolo Banchero,Banchero,39.988525390625,61,8700,ORL@WAS,ORL,WAS,,,,,,SF/PF
100020-58377,SF/PF,Kyle,Kyle Kuzma,Kuzma,37.11355849443856,59,8600,ORL@WAS,WAS,ORL,,,,,,SF/PF
100020-157908,C,Alperen,Alperen Sengun,Sengun,42.766666666666666,60,8400,LAC@HOU,HOU,LAC,,,,,,C
100020-171759,C,Chet,Chet Holmgren,Holmgren,38.50164094518443,61,8300,OKC@POR,OKC,POR,,,,,,C
100020-80812,PF/SF,Lauri,Lauri Markkanen,Markkanen,38.68039119944853,51,8300,CHI@UTA,UTA,CHI,O,Quadriceps,,,,SF/PF
100020-12341,SG/SF,Paul,Paul George,George,37.308929443359375,56,8200,LAC@HOU,LAC,HOU,,,,,,SG/SF
100020-14514,C,Nikola,Nikola Vucevic,Vucevic,38.714285714285715,56,8200,CHI@UTA,CHI,UTA,,,,,,C
100020-157845,PF/C,Evan,Evan Mobley,Mobley,37.85789409436678,38,8100,CLE@ATL,CLE,ATL,O,Ankle,,,,PF/C
100020-84717,SG/PG,Anfernee,Anfernee Simons,Simons,34.28378378378378,37,8100,OKC@POR,POR,OKC,,,,,,PG/SG
100020-9714,SF,DeMar,DeMar DeRozan,DeRozan,39.383052502648304,59,8100,CHI@UTA,CHI,UTA,,,,,,SF
100020-157833,SF/PF,Jalen,Jalen Johnson,Johnson,35.90425531914894,47,8000,CLE@ATL,ATL,CLE,,,,,,SF/PF
100020-110326,PG,Coby,Coby White,White,33.86065573770492,61,8000,CHI@UTA,CHI,UTA,,,,,,PG
100020-24247,PG,Fred,Fred VanVleet,VanVleet,37.45555510344329,54,7900,LAC@HOU,HOU,LAC,,,,,,PG
100020-171760,SF/SG,Jalen,Jalen Williams,Williams,33.71636408025568,55,7800,OKC@POR,OKC,POR,,,,,,SG/SF
100020-110342,PG,Darius,Darius Garland,Garland,31.799999340160472,37,7800,CLE@ATL,CLE,ATL,,,,,,PG
100020-80821,C/PF,Jarrett,Jarrett Allen,Allen,36.56964329310826,56,7800,CLE@ATL,CLE,ATL,,,,,,PF/C
100020-84667,SG/PG,Collin,Collin Sexton,Sexton,29.204837922127016,62,7700,CHI@UTA,UTA,CHI,,,,,,PG/SG
100020-84673,C,Deandre,Deandre Ayton,Ayton,33.32749938964844,40,7700,OKC@POR,POR,OKC,GTD,Hand,,,,C
100020-157907,SG/PG,Jalen,Jalen Green,Green,30.104918433017417,61,7600,LAC@HOU,HOU,LAC,,,,,,PG/SG
100020-23831,PF/SF,Jerami,Jerami Grant,Grant,31.834615854116585,52,7600,OKC@POR,POR,OKC,GTD,Quadriceps,,,,SF/PF
100020-157851,SF/PF,Franz,Franz Wagner,Wagner,35.138888888888886,54,7500,ORL@WAS,ORL,WAS,,,,,,SF/PF
100020-58312,PG/SG,D'Angelo,D'Angelo Russell,Russell,32.8310336408944,58,7500,SAC@LAL,LAL,SAC,,,,,,PG/SG
100020-14518,PF/SF,Tobias,Tobias Harris,Harris,33.18363591974432,55,7400,MEM@PHI,PHI,MEM,,,,,,SF/PF
100020-188405,PG/SG,Amen,Amen Thompson,Thompson,21.926191057477677,42,7300,LAC@HOU,HOU,LAC,,,,,,PG/SG
100020-15557,C,Andre,Andre Drummond,Drummond,23.750820472592213,61,7200,CHI@UTA,CHI,UTA,,,,,,C
100020-171756,SF/SG,Vince,Vince Williams,Williams,24.23199951171875,50,7200,MEM@PHI,MEM,PHI,,,,,,SG/SF
100020-171767,PF,Jabari,Jabari Smith,Smith,28.889286586216517,56,7200,LAC@HOU,HOU,LAC,,,,,,PF
100020-66236,PF/C,John,John Collins,Collins,29.448275862068964,58,7100,CHI@UTA,UTA,CHI,,,,,,PF/C
100020-58081,PG,Tyus,Tyus Jones,Jones,29.613115154328895,61,7100,ORL@WAS,WAS,ORL,,,,,,PG
100020-158136,SF/SG,Austin,Austin Reaves,Reaves,30.03650871155754,63,7100,SAC@LAL,LAL,SAC,,,,,,SG/SF
100020-84679,PF/C,Marvin,Marvin Bagley,Bagley,22.668182373046875,44,6900,ORL@WAS,WAS,ORL,O,Back,,,,PF/C
100020-110322,PG/SG,Jordan,Jordan Poole,Poole,27.252542786679026,59,6900,ORL@WAS,WAS,ORL,,,,,,PG/SG
100020-20640,PG/SG,Jordan,Jordan Clarkson,Clarkson,28.57843137254902,51,6800,CHI@UTA,UTA,CHI,,,,,,PG/SG
100020-42156,PF/C,Bobby,Bobby Portis,Portis,25.919354838709676,62,6800,MIL@GS,MIL,GS,,,,,,PF/C
100020-157904,SF/PF,Jonathan,Jonathan Kuminga,Kuminga,26.164405952065678,59,6700,MIL@GS,GS,MIL,,,,,,SF/PF
100020-80816,SG/PG,Malik,Malik Monk,Monk,28.164405952065678,59,6700,SAC@LAL,SAC,LAL,,,,,,PG/SG
100020-15860,PF/C,Draymond,Draymond Green,Green,28.794443766276043,36,6600,MIL@GS,GS,MIL,,,,,,PF/C
100020-188412,PG/SG,Keyonte,Keyonte George,George,21.521427699497767,56,6600,CHI@UTA,UTA,CHI,O,Illness,,,,PG/SG
100020-157849,PG/SG,Ayo,Ayo Dosunmu,Dosunmu,20.75423728813559,59,6500,CHI@UTA,CHI,UTA,,,,,,PG/SG
100020-171787,SF/PF,Keegan,Keegan Murray,Murray,28.396427699497767,56,6500,SAC@LAL,SAC,LAL,,,,,,SF/PF
100020-23665,SG/SF,Buddy,Buddy Hield,Hield,24.073015485491073,63,6400,MEM@PHI,PHI,MEM,,,,,,SG/SF
100020-9623,PG,Chris,Chris Paul,Paul,26.922222561306423,36,6400,MIL@GS,GS,MIL,,,,,,PG
100020-23798,SF/SG,Caris,Caris LeVert,LeVert,28.359183175223215,49,6300,CLE@ATL,CLE,ATL,,,,,,SG/SF
100020-9621,C,Brook,Brook Lopez,Lopez,30.552541959083687,59,6300,MIL@GS,MIL,GS,,,,,,C
100020-145539,SF/PF,Deni,Deni Avdija,Avdija,28.910345669450432,58,6200,ORL@WAS,WAS,ORL,,,,,,SF/PF
100020-55059,C,Clint,Clint Capela,Capela,30.30377312426297,53,6200,CLE@ATL,ATL,CLE,,,,,,C
100020-157844,PF/C,Santi,Santi Aldama,Aldama,23.2039990234375,50,6100,MEM@PHI,MEM,PHI,,,,,,PF/C
100020-157905,SG/PG,Josh,Josh Giddey,Giddey,26.691666666666666,60,6100,OKC@POR,OKC,POR,,,,,,PG/SG
100020-55060,SF/SG,Bogdan,Bogdan Bogdanovic,Bogdanovic,28.06779661016949,59,6100,CLE@ATL,ATL,CLE,,,,,,SG/SF
100020-188428,PG,Scoot,Scoot Henderson,Henderson,22.86976800962936,43,6000,OKC@POR,POR,OKC,O,Thigh,,,,PG
100020-84676,C,Wendell,Wendell Carter,Carter,23.730555216471355,36,6000,ORL@WAS,ORL,WAS,O,Knee,,,,C
100020-171777,C,Walker,Walker Kessler,Kessler,27.290197035845587,51,6000,CHI@UTA,UTA,CHI,O,Foot,,,,C
100020-16359,PG/SG,Malcolm,Malcolm Brogdon,Brogdon,29.656409630408653,39,6000,OKC@POR,POR,OKC,O,Elbow,,,,PG/SG
100020-58153,SF/SG,Kelly,Kelly Oubre,Oubre,25.4250005086263,48,5900,MEM@PHI,PHI,MEM,,,,,,SG/SF
100020-145329,C,Paul,Paul Reed,Reed,19.055738105148567,61,5900,MEM@PHI,PHI,MEM,,,,,,C
100020-188433,SG/SF,Brandin,Brandin Podziemski,Podziemski,24.192307692307693,52,5800,MIL@GS,GS,MIL,,,,,,SG/SF
100020-70827,C,Ivica,Ivica Zubac,Zubac,27.9812494913737,48,5800,LAC@HOU,LAC,HOU,,,,,,C
100020-14509,SG,Klay,Klay Thompson,Thompson,26.05263157894737,57,5800,MIL@GS,GS,MIL,,,,,,SG
100020-9535,PG,Kyle,Kyle Lowry,Lowry,21.58837180913881,43,5800,MEM@PHI,PHI,MEM,O,Rest,,,,PG
100020-188444,PF,GG,GG Jackson,Jackson,18.56896551724138,29,5700,MEM@PHI,MEM,PHI,,,,,,PF
100020-112708,SG/SF,Max,Max Strus,Strus,26.163334147135416,60,5700,CLE@ATL,CLE,ATL,O,Knee,,,,SG/SF
100020-194767,C,Duop,Duop Reath,Reath,18.058695917544156,46,5700,OKC@POR,POR,OKC,,,,,,C
100020-23981,PG/SG,Alex,Alex Caruso,Caruso,24.803847092848557,52,5600,CHI@UTA,CHI,UTA,,,,,,PG/SG
100020-145328,PF/SF,Saddiq,Saddiq Bey,Bey,25.780000813802083,60,5600,CLE@ATL,ATL,CLE,,,,,,SF/PF
100020-171764,PF,Jabari,Jabari Walker,Walker,19.489286150251115,56,5500,OKC@POR,POR,OKC,,,,,,PF
100020-16261,SG/SF,Khris,Khris Middleton,Middleton,28.948838344840116,43,5500,MIL@GS,MIL,GS,O,Ankle,,,,SG/SF
100020-160174,PG,Jordan,Jordan Goodwin,Goodwin,14.835555013020834,45,5500,MEM@PHI,MEM,PHI,,,,,,PG
100020-157819,SF,Corey,Corey Kispert,Kispert,18.533898305084747,59,5400,ORL@WAS,WAS,ORL,,,,,,SF
100020-157850,SG/PG,Jalen,Jalen Suggs,Suggs,23.878946940104168,57,5400,ORL@WAS,ORL,WAS,,,,,,PG/SG
100020-110338,SF/PF,De'Andre,De'Andre Hunter,Hunter,23.78918951910895,37,5400,CLE@ATL,ATL,CLE,,,,,,SF/PF
100020-66064,SF/SG,Malik,Malik Beasley,Beasley,20.331667073567708,60,5300,MIL@GS,MIL,GS,,,,,,SG/SF
100020-16293,SF/SG,Norman,Norman Powell,Powell,20.116949566340043,59,5300,LAC@HOU,LAC,HOU,,,,,,SG/SF
100020-188411,PF,Taylor,Taylor Hendricks,Hendricks,14.204348356827445,23,5300,CHI@UTA,UTA,CHI,O,Toe,,,,PF
100020-171661,PG,Scotty,Scotty Pippen,Pippen,23.924999237060547,8,5200,MEM@PHI,MEM,PHI,O,Back,,,,PG
100020-84704,SG/SF,Kevin,Kevin Huerter,Huerter,21.41724053744612,58,5200,SAC@LAL,SAC,LAL,,,,,,SG/SF
100020-145304,C/PF,Onyeka,Onyeka Okongwu,Okongwu,24.383019789209907,53,5200,CLE@ATL,ATL,CLE,O,Toe,,,,PF/C
100020-145357,PF,Lamar,Lamar Stevens,Stevens,11.792857578822545,28,5200,MEM@PHI,MEM,PHI,,,,,,PF
100020-66046,SG/SF,Luke,Luke Kennard,Kennard,19.351613690776208,31,5200,MEM@PHI,MEM,PHI,,,,,,SG/SF
100020-110315,SG/SF,Terance,Terance Mann,Mann,16.43703658492477,54,5100,LAC@HOU,LAC,HOU,,,,,,SG/SF
100020-110349,PF/SF,Rui,Rui Hachimura,Hachimura,20.49591811822385,49,5100,SAC@LAL,LAL,SAC,,,,,,SF/PF
100020-60233,SG/SF,Dillon,Dillon Brooks,Brooks,21.892308161808895,52,5100,LAC@HOU,HOU,LAC,,,,,,SG/SF
100020-145327,PG/SG,Cole,Cole Anthony,Anthony,23.38196801357582,61,5100,ORL@WAS,ORL,WAS,,,,,,PG/SG
100020-188447,SF/PF,Toumani,Toumani Camara,Camara,17.68103448275862,58,5000,OKC@POR,POR,OKC,GTD,Illness,,,,SF/PF
100020-84703,SG/PG,De'Anthony,De'Anthony Melton,Melton,25.538889567057293,36,5000,MEM@PHI,PHI,MEM,O,Back,,,,PG/SG
100020-145341,SF/SG,Isaac,Isaac Okoro,Okoro,19.59423123873197,52,5000,CLE@ATL,CLE,ATL,,,,,,SG/SF
100020-157802,SG,Moses,Moses Moody,Moody,15.495651908542799,46,4900,MIL@GS,GS,MIL,,,,,,SG
100020-111376,SF,John,John Konchar,Konchar,16.76595744680851,47,4900,MEM@PHI,MEM,PHI,,,,,,SF
100020-49116,SF/PF,Andrew,Andrew Wiggins,Wiggins,22.52156814874387,51,4900,MIL@GS,GS,MIL,,,,,,SF/PF
100020-157843,SF,Ziaire,Ziaire Williams,Williams,16.029411764705884,51,4800,MEM@PHI,MEM,PHI,O,Back,,,,SF
100020-84714,C,Moritz,Moritz Wagner,Wagner,19.825,60,4800,ORL@WAS,ORL,WAS,,,,,,C
100020-80805,PG,Markelle,Markelle Fultz,Fultz,21.1560009765625,25,4800,ORL@WAS,ORL,WAS,,,,,,PG
100020-145317,SG,Sam,Sam Merrill,Merrill,13.444185478742732,43,4800,CLE@ATL,CLE,ATL,,,,,,SG
100020-188429,SF,Kris,Kris Murray,Murray,11.107499694824218,40,4700,OKC@POR,POR,OKC,,,,,,SF
100020-81529,C,Daniel,Daniel Theis,Theis,15.715555826822916,45,4700,LAC@HOU,LAC,HOU,,,,,,C
100020-23802,PG/SG,Kris,Kris Dunn,Dunn,17.89999954788773,54,4700,CHI@UTA,UTA,CHI,,,,,,PG/SG
100020-188406,SF,Cam,Cam Whitmore,Whitmore,19.031427873883928,35,4700,LAC@HOU,HOU,LAC,,,,,,SF
100020-15946,SF/PF,Harrison,Harrison Barnes,Barnes,19.230000813802082,60,4600,SAC@LAL,SAC,LAL,,,,,,SF/PF
100020-111273,SF/SG,Luguentz,Luguentz Dort,Dort,21.16779702396716,59,4600,OKC@POR,OKC,POR,,,,,,SG/SF
100020-12474,PG,Patrick,Patrick Beverley,Beverley,16.412280701754387,57,4600,MIL@GS,MIL,GS,,,,,,PG
100020-195937,C,Trey,Trey Jemison,Jemison,13.98181845925071,11,4600,MEM@PHI,MEM,PHI,,,,,,C
100020-188450,PF/C,Trayce,Trayce Jackson-Davis,Jackson-Davis,15.506382718999335,47,4500,MIL@GS,GS,MIL,,,,,,PF/C
100020-9809,SF,Nicolas,Nicolas Batum,Batum,16.841463414634145,41,4500,MEM@PHI,PHI,MEM,,,,,,SF
100020-110320,SF,Matisse,Matisse Thybulle,Thybulle,16.507017972176534,57,4500,OKC@POR,POR,OKC,GTD,Hip,,,,SF
100020-145355,PG,Ashton,Ashton Hagans,Hagans,12.519999694824218,10,4500,OKC@POR,POR,OKC,,,,,,PG
100020-24544,SG,Gary,Gary Harris,Harris,15.025641025641026,39,4500,ORL@WAS,ORL,WAS,O,Calf,,,,SG
100020-188416,SF,Bilal,Bilal Coulibaly,Coulibaly,18.95789430852522,57,4400,ORL@WAS,WAS,ORL,,,,,,SF
100020-157812,PG,Davion,Davion Mitchell,Mitchell,8.272000122070313,50,4400,SAC@LAL,SAC,LAL,,,,,,PG
100020-84675,C,Mo,Mo Bamba,Bamba,12.828204815204327,39,4400,MEM@PHI,PHI,MEM,,,,,,C
100020-110337,SG,Talen,Talen Horton-Tucker,Horton-Tucker,21.384615384615383,39,4400,CHI@UTA,UTA,CHI,,,,,,SG
100020-189467,PG,Craig,Craig Porter,Porter,14.113513843433276,37,4300,CLE@ATL,CLE,ATL,,,,,,PG
100020-15542,PG,Spencer,Spencer Dinwiddie,Dinwiddie,24.84561317845395,57,4300,SAC@LAL,LAL,SAC,,,,,,PG
100020-15590,C,Mason,Mason Plumlee,Plumlee,16.300000226056135,27,4300,LAC@HOU,LAC,HOU,,,,,,C
100020-171757,PF,Jake,Jake LaRavia,LaRavia,11.488235473632812,17,4300,MEM@PHI,MEM,PHI,,,,,,PF
100020-15800,PF/SF,Jae,Jae Crowder,Crowder,15.474193942162298,31,4300,MIL@GS,MIL,GS,GTD,Knee,,,,SF/PF
100020-12366,SF/SG,Gordon,Gordon Hayward,Hayward,24.984375,32,4200,OKC@POR,OKC,POR,,,,,,SG/SF
100020-15993,SG,Pat,Pat Connaughton,Connaughton,13.946428571428571,56,4200,MIL@GS,MIL,GS,,,,,,SG
100020-157821,PG,Dalano,Dalano Banton,Banton,9.660605690696023,33,4200,OKC@POR,POR,OKC,,,,,,PG
100020-110329,PF/C,Bruno,Bruno Fernando,Fernando,11.691666920979818,24,4200,CLE@ATL,ATL,CLE,,,,,,PF/C
100020-188415,PG/SG,Cason,Cason Wallace,Wallace,14.693442422835552,61,4200,OKC@POR,OKC,POR,,,,,,PG/SG
100020-23572,SF,Taurean,Taurean Prince,Prince,18.18166707356771,60,4100,SAC@LAL,LAL,SAC,,,,,,SF
100020-58461,PF,Trey,Trey Lyles,Lyles,15.462221950954861,45,4100,SAC@LAL,SAC,LAL,,,,,,PF
100020-157829,SG,Aaron,Aaron Wiggins,Wiggins,11.991379310344827,58,4100,OKC@POR,OKC,POR,,,,,,SG
100020-84724,SG,Landry,Landry Shamet,Shamet,12.48181845925071,44,4100,ORL@WAS,WAS,ORL,,,,,,SG
100020-110359,C,Goga,Goga Bitadze,Bitadze,19.27800048828125,50,4100,ORL@WAS,ORL,WAS,,,,,,C
100020-145330,PG,Isaiah,Isaiah Joe,Joe,14.675438596491228,57,4100,OKC@POR,OKC,POR,,,,,,PG
100020-188417,SG,Kobe,Kobe Bufkin,Bufkin,8.811111450195312,9,4000,CLE@ATL,ATL,CLE,O,Toe,,,,SG
100020-84719,PG,Aaron,Aaron Holiday,Holiday,12.501723716998923,58,4000,LAC@HOU,HOU,LAC,,,,,,PG
100020-110883,PF,Dean,Dean Wade,Wade,14.759615384615385,52,4000,CLE@ATL,CLE,ATL,,,,,,PF
100020-80811,SF/PF,Jonathan,Jonathan Isaac,Isaac,16.87857200985863,42,4000,ORL@WAS,ORL,WAS,O,Knee,,,,SF/PF
100020-48567,PG/SG,Cameron,Cameron Payne,Payne,13.091228284333882,57,4000,MEM@PHI,PHI,MEM,,,,,,PG/SG
100020-190515,SG,Onuralp,Onuralp Bitim,Bitim,6.6400001525878904,5,3900,CHI@UTA,CHI,UTA,,,,,,SG
100020-171669,SG,Keon,Keon Ellis,Ellis,9.057142857142857,35,3900,SAC@LAL,SAC,LAL,,,,,,SG
100020-58519,SG,Gary,Gary Payton,Payton,14.523077157827524,26,3900,MIL@GS,GS,MIL,,,,,,SG
100020-42202,PF/C,Christian,Christian Wood,Wood,16.445999755859376,50,3900,SAC@LAL,LAL,SAC,O,Knee,,,,PF/C
100020-110339,SG,Cam,Cam Reddish,Reddish,14.325641338641827,39,3900,SAC@LAL,LAL,SAC,GTD,Ankle,,,,SG
100020-9475,PG,Derrick,Derrick Rose,Rose,15.041666666666666,24,3900,MEM@PHI,MEM,PHI,O,Back,,,,PG
100020-110340,PF/C,Jaxson,Jaxson Hayes,Hayes,9.715384850135216,52,3900,SAC@LAL,LAL,SAC,,,,,,PF/C
100020-111492,SF,Amir,Amir Coffey,Coffey,11.324999491373697,48,3900,LAC@HOU,LAC,HOU,,,,,,SF
100020-15814,C,Alex,Alex Len,Len,9.573076688326323,26,3900,SAC@LAL,SAC,LAL,,,,,,C
100020-188408,PG,Anthony,Anthony Black,Black,11.75,56,3900,ORL@WAS,ORL,WAS,,,,,,PG
100020-110640,PF,Luka,Luka Samanic,Samanic,5.293333435058594,30,3800,CHI@UTA,UTA,CHI,,,,,,PF
100020-188471,SG,Ricky,Ricky Council,Council,9.37368453176398,19,3800,MEM@PHI,PHI,MEM,,,,,,SG
100020-23156,PF,Georges,Georges Niang,Niang,15.032786885245901,61,3800,CLE@ATL,CLE,ATL,,,,,,PF
100020-157828,SF,Chris,Chris Duarte,Duarte,9.048837351244549,43,3800,SAC@LAL,SAC,LAL,,,,,,SF
100020-157834,PG,Bones,Bones Hyland,Hyland,10.095454822887074,22,3800,LAC@HOU,LAC,HOU,,,,,,PG
100020-158857,PF,Matt,Matt Hurt,Hurt,10.285714285714286,7,3800,MEM@PHI,MEM,PHI,,,,,,PF
100020-171758,PF/C,Jaylin,Jaylin Williams,Williams,11.574000244140626,50,3800,OKC@POR,OKC,POR,O,Knee,,,,PF/C
100020-20277,SG,Torrey,Torrey Craig,Craig,15.975757945667613,33,3800,CHI@UTA,CHI,UTA,GTD,Knee,,,,SG
100020-158137,C,Jock,Jock Landale,Landale,7.6228567940848215,35,3800,LAC@HOU,HOU,LAC,,,,,,C
100020-188456,SG,Rayan,Rayan Rupert,Rupert,6.131578947368421,19,3700,OKC@POR,POR,OKC,,,,,,SG
100020-145533,PF,KJ,KJ Martin,Martin,7.8977272727272725,44,3700,MEM@PHI,PHI,MEM,,,,,,PF
100020-171659,SG,Lester,Lester Quinones,Quinones,9.803845919095552,26,3700,MIL@GS,GS,MIL,,,,,,SG
100020-171672,SG,AJ,AJ Green,Green,6.81219482421875,41,3700,MIL@GS,MIL,GS,,,,,,SG
100020-58576,C,Kevon,Kevon Looney,Looney,16.383333333333333,60,3700,MIL@GS,GS,MIL,,,,,,C
100020-84696,PG,Jevon,Jevon Carter,Carter,9.313793313914331,58,3700,CHI@UTA,CHI,UTA,,,,,,PG
100020-171751,SG,Max,Max Christie,Christie,10.72040791414222,49,3700,SAC@LAL,LAL,SAC,,,,,,SG
100020-85238,SF,Yuta,Yuta Watanabe,Watanabe,7.126470677992877,34,3700,MEM@PHI,MEM,PHI,O,Wrist,,,,SF
100020-171771,SF,Caleb,Caleb Houstan,Houstan,8.262221950954862,45,3700,ORL@WAS,ORL,WAS,,,,,,SF
100020-55056,PF/C,Dario,Dario Saric,Saric,18.698275862068964,58,3700,MIL@GS,GS,MIL,,,,,,PF/C
100020-180016,C,Ibou,Ibou Badji,Badji,8.783333672417534,18,3700,OKC@POR,POR,OKC,,,,,,C
100020-23447,C,Richaun,Richaun Holmes,Holmes,9.393548780871976,31,3700,ORL@WAS,WAS,ORL,,,,,,C
100020-9648,SF,Jeff,Jeff Green,Green,10.940677966101696,59,3700,LAC@HOU,HOU,LAC,O,Knee,,,,SF
100020-59318,SG,Joe,Joe Ingles,Ingles,12.989583333333334,48,3700,ORL@WAS,ORL,WAS,,,,,,SG
100020-145351,C,Omer,Omer Yurtseven,Yurtseven,8.627273097182766,33,3700,CHI@UTA,UTA,CHI,,,,,,C
100020-111622,SF,Garrison,Garrison Mathews,Mathews,6.377777777777778,45,3600,CLE@ATL,ATL,CLE,,,,,,SF
100020-20491,PF,Robert,Robert Covington,Covington,15.151723927464978,29,3600,MEM@PHI,PHI,MEM,O,Knee,,,,PF
100020-188463,SF,Julian,Julian Phillips,Phillips,4.031428745814732,35,3600,CHI@UTA,CHI,UTA,,,,,,SF
100020-14505,C,Bismack,Bismack Biyombo,Biyombo,16.647058823529413,34,3600,OKC@POR,OKC,POR,,,,,,C
100020-145576,SF,Jae'Sean,Jae'Sean Tate,Tate,12.04339599609375,53,3600,LAC@HOU,HOU,LAC,,,,,,SF
100020-171763,SG,Dalen,Dalen Terry,Terry,7.509999847412109,40,3600,CHI@UTA,CHI,UTA,O,Personal,,,,SG
100020-85305,SF,Kenrich,Kenrich Williams,Williams,10.87199951171875,50,3600,OKC@POR,OKC,POR,,,,,,SF
100020-9637,PF,Danilo,Danilo Gallinari,Gallinari,12.221052470960116,38,3600,MIL@GS,MIL,GS,,,,,,PF
100020-80819,PF/C,Harry,Harry Giles,Giles,5.964705972110524,17,3600,SAC@LAL,LAL,SAC,,,,,,PF/C
100020-159702,SF,Eugene,Eugene Omoruyi,Omoruyi,9.693103658741919,29,3600,ORL@WAS,WAS,ORL,,,,,,SF
100020-17894,C,Mike,Mike Muscala,Muscala,9.56315773411801,38,3600,OKC@POR,OKC,POR,,,,,,C
100020-188413,SF,Brice,Brice Sensabaugh,Sensabaugh,4.683333396911621,12,3600,CHI@UTA,UTA,CHI,,,,,,SF
100020-188418,PF,Kobe,Kobe Brown,Brown,4.863636363636363,33,3500,LAC@HOU,LAC,HOU,,,,,,PF
100020-180737,SG,Nate,Nate Williams,Williams,5.2727272727272725,11,3500,LAC@HOU,HOU,LAC,,,,,,SG
100020-101387,PG,Gabe,Gabe Vincent,Vincent,14.3,5,3500,SAC@LAL,LAL,SAC,O,Knee,,,,PG
100020-9739,C,JaVale,JaVale McGee,McGee,9.728204971704727,39,3500,SAC@LAL,SAC,LAL,,,,,,C
100020-188432,SG,Jalen,Jalen Hood-Schifino,Hood-Schifino,3.3799999237060545,20,3500,SAC@LAL,LAL,SAC,,,,,,SG
100020-189468,C,Colin,Colin Castleton,Castleton,4.614285605294364,7,3500,SAC@LAL,LAL,SAC,O,Wrist,,,,C
100020-188445,SF,Jordan,Jordan Miller,Miller,2.9600000381469727,5,3500,LAC@HOU,LAC,HOU,,,,,,SF
100020-188448,SG,Colby,Colby Jones,Jones,5.411764705882353,17,3500,SAC@LAL,SAC,LAL,,,,,,SG
100020-188449,SF,Jalen,Jalen Slawson,Slawson,2.5600000381469727,5,3500,SAC@LAL,SAC,LAL,,,,,,SF
100020-188454,PF,Mouhamed,Mouhamed Gueye,Gueye,1.5,2,3500,CLE@ATL,ATL,CLE,,,,,,PF
100020-188455,SF,Seth,Seth Lundy,Lundy,2.3777777353922525,9,3500,CLE@ATL,ATL,CLE,GTD,Back,,,,SF
100020-117286,C,Moses,Moses Brown,Brown,8.75,12,3500,OKC@POR,POR,OKC,,,,,,C
100020-188462,SF,Emoni,Emoni Bates,Bates,4.7,10,3500,CLE@ATL,CLE,ATL,,,,,,SF
100020-188464,SG,Andre,Andre Jackson,Jackson,6.92765970433012,47,3500,MIL@GS,MIL,GS,,,,,,SG
100020-188465,SF,Chris,Chris Livingston,Livingston,2.78125,16,3500,MIL@GS,MIL,GS,,,,,,SF
100020-188470,PG,Terquavion,Terquavion Smith,Smith,6.700000127156575,12,3500,MEM@PHI,PHI,MEM,,,,,,PG
100020-188468,SF,Keyontae,Keyontae Johnson,Johnson,3.111111111111111,9,3500,OKC@POR,OKC,POR,,,,,,SF
100020-188469,SF,Maxwell,Maxwell Lewis,Lewis,0.6714285895937965,21,3500,SAC@LAL,LAL,SAC,,,,,,SF
100020-180793,SF,Jermaine,Jermaine Samuels,Samuels,3.6545455239035864,11,3500,LAC@HOU,HOU,LAC,,,,,,SF
100020-188480,PF,Adama,Adama Sanogo,Sanogo,4.733333269755046,3,3500,CHI@UTA,CHI,UTA,,,,,,PF
100020-9799,SG,Wesley,Wesley Matthews,Matthews,7.050000277432528,22,3500,CLE@ATL,ATL,CLE,,,,,,SG
100020-15947,SG,Reggie,Reggie Bullock,Bullock,4.923076923076923,26,3500,LAC@HOU,HOU,LAC,,,,,,SG
100020-145490,PG,Trevelin,Trevelin Queen,Queen,9.13846177321214,13,3500,ORL@WAS,ORL,WAS,,,,,,PG
100020-157801,SG,Jared,Jared Butler,Butler,8.840909090909092,22,3500,ORL@WAS,WAS,ORL,,,,,,SG
100020-157806,PG,Jason,Jason Preston,Preston,0.20000000298023224,1,3500,CHI@UTA,UTA,CHI,,,,,,PG
100020-157805,SG,Brandon,Brandon Boston,Boston,5.394736842105263,19,3500,LAC@HOU,LAC,HOU,,,,,,SG
100020-157810,PF,Isaiah,Isaiah Livers,Livers,10.74347852623981,23,3500,ORL@WAS,WAS,ORL,O,Hip,,,,PF
100020-23670,PG,Marcus,Marcus Smart,Smart,27.879998779296876,20,3500,MEM@PHI,MEM,PHI,O,Finger,,,,PG
100020-157813,SG,Joshua,Joshua Primo,Primo,1.100000023841858,2,3500,LAC@HOU,LAC,HOU,,,,,,SG
100020-41082,C,Damian,Damian Jones,Jones,5.344000244140625,25,3500,CLE@ATL,CLE,ATL,,,,,,C
100020-23169,C,Steven,Steven Adams,Adams,29.892857142857142,42,3500,LAC@HOU,HOU,LAC,O,Knee,,,,C
100020-158855,SF,Justin,Justin Champagnie,Champagnie,6.233333587646484,3,3500,ORL@WAS,WAS,ORL,,,,,,SF
100020-145540,PG,Vit,Vit Krejci,Krejci,0,1,3500,CLE@ATL,ATL,CLE,,,,,,PG
100020-145541,PG,RJ,RJ Hampton,Hampton,3.2750000953674316,8,3500,ORL@WAS,WAS,ORL,,,,,,PG
100020-171658,SF,Johnny,Johnny Juzang,Juzang,4.449999809265137,4,3500,CHI@UTA,UTA,CHI,,,,,,SF
100020-157835,SF,Kessler,Kessler Edwards,Edwards,3.3461538461538463,39,3500,SAC@LAL,SAC,LAL,,,,,,SF
100020-157832,PG,Sharife,Sharife Cooper,Cooper,,,3500,CLE@ATL,CLE,ATL,,,,,,PG
100020-163983,SG,Xavier,Xavier Moon,Moon,3.950000047683716,2,3500,LAC@HOU,LAC,HOU,,,,,,SG
100020-145548,PF,Anthony,Anthony Gill,Gill,4.868750095367432,32,3500,ORL@WAS,WAS,ORL,,,,,,PF
100020-158371,SF,Terry,Terry Taylor,Taylor,4.308695585831352,23,3500,CHI@UTA,CHI,UTA,,,,,,SF
100020-14501,C,Tristan,Tristan Thompson,Thompson,11.027777777777779,36,3500,CLE@ATL,CLE,ATL,O,Suspension,,,,C
100020-84677,SG,Jerome,Jerome Robinson,Robinson,2.4357141767229353,14,3500,MIL@GS,GS,MIL,,,,,,SG
100020-195784,SG,Andrew,Andrew Funk,Funk,,,3500,CHI@UTA,CHI,UTA,,,,,,SG
100020-161487,PG,Jeff,Jeff Dowtin,Dowtin,0.5,1,3500,MEM@PHI,PHI,MEM,,,,,,PG
100020-157906,PF,Usman,Usman Garuba,Garuba,1.8999999364217122,3,3500,MIL@GS,GS,MIL,,,,,,PF
100020-84708,C,Robert,Robert Williams,Williams,21.51666768391927,6,3500,OKC@POR,POR,OKC,O,Knee,,,,C
100020-145643,SG,Mason,Mason Jones,Jones,11.800000190734863,1,3500,SAC@LAL,SAC,LAL,,,,,,SG
100020-171752,SF,AJ,AJ Griffin,Griffin,3.322222179836697,18,3500,CLE@ATL,ATL,CLE,,,,,,SF
100020-84721,PF,Jarred,Jarred Vanderbilt,Vanderbilt,16.02068986563847,29,3500,SAC@LAL,LAL,SAC,O,Foot,,,,PF
100020-171766,SG,Johnny,Johnny Davis,Davis,5.293333435058594,30,3500,ORL@WAS,WAS,ORL,,,,,,SG
100020-171765,PF,Moussa,Moussa Diabate,Diabate,7.254545731977983,11,3500,LAC@HOU,LAC,HOU,,,,,,PF
100020-110328,SF,Admiral,Admiral Schofield,Schofield,1.953333282470703,15,3500,ORL@WAS,ORL,WAS,,,,,,SF
100020-171768,PG,TyTy,TyTy Washington,Washington,1.9399999618530273,5,3500,MIL@GS,MIL,GS,,,,,,PG
100020-110331,PG,Ty,Ty Jerome,Jerome,4.349999904632568,2,3500,CLE@ATL,CLE,ATL,O,Ankle,,,,PG
100020-171769,SF,Tari,Tari Eason,Eason,25.868180708451703,22,3500,LAC@HOU,HOU,LAC,O,Lower leg,,,,SF
100020-194814,SF,Henri,Henri Drell,Drell,,,3500,CHI@UTA,CHI,UTA,,,,,,SF
100020-171772,SG,Ryan,Ryan Rollins,Rollins,9.669999694824218,10,3500,MIL@GS,MIL,GS,,,,,,SG
100020-171773,SF,Patrick,Patrick Baldwin,Baldwin,6.530000305175781,20,3500,ORL@WAS,WAS,ORL,O,Back,,,,SF
100020-180483,SG,Jules,Jules Bernard,Bernard,3.7125000953674316,8,3500,ORL@WAS,WAS,ORL,,,,,,SG
100020-110336,PF,Chuma,Chuma Okeke,Okeke,6.7189190838788,37,3500,ORL@WAS,ORL,WAS,,,,,,PF
100020-171782,PF,Isaiah,Isaiah Mobley,Mobley,5.133333206176758,3,3500,CLE@ATL,CLE,ATL,,,,,,PF
100020-110341,SG,Dylan,Dylan Windler,Windler,2.7545453851873223,11,3500,CLE@ATL,ATL,CLE,,,,,,SG
100020-110344,PG,Ja,Ja Morant,Morant,44.94444444444444,9,3500,MEM@PHI,MEM,PHI,O,Shoulder,,,,PG
100020-15628,SF,Otto,Otto Porter,Porter,7.586666870117187,15,3500,CHI@UTA,UTA,CHI,O,Not injury related,,,,SF
100020-111372,SF,Thanasis,Thanasis Antetokounmpo,Antetokounmpo,2.519230769230769,26,3500,MIL@GS,MIL,GS,,,,,,SF
100020-194829,PF,Pete,Pete Nance,Nance,0,2,3500,CLE@ATL,CLE,ATL,,,,,,PF
100020-110353,PF/C,Brandon,Brandon Clarke,Clarke,21.357142857142858,56,3500,MEM@PHI,MEM,PHI,O,Achilles,,,,PF/C
100020-196882,SG,Adam,Adam Flagler,Flagler,1.5,1,3500,OKC@POR,OKC,POR,,,,,,SG
100020-171795,PF,Ousmane,Ousmane Dieng,Dieng,8.044827691439924,29,3500,OKC@POR,OKC,POR,,,,,,PF
100020-161552,PF,Micah,Micah Potter,Potter,2.4000000953674316,2,3500,CHI@UTA,UTA,CHI,,,,,,PF
100020-171796,PF,Gui,Gui Santos,Santos,8.906667073567709,15,3500,MIL@GS,GS,MIL,,,,,,PF
100020-171802,SF,MarJon,MarJon Beauchamp,Beauchamp,8.686363913796164,44,3500,MIL@GS,MIL,GS,GTD,Foot,,,,SF
100020-171804,SF/SG,Shaedon,Shaedon Sharpe,Sharpe,27.84375,32,3500,OKC@POR,POR,OKC,O,Abdomen,,,,SG/SF
100020-145738,SG,Nate,Nate Hinton,Hinton,5.854545593261719,11,3500,LAC@HOU,HOU,LAC,,,,,,SG
100020-40783,SG,Zach,Zach LaVine,LaVine,32.9039990234375,25,3500,CHI@UTA,CHI,UTA,O,Foot,,,,SG
100020-63826,C,Boban,Boban Marjanovic,Marjanovic,6.266666836208767,9,3500,LAC@HOU,HOU,LAC,,,,,,C
100020-23407,PF,P.J.,P.J. Tucker,Tucker,6.6999999152289496,18,3500,LAC@HOU,LAC,HOU,,,,,,PF
100020-145303,PG,Skylar,Skylar Mays,Mays,11.996773996660787,31,3500,SAC@LAL,LAL,SAC,,,,,,PG
100020-145822,SG,Kevon,Kevon Harris,Harris,3.450000047683716,2,3500,ORL@WAS,ORL,WAS,,,,,,SG
100020-145308,PF,Patrick,Patrick Williams,Williams,20.67907005132631,43,3500,CHI@UTA,CHI,UTA,O,Foot,,,,PF
100020-145824,PG,Jordan,Jordan Ford,Ford,2.7333332697550454,6,3500,SAC@LAL,SAC,LAL,,,,,,PG
100020-145316,PG,Kira,Kira Lewis,Lewis,5.7105263157894735,19,3500,CHI@UTA,UTA,CHI,,,,,,PG
100020-174501,PG,Pat,Pat Spencer,Spencer,0,1,3500,MIL@GS,GS,MIL,,,,,,PG
100020-80806,PG,Lonzo,Lonzo Ball,Ball,,,3500,CHI@UTA,CHI,UTA,O,Knee,,,,PG
100020-9642,PG,Russell,Russell Westbrook,Westbrook,26.168966359105603,58,3500,LAC@HOU,LAC,HOU,O,Hand,,,,PG
100020-145334,SG/SF,Desmond,Desmond Bane,Bane,39.88648780616554,37,3500,MEM@PHI,MEM,PHI,O,Ankle,,,,SG/SF
100020-80829,PF,Sasha,Sasha Vezenkov,Vezenkov,10.84857177734375,35,3500,SAC@LAL,SAC,LAL,O,Ankle,,,,PF
100020-145352,SG,Trent,Trent Forrest,Forrest,7.0608692998471465,23,3500,CLE@ATL,ATL,CLE,,,,,,SG
100020-199112,SF,Jaylin,Jaylin Galloway,Galloway,,,3500,MIL@GS,MIL,GS,,,,,,SF
100020-163280,C,Olivier,Olivier Sarr,Sarr,6.928571428571429,14,3500,OKC@POR,OKC,POR,,,,,,C
100020-49111,C,Joel,Joel Embiid,Embiid,62.42058967141544,34,3500,MEM@PHI,PHI,MEM,O,Knee,,,,C
100020-165854,SG,Lindy,Lindy Waters,Waters,5.257692190317007,26,3500,OKC@POR,OKC,POR,,,,,,SG
100020-188407,SF,Jett,Jett Howard,Howard,2.6538461538461537,13,3500,ORL@WAS,ORL,WAS,,,,,,SF
100020-184831,SF,Justin,Justin Minaya,Minaya,4.159999847412109,20,3500,OKC@POR,POR,OKC,,,,,,SF