Id,Position,First Name,Nickname,Last Name,FPPG,Played,Salary,Game,Team,Opponent,Injury Indicator,Injury Details,Tier,,,Roster Position
97505-40199,PF,Giannis,Giannis Antetokounmpo,Antetokounmpo,56.02307598407452,26,12200,ORL@MIL,MIL,ORL,GTD,Foot,,,,PF
97505-84680,PG,Shai,Shai Gilgeous-Alexander,Gilgeous-Alexander,55.52916463216146,24,11600,LAC@OKC,OKC,LAC,,,,,,PG
97505-15755,PF/C,Anthony,Anthony Davis,Davis,52.73461444561298,26,11500,LAL@MIN,LAL,MIN,GTD,Ankle,,,,PF/C
97505-9488,SF/PF,LeBron,LeBron James,James,48.56538273737981,26,10500,LAL@MIN,LAL,MIN,O,Ankle,,,,SF/PF
97505-145337,PG,Tyrese,Tyrese Haliburton,Haliburton,49.256522800611414,23,10400,IND@MEM,IND,MEM,,,,,,PG
97505-66113,SG/PG,Donovan,Donovan Mitchell,Mitchell,46.8681807084517,22,10300,NO@CLE,CLE,NO,O,Illness,,,,PG/SG
97505-188414,PF/C,Victor,Victor Wembanyama,Wembanyama,45.67083231608073,24,10200,SA@CHI,SA,CHI,GTD,Ankle,,,,PF/C
97505-110344,PG,Ja,Ja Morant,Morant,57.20000076293945,1,9800,IND@MEM,MEM,IND,,,,,,PG
97505-145321,SG/SF,Anthony,Anthony Edwards,Edwards,41.3782614003057,23,9600,LAL@MIN,MIN,LAL,,,,,,SG/SF
97505-20848,PG,Damian,Damian Lillard,Lillard,43.4960009765625,25,9500,ORL@MIL,MIL,ORL,,,,,,PG
97505-14513,SF/PF,Kawhi,Kawhi Leonard,Leonard,41.833333333333336,27,9300,LAC@OKC,LAC,OKC,GTD,Hip,,,,SF/PF
97505-9644,SG/PG,James,James Harden,Harden,38.7909102006392,22,9000,LAC@OKC,LAC,OKC,,,,,,PG/SG
97505-58462,PF/C,Karl-Anthony,Karl-Anthony Towns,Towns,39.94230769230769,26,8800,LAL@MIN,MIN,LAL,,,,,,PF/C
97505-12341,SG/SF,Paul,Paul George,George,39.7439990234375,25,8600,LAC@OKC,LAC,OKC,GTD,Illness,,,,SG/SF
97505-14514,C,Nikola,Nikola Vucevic,Vucevic,37.355174097521555,29,8600,SA@CHI,CHI,SA,,,,,,C
97505-157808,PG/SG,Cade,Cade Cunningham,Cunningham,37.25925925925926,27,8500,UTA@DET,DET,UTA,,,,,,PG/SG
97505-171759,C,Chet,Chet Holmgren,Holmgren,39.18,25,8500,LAC@OKC,OKC,LAC,,,,,,C
97505-66048,SF/PF,Brandon,Brandon Ingram,Ingram,37.21199951171875,25,8400,NO@CLE,NO,CLE,,,,,,SF/PF
97505-84683,PF/C,Jaren,Jaren Jackson,Jackson,36.71538367638221,26,8300,IND@MEM,MEM,IND,,,,,,PF/C
97505-110326,PG,Coby,Coby White,White,31.089654330549568,29,8300,SA@CHI,CHI,SA,,,,,,PG
97505-145334,SG/SF,Desmond,Desmond Bane,Bane,39.96,25,8300,IND@MEM,MEM,IND,,,,,,SG/SF
97505-80812,PF/SF,Lauri,Lauri Markkanen,Markkanen,39.1368408203125,19,8200,UTA@DET,UTA,DET,O,Hamstring,,,,SF/PF
97505-40203,C,Rudy,Rudy Gobert,Gobert,36.25384521484375,26,8100,LAL@MIN,MIN,LAL,,,,,,C
97505-9714,SF,DeMar,DeMar DeRozan,DeRozan,39.166666666666664,27,8100,SA@CHI,CHI,SA,,,,,,SF
97505-14503,C,Jonas,Jonas Valanciunas,Valanciunas,34.38214329310826,28,8000,NO@CLE,NO,CLE,GTD,Illness,,,,C
97505-171770,PF/SF,Paolo,Paolo Banchero,Banchero,37.14615337665264,26,7900,ORL@MIL,ORL,MIL,,,,,,SF/PF
97505-110310,PF,Zion,Zion Williamson,Williamson,37.39565111243206,23,7800,NO@CLE,NO,CLE,GTD,Illness,,,,PF
97505-171777,C,Walker,Walker Kessler,Kessler,28.23999938964844,20,7800,UTA@DET,UTA,DET,,,,,,C
97505-157845,PF/C,Evan,Evan Mobley,Mobley,38.07142857142857,21,7700,NO@CLE,CLE,NO,O,Knee,,,,PF/C
97505-19067,PG/SG,CJ,CJ McCollum,McCollum,38.119999186197916,15,7600,NO@CLE,NO,CLE,,,,,,PG/SG
97505-110342,PG,Darius,Darius Garland,Garland,34.45,20,7500,NO@CLE,CLE,NO,O,Jaw,,,,PG
97505-40783,SG,Zach,Zach LaVine,LaVine,33.383334689670136,18,7400,SA@CHI,CHI,SA,O,Foot,,,,SG
97505-58253,C,Myles,Myles Turner,Turner,34.4960009765625,25,7400,IND@MEM,IND,MEM,GTD,Hamstring,,,,C
97505-110347,PF/SF,Keldon,Keldon Johnson,Johnson,33.4239990234375,25,7300,SA@CHI,SA,CHI,GTD,Back,,,,SF/PF
97505-157851,SF,Franz,Franz Wagner,Wagner,35.26923076923077,26,7200,ORL@MIL,ORL,MIL,,,,,,SF
97505-84667,SG/PG,Collin,Collin Sexton,Sexton,23.442858014787948,28,7200,UTA@DET,UTA,DET,,,,,,PG/SG
97505-80821,C/PF,Jarrett,Jarrett Allen,Allen,29.769565748131793,23,7100,NO@CLE,CLE,NO,,,,,,PF/C
97505-158136,SF/SG,Austin,Austin Reaves,Reaves,28.735713413783483,28,7100,LAL@MIN,LAL,MIN,,,,,,SG/SF
97505-70827,C,Ivica,Ivica Zubac,Zubac,28.85925971137153,27,7000,LAC@OKC,LAC,OKC,,,,,,C
97505-16261,SG/SF,Khris,Khris Middleton,Middleton,25.78181873668324,22,7000,ORL@MIL,MIL,ORL,,,,,,SG/SF
97505-9621,C,Brook,Brook Lopez,Lopez,31.703703703703702,27,6900,ORL@MIL,MIL,ORL,,,,,,C
97505-14530,SF/PF,Bojan,Bojan Bogdanovic,Bogdanovic,29.075000762939453,8,6800,UTA@DET,DET,UTA,,,,,,SF/PF
97505-171760,SF/SG,Jalen,Jalen Williams,Williams,29.549998890269887,22,6700,LAC@OKC,OKC,LAC,,,,,,SG/SF
97505-66236,PF/C,John,John Collins,Collins,28.683334350585938,24,6600,UTA@DET,UTA,DET,,,,,,PF/C
97505-157905,SG/PG,Josh,Josh Giddey,Giddey,27.25199951171875,25,6600,LAC@OKC,OKC,LAC,,,,,,PG/SG
97505-23798,SG/SF,Caris,Caris LeVert,LeVert,28.609523228236608,21,6600,NO@CLE,CLE,NO,,,,,,SG/SF
97505-110337,SG/SF,Talen,Talen Horton-Tucker,Horton-Tucker,23.892857142857142,28,6500,UTA@DET,UTA,DET,O,Foot,,,,SG/SF
97505-58312,PG/SG,D'Angelo,D'Angelo Russell,Russell,30.2703699182581,27,6400,LAL@MIN,LAL,MIN,,,,,,PG/SG
97505-9642,PG,Russell,Russell Westbrook,Westbrook,28.133332429108798,27,6300,LAC@OKC,LAC,OKC,,,,,,PG
97505-145324,SG,Devin,Devin Vassell,Vassell,28.233334495907737,21,6300,SA@CHI,SA,CHI,GTD,Illness,,,,SG
97505-80815,PF/C,Zach,Zach Collins,Collins,26.553847092848557,26,6200,SA@CHI,SA,CHI,,,,,,PF/C
97505-112708,SG/SF,Max,Max Strus,Strus,28.5,28,6100,NO@CLE,CLE,NO,,,,,,SG/SF
97505-84676,C,Wendell,Wendell Carter,Carter,22.383333841959637,6,6100,ORL@MIL,ORL,MIL,,,,,,C
97505-84694,SF,Bruce,Bruce Brown,Brown,24.76923076923077,26,6100,IND@MEM,IND,MEM,,,,,,SF
97505-145327,PG/SG,Cole,Cole Anthony,Anthony,27.146153376652645,26,6100,ORL@MIL,ORL,MIL,,,,,,PG/SG
97505-188412,PG/SG,Keyonte,Keyonte George,George,21.600001017252605,24,6100,UTA@DET,UTA,DET,O,Foot,,,,PG/SG
97505-110995,C/PF,Naz,Naz Reid,Reid,22.78461632361779,26,6000,LAL@MIN,MIN,LAL,,,,,,PF/C
97505-18393,PG,T.J.,T.J. McConnell,McConnell,21.24499969482422,20,6000,IND@MEM,IND,MEM,,,,,,PG
97505-42156,PF/C,Bobby,Bobby Portis,Portis,25.248148600260418,27,5900,ORL@MIL,MIL,ORL,,,,,,PF/C
97505-171746,SG/SF,Bennedict,Bennedict Mathurin,Mathurin,22.888460599459133,26,5900,IND@MEM,IND,MEM,,,,,,SG/SF
97505-171749,PG/PF,Jeremy,Jeremy Sochan,Sochan,23.888460599459133,26,5900,SA@CHI,SA,CHI,,,,,,PG/PF
97505-188426,SF/SG,Ausar,Ausar Thompson,Thompson,27.714814362702548,27,5800,UTA@DET,DET,UTA,,,,,,SG/SF
97505-157827,PF,Isaiah,Isaiah Jackson,Jackson,20.66111077202691,18,5800,IND@MEM,IND,MEM,,,,,,PF
97505-110359,C,Goga,Goga Bitadze,Bitadze,23.71666717529297,24,5800,ORL@MIL,ORL,MIL,,,,,,C
97505-80805,PG,Markelle,Markelle Fultz,Fultz,25.08000030517578,5,5800,ORL@MIL,ORL,MIL,O,Knee,,,,PG
97505-16293,SF/SG,Norman,Norman Powell,Powell,19.89999954788773,27,5800,LAC@OKC,LAC,OKC,,,,,,SG/SF
97505-157844,PF/C,Santi,Santi Aldama,Aldama,25.155000305175783,20,5700,IND@MEM,MEM,IND,,,,,,PF/C
97505-157850,SG/PG,Jalen,Jalen Suggs,Suggs,25.149998982747395,24,5700,ORL@MIL,ORL,MIL,GTD,Wrist,,,,PG/SG
97505-157848,SG/SF,Herbert,Herbert Jones,Jones,26.7839990234375,25,5700,NO@CLE,NO,CLE,GTD,Illness,,,,SG/SF
97505-145308,SF/PF,Patrick,Patrick Williams,Williams,21.382757778825432,29,5700,SA@CHI,CHI,SA,,,,,,SF/PF
97505-22541,C/PF,Kelly,Kelly Olynyk,Olynyk,21.842308631310097,26,5600,UTA@DET,UTA,DET,,,,,,PF/C
97505-111273,SF/SG,Luguentz,Luguentz Dort,Dort,21.46666717529297,24,5600,LAC@OKC,OKC,LAC,,,,,,SG/SF
97505-9575,PG,Mike,Mike Conley,Conley,25.599999060997597,26,5600,LAL@MIN,MIN,LAL,,,,,,PG
97505-23665,SG/SF,Buddy,Buddy Hield,Hield,23.74230722280649,26,5500,IND@MEM,IND,MEM,,,,,,SG/SF
97505-23670,PG,Marcus,Marcus Smart,Smart,26.62727217240767,11,5500,IND@MEM,MEM,IND,GTD,Foot,,,,PG
97505-157847,SF,Trey,Trey Murphy,Murphy,24.25,8,5500,NO@CLE,NO,CLE,,,,,,SF
97505-145339,PF,Obi,Obi Toppin,Toppin,20.665384145883415,26,5500,IND@MEM,IND,MEM,,,,,,PF
97505-23572,SF/PF,Taurean,Taurean Prince,Prince,18.46153846153846,26,5400,LAL@MIN,LAL,MIN,,,,,,SF/PF
97505-66064,SF/SG,Malik,Malik Beasley,Beasley,21.98,25,5300,ORL@MIL,MIL,ORL,,,,,,SG/SF
97505-15557,C,Andre,Andre Drummond,Drummond,18.117242221174568,29,5300,SA@CHI,CHI,SA,,,,,,C
97505-23981,PG/SG,Alex,Alex Caruso,Caruso,21.700000265370246,23,5300,SA@CHI,CHI,SA,,,,,,PG/SG
97505-145333,SF/PF,Aaron,Aaron Nesmith,Nesmith,21.025000254313152,24,5300,IND@MEM,IND,MEM,,,,,,SF/PF
97505-157849,PG/SG,Ayo,Ayo Dosunmu,Dosunmu,14.718518292462385,27,5200,SA@CHI,CHI,SA,,,,,,PG/SG
97505-110883,PF/SF,Dean,Dean Wade,Wade,14.828571137927828,21,5200,NO@CLE,CLE,NO,,,,,,SF/PF
97505-145341,SF/SG,Isaac,Isaac Okoro,Okoro,17.584210847553454,19,5200,NO@CLE,CLE,NO,,,,,,SG/SF
97505-23716,SF/PF,Kyle,Kyle Anderson,Anderson,20.23076923076923,26,5100,LAL@MIN,MIN,LAL,,,,,,SF/PF
97505-171780,SG,Jaden,Jaden Ivey,Ivey,20.730434251868207,23,5100,UTA@DET,DET,UTA,,,,,,SG
97505-145307,C/PF,Isaiah,Isaiah Stewart,Stewart,21.46800048828125,25,5100,UTA@DET,DET,UTA,,,,,,PF/C
97505-145489,PG,Killian,Killian Hayes,Hayes,23.2560009765625,25,5000,UTA@DET,DET,UTA,GTD,Illness,,,,PG
97505-145319,SF/PF,Jaden,Jaden McDaniels,McDaniels,16.693750381469727,16,5000,LAL@MIN,MIN,LAL,,,,,,SF/PF
97505-42202,PF/C,Christian,Christian Wood,Wood,16.524000244140623,25,4900,LAL@MIN,LAL,MIN,,,,,,PF/C
97505-171748,SF/SG,Malaki,Malaki Branham,Branham,15.173076923076923,26,4900,SA@CHI,SA,CHI,,,,,,SG/SF
97505-171756,SG,Vince,Vince Williams,Williams,14.866667005750868,18,4900,IND@MEM,MEM,IND,,,,,,SG
97505-173747,SF,Simone,Simone Fontecchio,Fontecchio,15.576923076923077,26,4800,UTA@DET,UTA,DET,,,,,,SF
97505-23802,PG/SG,Kris,Kris Dunn,Dunn,12.28499984741211,20,4800,UTA@DET,UTA,DET,,,,,,PG/SG
97505-145336,C,Xavier,Xavier Tillman,Tillman,20.192858014787948,14,4800,IND@MEM,MEM,IND,,,,,,C
97505-84679,PF/C,Marvin,Marvin Bagley,Bagley,18.581817626953125,22,4700,UTA@DET,DET,UTA,,,,,,PF/C
97505-171781,SG,Ochai,Ochai Agbaji,Agbaji,14.325000217982701,28,4700,UTA@DET,UTA,DET,,,,,,SG
97505-110349,PF/SF,Rui,Rui Hachimura,Hachimura,19.668421695106908,19,4700,LAL@MIN,LAL,MIN,,,,,,SF/PF
97505-145323,PG,Tre,Tre Jones,Jones,20.12272782759233,22,4700,SA@CHI,SA,CHI,,,,,,PG
97505-189467,PG,Craig,Craig Porter,Porter,15.823529411764707,17,4600,NO@CLE,CLE,NO,,,,,,PG
97505-110339,SG/SF,Cam,Cam Reddish,Reddish,17.208695121433426,23,4600,LAL@MIN,LAL,MIN,,,,,,SG/SF
97505-101387,PG/SG,Gabe,Gabe Vincent,Vincent,14.3,5,4500,LAL@MIN,LAL,MIN,O,Knee,,,,PG/SG
97505-81529,PF/C,Daniel,Daniel Theis,Theis,16.029411764705884,17,4500,LAC@OKC,LAC,OKC,,,,,,PF/C
97505-171755,SF/PF,David,David Roddy,Roddy,17.115384615384617,26,4500,IND@MEM,MEM,IND,,,,,,SF/PF
97505-188408,PG,Anthony,Anthony Black,Black,11.9375,24,4500,ORL@MIL,ORL,MIL,,,,,,PG
97505-14505,C,Bismack,Bismack Biyombo,Biyombo,19.88500061035156,20,4400,IND@MEM,MEM,IND,,,,,,C
97505-110356,SG/SF,Nickeil,Nickeil Alexander-Walker,Alexander-Walker,16.61153822678786,26,4400,LAL@MIN,MIN,LAL,,,,,,SG/SF
97505-145330,PG,Isaiah,Isaiah Joe,Joe,17.115999755859374,25,4400,LAC@OKC,OKC,LAC,,,,,,PG
97505-110315,SG/SF,Terance,Terance Mann,Mann,16.490475609188987,21,4300,LAC@OKC,LAC,OKC,,,,,,SG/SF
97505-84714,C,Moritz,Moritz Wagner,Wagner,19.188461303710938,26,4300,ORL@MIL,ORL,MIL,,,,,,C
97505-145819,PF/SF,Naji,Naji Marshall,Marshall,18.94736842105263,19,4300,NO@CLE,NO,CLE,,,,,,SF/PF
97505-145347,C,James,James Wiseman,Wiseman,14.805882173426012,17,4300,UTA@DET,DET,UTA,,,,,,C
97505-188415,PG/SG,Cason,Cason Wallace,Wallace,14.42800048828125,25,4300,LAC@OKC,OKC,LAC,,,,,,PG/SG
97505-23156,PF,Georges,Georges Niang,Niang,14.45357186453683,28,4200,NO@CLE,CLE,NO,,,,,,PF
97505-157846,PF/C,Sandro,Sandro Mamukelashvili,Mamukelashvili,7.809091047807173,11,4200,SA@CHI,SA,CHI,,,,,,PF/C
97505-158373,PG,Jose,Jose Alvarado,Alvarado,16.764285496303014,14,4200,NO@CLE,NO,CLE,,,,,,PG
97505-171747,SG/PG,Andrew,Andrew Nembhard,Nembhard,16.752940458409928,17,4200,IND@MEM,IND,MEM,GTD,Knee,,,,PG/SG
97505-24544,SG,Gary,Gary Harris,Harris,14.504762195405506,21,4200,ORL@MIL,ORL,MIL,,,,,,SG
97505-63126,SF/PF,Cedi,Cedi Osman,Osman,15.196154080904448,26,4100,SA@CHI,SA,CHI,,,,,,SF/PF
97505-14510,PG/SG,Alec,Alec Burks,Burks,15.464999389648437,20,4100,UTA@DET,DET,UTA,,,,,,PG/SG
97505-145317,PG,Sam,Sam Merrill,Merrill,9.933333333333334,15,4100,NO@CLE,CLE,NO,,,,,,PG
97505-80811,SF/PF,Jonathan,Jonathan Isaac,Isaac,17.48421116879112,19,4100,ORL@MIL,ORL,MIL,,,,,,SF/PF
97505-145351,C,Omer,Omer Yurtseven,Yurtseven,12.549999660915798,18,4100,UTA@DET,UTA,DET,O,Illness,,,,C
97505-40396,PG,Monte,Monte Morris,Morris,23.951612903225808,62,4100,UTA@DET,DET,UTA,O,Quadriceps,,,,PG
97505-188464,SG,Andre,Andre Jackson,Jackson,6.942857288178944,21,4000,ORL@MIL,MIL,ORL,,,,,,SG
97505-157810,PF,Isaiah,Isaiah Livers,Livers,10.623077392578125,13,4000,UTA@DET,DET,UTA,,,,,,PF
97505-157834,PG,Bones,Bones Hyland,Hyland,12.576923076923077,13,4000,LAC@OKC,LAC,OKC,,,,,,PG
97505-84668,SF,Troy,Troy Brown,Brown,11.14090936834162,22,4000,LAL@MIN,MIN,LAL,,,,,,SF
97505-84691,PG,Shake,Shake Milton,Milton,10.88800048828125,25,4000,LAL@MIN,MIN,LAL,,,,,,PG
97505-171784,PG,Dyson,Dyson Daniels,Daniels,20.071428571428573,28,4000,NO@CLE,NO,CLE,,,,,,PG
97505-188411,PF,Taylor,Taylor Hendricks,Hendricks,13.122222052680122,9,4000,UTA@DET,UTA,DET,,,,,,PF
97505-188427,PG,Marcus,Marcus Sasser,Sasser,15.684614915114183,26,3900,UTA@DET,DET,UTA,,,,,,PG
97505-172098,SF,Julian,Julian Champagnie,Champagnie,10.478947689658717,19,3900,SA@CHI,SA,CHI,,,,,,SF
97505-15993,SF/SG,Pat,Pat Connaughton,Connaughton,14.304761614118304,21,3900,ORL@MIL,MIL,ORL,,,,,,SG/SF
97505-157831,PG,Tre,Tre Mann,Mann,8.933333502875435,9,3900,LAC@OKC,OKC,LAC,,,,,,PG
97505-157843,SF,Ziaire,Ziaire Williams,Williams,15.266666412353516,24,3900,IND@MEM,MEM,IND,,,,,,SF
97505-84721,PF,Jarred,Jarred Vanderbilt,Vanderbilt,8,7,3900,LAL@MIN,LAL,MIN,GTD,Heel,,,,PF
97505-9475,PG/SG,Derrick,Derrick Rose,Rose,17.066666666666666,15,3900,IND@MEM,MEM,IND,O,Hamstring,,,,PG/SG
97505-171795,PF,Ousmane,Ousmane Dieng,Dieng,7.537499904632568,16,3900,LAC@OKC,OKC,LAC,,,,,,PF
97505-145322,C,Jalen,Jalen Smith,Smith,18.480000813802082,15,3900,IND@MEM,IND,MEM,GTD,Heel,,,,C
97505-59318,SG/SF,Joe,Joe Ingles,Ingles,15.091667175292969,24,3900,ORL@MIL,ORL,MIL,GTD,Ankle,,,,SG/SF
97505-48567,PG/SG,Cameron,Cameron Payne,Payne,11.866666440610532,27,3900,ORL@MIL,MIL,ORL,,,,,,PG/SG
97505-188410,SG,Ben,Ben Sheppard,Sheppard,6.133333206176758,12,3900,IND@MEM,IND,MEM,,,,,,SG
97505-188421,SG,Jordan,Jordan Hawkins,Hawkins,17.365384615384617,26,3800,NO@CLE,NO,CLE,,,,,,SG
97505-110640,PF,Luka,Luka Samanic,Samanic,6.708333333333333,12,3800,UTA@DET,UTA,DET,,,,,,PF
97505-157829,SG,Aaron,Aaron Wiggins,Wiggins,9.399999867314877,23,3800,LAC@OKC,OKC,LAC,,,,,,SG
97505-14501,C,Tristan,Tristan Thompson,Thompson,9.908695386803668,23,3800,NO@CLE,CLE,NO,,,,,,C
97505-84696,PG,Jevon,Jevon Carter,Carter,9.706896551724139,29,3800,SA@CHI,CHI,SA,,,,,,PG
97505-171751,SG,Max,Max Christie,Christie,9.718181956898082,22,3800,LAL@MIN,LAL,MIN,,,,,,SG
97505-171758,PF/C,Jaylin,Jaylin Williams,Williams,11.41500015258789,20,3800,LAC@OKC,OKC,LAC,,,,,,PF/C
97505-9966,PF,James,James Johnson,Johnson,4.533333460489909,3,3800,IND@MEM,IND,MEM,,,,,,PF
97505-111376,SF,John,John Konchar,Konchar,13.785714285714286,21,3800,IND@MEM,MEM,IND,,,,,,SF
97505-171802,SF,MarJon,MarJon Beauchamp,Beauchamp,9.886956256368887,23,3800,ORL@MIL,MIL,ORL,,,,,,SF
97505-111492,SF/SG,Amir,Amir Coffey,Coffey,5.7133331298828125,15,3800,LAC@OKC,LAC,OKC,,,,,,SG/SF
97505-66046,SG/SF,Luke,Luke Kennard,Kennard,16.325000762939453,8,3800,IND@MEM,MEM,IND,O,Knee,,,,SG/SF
97505-188418,PF,Kobe,Kobe Brown,Brown,5.752941355985754,17,3700,LAC@OKC,LAC,OKC,,,,,,PF
97505-157805,SG,Brandon,Brandon Boston,Boston,6.699999809265137,2,3700,LAC@OKC,LAC,OKC,,,,,,SG
97505-84674,SF/PF,Kevin,Kevin Knox,Knox,10.830000305175782,10,3700,UTA@DET,DET,UTA,,,,,,SF/PF
97505-110317,PG,Jaylen,Jaylen Nowell,Nowell,10.644444783528646,9,3700,IND@MEM,MEM,IND,,,,,,PG
97505-110331,PG,Ty,Ty Jerome,Jerome,4.349999904632568,2,3700,NO@CLE,CLE,NO,O,Ankle,,,,PG
97505-85305,SF,Kenrich,Kenrich Williams,Williams,11.559999593098958,15,3700,LAC@OKC,OKC,LAC,,,,,,SF
97505-15691,C,Cody,Cody Zeller,Zeller,7.936363913796165,22,3700,NO@CLE,NO,CLE,GTD,Ankle,,,,C
97505-85597,PG,Jordan,Jordan McLaughlin,McLaughlin,3.5555555555555554,9,3600,LAL@MIN,MIN,LAL,,,,,,PG
97505-162411,SF,Matt,Matt Ryan,Ryan,13.846153846153847,13,3600,NO@CLE,NO,CLE,O,Elbow,,,,SF
97505-157813,SG/PG,Joshua,Joshua Primo,Primo,2,1,3600,LAC@OKC,LAC,OKC,,,,,,PG/SG
97505-157830,C/PF,Jeremiah,Jeremiah Robinson-Earl,Robinson-Earl,7.763636502352628,11,3600,NO@CLE,NO,CLE,,,,,,PF/C
97505-14543,SF,Davis,Davis Bertans,Bertans,7.344444274902344,9,3600,LAC@OKC,OKC,LAC,,,,,,SF
97505-84706,PG,Devonte',Devonte' Graham,Graham,9.919999694824218,5,3600,SA@CHI,SA,CHI,,,,,,PG
97505-171757,PF,Jake,Jake LaRavia,LaRavia,5.712500095367432,8,3600,IND@MEM,MEM,IND,,,,,,PF
97505-171763,SG,Dalen,Dalen Terry,Terry,5.230769230769231,13,3600,SA@CHI,CHI,SA,,,,,,SG
97505-180477,PG,Jacob,Jacob Gilyard,Gilyard,10.736842105263158,19,3600,IND@MEM,MEM,IND,,,,,,PG
97505-110340,PF/C,Jaxson,Jaxson Hayes,Hayes,7.272000122070312,25,3600,LAL@MIN,LAL,MIN,,,,,,PF/C
97505-180484,SG,Stanley,Stanley Umude,Umude,9.173333740234375,15,3600,UTA@DET,DET,UTA,,,,,,SG
97505-55065,PG,Vasilije,Vasilije Micic,Micic,7.35,10,3600,LAC@OKC,OKC,LAC,,,,,,PG
97505-18256,PF/SF,Doug,Doug McDermott,McDermott,10.804166158040365,24,3600,SA@CHI,SA,CHI,,,,,,SF/PF
97505-20992,PF/C,Larry,Larry Nance,Nance,11.400000435965401,14,3500,NO@CLE,NO,CLE,O,Ribs,,,,PF/C
97505-189456,SG,Malcolm,Malcolm Cazalon,Cazalon,0,1,3500,UTA@DET,DET,UTA,,,,,,SG
97505-188432,SG,Jalen,Jalen Hood-Schifino,Hood-Schifino,5.240000152587891,5,3500,LAL@MIN,LAL,MIN,O,Back,,,,SG
97505-188446,SF,Sidy,Sidy Cissoko,Cissoko,-1,1,3500,SA@CHI,SA,CHI,,,,,,SF
97505-189468,C,Colin,Colin Castleton,Castleton,6.224999904632568,4,3500,LAL@MIN,LAL,MIN,,,,,,C
97505-188444,PF,GG,GG Jackson,Jackson,4.150000095367432,4,3500,IND@MEM,MEM,IND,,,,,,PF
97505-189469,SG,D'Moi,D'Moi Hodge,Hodge,3.7857142857142856,7,3500,LAL@MIN,LAL,MIN,,,,,,SG
97505-188445,SF,Jordan,Jordan Miller,Miller,1.7333332697550456,3,3500,LAC@OKC,LAC,OKC,,,,,,SF
97505-188452,SF,Leonard,Leonard Miller,Miller,3.566666603088379,3,3500,LAL@MIN,MIN,LAL,,,,,,SF
97505-188453,SG,Jaylen,Jaylen Clark,Clark,,,3500,LAL@MIN,MIN,LAL,O,Achilles,,,,SG
97505-175653,SG,Jared,Jared Rhoden,Rhoden,4.05999984741211,5,3500,UTA@DET,DET,UTA,,,,,,SG
97505-188462,SF,Emoni,Emoni Bates,Bates,4.399999891008649,7,3500,NO@CLE,CLE,NO,,,,,,SF
97505-188463,SF,Julian,Julian Phillips,Phillips,2.0625,16,3500,SA@CHI,CHI,SA,,,,,,SF
97505-188460,SG,Isaiah,Isaiah Wong,Wong,,,3500,IND@MEM,IND,MEM,,,,,,SG
97505-190515,SG,Onuralp,Onuralp Bitim,Bitim,0,1,3500,SA@CHI,CHI,SA,O,Nose,,,,SG
97505-117808,PF,Marques,Marques Bolden,Bolden,1.2000000476837158,2,3500,ORL@MIL,MIL,ORL,,,,,,PF
97505-188465,SF,Chris,Chris Livingston,Livingston,3.3,5,3500,ORL@MIL,MIL,ORL,,,,,,SF
97505-188468,SF,Keyontae,Keyontae Johnson,Johnson,0,1,3500,LAC@OKC,OKC,LAC,,,,,,SF
97505-188469,SF,Maxwell,Maxwell Lewis,Lewis,1.0083333651224773,12,3500,LAL@MIN,LAL,MIN,,,,,,SF
97505-188475,C,Oscar,Oscar Tshiebwe,Tshiebwe,6.666666666666667,3,3500,IND@MEM,IND,MEM,,,,,,C
97505-188480,PF,Adama,Adama Sanogo,Sanogo,,,3500,SA@CHI,CHI,SA,,,,,,PF
97505-145490,PG,Trevelin,Trevelin Queen,Queen,9.200000217982701,7,3500,ORL@MIL,ORL,MIL,,,,,,PG
97505-157803,SG,Josh,Josh Christopher,Christopher,10.167187690734863,64,3500,UTA@DET,UTA,DET,,,,,,SG
97505-157807,C,Luka,Luka Garza,Garza,3.8999999364217124,6,3500,LAL@MIN,MIN,LAL,,,,,,C
97505-41082,C,Damian,Damian Jones,Jones,2.881818251176314,11,3500,NO@CLE,CLE,NO,,,,,,C
97505-145538,PF/C,Aleksej,Aleksej Pokusevski,Pokusevski,3.3000000544956754,7,3500,LAC@OKC,OKC,LAC,,,,,,PF/C
97505-23169,C,Steven,Steven Adams,Adams,29.892857142857142,42,3500,IND@MEM,MEM,IND,O,Knee,,,,C
97505-171658,SF,Johnny,Johnny Juzang,Juzang,1.5,1,3500,UTA@DET,UTA,DET,,,,,,SF
97505-163983,SG,Xavier,Xavier Moon,Moon,3.950000047683716,2,3500,LAC@OKC,LAC,OKC,,,,,,SG
97505-157842,C,Charles,Charles Bassey,Bassey,12.931578786749588,19,3500,SA@CHI,SA,CHI,O,Knee,,,,C
97505-9873,C,Robin,Robin Lopez,Lopez,1.5999999727521623,7,3500,ORL@MIL,MIL,ORL,,,,,,C
97505-171670,SG,Dereon,Dereon Seabron,Seabron,7.480000305175781,5,3500,NO@CLE,NO,CLE,,,,,,SG
97505-171672,SG,AJ,AJ Green,Green,5.184210526315789,19,3500,ORL@MIL,MIL,ORL,,,,,,SG
97505-20640,PG/SG,Jordan,Jordan Clarkson,Clarkson,28.094736199629935,19,3500,UTA@DET,UTA,DET,O,Thigh,,,,PG/SG
97505-14496,PG,Ricky,Ricky Rubio,Rubio,13.950000339084202,36,3500,NO@CLE,CLE,NO,O,Personal,,,,PG
97505-158371,SF,Terry,Terry Taylor,Taylor,1.3428570883614677,7,3500,SA@CHI,CHI,SA,,,,,,SF
97505-116906,PG,Lindell,Lindell Wigginton,Wigginton,1.6666666666666667,3,3500,ORL@MIL,MIL,ORL,,,,,,PG
97505-160963,PG,Daishen,Daishen Nix,Nix,2.0333333015441895,6,3500,LAL@MIN,MIN,LAL,,,,,,PG
97505-171745,SG,Kendall,Kendall Brown,Brown,5.116666793823242,6,3500,IND@MEM,IND,MEM,,,,,,SG
97505-171750,SG,Blake,Blake Wesley,Wesley,3.3999999364217124,6,3500,SA@CHI,SA,CHI,,,,,,SG
97505-195815,C,Charles,Charles Bediako,Bediako,,,3500,SA@CHI,SA,CHI,,,,,,C
97505-15590,C,Mason,Mason Plumlee,Plumlee,14.766666412353516,6,3500,LAC@OKC,LAC,OKC,O,Knee,,,,C
97505-171765,PF,Moussa,Moussa Diabate,Diabate,7.3111114501953125,9,3500,LAC@OKC,LAC,OKC,O,Hip,,,,PF
97505-171771,SF,Caleb,Caleb Houstan,Houstan,6.323529411764706,17,3500,ORL@MIL,ORL,MIL,,,,,,SF
97505-110328,SF,Admiral,Admiral Schofield,Schofield,1.5,8,3500,ORL@MIL,ORL,MIL,,,,,,SF
97505-171768,PG,TyTy,TyTy Washington,Washington,2.5999999046325684,2,3500,ORL@MIL,MIL,ORL,GTD,Ankle,,,,PG
97505-194814,SF,Henri,Henri Drell,Drell,,,3500,SA@CHI,CHI,SA,O,Thumb,,,,SF
97505-171778,SG,Wendell,Wendell Moore,Moore,1.1166666348775227,6,3500,LAL@MIN,MIN,LAL,,,,,,SG
97505-171779,C,Jalen,Jalen Duren,Duren,32.50714329310826,14,3500,UTA@DET,DET,UTA,O,Ankle,,,,C
97505-110336,PF,Chuma,Chuma Okeke,Okeke,3.369230710543119,13,3500,ORL@MIL,ORL,MIL,,,,,,PF
97505-171776,SF,Josh,Josh Minott,Minott,2.5545454892245205,11,3500,LAL@MIN,MIN,LAL,,,,,,SF
97505-171782,PF,Isaiah,Isaiah Mobley,Mobley,5.449999809265137,2,3500,NO@CLE,CLE,NO,,,,,,PF
97505-171783,PF,E.J.,E.J. Liddell,Liddell,2.7999998728434243,3,3500,NO@CLE,NO,CLE,,,,,,PF
97505-111372,SF,Thanasis,Thanasis Antetokounmpo,Antetokounmpo,2.2250000635782876,12,3500,ORL@MIL,MIL,ORL,,,,,,SF
97505-110353,PF/C,Brandon,Brandon Clarke,Clarke,21.357142857142858,56,3500,IND@MEM,MEM,IND,O,Achilles,,,,PF/C
97505-161552,PF,Micah,Micah Potter,Potter,2.4000000953674316,2,3500,UTA@DET,UTA,DET,,,,,,PF
97505-20277,SF/SG,Torrey,Torrey Craig,Craig,15.851851851851851,27,3500,SA@CHI,CHI,SA,O,Heel,,,,SG/SF
97505-82744,PG/SG,Shaquille,Shaquille Harrison,Harrison,2.4666666984558105,3,3500,IND@MEM,MEM,IND,,,,,,PG/SG
97505-23407,PF,P.J.,P.J. Tucker,Tucker,7.706666564941406,15,3500,LAC@OKC,LAC,OKC,,,,,,PF
97505-161666,SG,David,David Duke,Duke,6.970833460489909,24,3500,SA@CHI,SA,CHI,,,,,,SG
97505-171925,SF,Dominick,Dominick Barlow,Barlow,2.825000047683716,8,3500,SA@CHI,SA,CHI,,,,,,SF
97505-145822,SG,Kevon,Kevon Harris,Harris,8.647058823529411,34,3500,ORL@MIL,ORL,MIL,O,Coach's decision,,,,SG
97505-145313,PF/SF,Jordan,Jordan Nwora,Nwora,11.890000152587891,10,3500,IND@MEM,IND,MEM,,,,,,SF/PF
97505-145316,PG,Kira,Kira Lewis,Lewis,7.092307457557092,13,3500,NO@CLE,NO,CLE,,,,,,PG
97505-80806,PG,Lonzo,Lonzo Ball,Ball,,,3500,SA@CHI,CHI,SA,O,Knee,,,,PG
97505-15800,PF/SF,Jae,Jae Crowder,Crowder,18.166666666666668,9,3500,ORL@MIL,MIL,ORL,O,Groin,,,,SF/PF
97505-193991,SF,Alex,Alex Fudge,Fudge,1.350000023841858,4,3500,LAL@MIN,LAL,MIN,,,,,,SF
97505-163280,C,Olivier,Olivier Sarr,Sarr,10.016666412353516,6,3500,LAC@OKC,OKC,LAC,,,,,,C
97505-165854,SG,Lindy,Lindy Waters,Waters,5.022222306993273,9,3500,LAC@OKC,OKC,LAC,,,,,,SG
97505-16363,SG/SF,Joe,Joe Harris,Harris,5.954545454545454,11,3500,UTA@DET,DET,UTA,,,,,,SG/SF
97505-188407,SF,Jett,Jett Howard,Howard,2.2874999046325684,8,3500,ORL@MIL,ORL,MIL,,,,,,SF
97505-188409,PF,Jarace,Jarace Walker,Walker,9.862500190734863,8,3500,IND@MEM,IND,MEM,,,,,,PF
97505-188413,SF,Brice,Brice Sensabaugh,Sensabaugh,2.4000000953674316,1,3500,UTA@DET,UTA,DET,,,,,,SF