Id,Position,First Name,Nickname,Last Name,FPPG,Played,Salary,Game,Team,Opponent,Injury Indicator,Injury Details,Tier,,,Roster Position
99374-84669,PG,Luka,Luka Doncic,Doncic,61.460868503736414,46,12800,SA@DAL,DAL,SA,GTD,Nose,,,,PG
99374-55062,C,Nikola,Nikola Jokic,Jokic,57.60384427584135,52,12000,SAC@DEN,DEN,SAC,,,,,,C
99374-15755,PF/C,Anthony,Anthony Davis,Davis,53.78235102634804,51,11200,LAL@UTA,LAL,UTA,GTD,Achilles,,,,PF/C
99374-59358,C/PF,Domantas,Domantas Sabonis,Sabonis,49.356601931014154,53,10700,SAC@DEN,SAC,DEN,,,,,,PF/C
99374-188414,PF/C,Victor,Victor Wembanyama,Wembanyama,46.72083536783854,48,10400,SA@DAL,SA,DAL,,,,,,PF/C
99374-66113,SG/PG,Donovan,Donovan Mitchell,Mitchell,48.69534656613372,43,10300,CHI@CLE,CLE,CHI,,,,,,PG/SG
99374-80808,PF/SF,Jayson,Jayson Tatum,Tatum,46.99215877757353,51,10300,BKN@BOS,BOS,BKN,,,,,,SF/PF
99374-9488,SF/PF,LeBron,LeBron James,James,47.37142757493623,49,10200,LAL@UTA,LAL,UTA,O,Ankle,,,,SF/PF
99374-9646,SF/PF,Kevin,Kevin Durant,Durant,48.15744473071808,47,10000,DET@PHO,PHO,DET,,,,,,SF/PF
99374-58460,SG,Devin,Devin Booker,Booker,45.7090897993608,44,9800,DET@PHO,PHO,DET,,,,,,SG
99374-9524,PG,Stephen,Stephen Curry,Curry,41.418749491373696,48,9800,LAC@GS,GS,LAC,,,,,,PG
99374-84671,PG,Trae,Trae Young,Young,47.244897959183675,49,9700,ATL@CHA,ATL,CHA,,,,,,PG
99374-84690,PG,Jalen,Jalen Brunson,Brunson,42.77647250306372,51,9600,NY@ORL,NY,ORL,,,,,,PG
99374-145331,PG,Tyrese,Tyrese Maxey,Maxey,42.40833282470703,48,9500,MIA@PHI,PHI,MIA,,,,,,PG
99374-14498,PG/SG,Kyrie,Kyrie Irving,Irving,43.01250076293945,32,9400,SA@DAL,DAL,SA,GTD,Thumb,,,,PG/SG
99374-14513,SF/PF,Kawhi,Kawhi Leonard,Leonard,43.04583231608073,48,9400,LAC@GS,LAC,GS,O,Thigh,,,,SF/PF
99374-145485,PG,LaMelo,LaMelo Ball,Ball,44.29999889026988,22,9300,ATL@CHA,CHA,ATL,O,Ankle,,,,PG
99374-145337,PG,Tyrese,Tyrese Haliburton,Haliburton,46.780953543526785,42,9200,IND@TOR,IND,TOR,GTD,Hamstring,,,,PG
99374-84678,SF/PF,Miles,Miles Bridges,Bridges,38.223810105096724,42,9100,ATL@CHA,CHA,ATL,,,,,,SF/PF
99374-157822,PF/SF,Scottie,Scottie Barnes,Barnes,43.90185094762732,54,9000,IND@TOR,TOR,IND,,,,,,SF/PF
99374-80817,C,Bam,Bam Adebayo,Adebayo,42.77727161754262,44,9000,MIA@PHI,MIA,PHI,,,,,,C
99374-157908,C,Alperen,Alperen Sengun,Sengun,42.74807504507211,52,8900,HOU@MEM,HOU,MEM,,,,,,C
99374-9644,SG/PG,James,James Harden,Harden,39.748935131316486,47,8800,LAC@GS,LAC,GS,,,,,,PG/SG
99374-84683,PF/C,Jaren,Jaren Jackson,Jackson,37.4960009765625,50,8800,HOU@MEM,MEM,HOU,,,,,,PF/C
99374-63122,PF/C,Kristaps,Kristaps Porzingis,Porzingis,37.42051344651442,39,8700,BKN@BOS,BOS,BKN,,,,,,PF/C
99374-80810,PG,De'Aaron,De'Aaron Fox,Fox,43.91063933676862,47,8700,SAC@DEN,SAC,DEN,,,,,,PG
99374-80812,PF/SF,Lauri,Lauri Markkanen,Markkanen,39.38409146395597,44,8700,LAL@UTA,UTA,LAL,,,,,,SF/PF
99374-14514,C,Nikola,Nikola Vucevic,Vucevic,38.95918367346939,49,8600,CHI@CLE,CHI,CLE,,,,,,C
99374-171770,PF/SF,Paolo,Paolo Banchero,Banchero,40.670369466145836,54,8600,NY@ORL,ORL,NY,,,,,,SF/PF
99374-9714,SF,DeMar,DeMar DeRozan,DeRozan,39.32307786207933,52,8500,CHI@CLE,CHI,CLE,,,,,,SF
99374-66108,PG,Jamal,Jamal Murray,Murray,37.28500061035156,40,8500,SAC@DEN,DEN,SAC,GTD,Lower leg,,,,PG
99374-157808,PG/SG,Cade,Cade Cunningham,Cunningham,38.41860465116279,43,8400,DET@PHO,DET,PHO,GTD,Knee,,,,PG/SG
99374-157833,SF/PF,Jalen,Jalen Johnson,Johnson,35.45,40,8400,ATL@CHA,ATL,CHA,,,,,,SF/PF
99374-67708,SG/PG,Dejounte,Dejounte Murray,Murray,38.16274605545343,51,8300,ATL@CHA,ATL,CHA,,,,,,PG/SG
99374-66048,SF/PF,Brandon,Brandon Ingram,Ingram,37.8239990234375,50,8300,WAS@NO,NO,WAS,,,,,,SF/PF
99374-12341,SG/SF,Paul,Paul George,George,38.24897859534439,49,8200,LAC@GS,LAC,GS,,,,,,SG/SF
99374-110310,PF,Zion,Zion Williamson,Williamson,37.57441746911337,43,8200,WAS@NO,NO,WAS,GTD,Foot,,,,PF
99374-157851,SF/PF,Franz,Franz Wagner,Wagner,36.12391198199728,46,8100,NY@ORL,ORL,NY,,,,,,SF/PF
99374-157907,SG/PG,Jalen,Jalen Green,Green,29.98301840728184,53,8000,HOU@MEM,HOU,MEM,,,,,,PG/SG
99374-67026,SF/SG,Jaylen,Jaylen Brown,Brown,36.58199951171875,50,8000,BKN@BOS,BOS,BKN,O,Shoulder,,,,SG/SF
99374-80821,C/PF,Jarrett,Jarrett Allen,Allen,36.50638401761968,47,8000,CHI@CLE,CLE,CHI,,,,,,PF/C
99374-58377,SF/PF,Kyle,Kyle Kuzma,Kuzma,36.46153846153846,52,7900,WAS@NO,WAS,NO,O,Illness,,,,SF/PF
99374-60021,PF,Pascal,Pascal Siakam,Siakam,38.177358951208724,53,7900,IND@TOR,IND,TOR,,,,,,PF
99374-58312,PG/SG,D'Angelo,D'Angelo Russell,Russell,31.9960009765625,50,7900,LAL@UTA,LAL,UTA,,,,,,PG/SG
99374-14518,PF/SF,Tobias,Tobias Harris,Harris,33.08958435058594,48,7800,MIA@PHI,PHI,MIA,O,Hip,,,,SF/PF
99374-84681,SG/SF,Donte,Donte DiVincenzo,DiVincenzo,24.60925971137153,54,7800,NY@ORL,NY,ORL,O,Hamstring,,,,SG/SF
99374-110326,PG,Coby,Coby White,White,33.48333288122107,54,7800,CHI@CLE,CHI,CLE,,,,,,PG
99374-171779,C,Jalen,Jalen Duren,Duren,33.97631514699835,38,7800,DET@PHO,DET,PHO,,,,,,C
99374-157845,PF/C,Evan,Evan Mobley,Mobley,37.42758704876078,29,7700,CHI@CLE,CLE,CHI,,,,,,PF/C
99374-15595,SG/PG,Bradley,Bradley Beal,Beal,31.136665852864585,30,7700,DET@PHO,PHO,DET,O,Hamstring,,,,PG/SG
99374-110312,SG,Tyler,Tyler Herro,Herro,34.31176398782169,34,7700,MIA@PHI,MIA,PHI,,,,,,SG
99374-84670,SG/SF,Mikal,Mikal Bridges,Bridges,35.13396180350826,53,7600,BKN@BOS,BKN,BOS,,,,,,SG/SF
99374-110354,C,Nic,Nic Claxton,Claxton,35.16279069767442,43,7600,BKN@BOS,BKN,BOS,,,,,,C
99374-188405,PG/SG,Amen,Amen Thompson,Thompson,20.50588271197151,34,7600,HOU@MEM,HOU,MEM,,,,,,PG/SG
99374-157904,SF/PF,Jonathan,Jonathan Kuminga,Kuminga,25.45,50,7500,LAC@GS,GS,LAC,,,,,,SF/PF
99374-158136,SF/SG,Austin,Austin Reaves,Reaves,29.689091352982956,55,7500,LAL@UTA,LAL,UTA,,,,,,SG/SF
99374-19067,PG/SG,CJ,CJ McCollum,McCollum,34.98999938964844,40,7500,WAS@NO,NO,WAS,,,,,,PG/SG
99374-80825,PF/C,Isaiah,Isaiah Hartenstein,Hartenstein,26.1860009765625,50,7500,NY@ORL,NY,ORL,O,Achilles,,,,PF/C
99374-171780,SG/PG,Jaden,Jaden Ivey,Ivey,27.130612743144134,49,7400,DET@PHO,DET,PHO,,,,,,PG/SG
99374-110357,SF,RJ,RJ Barrett,Barrett,30.63863580877131,44,7400,IND@TOR,TOR,IND,,,,,,SF
99374-145314,PF/C,Precious,Precious Achiuwa,Achiuwa,19.91063803814827,47,7400,NY@ORL,NY,ORL,,,,,,PF/C
99374-145324,SG,Devin,Devin Vassell,Vassell,31.336734693877553,49,7400,SA@DAL,SA,DAL,,,,,,SG
99374-157838,SG/SF,Cam,Cam Thomas,Thomas,30.061362526633523,44,7300,BKN@BOS,BKN,BOS,,,,,,SG/SF
99374-145304,C/PF,Onyeka,Onyeka Okongwu,Okongwu,24.383019789209907,53,7300,ATL@CHA,ATL,CHA,O,Toe,,,,PF/C
99374-49675,PG/SG,Derrick,Derrick White,White,32.0260009765625,50,7200,BKN@BOS,BOS,BKN,,,,,,PG/SG
99374-58253,C,Myles,Myles Turner,Turner,32.97692401592548,52,7200,IND@TOR,IND,TOR,O,Illness,,,,C
99374-145348,PG/SG,Immanuel,Immanuel Quickley,Quickley,25.806122448979593,49,7200,IND@TOR,TOR,IND,,,,,,PG/SG
99374-23665,SG/SF,Buddy,Buddy Hield,Hield,23.863636363636363,55,7100,MIA@PHI,PHI,MIA,,,,,,SG/SF
99374-58081,PG,Tyus,Tyus Jones,Jones,29.383019789209907,53,7100,WAS@NO,WAS,NO,,,,,,PG
99374-110325,C,Daniel,Daniel Gafford,Gafford,31.80638349817154,47,7100,SA@DAL,DAL,SA,,,,,,C
99374-188419,SF,Brandon,Brandon Miller,Miller,26.889362741023938,47,7000,ATL@CHA,CHA,ATL,,,,,,SF
99374-9663,PG,Jrue,Jrue Holiday,Holiday,30.261225486288264,49,7000,BKN@BOS,BOS,BKN,,,,,,PG
99374-40562,SF/PF,Josh,Josh Hart,Hart,23.184906581662737,53,7000,NY@ORL,NY,ORL,,,,,,SF/PF
99374-55057,C,Jusuf,Jusuf Nurkic,Nurkic,33.458824008118874,51,7000,DET@PHO,PHO,DET,,,,,,C
99374-145539,SF/PF,Deni,Deni Avdija,Avdija,28.392453751474058,53,6900,WAS@NO,WAS,NO,,,,,,SF/PF
99374-84667,SG/PG,Collin,Collin Sexton,Sexton,28.049999095775462,54,6900,LAL@UTA,UTA,LAL,,,,,,PG/SG
99374-15860,PF/C,Draymond,Draymond Green,Green,28.68888798466435,27,6800,LAC@GS,GS,LAC,,,,,,PF/C
99374-171756,SF/SG,Vince,Vince Williams,Williams,22.87142799014137,42,6800,HOU@MEM,MEM,HOU,,,,,,SG/SF
99374-80816,SG/PG,Malik,Malik Monk,Monk,28.11730722280649,52,6800,SAC@DEN,SAC,DEN,,,,,,PG/SG
99374-58378,C,Jakob,Jakob Poeltl,Poeltl,29.3046505950218,43,6700,IND@TOR,TOR,IND,,,,,,C
99374-66115,PG/PF,Ben,Ben Simmons,Simmons,28.850001017252605,12,6700,BKN@BOS,BKN,BOS,O,Knee,,,,PG/PF
99374-171767,PF,Jabari,Jabari Smith,Smith,28.443751017252605,48,6700,HOU@MEM,HOU,MEM,,,,,,PF
99374-110342,PG,Darius,Darius Garland,Garland,31.375,28,6700,CHI@CLE,CLE,CHI,GTD,Illness,,,,PG
99374-58153,SF/SG,Kelly,Kelly Oubre,Oubre,25.53170850800305,41,6700,MIA@PHI,PHI,MIA,,,,,,SG/SF
99374-66236,PF/C,John,John Collins,Collins,28.5,50,6600,LAL@UTA,UTA,LAL,,,,,,PF/C
99374-145329,C,Paul,Paul Reed,Reed,18.41509433962264,53,6600,MIA@PHI,PHI,MIA,,,,,,C
99374-20640,PG/SG,Jordan,Jordan Clarkson,Clarkson,27.96136474609375,44,6500,LAL@UTA,UTA,LAL,,,,,,PG/SG
99374-15557,C,Andre,Andre Drummond,Drummond,23.14814814814815,54,6500,CHI@CLE,CHI,CLE,,,,,,C
99374-171777,C,Walker,Walker Kessler,Kessler,27.62391198199728,46,6500,LAL@UTA,UTA,LAL,,,,,,C
99374-171787,SF/PF,Keegan,Keegan Murray,Murray,28.281633649553573,49,6500,SAC@DEN,SAC,DEN,,,,,,SF/PF
99374-14503,C,Jonas,Jonas Valanciunas,Valanciunas,31.7296300817419,54,6400,WAS@NO,NO,WAS,,,,,,C
99374-23981,PG/SG,Alex,Alex Caruso,Caruso,24.81304400900136,46,6400,CHI@CLE,CHI,CLE,GTD,Toe,,,,PG/SG
99374-110347,PF/SF,Keldon,Keldon Johnson,Johnson,30.0260009765625,50,6400,SA@DAL,SA,DAL,,,,,,SF/PF
99374-55060,SF/SG,Bogdan,Bogdan Bogdanovic,Bogdanovic,28.44423029972957,52,6400,ATL@CHA,ATL,CHA,,,,,,SG/SF
99374-110352,PF/C,P.J.,P.J. Washington,Washington,26.258696182914402,46,6300,SA@DAL,DAL,SA,,,,,,PF/C
99374-145323,PG,Tre,Tre Jones,Jones,24.310203085140305,49,6300,SA@DAL,SA,DAL,,,,,,PG
99374-145328,PF/SF,Saddiq,Saddiq Bey,Bey,25.88679245283019,53,6300,ATL@CHA,ATL,CHA,,,,,,SF/PF
99374-145333,SF/PF,Aaron,Aaron Nesmith,Nesmith,23.7139990234375,50,6300,IND@TOR,IND,TOR,,,,,,SF/PF
99374-188433,SG/SF,Brandin,Brandin Podziemski,Podziemski,23.851112196180555,45,6200,LAC@GS,GS,LAC,,,,,,SG/SF
99374-157849,PG/SG,Ayo,Ayo Dosunmu,Dosunmu,19.284615149864784,52,6200,CHI@CLE,CHI,CLE,,,,,,PG/SG
99374-41594,PF,Aaron,Aaron Gordon,Gordon,29.1125005086263,48,6200,SAC@DEN,DEN,SAC,,,,,,PF
99374-84679,PF/C,Marvin,Marvin Bagley,Bagley,20.799999660915798,36,6200,WAS@NO,WAS,NO,,,,,,PF/C
99374-55059,C,Clint,Clint Capela,Capela,31.0680840674867,47,6200,ATL@CHA,ATL,CHA,O,Thigh,,,,C
99374-188425,C,Dereck,Dereck Lively,Lively,25.53611077202691,36,6100,SA@DAL,DAL,SA,GTD,Nose,,,,C
99374-188444,PF,GG,GG Jackson,Jackson,18.104762486049108,21,6100,HOU@MEM,MEM,HOU,,,,,,PF
99374-40201,PG,Dennis,Dennis Schroder,Schroder,27.652829728036558,53,6100,BKN@BOS,BKN,BOS,,,,,,PG
99374-171661,PG,Scotty,Scotty Pippen,Pippen,23.924999237060547,8,6100,HOU@MEM,MEM,HOU,O,Back,,,,PG
99374-84682,SF/PF,Michael,Michael Porter,Porter,28.864151864681602,53,6100,SAC@DEN,DEN,SAC,,,,,,SF/PF
99374-22541,C/PF,Kelly,Kelly Olynyk,Olynyk,22.53846153846154,52,6000,IND@TOR,TOR,IND,,,,,,PF/C
99374-157831,PG,Tre,Tre Mann,Mann,11.159999593098958,15,6000,ATL@CHA,CHA,ATL,,,,,,PG
99374-23798,SG/SF,Caris,Caris LeVert,LeVert,28.035714285714285,42,6000,CHI@CLE,CLE,CHI,,,,,,SG/SF
99374-9642,PG,Russell,Russell Westbrook,Westbrook,27.125,52,6000,LAC@GS,LAC,GS,,,,,,PG
99374-110316,SF/PF,Cameron,Cameron Johnson,Johnson,25.707501220703126,40,6000,BKN@BOS,BKN,BOS,,,,,,SF/PF
99374-145318,C,Nick,Nick Richards,Richards,24.181818181818183,44,6000,ATL@CHA,CHA,ATL,,,,,,C
99374-188426,SF/SG,Ausar,Ausar Thompson,Thompson,23.39811274690448,53,5900,DET@PHO,DET,PHO,,,,,,SG/SF
99374-157848,SG/SF,Herbert,Herbert Jones,Jones,24.14898058832908,49,5900,WAS@NO,NO,WAS,,,,,,SG/SF
99374-70827,C,Ivica,Ivica Zubac,Zubac,28.461905343191965,42,5900,LAC@GS,LAC,GS,,,,,,C
99374-9623,PG,Chris,Chris Paul,Paul,26.725000381469727,32,5900,LAC@GS,GS,LAC,O,Hand,,,,PG
99374-80814,PG,Dennis,Dennis Smith,Smith,20.51081147065034,37,5900,BKN@BOS,BKN,BOS,,,,,,PG
99374-49116,SF/PF,Andrew,Andrew Wiggins,Wiggins,21.808695917544156,46,5900,LAC@GS,GS,LAC,,,,,,SF/PF
99374-188422,SF,Jaime,Jaime Jaquez,Jaquez,23.429166158040363,48,5800,MIA@PHI,MIA,PHI,,,,,,SF
99374-157844,PF/C,Santi,Santi Aldama,Aldama,23.242857433500745,42,5800,HOU@MEM,MEM,HOU,,,,,,PF/C
99374-84703,SG/PG,De'Anthony,De'Anthony Melton,Melton,26.51212195194129,33,5800,MIA@PHI,PHI,MIA,O,Back,,,,PG/SG
99374-110322,PG/SG,Jordan,Jordan Poole,Poole,26.08627498851103,51,5800,WAS@NO,WAS,NO,,,,,,PG/SG
99374-171786,C,Mark,Mark Williams,Williams,30.88420988384046,19,5800,ATL@CHA,CHA,ATL,O,Back,,,,C
99374-14509,SG,Klay,Klay Thompson,Thompson,26.477083841959637,48,5700,LAC@GS,GS,LAC,,,,,,SG
99374-14530,SF/PF,Bojan,Bojan Bogdanovic,Bogdanovic,28.10666707356771,30,5700,NY@ORL,NY,ORL,O,Calf,,,,SF/PF
99374-9453,C,Al,Al Horford,Horford,24.331111653645834,45,5700,BKN@BOS,BOS,BKN,O,Toe,,,,C
99374-84711,SG/SF,Grayson,Grayson Allen,Allen,25.40416717529297,48,5700,DET@PHO,PHO,DET,,,,,,SG/SF
99374-171749,PG/PF,Jeremy,Jeremy Sochan,Sochan,25.714814362702548,54,5700,SA@DAL,SA,DAL,,,,,,PG/PF
99374-173747,SF/PF,Simone,Simone Fontecchio,Fontecchio,17.534615149864784,52,5600,DET@PHO,DET,PHO,,,,,,SF/PF
99374-84676,C,Wendell,Wendell Carter,Carter,23.28214372907366,28,5600,NY@ORL,ORL,NY,,,,,,C
99374-110351,SG/PG,Cody,Cody Martin,Martin,20.414286295572918,21,5600,ATL@CHA,CHA,ATL,,,,,,PG/SG
99374-60233,SG/SF,Dillon,Dillon Brooks,Brooks,22.324999722567473,44,5600,HOU@MEM,HOU,MEM,,,,,,SG/SF
99374-157850,SG/PG,Jalen,Jalen Suggs,Suggs,24.0139990234375,50,5500,NY@ORL,ORL,NY,O,Groin,,,,PG/SG
99374-15846,SG/SF,Tim,Tim Hardaway,Hardaway,25.107843137254903,51,5500,SA@DAL,DAL,SA,,,,,,SG/SF
99374-20992,PF/C,Larry,Larry Nance,Nance,17.23611111111111,36,5500,WAS@NO,NO,WAS,,,,,,PF/C
99374-113267,SF/PF,Caleb,Caleb Martin,Martin,20.7027027027027,37,5500,MIA@PHI,MIA,PHI,,,,,,SF/PF
99374-18393,PG,T.J.,T.J. McConnell,McConnell,21.48181845925071,44,5500,IND@TOR,IND,TOR,,,,,,PG
99374-112708,SG/SF,Max,Max Strus,Strus,26.448077862079327,52,5400,CHI@CLE,CLE,CHI,,,,,,SG/SF
99374-15542,PG,Spencer,Spencer Dinwiddie,Dinwiddie,27.051020408163264,49,5400,LAL@UTA,LAL,UTA,,,,,,PG
99374-14523,PG,Reggie,Reggie Jackson,Jackson,20.08148193359375,54,5400,SAC@DEN,DEN,SAC,,,,,,PG
99374-23802,PG/SG,Kris,Kris Dunn,Dunn,18.284782077955164,46,5400,LAL@UTA,UTA,LAL,,,,,,PG/SG
99374-110349,PF/SF,Rui,Rui Hachimura,Hachimura,19.665853360804118,41,5400,LAL@UTA,LAL,UTA,,,,,,SF/PF
99374-80815,PF/C,Zach,Zach Collins,Collins,24.13095238095238,42,5400,SA@DAL,SA,DAL,,,,,,PF/C
99374-145325,SF/SG,Josh,Josh Green,Green,18.621951219512194,41,5400,SA@DAL,DAL,SA,,,,,,SG/SF
99374-48567,PG/SG,Cameron,Cameron Payne,Payne,13.02199951171875,50,5300,MIA@PHI,PHI,MIA,,,,,,PG/SG
99374-171761,PF/SF,Peyton,Peyton Watson,Watson,15.692307692307692,52,5300,SAC@DEN,DEN,SAC,,,,,,SF/PF
99374-111376,SF,John,John Konchar,Konchar,16.167442144349565,43,5300,HOU@MEM,MEM,HOU,,,,,,SF
99374-145307,C/PF,Isaiah,Isaiah Stewart,Stewart,23.688570731026786,35,5300,DET@PHO,DET,PHO,O,Ankle,,,,PF/C
99374-80805,PG,Markelle,Markelle Fultz,Fultz,21.966666085379465,21,5300,NY@ORL,ORL,NY,O,Rest,,,,PG
99374-188406,SF,Cam,Cam Whitmore,Whitmore,18.817858014787948,28,5300,HOU@MEM,HOU,MEM,O,Ankle,,,,SF
99374-188412,PG/SG,Keyonte,Keyonte George,George,20.370833079020183,48,5300,LAL@UTA,UTA,LAL,,,,,,PG/SG
99374-188427,PG,Marcus,Marcus Sasser,Sasser,15.21875,48,5200,DET@PHO,DET,PHO,,,,,,PG
99374-157827,C/PF,Isaiah,Isaiah Jackson,Jackson,17.38095238095238,42,5200,IND@TOR,IND,TOR,,,,,,PF/C
99374-171747,SG/PG,Andrew,Andrew Nembhard,Nembhard,18.948781083269818,41,5200,IND@TOR,IND,TOR,,,,,,PG/SG
99374-84704,SG/SF,Kevin,Kevin Huerter,Huerter,21.496079388786764,51,5200,SAC@DEN,SAC,DEN,,,,,,SG/SF
99374-16293,SF/SG,Norman,Norman Powell,Powell,19.540384145883415,52,5200,LAC@GS,LAC,GS,,,,,,SG/SF
99374-157824,PG,Miles,Miles McBride,McBride,9.929268441549162,41,5100,NY@ORL,NY,ORL,,,,,,PG
99374-84702,SG/SF,Lonnie,Lonnie Walker,Walker,18.65454471472538,33,5100,BKN@BOS,BKN,BOS,,,,,,SG/SF
99374-171746,SG/SF,Bennedict,Bennedict Mathurin,Mathurin,22.092308631310097,52,5100,IND@TOR,IND,TOR,O,Knee,,,,SG/SF
99374-110318,PF,Grant,Grant Williams,Williams,17.585714534837372,49,5100,ATL@CHA,CHA,ATL,,,,,,PF
99374-110338,SF/PF,De'Andre,De'Andre Hunter,Hunter,23.240000406901043,30,5100,ATL@CHA,ATL,CHA,,,,,,SF/PF
99374-55065,PG,Vasilije,Vasilije Micic,Micic,9.003125190734863,32,5100,ATL@CHA,CHA,ATL,,,,,,PG
99374-145327,PG/SG,Cole,Cole Anthony,Anthony,23.239621720224058,53,5100,NY@ORL,ORL,NY,,,,,,PG/SG
99374-85137,SG/SF,Duncan,Duncan Robinson,Robinson,21.434694874043366,49,5000,MIA@PHI,MIA,PHI,,,,,,SG/SF
99374-157847,SF,Trey,Trey Murphy,Murphy,22.18620773841595,29,5000,WAS@NO,NO,WAS,,,,,,SF
99374-14510,PG/SG,Alec,Alec Burks,Burks,19.31333279079861,45,5000,NY@ORL,NY,ORL,,,,,,PG/SG
99374-9556,SG/SF,Eric,Eric Gordon,Gordon,21.452173647673234,46,5000,DET@PHO,PHO,DET,,,,,,SG/SF
99374-81621,PF/C,Maxi,Maxi Kleber,Kleber,15.278946725945724,19,5000,SA@DAL,DAL,SA,GTD,Toe,,,,PF/C
99374-84695,SG,Gary,Gary Trent,Trent,18.806122448979593,49,5000,IND@TOR,TOR,IND,,,,,,SG
99374-84694,SF,Bruce,Bruce Brown,Brown,23.84999946925951,46,5000,IND@TOR,TOR,IND,,,,,,SF
99374-23572,SF/PF,Taurean,Taurean Prince,Prince,18.89423076923077,52,4900,LAL@UTA,LAL,UTA,,,,,,SF/PF
99374-188471,SG,Ricky,Ricky Council,Council,9.23076923076923,13,4900,MIA@PHI,PHI,MIA,,,,,,SG
99374-157839,C,Day'Ron,Day'Ron Sharpe,Sharpe,20.74736906352796,38,4900,BKN@BOS,BKN,BOS,,,,,,C
99374-180477,PG,Jacob,Jacob Gilyard,Gilyard,13.26111094156901,36,4900,HOU@MEM,MEM,HOU,,,,,,PG
99374-66046,SG/SF,Luke,Luke Kennard,Kennard,18.996153611403244,26,4900,HOU@MEM,MEM,HOU,,,,,,SG/SF
99374-15946,SF/PF,Harrison,Harrison Barnes,Barnes,19.25094316590507,53,4900,SAC@DEN,SAC,DEN,,,,,,SF/PF
99374-145322,C,Jalen,Jalen Smith,Smith,21.023684853001644,38,4900,IND@TOR,IND,TOR,O,Back,,,,C
99374-157819,SF,Corey,Corey Kispert,Kispert,17.623077392578125,52,4800,WAS@NO,WAS,NO,,,,,,SF
99374-9475,PG,Derrick,Derrick Rose,Rose,16.18000030517578,20,4800,HOU@MEM,MEM,HOU,GTD,Ankle,,,,PG
99374-15636,SG,Kentavious,Kentavious Caldwell-Pope,Caldwell-Pope,20.68800048828125,50,4800,SAC@DEN,DEN,SAC,GTD,Hamstring,,,,SG
99374-110340,PF/C,Jaxson,Jaxson Hayes,Hayes,9.263636502352627,44,4800,LAL@UTA,LAL,UTA,,,,,,PF/C
99374-55056,PF/C,Dario,Dario Saric,Saric,20.679591587611608,49,4800,LAC@GS,GS,LAC,,,,,,PF/C
99374-145341,SF/SG,Isaac,Isaac Okoro,Okoro,18.586046795512356,43,4800,CHI@CLE,CLE,CHI,,,,,,SG/SF
99374-188416,SF,Bilal,Bilal Coulibaly,Coulibaly,19.409615149864784,52,4700,WAS@NO,WAS,NO,,,,,,SF
99374-9666,PF,Thaddeus,Thaddeus Young,Young,14.391304347826088,23,4700,DET@PHO,PHO,DET,GTD,Not injury related,,,,PF
99374-9809,SF/PF,Nicolas,Nicolas Batum,Batum,17.358823888442096,34,4700,MIA@PHI,PHI,MIA,O,Hamstring,,,,SF/PF
99374-9874,PF/C,Kevin,Kevin Love,Love,20.92558111146439,43,4700,MIA@PHI,MIA,PHI,,,,,,PF/C
99374-84675,C,Mo,Mo Bamba,Bamba,12.990322974420362,31,4700,MIA@PHI,PHI,MIA,,,,,,C
99374-171750,SG,Blake,Blake Wesley,Wesley,10.654545639500473,33,4700,SA@DAL,SA,DAL,,,,,,SG
99374-84719,PG,Aaron,Aaron Holiday,Holiday,13.20199951171875,50,4700,HOU@MEM,HOU,MEM,,,,,,PG
99374-80811,SF/PF,Jonathan,Jonathan Isaac,Isaac,16.958333333333332,36,4700,NY@ORL,ORL,NY,,,,,,SF/PF
99374-145533,PF,KJ,KJ Martin,Martin,7.033333020332532,39,4600,MIA@PHI,PHI,MIA,,,,,,PF
99374-66968,SF/PF,Derrick,Derrick Jones,Jones,19.43877551020408,49,4600,SA@DAL,DAL,SA,,,,,,SF/PF
99374-84714,C,Moritz,Moritz Wagner,Wagner,19.44038508488582,52,4600,NY@ORL,ORL,NY,,,,,,C
99374-171791,SG,Jaden,Jaden Hardy,Hardy,13.516326281489158,49,4600,SA@DAL,DAL,SA,,,,,,SG
99374-55055,SG/PG,Dante,Dante Exum,Exum,18.134374618530273,32,4600,SA@DAL,DAL,SA,O,Knee,,,,PG/SG
99374-97263,C/PF,Drew,Drew Eubanks,Eubanks,14.720832824707031,48,4600,DET@PHO,PHO,DET,,,,,,PF/C
99374-188442,PF,Jalen,Jalen Wilson,Wilson,11.613333129882813,15,4500,BKN@BOS,BKN,BOS,,,,,,PF
99374-195937,C,Trey,Trey Jemison,Jemison,12.4375,8,4500,HOU@MEM,MEM,HOU,,,,,,C
99374-102025,PF/SF,Haywood,Haywood Highsmith,Highsmith,14.300000313000801,39,4500,MIA@PHI,MIA,PHI,,,,,,SF/PF
99374-171748,SF/SG,Malaki,Malaki Branham,Branham,13.83673469387755,49,4500,SA@DAL,SA,DAL,,,,,,SG/SF
99374-110359,C,Goga,Goga Bitadze,Bitadze,20.368888346354165,45,4500,NY@ORL,ORL,NY,,,,,,C
99374-145308,SF/PF,Patrick,Patrick Williams,Williams,20.67907005132631,43,4500,CHI@CLE,CHI,CLE,O,Foot,,,,SF/PF
99374-188450,PF/C,Trayce,Trayce Jackson-Davis,Jackson-Davis,15.335896809895834,39,4400,LAC@GS,GS,LAC,,,,,,PF/C
99374-58461,PF,Trey,Trey Lyles,Lyles,16.155263800370065,38,4400,SAC@DEN,SAC,DEN,GTD,Illness,,,,PF
99374-58519,SG,Gary,Gary Payton,Payton,14.461110432942709,18,4400,LAC@GS,GS,LAC,,,,,,SG
99374-9648,SF,Jeff,Jeff Green,Green,11.262745576746324,51,4400,HOU@MEM,HOU,MEM,,,,,,SF
99374-158373,PG,Jose,Jose Alvarado,Alvarado,15.622222900390625,36,4400,WAS@NO,NO,WAS,,,,,,PG
99374-171744,SG,Christian,Christian Braun,Braun,14.844443992332176,54,4400,SAC@DEN,DEN,SAC,,,,,,SG
99374-20277,SF/SG,Torrey,Torrey Craig,Craig,15.943750381469727,32,4400,CHI@CLE,CHI,CLE,GTD,Toe,,,,SG/SF
99374-16376,SF/PF,Dorian,Dorian Finney-Smith,Finney-Smith,20.03181873668324,44,4400,BKN@BOS,BKN,BOS,,,,,,SF/PF
99374-15583,SG,Seth,Seth Curry,Curry,9.12368453176398,38,4300,ATL@CHA,CHA,ATL,,,,,,SG
99374-15590,C,Mason,Mason Plumlee,Plumlee,16.5727275501598,22,4300,LAC@GS,LAC,GS,,,,,,C
99374-145819,PF/SF,Naji,Naji Marshall,Marshall,15.939535451489826,43,4300,WAS@NO,NO,WAS,,,,,,SF/PF
99374-110337,SG/SF,Talen,Talen Horton-Tucker,Horton-Tucker,22.241176829618567,34,4300,LAL@UTA,UTA,LAL,,,,,,SG/SF
99374-111492,SF/SG,Amir,Amir Coffey,Coffey,10.632499694824219,40,4300,LAC@GS,LAC,GS,,,,,,SG/SF
99374-145335,PG,Payton,Payton Pritchard,Pritchard,16.75,54,4300,BKN@BOS,BOS,BKN,,,,,,PG
99374-145339,PF,Obi,Obi Toppin,Toppin,19.619999556107956,55,4300,IND@TOR,IND,TOR,,,,,,PF
99374-188423,SF,Julian,Julian Strawther,Strawther,10.81142839704241,35,4200,SAC@DEN,DEN,SAC,GTD,Ankle,,,,SF
99374-188434,SG/SF,Gradey,Gradey Dick,Dick,10.06060606060606,33,4200,IND@TOR,TOR,IND,,,,,,SG/SF
99374-157802,SG,Moses,Moses Moody,Moody,15.526315789473685,38,4200,LAC@GS,GS,LAC,,,,,,SG
99374-157812,PG,Davion,Davion Mitchell,Mitchell,8.062790981558866,43,4200,SAC@DEN,SAC,DEN,,,,,,PG
99374-157843,SF,Ziaire,Ziaire Williams,Williams,15.086363358931107,44,4200,HOU@MEM,MEM,HOU,GTD,Hand,,,,SF
99374-42202,PF/C,Christian,Christian Wood,Wood,16.632653061224488,49,4200,LAL@UTA,LAL,UTA,,,,,,PF/C
99374-81529,PF/C,Daniel,Daniel Theis,Theis,15.314999389648438,40,4200,LAC@GS,LAC,GS,,,,,,PF/C
99374-63126,SF/PF,Cedi,Cedi Osman,Osman,14.2833331072772,54,4200,SA@DAL,SA,DAL,,,,,,SF/PF
99374-145336,C,Xavier,Xavier Tillman,Tillman,19.997059541590072,34,4200,BKN@BOS,BOS,BKN,O,Knee,,,,C
99374-158856,PF,Trendon,Trendon Watford,Watford,12.405405405405405,37,4100,BKN@BOS,BKN,BOS,,,,,,PF
99374-58576,C,Kevon,Kevon Looney,Looney,17.733333812040442,51,4100,LAC@GS,GS,LAC,,,,,,C
99374-9561,C,DeAndre,DeAndre Jordan,Jordan,11.772413582637393,29,4100,SAC@DEN,DEN,SAC,,,,,,C
99374-110315,SG/SF,Terance,Terance Mann,Mann,15.502173382302988,46,4100,LAC@GS,LAC,GS,,,,,,SG/SF
99374-110339,SG/SF,Cam,Cam Reddish,Reddish,15.35142822265625,35,4100,LAL@UTA,LAL,UTA,O,Ankle,,,,SG/SF
99374-40830,PG,Delon,Delon Wright,Wright,13.962499618530273,32,4100,WAS@NO,WAS,NO,,,,,,PG
99374-171925,PF,Dominick,Dominick Barlow,Barlow,13.16521686056386,23,4100,SA@DAL,SA,DAL,,,,,,PF
99374-23447,C,Richaun,Richaun Holmes,Holmes,9.729166666666666,24,4100,WAS@NO,WAS,NO,,,,,,C
99374-18338,SF/PF,Royce,Royce O'Neale,O'Neale,19.947058584175856,51,4100,DET@PHO,PHO,DET,,,,,,SF/PF
99374-24544,SG,Gary,Gary Harris,Harris,14.206060236150568,33,4100,NY@ORL,ORL,NY,O,Calf,,,,SG
99374-188421,SG,Jordan,Jordan Hawkins,Hawkins,15.231249491373697,48,4000,WAS@NO,NO,WAS,,,,,,SG
99374-20491,PF/SF,Robert,Robert Covington,Covington,15.151723927464978,29,4000,MIA@PHI,PHI,MIA,O,Knee,,,,SF/PF
99374-189467,PG,Craig,Craig Porter,Porter,15.384374618530273,32,4000,CHI@CLE,CLE,CHI,,,,,,PG
99374-172098,SF,Julian,Julian Champagnie,Champagnie,13.074468085106384,47,4000,SA@DAL,SA,DAL,,,,,,SF
99374-157826,SG/SF,Quentin,Quentin Grimes,Grimes,13.079999457465277,45,4000,DET@PHO,DET,PHO,O,Knee,,,,SG/SF
99374-158854,SF,Sam,Sam Hauser,Hauser,14.833962494472289,53,4000,BKN@BOS,BOS,BKN,,,,,,SF
99374-68203,C/PF,Chris,Chris Boucher,Boucher,13.468888346354166,45,4000,IND@TOR,TOR,IND,,,,,,PF/C
99374-23156,PF,Georges,Georges Niang,Niang,15.811538696289062,52,4000,CHI@CLE,CLE,CHI,,,,,,PF
99374-171659,SG,Lester,Lester Quinones,Quinones,9.8176466997932,17,4000,LAC@GS,GS,LAC,,,,,,SG
99374-171665,C,Orlando,Orlando Robinson,Robinson,9.737499872843424,24,4000,MIA@PHI,MIA,PHI,,,,,,C
99374-110313,C,Bol,Bol Bol,Bol,9.152941535500918,17,4000,DET@PHO,PHO,DET,,,,,,C
99374-84724,SG,Landry,Landry Shamet,Shamet,12.905555725097656,36,4000,WAS@NO,WAS,NO,,,,,,SG
99374-110329,PF/C,Bruno,Bruno Fernando,Fernando,8.988235473632812,17,4000,ATL@CHA,ATL,CHA,,,,,,PF/C
99374-119602,C,Jontay,Jontay Porter,Porter,14.341176650103401,17,4000,IND@TOR,TOR,IND,GTD,Ankle,,,,C
99374-188408,PG,Anthony,Anthony Black,Black,11.561224489795919,49,4000,NY@ORL,ORL,NY,,,,,,PG
99374-41083,C,Luke,Luke Kornet,Kornet,14.313158537212171,38,3900,BKN@BOS,BOS,BKN,,,,,,C
99374-157825,C,Jericho,Jericho Sims,Sims,6.059259485315393,27,3900,NY@ORL,NY,ORL,,,,,,C
99374-110883,PF/SF,Dean,Dean Wade,Wade,15.077273282137783,44,3900,CHI@CLE,CLE,CHI,GTD,Illness,,,,SF/PF
99374-15691,C,Cody,Cody Zeller,Zeller,7,36,3900,WAS@NO,NO,WAS,GTD,Knee,,,,C
99374-15814,C,Alex,Alex Len,Len,8.923809233165922,21,3900,SAC@DEN,SAC,DEN,,,,,,C
99374-17894,C,Mike,Mike Muscala,Muscala,9.505555894639757,36,3900,DET@PHO,DET,PHO,,,,,,C
99374-84668,SF,Troy,Troy Brown,Brown,8.541025797526041,39,3900,DET@PHO,DET,PHO,,,,,,SF
99374-84689,SF,Josh,Josh Okogie,Okogie,13.564582824707031,48,3900,DET@PHO,PHO,DET,,,,,,SF
99374-84696,PG,Jevon,Jevon Carter,Carter,9.609804041245404,51,3900,CHI@CLE,CHI,CLE,,,,,,PG
99374-171751,SG,Max,Max Christie,Christie,11.072093165198037,43,3900,LAL@UTA,LAL,UTA,O,Ankle,,,,SG
99374-171755,SF/PF,David,David Roddy,Roddy,16.895833333333332,48,3900,DET@PHO,PHO,DET,,,,,,SF/PF
99374-171785,SG,Bryce,Bryce McGowens,McGowens,10.238095238095237,42,3900,ATL@CHA,CHA,ATL,,,,,,SG
99374-171792,PF,Nikola,Nikola Jovic,Jovic,15.06190418061756,21,3900,MIA@PHI,MIA,PHI,,,,,,PF
99374-16196,C/PF,Dwight,Dwight Powell,Powell,13.271739130434783,46,3900,SA@DAL,DAL,SA,,,,,,PF/C
99374-145313,PF/SF,Jordan,Jordan Nwora,Nwora,10.707407633463541,27,3900,IND@TOR,TOR,IND,,,,,,SF/PF
99374-145317,SG,Sam,Sam Merrill,Merrill,13.27567600559544,37,3900,CHI@CLE,CLE,CHI,GTD,Illness,,,,SG
99374-59318,SG,Joe,Joe Ingles,Ingles,13.2625,40,3900,NY@ORL,ORL,NY,,,,,,SG
99374-145357,PF,Lamar,Lamar Stevens,Stevens,7.430000305175781,20,3900,HOU@MEM,MEM,HOU,,,,,,PF
99374-159702,SF,Eugene,Eugene Omoruyi,Omoruyi,10.204347693401834,23,3900,WAS@NO,WAS,NO,,,,,,SF
99374-188420,PG/SG,Nick,Nick Smith,Smith,10.591666327582466,36,3800,ATL@CHA,CHA,ATL,,,,,,PG/SG
99374-188424,PF,Olivier-Maxence,Olivier-Maxence Prosper,Prosper,6.527586312129579,29,3800,SA@DAL,DAL,SA,,,,,,PF
99374-188431,PF,Noah,Noah Clowney,Clowney,8.233333587646484,6,3800,BKN@BOS,BKN,BOS,,,,,,PF
99374-188463,SF,Julian,Julian Phillips,Phillips,3.1933334350585936,30,3800,CHI@CLE,CHI,CLE,,,,,,SF
99374-188470,PG,Terquavion,Terquavion Smith,Smith,8.04000015258789,10,3800,MIA@PHI,PHI,MIA,,,,,,PG
99374-145490,PG,Trevelin,Trevelin Queen,Queen,9.799999872843424,12,3800,NY@ORL,ORL,NY,,,,,,PG
99374-157811,C,Neemias,Neemias Queta,Queta,13.64090936834162,22,3800,BKN@BOS,BOS,BKN,,,,,,C
99374-157830,C/PF,Jeremiah,Jeremiah Robinson-Earl,Robinson-Earl,8.228571573893229,21,3800,WAS@NO,NO,WAS,,,,,,PF/C
99374-157828,SF,Chris,Chris Duarte,Duarte,8.333333333333334,36,3800,SAC@DEN,SAC,DEN,,,,,,SF
99374-157840,PG,Jaden,Jaden Springer,Springer,10.378125190734863,32,3800,BKN@BOS,BOS,BKN,O,Ankle,,,,PG
99374-145576,SF/PF,Jae'Sean,Jae'Sean Tate,Tate,12.08199951171875,50,3800,HOU@MEM,HOU,MEM,,,,,,SF/PF
99374-14512,PF/SF,Marcus,Marcus Morris,Morris,12.697296967377534,37,3800,SA@DAL,SA,DAL,O,Not injury related,,,,SF/PF
99374-14543,SF,Davis,Davis Bertans,Bertans,6.376470677992877,17,3800,ATL@CHA,CHA,ATL,,,,,,SF
99374-16604,SG,Justin,Justin Holiday,Holiday,8.335483674080141,31,3800,SAC@DEN,DEN,SAC,,,,,,SG
99374-85238,SF,Yuta,Yuta Watanabe,Watanabe,7.496666463216146,30,3800,HOU@MEM,MEM,HOU,,,,,,SF
99374-160174,PG,Jordan,Jordan Goodwin,Goodwin,13.060000610351562,40,3800,HOU@MEM,MEM,HOU,,,,,,PG
99374-190094,SF,Leaky,Leaky Black,Black,6.845454822887074,22,3800,ATL@CHA,CHA,ATL,,,,,,SF
99374-84691,PG,Shake,Shake Milton,Milton,9.5,40,3800,DET@PHO,DET,PHO,,,,,,PG
99374-171781,SG,Ochai,Ochai Agbaji,Agbaji,12.20754716981132,53,3800,IND@TOR,TOR,IND,,,,,,SG
99374-171796,PF,Gui,Gui Santos,Santos,9.075000127156576,12,3800,LAC@GS,GS,LAC,,,,,,PF
99374-145347,C,James,James Wiseman,Wiseman,13.400000179515166,34,3800,DET@PHO,DET,PHO,,,,,,C
99374-188410,SG,Ben,Ben Sheppard,Sheppard,6.931250095367432,32,3800,IND@TOR,IND,TOR,,,,,,SG
99374-188411,PF,Taylor,Taylor Hendricks,Hendricks,11.17999979654948,15,3800,LAL@UTA,UTA,LAL,,,,,,PF
99374-188409,PF,Jarace,Jarace Walker,Walker,10.22352959127987,17,3800,IND@TOR,IND,TOR,,,,,,PF
99374-111622,SF,Garrison,Garrison Mathews,Mathews,6.510526155170641,38,3700,ATL@CHA,ATL,CHA,,,,,,SF
99374-157805,SG,Brandon,Brandon Boston,Boston,6.153333536783854,15,3700,LAC@GS,LAC,GS,,,,,,SG
99374-41082,C,Damian,Damian Jones,Jones,5.344000244140625,25,3700,CHI@CLE,CLE,CHI,,,,,,C
99374-157834,PG,Bones,Bones Hyland,Hyland,10.415789152446546,19,3700,LAC@GS,LAC,GS,O,Not injury related,,,,PG
99374-157846,PF/C,Sandro,Sandro Mamukelashvili,Mamukelashvili,7.099999789533944,29,3700,SA@DAL,SA,DAL,,,,,,PF/C
99374-195819,SF,Tosan,Tosan Evbuomwan,Evbuomwan,9.449999809265137,4,3700,DET@PHO,DET,PHO,,,,,,SF
99374-160022,SG,A.J.,A.J. Lawson,Lawson,7.096153846153846,26,3700,SA@DAL,DAL,SA,,,,,,SG
99374-177490,PF,Mouhamadou,Mouhamadou Gueye,Gueye,11.600000381469727,1,3700,IND@TOR,TOR,IND,,,,,,PF
99374-158137,C,Jock,Jock Landale,Landale,7.379310344827586,29,3700,HOU@MEM,HOU,MEM,,,,,,C
99374-9739,C,JaVale,JaVale McGee,McGee,9.728204971704727,39,3700,SAC@DEN,SAC,DEN,,,,,,C
99374-171669,SG,Keon,Keon Ellis,Ellis,8.881250381469727,32,3700,SAC@DEN,SAC,DEN,,,,,,SG
99374-84688,PF,Keita,Keita Bates-Diop,Bates-Diop,11.530000305175781,40,3700,BKN@BOS,BKN,BOS,,,,,,PF
99374-9939,SG/PG,Patty,Patty Mills,Mills,6.2105263157894735,19,3700,ATL@CHA,ATL,CHA,,,,,,PG/SG
99374-171757,PF,Jake,Jake LaRavia,LaRavia,6.381817904385653,11,3700,HOU@MEM,MEM,HOU,O,Ankle,,,,PF
99374-171763,SG,Dalen,Dalen Terry,Terry,7.438235114602482,34,3700,CHI@CLE,CHI,CLE,GTD,Knee,,,,SG
99374-18256,PF/SF,Doug,Doug McDermott,McDermott,9.075000127156576,48,3700,IND@TOR,IND,TOR,,,,,,SF/PF
99374-145303,PG,Skylar,Skylar Mays,Mays,13.096429007393974,28,3700,LAL@UTA,LAL,UTA,,,,,,PG
99374-145309,C,Udoka,Udoka Azubuike,Azubuike,6.976922842172476,13,3700,DET@PHO,PHO,DET,,,,,,C
99374-188418,PF,Kobe,Kobe Brown,Brown,4.915625095367432,32,3600,LAC@GS,LAC,GS,,,,,,PF
99374-188417,SG,Kobe,Kobe Bufkin,Bufkin,3.924999952316284,4,3600,ATL@CHA,ATL,CHA,,,,,,SG
99374-188448,SG,Colby,Colby Jones,Jones,5.411764705882353,17,3600,SAC@DEN,SAC,DEN,,,,,,SG
99374-157804,SG,Keon,Keon Johnson,Johnson,15.050000190734863,2,3600,BKN@BOS,BKN,BOS,,,,,,SG
99374-157815,PF,JT,JT Thor,Thor,8.264285859607515,42,3600,ATL@CHA,CHA,ATL,,,,,,PF
99374-157835,SF,Kessler,Kessler Edwards,Edwards,3.5305555131700306,36,3600,SAC@DEN,SAC,DEN,,,,,,SF
99374-180484,SG,Stanley,Stanley Umude,Umude,9.158823349896599,17,3600,DET@PHO,DET,PHO,,,,,,SG
99374-180555,SF,Jamal,Jamal Cain,Cain,10.57999979654948,15,3600,MIA@PHI,MIA,PHI,,,,,,SF
99374-117283,SF,Oshae,Oshae Brissett,Brissett,9.017143031529018,35,3600,BKN@BOS,BOS,BKN,,,,,,SF
99374-158371,SF,Terry,Terry Taylor,Taylor,4.688888973659939,18,3600,CHI@CLE,CHI,CLE,,,,,,SF
99374-67312,C,Thomas,Thomas Bryant,Bryant,9.555999755859375,25,3600,MIA@PHI,MIA,PHI,,,,,,C
99374-110336,PF,Chuma,Chuma Okeke,Okeke,7.553124904632568,32,3600,NY@ORL,ORL,NY,,,,,,PF
99374-110343,SF,Nassir,Nassir Little,Little,9.254838512789819,31,3600,DET@PHO,PHO,DET,,,,,,SF
99374-110350,PF/SF,Jalen,Jalen McDaniels,McDaniels,5.906060421105587,33,3600,IND@TOR,TOR,IND,,,,,,SF/PF
99374-145305,PF/C,Zeke,Zeke Nnaji,Nnaji,8.315384302383814,39,3600,SAC@DEN,DEN,SAC,,,,,,PF/C
99374-145344,PG,Malachi,Malachi Flynn,Flynn,9.389130302097486,46,3600,DET@PHO,DET,PHO,,,,,,PG
99374-145351,C,Omer,Omer Yurtseven,Yurtseven,8.893103237809806,29,3600,LAL@UTA,UTA,LAL,,,,,,C
99374-145352,SG,Trent,Trent Forrest,Forrest,7.3599998474121096,20,3600,ATL@CHA,ATL,CHA,,,,,,SG
99374-101387,PG,Gabe,Gabe Vincent,Vincent,14.3,5,3500,LAL@UTA,LAL,UTA,O,Knee,,,,PG
99374-188430,SF,Dariq,Dariq Whitehead,Whitehead,7.650000095367432,2,3500,BKN@BOS,BKN,BOS,O,Lower leg,,,,SF
99374-189456,SG,Malcolm,Malcolm Cazalon,Cazalon,0,1,3500,DET@PHO,DET,PHO,,,,,,SG
99374-188432,SG,Jalen,Jalen Hood-Schifino,Hood-Schifino,3.6000000448787914,17,3500,LAL@UTA,LAL,UTA,,,,,,SG
99374-188446,SF,Sidy,Sidy Cissoko,Cissoko,4.240000152587891,5,3500,SA@DAL,SA,DAL,,,,,,SF
99374-189468,C,Colin,Colin Castleton,Castleton,5.049999872843425,6,3500,LAL@UTA,LAL,UTA,,,,,,C
99374-188445,SF,Jordan,Jordan Miller,Miller,2.9600000381469727,5,3500,LAC@GS,LAC,GS,,,,,,SF
99374-188449,SF,Jalen,Jalen Slawson,Slawson,2.5600000381469727,5,3500,SAC@DEN,SAC,DEN,,,,,,SF
99374-188454,PF,Mouhamed,Mouhamed Gueye,Gueye,1.5,2,3500,ATL@CHA,ATL,CHA,O,Back,,,,PF
99374-188455,SF,Seth,Seth Lundy,Lundy,2.3777777353922525,9,3500,ATL@CHA,ATL,CHA,,,,,,SF
99374-188458,SG,Jalen,Jalen Pickett,Pickett,4.199999809265137,16,3500,SAC@DEN,DEN,SAC,,,,,,SG
99374-188459,PF,Hunter,Hunter Tyson,Tyson,0.9666666454739041,9,3500,SAC@DEN,DEN,SAC,O,Finger,,,,PF
99374-188457,SF,Jordan,Jordan Walsh,Walsh,5.066666603088379,3,3500,BKN@BOS,BOS,BKN,,,,,,SF
99374-188462,SF,Emoni,Emoni Bates,Bates,4.7,10,3500,CHI@CLE,CLE,CHI,,,,,,SF
99374-188460,SG,Isaiah,Isaiah Wong,Wong,,,3500,IND@TOR,IND,TOR,,,,,,SG
99374-188466,PG,Amari,Amari Bailey,Bailey,2.633333365122477,3,3500,ATL@CHA,CHA,ATL,,,,,,PG
99374-190515,SG,Onuralp,Onuralp Bitim,Bitim,0,1,3500,CHI@CLE,CHI,CLE,,,,,,SG
99374-110640,PF,Luka,Luka Samanic,Samanic,4.936000061035156,25,3500,LAL@UTA,UTA,LAL,,,,,,PF
99374-188469,SF,Maxwell,Maxwell Lewis,Lewis,0.8473684411299857,19,3500,LAL@UTA,LAL,UTA,,,,,,SF
99374-188474,SF,Jacob,Jacob Toppin,Toppin,2.5999999046325684,4,3500,NY@ORL,NY,ORL,,,,,,SF
99374-188475,C,Oscar,Oscar Tshiebwe,Tshiebwe,7.400000254313151,6,3500,IND@TOR,IND,TOR,,,,,,C
99374-188477,SG,Markquis,Markquis Nowell,Nowell,10.399999618530273,1,3500,IND@TOR,TOR,IND,O,Hamstring,,,,SG
99374-188480,C,Adama,Adama Sanogo,Sanogo,4.733333269755046,3,3500,CHI@CLE,CHI,CLE,,,,,,C
99374-157801,SG,Jared,Jared Butler,Butler,9.27647040872013,17,3500,WAS@NO,WAS,NO,,,,,,SG
99374-157806,PG,Jason,Jason Preston,Preston,0.20000000298023224,1,3500,LAL@UTA,UTA,LAL,,,,,,PG
99374-157810,PF,Isaiah,Isaiah Livers,Livers,10.74347852623981,23,3500,WAS@NO,WAS,NO,O,Hip,,,,PF
99374-23670,PG,Marcus,Marcus Smart,Smart,27.879998779296876,20,3500,HOU@MEM,MEM,HOU,O,Finger,,,,PG
99374-157813,SG,Joshua,Joshua Primo,Primo,2,1,3500,LAC@GS,LAC,GS,,,,,,SG
99374-157823,PF,Greg,Greg Brown,Brown,6.633333206176758,6,3500,SA@DAL,DAL,SA,,,,,,PF
99374-145536,PG,Theo,Theo Maledon,Maledon,9.257143293108259,14,3500,DET@PHO,PHO,DET,,,,,,PG
99374-145540,PG,Vit,Vit Krejci,Krejci,3.6448274809738685,29,3500,ATL@CHA,ATL,CHA,,,,,,PG
99374-163978,PG,Brandon,Brandon Williams,Williams,4.854545593261719,11,3500,SA@DAL,DAL,SA,,,,,,PG
99374-163983,SG,Xavier,Xavier Moon,Moon,3.950000047683716,2,3500,LAC@GS,LAC,GS,,,,,,SG
99374-145548,PF,Anthony,Anthony Gill,Gill,4.927585996430496,29,3500,WAS@NO,WAS,NO,,,,,,PF
99374-157842,C,Charles,Charles Bassey,Bassey,12.931578786749588,19,3500,SA@DAL,SA,DAL,O,Knee,,,,C
99374-14501,C,Tristan,Tristan Thompson,Thompson,11.027777777777779,36,3500,CHI@CLE,CLE,CHI,O,Suspension,,,,C
99374-14511,PF,Markieff,Markieff Morris,Morris,6.264705882352941,17,3500,SA@DAL,DAL,SA,,,,,,PF
99374-14528,SF/PF,Jimmy,Jimmy Butler,Butler,38.01081147065034,37,3500,MIA@PHI,MIA,PHI,O,Personal,,,,SF/PF
99374-164036,SF,Braxton,Braxton Key,Key,3.2266667683919272,15,3500,SAC@DEN,DEN,SAC,,,,,,SF
99374-195794,C,Nathan,Nathan Mensah,Mensah,6.82,25,3500,ATL@CHA,CHA,ATL,,,,,,C
99374-157906,PF,Usman,Usman Garuba,Garuba,2.25,2,3500,LAC@GS,GS,LAC,,,,,,PF
99374-195792,PF,Drew,Drew Peterson,Peterson,4.5,1,3500,BKN@BOS,BOS,BKN,,,,,,PF
99374-145623,PF,Mamadi,Mamadi Diakite,Diakite,7.200000127156575,3,3500,SA@DAL,SA,DAL,,,,,,PF
99374-145643,SG,Mason,Mason Jones,Jones,,,3500,SAC@DEN,SAC,DEN,,,,,,SG
99374-194814,SF,Henri,Henri Drell,Drell,,,3500,CHI@CLE,CHI,CLE,,,,,,SF
99374-180483,SG,Jules,Jules Bernard,Bernard,4.083333333333333,6,3500,WAS@NO,WAS,NO,,,,,,SG
99374-9481,C/PF,Taj,Taj Gibson,Gibson,5.33999989827474,15,3500,NY@ORL,NY,ORL,,,,,,PF/C
99374-15628,SF,Otto,Otto Porter,Porter,7.586666870117187,15,3500,LAL@UTA,UTA,LAL,,,,,,SF
99374-145738,SG,Nate,Nate Hinton,Hinton,4.179999923706054,10,3500,HOU@MEM,HOU,MEM,,,,,,SG
99374-63826,C,Boban,Boban Marjanovic,Marjanovic,6.266666836208767,9,3500,HOU@MEM,HOU,MEM,,,,,,C
99374-159097,C,Jay,Jay Huff,Huff,2.137500047683716,8,3500,SAC@DEN,DEN,SAC,,,,,,C
99374-145822,SG,Kevon,Kevon Harris,Harris,0.20000000298023224,1,3500,NY@ORL,ORL,NY,,,,,,SG
99374-145824,PG,Jordan,Jordan Ford,Ford,2.7333332697550454,6,3500,SAC@DEN,SAC,DEN,GTD,Neck,,,,PG
99374-68090,SF/SG,OG,OG Anunoby,Anunoby,28.04146222370427,41,3500,NY@ORL,NY,ORL,O,Elbow,,,,SG/SF
99374-180737,SG,Nate,Nate Williams,Williams,5.922222137451172,9,3500,HOU@MEM,HOU,MEM,,,,,,SG
99374-117285,SF,Vlatko,Vlatko Cancar,Cancar,9.94923095703125,65,3500,SAC@DEN,DEN,SAC,,,,,,SF
99374-175653,SG,Jared,Jared Rhoden,Rhoden,5,6,3500,DET@PHO,DET,PHO,,,,,,SG
99374-117290,SF,Charlie,Charlie Brown,Brown,2.4799999237060546,5,3500,NY@ORL,NY,ORL,,,,,,SF
99374-23096,SF,Evan,Evan Fournier,Fournier,13.899999618530273,4,3500,DET@PHO,DET,PHO,,,,,,SF
99374-180793,SF,Jermaine,Jermaine Samuels,Samuels,3.6545455239035864,11,3500,HOU@MEM,HOU,MEM,,,,,,SF
99374-9799,SG,Wesley,Wesley Matthews,Matthews,6.5761907668340776,21,3500,ATL@CHA,ATL,CHA,O,Illness,,,,SG
99374-15947,SG,Reggie,Reggie Bullock,Bullock,5.6181817488236865,22,3500,HOU@MEM,HOU,MEM,GTD,Back,,,,SG
99374-162411,SF,Matt,Matt Ryan,Ryan,12.942856924874443,14,3500,WAS@NO,NO,WAS,,,,,,SF
99374-23169,C,Steven,Steven Adams,Adams,29.892857142857142,42,3500,HOU@MEM,HOU,MEM,O,Knee,,,,C
99374-171658,SF,Johnny,Johnny Juzang,Juzang,0.75,2,3500,LAL@UTA,UTA,LAL,,,,,,SF
99374-171670,SG,Dereon,Dereon Seabron,Seabron,7.480000305175781,5,3500,WAS@NO,NO,WAS,,,,,,SG
99374-171668,PG,Collin,Collin Gillespie,Gillespie,4.641176560345818,17,3500,SAC@DEN,DEN,SAC,,,,,,PG
99374-171674,SG,Alondes,Alondes Williams,Williams,0.20000000298023224,1,3500,MIA@PHI,MIA,PHI,,,,,,SG
99374-171677,PF,Kenneth,Kenneth Lofton,Lofton,5.505882263183594,17,3500,MIA@PHI,PHI,MIA,,,,,,PF
99374-171680,SF,Cole,Cole Swider,Swider,3.459999847412109,10,3500,MIA@PHI,MIA,PHI,,,,,,SF
99374-158372,SG,Duane,Duane Washington,Washington,12.183871361517138,31,3500,NY@ORL,NY,ORL,GTD,Thumb,,,,SG
99374-42669,PF,Julius,Julius Randle,Randle,41.41521686056386,46,3500,NY@ORL,NY,ORL,O,Shoulder,,,,PF
99374-42677,PG,Terry,Terry Rozier,Rozier,37.085000610351564,40,3500,MIA@PHI,MIA,PHI,O,Knee,,,,PG
99374-24247,PG,Fred,Fred VanVleet,VanVleet,37.92978619514628,47,3500,HOU@MEM,HOU,MEM,O,Thigh,,,,PG
99374-84672,SG,Zhaire,Zhaire Smith,Smith,,,3500,CHI@CLE,CLE,CHI,,,,,,SG
99374-84677,SG,Jerome,Jerome Robinson,Robinson,1.5111111534966364,9,3500,LAC@GS,GS,LAC,,,,,,SG
99374-171745,SG,Kendall,Kendall Brown,Brown,3.0799999237060547,5,3500,IND@TOR,IND,TOR,,,,,,SG
99374-84706,PG,Devonte',Devonte' Graham,Graham,8.227272727272727,11,3500,SA@DAL,SA,DAL,,,,,,PG
99374-84709,C,Mitchell,Mitchell Robinson,Robinson,27.033333914620535,21,3500,NY@ORL,NY,ORL,O,Ankle,,,,C
99374-58084,SF,Justise,Justise Winslow,Winslow,20.586206896551722,29,3500,IND@TOR,TOR,IND,,,,,,SF
99374-84713,SG,Svi,Svi Mykhailiuk,Mykhailiuk,5.2272727272727275,22,3500,BKN@BOS,BOS,BKN,,,,,,SG
99374-171752,SF,AJ,AJ Griffin,Griffin,3.322222179836697,18,3500,ATL@CHA,ATL,CHA,O,Illness,,,,SF
99374-9966,PF,James,James Johnson,Johnson,5.259999847412109,5,3500,IND@TOR,IND,TOR,O,Illness,,,,PF
99374-171762,PG,JD,JD Davison,Davison,2.200000047683716,2,3500,BKN@BOS,BOS,BKN,,,,,,PG
99374-84721,PF,Jarred,Jarred Vanderbilt,Vanderbilt,16.02068986563847,29,3500,LAL@UTA,LAL,UTA,O,Foot,,,,PF
99374-171766,SG,Johnny,Johnny Davis,Davis,4.943478128184443,23,3500,WAS@NO,WAS,NO,,,,,,SG
99374-171765,PF,Moussa,Moussa Diabate,Diabate,6.7,10,3500,LAC@GS,LAC,GS,,,,,,PF
99374-171771,SF,Caleb,Caleb Houstan,Houstan,8.061538305038061,39,3500,NY@ORL,ORL,NY,,,,,,SF
99374-110328,SF,Admiral,Admiral Schofield,Schofield,1.8666666348775227,12,3500,NY@ORL,ORL,NY,,,,,,SF
99374-110331,PG,Ty,Ty Jerome,Jerome,4.349999904632568,2,3500,CHI@CLE,CLE,CHI,O,Ankle,,,,PG
99374-171769,SF,Tari,Tari Eason,Eason,25.868180708451703,22,3500,HOU@MEM,HOU,MEM,O,Lower leg,,,,SF
99374-171773,SF,Patrick,Patrick Baldwin,Baldwin,6.452940996955423,17,3500,WAS@NO,WAS,NO,,,,,,SF
99374-171782,PF,Isaiah,Isaiah Mobley,Mobley,5.133333206176758,3,3500,CHI@CLE,CLE,CHI,,,,,,PF
99374-110341,SG,Dylan,Dylan Windler,Windler,3.085714340209961,7,3500,LAL@UTA,LAL,UTA,,,,,,SG
99374-171783,PF,E.J.,E.J. Liddell,Liddell,2.6875,8,3500,WAS@NO,NO,WAS,,,,,,PF
99374-110344,PG,Ja,Ja Morant,Morant,44.94444444444444,9,3500,HOU@MEM,MEM,HOU,O,Shoulder,,,,PG
99374-171784,PG,Dyson,Dyson Daniels,Daniels,18.234615619365986,52,3500,WAS@NO,NO,WAS,O,Knee,,,,PG
99374-110353,PF/C,Brandon,Brandon Clarke,Clarke,21.357142857142858,56,3500,HOU@MEM,MEM,HOU,O,Achilles,,,,PF/C
99374-161552,PF,Micah,Micah Potter,Potter,2.4000000953674316,2,3500,LAL@UTA,UTA,LAL,,,,,,PF
99374-161553,SG,Dru,Dru Smith,Smith,11.977778116861979,9,3500,MIA@PHI,MIA,PHI,O,Knee,,,,SG
99374-11074,SF,Garrett,Garrett Temple,Temple,3.075000047683716,16,3500,IND@TOR,TOR,IND,,,,,,SF
99374-40783,SG,Zach,Zach LaVine,LaVine,32.9039990234375,25,3500,CHI@CLE,CHI,CLE,O,Foot,,,,SG
99374-16233,SF/SG,Josh,Josh Richardson,Richardson,18.737209586210028,43,3500,MIA@PHI,MIA,PHI,O,Shoulder,,,,SG/SF
99374-23407,PF,P.J.,P.J. Tucker,Tucker,7.706666564941406,15,3500,LAC@GS,LAC,GS,O,Not injury related,,,,PF
99374-161666,SG,David,David Duke,Duke,6.970833460489909,24,3500,SA@DAL,SA,DAL,,,,,,SG
99374-145310,PG,Saben,Saben Lee,Lee,6.366666793823242,12,3500,DET@PHO,PHO,DET,,,,,,PG
99374-145316,PG,Kira,Kira Lewis,Lewis,5.752941355985754,17,3500,LAL@UTA,UTA,LAL,,,,,,PG
99374-80806,PG,Lonzo,Lonzo Ball,Ball,,,3500,CHI@CLE,CHI,CLE,O,Knee,,,,PG
99374-145334,SG/SF,Desmond,Desmond Bane,Bane,39.88648780616554,37,3500,HOU@MEM,MEM,HOU,O,Ankle,,,,SG/SF
99374-80829,PF,Sasha,Sasha Vezenkov,Vezenkov,10.84857177734375,35,3500,SAC@DEN,SAC,DEN,O,Ankle,,,,PF
99374-172996,PG,Javon,Javon Freeman-Liberty,Freeman-Liberty,1.600000023841858,2,3500,IND@TOR,TOR,IND,,,,,,PG
99374-18376,SG,Damion,Damion Lee,Lee,13.392682331364329,82,3500,DET@PHO,PHO,DET,O,Knee,,,,SG
99374-49111,C,Joel,Joel Embiid,Embiid,62.42058967141544,34,3500,MIA@PHI,PHI,MIA,O,Knee,,,,C
99374-188407,SF,Jett,Jett Howard,Howard,2.875,12,3500,NY@ORL,ORL,NY,,,,,,SF
99374-188413,SF,Brice,Brice Sensabaugh,Sensabaugh,2.3600000381469726,5,3500,LAL@UTA,UTA,LAL,,,,,,SF