Id,Position,First Name,Nickname,Last Name,FPPG,Played,Salary,Game,Team,Opponent,Injury Indicator,Injury Details,Tier,,,Roster Position
82380-40199,PF/SF,Giannis,Giannis Antetokounmpo,Antetokounmpo,59.25,2,11600,BKN@MIL,MIL,BKN,,,,,,SF/PF
82380-55062,C,Nikola,Nikola Jokic,Jokic,47.54999923706055,4,11000,LAL@DEN,DEN,LAL,,,,,,C
82380-9644,SG/PG,James,James Harden,Harden,55.57500076293945,4,10800,PHI@TOR,PHI,TOR,,,,,,PG/SG
82380-9488,SF/PF,LeBron,LeBron James,James,54.866668701171875,3,10700,LAL@DEN,LAL,DEN,GTD,Foot,,,,SF/PF
82380-49111,C,Joel,Joel Embiid,Embiid,48.125,4,10100,PHI@TOR,PHI,TOR,,,,,,C
82380-15755,PF/C,Anthony,Anthony Davis,Davis,48.76666768391927,3,10000,LAL@DEN,LAL,DEN,GTD,Back,,,,PF/C
82380-9646,SF/PF,Kevin,Kevin Durant,Durant,46.866668701171875,3,9900,BKN@MIL,BKN,MIL,,,,,,SF/PF
82380-60021,C/PF,Pascal,Pascal Siakam,Siakam,52.125,4,9600,PHI@TOR,TOR,PHI,,,,,,PF/C
82380-67708,SG/PG,Dejounte,Dejounte Murray,Murray,49.29999796549479,3,9500,ATL@DET,ATL,DET,,,,,,PG/SG
82380-66113,SG/PG,Donovan,Donovan Mitchell,Mitchell,52.8999989827474,3,9400,ORL@CLE,CLE,ORL,,,,,,PG/SG
82380-20848,PG,Damian,Damian Lillard,Lillard,47.724998474121094,4,9300,MIA@POR,POR,MIA,,,,,,PG
82380-14498,PG/SG,Kyrie,Kyrie Irving,Irving,44.8999989827474,3,8800,BKN@MIL,BKN,MIL,,,,,,PG/SG
82380-84671,PG,Trae,Trae Young,Young,46.29999796549479,3,8700,ATL@DET,ATL,DET,,,,,,PG
82380-145337,PG/SG,Tyrese,Tyrese Haliburton,Haliburton,45.224998474121094,4,8600,IND@CHI,IND,CHI,,,,,,PG/SG
82380-9714,SG/SF,DeMar,DeMar DeRozan,DeRozan,43.82500076293945,4,8500,IND@CHI,CHI,IND,,,,,,SG/SF
82380-58462,PF/C,Karl-Anthony,Karl-Anthony Towns,Towns,34.275001525878906,4,8400,SA@MIN,MIN,SA,,,,,,PF/C
82380-145485,PG,LaMelo,LaMelo Ball,Ball,42.16623440036526,77,8300,CHA@NY,CHA,NY,O,Ankle,,,,PG
82380-40203,C,Rudy,Rudy Gobert,Gobert,39.29999923706055,4,8200,SA@MIN,MIN,SA,,,,,,C
82380-14528,SF/PF,Jimmy,Jimmy Butler,Butler,38.474998474121094,4,8100,MIA@POR,MIA,POR,,,,,,SF/PF
82380-14514,C,Nikola,Nikola Vucevic,Vucevic,40.974998474121094,4,8000,IND@CHI,CHI,IND,,,,,,C
82380-42669,PF/C,Julius,Julius Randle,Randle,39.26666768391927,3,7900,CHA@NY,NY,CHA,,,,,,PF/C
82380-24247,PG,Fred,Fred VanVleet,VanVleet,41.625,4,7900,PHI@TOR,TOR,PHI,,,,,,PG
82380-42677,SG/PG,Terry,Terry Rozier,Rozier,47.650001525878906,2,7800,CHA@NY,CHA,NY,O,Ankle,,,,PG/SG
82380-9663,PG/SG,Jrue,Jrue Holiday,Holiday,37.400001525878906,2,7800,BKN@MIL,MIL,BKN,,,,,,PG/SG
82380-110345,PG,Kevin,Kevin Porter,Porter,39.099998474121094,4,7700,HOU@UTA,HOU,UTA,,,,,,PG
82380-66236,PF/C,John,John Collins,Collins,40.73333231608073,3,7600,ATL@DET,ATL,DET,,,,,,PF/C
82380-110342,SG/PG,Darius,Darius Garland,Garland,13.699999809265137,1,7600,ORL@CLE,CLE,ORL,O,Eye,,,,PG/SG
82380-157808,PG/SG,Cade,Cade Cunningham,Cunningham,33.04999923706055,4,7500,ATL@DET,DET,ATL,,,,,,PG/SG
82380-16261,SF/SG,Khris,Khris Middleton,Middleton,35.55362248075181,69,7400,BKN@MIL,MIL,BKN,O,Wrist,,,,SG/SF
82380-145321,SG/SF,Anthony,Anthony Edwards,Edwards,33.45000076293945,4,7400,SA@MIN,MIN,SA,,,,,,SG/SF
82380-171770,PF/SF,Paolo,Paolo Banchero,Banchero,40.25,4,7300,ORL@CLE,ORL,CLE,,,,,,SF/PF
82380-40783,SG/SF,Zach,Zach LaVine,LaVine,33,2,7300,IND@CHI,CHI,IND,,,,,,SG/SF
82380-58312,PG/SG,D'Angelo,D'Angelo Russell,Russell,35.650001525878906,4,7300,SA@MIN,MIN,SA,,,,,,PG/SG
82380-110347,PF/SF,Keldon,Keldon Johnson,Johnson,35.75,4,7200,SA@MIN,SA,MIN,,,,,,SF/PF
82380-80812,PF/SF,Lauri,Lauri Markkanen,Markkanen,39.75,4,7200,HOU@UTA,UTA,HOU,,,,,,SF/PF
82380-80821,C/PF,Jarrett,Jarrett Allen,Allen,30.5,3,7200,ORL@CLE,CLE,ORL,,,,,,PF/C
82380-157822,PF/SF,Scottie,Scottie Barnes,Barnes,29.8000005086263,3,7100,PHI@TOR,TOR,PHI,GTD,Ankle,,,,SF/PF
82380-110312,SG/SF,Tyler,Tyler Herro,Herro,38.5,4,7000,MIA@POR,MIA,POR,,,,,,SG/SF
82380-55057,C,Jusuf,Jusuf Nurkic,Nurkic,33.57500076293945,4,7000,MIA@POR,POR,MIA,,,,,,C
82380-80817,C/PF,Bam,Bam Adebayo,Adebayo,28.575000762939453,4,7000,MIA@POR,MIA,POR,,,,,,PF/C
82380-84690,PG/SG,Jalen,Jalen Brunson,Brunson,34.56666564941406,3,6900,CHA@NY,NY,CHA,,,,,,PG/SG
82380-145328,SF,Saddiq,Saddiq Bey,Bey,27.924999237060547,4,6900,ATL@DET,DET,ATL,,,,,,SF
82380-84676,C/PF,Wendell,Wendell Carter,Carter,31.725000381469727,4,6800,ORL@CLE,ORL,CLE,,,,,,PF/C
82380-9642,PG,Russell,Russell Westbrook,Westbrook,29.166666666666668,3,6700,LAL@DEN,LAL,DEN,O,Hamstring,,,,PG
82380-58378,C,Jakob,Jakob Poeltl,Poeltl,34.650001525878906,4,6600,SA@MIN,SA,MIN,,,,,,C
82380-157907,SG/PG,Jalen,Jalen Green,Green,33.349998474121094,4,6600,HOU@UTA,HOU,UTA,,,,,,PG/SG
82380-12366,SF/SG,Gordon,Gordon Hayward,Hayward,30.666666666666668,3,6500,CHA@NY,CHA,NY,,,,,,SG/SF
82380-171780,SG,Jaden,Jaden Ivey,Ivey,31.100000381469727,4,6500,ATL@DET,DET,ATL,,,,,,SG
82380-110354,C,Nic,Nic Claxton,Claxton,35.86666615804037,3,6500,BKN@MIL,BKN,MIL,,,,,,C
82380-145324,SG,Devin,Devin Vassell,Vassell,35.25,4,6500,SA@MIN,SA,MIN,O,Knee,,,,SG
82380-80814,PG,Dennis,Dennis Smith,Smith,31.399998982747395,3,6500,CHA@NY,CHA,NY,,,,,,PG
82380-157845,PF/C,Evan,Evan Mobley,Mobley,26.066665649414062,3,6400,ORL@CLE,CLE,ORL,,,,,,PF/C
82380-84717,SG/PG,Anfernee,Anfernee Simons,Simons,29.25,4,6300,MIA@POR,POR,MIA,,,,,,PG/SG
82380-171767,PF,Jabari,Jabari Smith,Smith,30.524999618530273,4,6300,HOU@UTA,HOU,UTA,,,,,,PF
82380-9575,PG,Mike,Mike Conley,Conley,31.700000762939453,4,6300,HOU@UTA,UTA,HOU,,,,,,PG
82380-145323,PG,Tre,Tre Jones,Jones,30.25,4,6300,SA@MIN,SA,MIN,,,,,,PG
82380-68090,SF/SG,OG,OG Anunoby,Anunoby,28.399999618530273,4,6300,PHI@TOR,TOR,PHI,,,,,,SG/SF
82380-20640,PG/SG,Jordan,Jordan Clarkson,Clarkson,29.625,4,6200,HOU@UTA,UTA,HOU,,,,,,PG/SG
82380-14518,SF/PF,Tobias,Tobias Harris,Harris,29.950000762939453,4,6200,PHI@TOR,PHI,TOR,,,,,,SF/PF
82380-58153,SF/SG,Kelly,Kelly Oubre,Oubre,31.53333282470703,3,6200,CHA@NY,CHA,NY,,,,,,SG/SF
82380-84682,PF/SF,Michael,Michael Porter,Porter,28.524999618530273,4,6100,LAL@DEN,DEN,LAL,O,Back,,,,SF/PF
82380-157908,C/PF,Alperen,Alperen Sengun,Sengun,31.5,3,6100,HOU@UTA,HOU,UTA,O,Illness,,,,PF/C
82380-84721,PF,Jarred,Jarred Vanderbilt,Vanderbilt,32.04999923706055,4,6100,HOU@UTA,UTA,HOU,,,,,,PF
82380-145327,PG/SG,Cole,Cole Anthony,Anthony,32.199999491373696,3,6100,ORL@CLE,ORL,CLE,,,,,,PG/SG
82380-145331,PG/SG,Tyrese,Tyrese Maxey,Maxey,25.024999618530273,4,6100,PHI@TOR,PHI,TOR,,,,,,PG/SG
82380-66115,PG/PF,Ben,Ben Simmons,Simmons,22.6999994913737,3,6000,BKN@MIL,BKN,MIL,,,,,,PG/PF
82380-40562,SG/SF,Josh,Josh Hart,Hart,30.549999237060547,4,6000,MIA@POR,POR,MIA,,,,,,SG/SF
82380-157851,SF/SG,Franz,Franz Wagner,Wagner,28.524999618530273,4,6000,ORL@CLE,ORL,CLE,,,,,,SG/SF
82380-58253,C/PF,Myles,Myles Turner,Turner,32.05714343843006,42,6000,IND@CHI,IND,CHI,GTD,Ankle,,,,PF/C
82380-9621,C,Brook,Brook Lopez,Lopez,33.650001525878906,2,6000,BKN@MIL,MIL,BKN,,,,,,C
82380-23798,SG/SF,Caris,Caris LeVert,LeVert,27.96666717529297,3,5900,ORL@CLE,CLE,ORL,,,,,,SG/SF
82380-110357,SF/SG,RJ,RJ Barrett,Barrett,26.133333841959637,3,5900,CHA@NY,NY,CHA,,,,,,SG/SF
82380-145307,C/PF,Isaiah,Isaiah Stewart,Stewart,28.975000381469727,4,5900,ATL@DET,DET,ATL,,,,,,PF/C
82380-145322,PF/C,Jalen,Jalen Smith,Smith,28.875,4,5900,IND@CHI,IND,CHI,,,,,,PF/C
82380-14530,SF/PF,Bojan,Bojan Bogdanovic,Bogdanovic,28.375,4,5800,ATL@DET,DET,ATL,,,,,,SF/PF
82380-110352,PF/C,P.J.,P.J. Washington,Washington,24.6999994913737,3,5800,CHA@NY,CHA,NY,,,,,,PF/C
82380-23831,PF,Jerami,Jerami Grant,Grant,26.424999237060547,4,5800,MIA@POR,POR,MIA,,,,,,PF
82380-84695,SG/SF,Gary,Gary Trent,Trent,26.149999618530273,4,5700,PHI@TOR,TOR,PHI,,,,,,SG/SF
82380-171746,SG,Bennedict,Bennedict Mathurin,Mathurin,31.649999618530273,4,5700,IND@CHI,IND,CHI,,,,,,SG
82380-41594,PF/C,Aaron,Aaron Gordon,Gordon,30.200000762939453,4,5600,LAL@DEN,DEN,LAL,,,,,,PF/C
82380-55059,C,Clint,Clint Capela,Capela,24.833333333333332,3,5600,ATL@DET,ATL,DET,,,,,,C
82380-23665,SG/SF,Buddy,Buddy Hield,Hield,25.899999618530273,4,5500,IND@CHI,IND,CHI,,,,,,SG/SF
82380-66108,PG/SG,Jamal,Jamal Murray,Murray,20.03333282470703,3,5400,LAL@DEN,DEN,LAL,,,,,,PG/SG
82380-22541,C/PF,Kelly,Kelly Olynyk,Olynyk,26.125,4,5300,HOU@UTA,UTA,HOU,,,,,,PF/C
82380-84702,SG/SF,Lonnie,Lonnie Walker,Walker,28.166666666666668,3,5200,LAL@DEN,LAL,DEN,,,,,,SG/SF
82380-84709,C,Mitchell,Mitchell Robinson,Robinson,21.6999994913737,3,5200,CHA@NY,NY,CHA,,,,,,C
82380-145314,PF/C,Precious,Precious Achiuwa,Achiuwa,24.575000762939453,4,5200,PHI@TOR,TOR,PHI,,,,,,PF/C
82380-9535,PG,Kyle,Kyle Lowry,Lowry,24.700000762939453,4,5100,MIA@POR,MIA,POR,,,,,,PG
82380-18338,SF/PF,Royce,Royce O'Neale,O'Neale,30.26666768391927,3,5100,BKN@MIL,BKN,MIL,,,,,,SF/PF
82380-157850,PG/SG,Jalen,Jalen Suggs,Suggs,20.799999237060547,2,5000,ORL@CLE,ORL,CLE,O,Ankle,,,,PG/SG
82380-157849,PG/SG,Ayo,Ayo Dosunmu,Dosunmu,25.924999237060547,4,5000,IND@CHI,CHI,IND,,,,,,PG/SG
82380-67312,C,Thomas,Thomas Bryant,Bryant,15.818518744574654,27,5000,LAL@DEN,LAL,DEN,O,Thumb,,,,C
82380-145304,C,Onyeka,Onyeka Okongwu,Okongwu,17.96666717529297,3,5000,ATL@DET,ATL,DET,,,,,,C
82380-42156,PF/C,Bobby,Bobby Portis,Portis,25.049999237060547,2,4900,BKN@MIL,MIL,BKN,,,,,,PF/C
82380-12474,PG/SG,Patrick,Patrick Beverley,Beverley,21.53333282470703,3,4900,LAL@DEN,LAL,DEN,,,,,,PG/SG
82380-15590,C,Mason,Mason Plumlee,Plumlee,25,3,4900,CHA@NY,CHA,NY,,,,,,C
82380-110313,C,Bol,Bol Bol,Bol,22.700000762939453,4,4900,ORL@CLE,ORL,CLE,,,,,,C
82380-110329,PF/C,Bruno,Bruno Fernando,Fernando,24.049999237060547,2,4900,HOU@UTA,HOU,UTA,O,Knee,,,,PF/C
82380-171779,C,Jalen,Jalen Duren,Duren,21.674999237060547,4,4900,ATL@DET,DET,ATL,,,,,,C
82380-145318,C,Nick,Nick Richards,Richards,28.3000005086263,3,4900,CHA@NY,CHA,NY,,,,,,C
82380-16405,SG/SF,Terrence,Terrence Ross,Ross,23.75,4,4800,ORL@CLE,ORL,CLE,,,,,,SG/SF
82380-84667,SG,Collin,Collin Sexton,Sexton,20.899999618530273,4,4800,HOU@UTA,UTA,HOU,,,,,,SG
82380-9874,PF/C,Kevin,Kevin Love,Love,23.066665649414062,3,4700,ORL@CLE,CLE,ORL,,,,,,PF/C
82380-15557,C,Andre,Andre Drummond,Drummond,19.450000762939453,4,4700,IND@CHI,CHI,IND,,,,,,C
82380-110338,SF/PF,De'Andre,De'Andre Hunter,Hunter,24.600001017252605,3,4700,ATL@DET,ATL,DET,,,,,,SF/PF
82380-15636,SG/SF,Kentavious,Kentavious Caldwell-Pope,Caldwell-Pope,24.25,4,4700,LAL@DEN,DEN,LAL,,,,,,SG/SF
82380-145348,SG/PG,Immanuel,Immanuel Quickley,Quickley,19.900000254313152,3,4700,CHA@NY,NY,CHA,,,,,,PG/SG
82380-112708,SG/SF,Max,Max Strus,Strus,21.575000762939453,4,4600,MIA@POR,MIA,POR,,,,,,SG/SF
82380-157827,PF,Isaiah,Isaiah Jackson,Jackson,19.625,4,4600,IND@CHI,IND,CHI,,,,,,PF
82380-157839,PF,Day'Ron,Day'Ron Sharpe,Sharpe,17.1999994913737,3,4600,BKN@MIL,BKN,MIL,,,,,,PF
82380-145576,SF/PF,Jae'Sean,Jae'Sean Tate,Tate,25.076923076923077,78,4600,HOU@UTA,HOU,UTA,GTD,Ankle,,,,SF/PF
82380-110317,PG,Jaylen,Jaylen Nowell,Nowell,26.25,4,4600,SA@MIN,MIN,SA,,,,,,PG
82380-16233,SF/SG,Josh,Josh Richardson,Richardson,17.149999618530273,4,4600,SA@MIN,SA,MIN,,,,,,SG/SF
82380-145319,SF/PF,Jaden,Jaden McDaniels,McDaniels,24.200000762939453,4,4600,SA@MIN,MIN,SA,,,,,,SF/PF
82380-80825,PF,Isaiah,Isaiah Hartenstein,Hartenstein,26.1999994913737,3,4600,CHA@NY,NY,CHA,,,,,,PF
82380-157813,SG/PG,Joshua,Joshua Primo,Primo,17.149999618530273,4,4500,SA@MIN,SA,MIN,,,,,,PG/SG
82380-15993,SF/PF,Pat,Pat Connaughton,Connaughton,19.406494140625,77,4500,BKN@MIL,MIL,BKN,O,Calf,,,,SF/PF
82380-171769,SF,Tari,Tari Eason,Eason,22.75,4,4500,HOU@UTA,HOU,UTA,,,,,,SF
82380-110359,C,Goga,Goga Bitadze,Bitadze,18.674999237060547,4,4500,IND@CHI,IND,CHI,,,,,,C
82380-171777,C,Walker,Walker Kessler,Kessler,21.375,4,4400,HOU@UTA,UTA,HOU,,,,,,C
82380-40201,SG/PG,Dennis,Dennis Schroder,Schroder,25.121875762939453,64,4400,LAL@DEN,LAL,DEN,O,Thumb,,,,PG/SG
82380-15628,SF/PF,Otto,Otto Porter,Porter,19.9073173709032,82,4400,PHI@TOR,TOR,PHI,O,Hamstring,,,,SF/PF
82380-145308,SF/PF,Patrick,Patrick Williams,Williams,10.199999809265137,4,4400,IND@CHI,CHI,IND,,,,,,SF/PF
82380-66064,SF/SG,Malik,Malik Beasley,Beasley,18.950000762939453,4,4300,HOU@UTA,UTA,HOU,,,,,,SG/SF
82380-23096,SG/SF,Evan,Evan Fournier,Fournier,19.96666717529297,3,4300,CHA@NY,NY,CHA,,,,,,SG/SF
82380-158371,SG/SF,Terry,Terry Taylor,Taylor,14.625,4,4300,IND@CHI,IND,CHI,,,,,,SG/SF
82380-15583,PG/SG,Seth,Seth Curry,Curry,25.19420325237772,69,4300,BKN@MIL,BKN,MIL,O,Ankle,,,,PG/SG
82380-171749,SF/PF,Jeremy,Jeremy Sochan,Sochan,15.574999809265137,4,4300,SA@MIN,SA,MIN,,,,,,SF/PF
82380-101387,PG/SG,Gabe,Gabe Vincent,Vincent,14.524999618530273,4,4200,MIA@POR,MIA,POR,,,,,,PG/SG
82380-68203,C/PF,Chris,Chris Boucher,Boucher,14.399999618530273,1,4200,PHI@TOR,TOR,PHI,,,,,,PF/C
82380-145533,SF/PF,Kenyon,Kenyon Martin,Martin,18.700000762939453,4,4200,HOU@UTA,HOU,UTA,,,,,,SF/PF
82380-157828,SF,Chris,Chris Duarte,Duarte,11.899999618530273,4,4200,IND@CHI,IND,CHI,,,,,,SF
82380-63126,SF/PF,Cedi,Cedi Osman,Osman,22.333333333333332,3,4200,ORL@CLE,CLE,ORL,,,,,,SF/PF
82380-14510,PG/SG,Alec,Alec Burks,Burks,24.949383017457563,81,4200,ATL@DET,DET,ATL,O,Foot,,,,PG/SG
82380-58084,SF,Justise,Justise Winslow,Winslow,21.333333333333332,3,4200,MIA@POR,POR,MIA,GTD,Ankle,,,,SF
82380-84711,SG/SF,Grayson,Grayson Allen,Allen,20.799999237060547,2,4200,BKN@MIL,MIL,BKN,,,,,,SG/SF
82380-23981,PG/SG,Alex,Alex Caruso,Caruso,17.274999618530273,4,4200,IND@CHI,CHI,IND,,,,,,PG/SG
82380-145339,PF,Obi,Obi Toppin,Toppin,17.566666920979817,3,4200,CHA@NY,NY,CHA,,,,,,PF
82380-113267,SF/SG,Caleb,Caleb Martin,Martin,18.900000254313152,3,4100,MIA@POR,MIA,POR,,,,,,SG/SF
82380-158856,PF,Trendon,Trendon Watford,Watford,17.485416412353516,48,4100,MIA@POR,POR,MIA,O,Hip,,,,PF
82380-157906,PF,Usman,Usman Garuba,Garuba,17.450000762939453,2,4100,HOU@UTA,HOU,UTA,,,,,,PF
82380-84694,SG,Bruce,Bruce Brown,Brown,18.825000762939453,4,4100,LAL@DEN,DEN,LAL,,,,,,SG
82380-110337,SG/SF,Talen,Talen Horton-Tucker,Horton-Tucker,16.25,4,4100,HOU@UTA,UTA,HOU,,,,,,SG/SF
82380-110339,SG/SF,Cam,Cam Reddish,Reddish,19.400000254313152,3,4100,CHA@NY,NY,CHA,,,,,,SG/SF
82380-110350,PF,Jalen,Jalen McDaniels,McDaniels,22.166666666666668,3,4100,CHA@NY,CHA,NY,,,,,,PF
82380-80815,PF/C,Zach,Zach Collins,Collins,18.799999237060547,4,4100,SA@MIN,SA,MIN,,,,,,PF/C
82380-112709,SG/SF,Javonte,Javonte Green,Green,16.575000762939453,4,4000,IND@CHI,CHI,IND,,,,,,SG/SF
82380-145489,PG,Killian,Killian Hayes,Hayes,11.649999618530273,4,4000,ATL@DET,DET,ATL,,,,,,PG
82380-58519,SG,Gary,Gary Payton,Payton,16.973494564194276,83,4000,MIA@POR,POR,MIA,O,Abdomen,,,,SG
82380-23716,SF/PF,Kyle,Kyle Anderson,Anderson,7.349999904632568,2,4000,SA@MIN,MIN,SA,O,Back,,,,SF/PF
82380-110326,PG/SG,Coby,Coby White,White,11,4,4000,IND@CHI,CHI,IND,,,,,,PG/SG
82380-110351,SG/PG,Cody,Cody Martin,Martin,0,1,4000,CHA@NY,CHA,NY,O,Quadriceps,,,,PG/SG
82380-18256,PF/SF,Doug,Doug McDermott,McDermott,11.725000381469727,4,4000,SA@MIN,SA,MIN,,,,,,SF/PF
82380-9556,SF/SG,Eric,Eric Gordon,Gordon,20.133333841959637,3,4000,HOU@UTA,HOU,UTA,,,,,,SG/SF
82380-23407,PF,P.J.,P.J. Tucker,Tucker,12.925000190734863,4,4000,PHI@TOR,PHI,TOR,,,,,,PF
82380-80805,PG/SG,Markelle,Markelle Fultz,Fultz,24.294443766276043,18,4000,ORL@CLE,ORL,CLE,O,Toe,,,,PG/SG
82380-16363,SG/SF,Joe,Joe Harris,Harris,14.199999809265137,2,4000,BKN@MIL,BKN,MIL,,,,,,SG/SF
82380-85597,PG,Jordan,Jordan McLaughlin,McLaughlin,11.5,4,3900,SA@MIN,MIN,SA,,,,,,PG
82380-157834,PG,Bones,Bones Hyland,Hyland,14.850000381469727,4,3900,LAL@DEN,DEN,LAL,,,,,,PG
82380-84679,PF/C,Marvin,Marvin Bagley,Bagley,22.5124994913737,48,3900,ATL@DET,DET,ATL,O,Knee,,,,PF/C
82380-171747,SG,Andrew,Andrew Nembhard,Nembhard,18.866666158040363,3,3900,IND@CHI,IND,CHI,,,,,,SG
82380-171744,SG,Christian,Christian Braun,Braun,11.074999809265137,4,3900,LAL@DEN,DEN,LAL,,,,,,SG
82380-171775,C,Christian,Christian Koloko,Koloko,8.100000381469727,4,3900,PHI@TOR,TOR,PHI,,,,,,C
82380-110336,PF,Chuma,Chuma Okeke,Okeke,8.175000190734863,4,3900,ORL@CLE,ORL,CLE,,,,,,PF
82380-110343,SF,Nassir,Nassir Little,Little,12,4,3900,MIA@POR,POR,MIA,,,,,,SF
82380-110883,PF/SF,Dean,Dean Wade,Wade,15.699999491373697,3,3900,ORL@CLE,CLE,ORL,,,,,,SF/PF
82380-15684,SG/PG,Victor,Victor Oladipo,Oladipo,20.92608642578125,23,3900,MIA@POR,MIA,POR,O,Knee,,,,PG/SG
82380-145313,PF/SF,Jordan,Jordan Nwora,Nwora,9.600000381469727,2,3900,BKN@MIL,MIL,BKN,,,,,,SF/PF
82380-80811,SF/PF,Jonathan,Jonathan Isaac,Isaac,,,3900,ORL@CLE,ORL,CLE,O,Hamstring,,,,SF/PF
82380-9648,PF/SF,Jeff,Jeff Green,Green,14.75,4,3900,LAL@DEN,DEN,LAL,GTD,Finger,,,,SF/PF
82380-101329,SG/PG,Kendrick,Kendrick Nunn,Nunn,8.833333333333334,3,3900,LAL@DEN,LAL,DEN,,,,,,PG/SG
82380-18393,PG/SG,T.J.,T.J. McConnell,McConnell,13.949999809265137,4,3900,IND@CHI,IND,CHI,,,,,,PG/SG
82380-97263,C/PF,Drew,Drew Eubanks,Eubanks,11.524999618530273,4,3900,MIA@POR,POR,MIA,,,,,,PF/C
82380-23572,SF/PF,Taurean,Taurean Prince,Prince,11.975000381469727,4,3800,SA@MIN,MIN,SA,,,,,,SF/PF
82380-117283,SF,Oshae,Oshae Brissett,Brissett,2.299999952316284,2,3800,IND@CHI,IND,CHI,,,,,,SF
82380-16448,PF/C,Frank,Frank Kaminsky,Kaminsky,22.63333299424913,9,3800,ATL@DET,ATL,DET,,,,,,PF/C
82380-157803,SG,Josh,Josh Christopher,Christopher,5.425000190734863,4,3800,HOU@UTA,HOU,UTA,,,,,,SG
82380-157838,SG,Cam,Cam Thomas,Thomas,3.5,1,3800,BKN@MIL,BKN,MIL,,,,,,SG
82380-85137,SG/SF,Duncan,Duncan Robinson,Robinson,10.449999809265137,4,3800,MIA@POR,MIA,POR,,,,,,SG/SF
82380-9939,SG/PG,Patty,Patty Mills,Mills,12.466667175292969,3,3800,BKN@MIL,BKN,MIL,,,,,,PG/SG
82380-84696,PG/SG,Jevon,Jevon Carter,Carter,10.75,2,3800,BKN@MIL,MIL,BKN,,,,,,PG/SG
82380-84703,PG/SG,De'Anthony,De'Anthony Melton,Melton,13.75,4,3800,PHI@TOR,PHI,TOR,,,,,,PG/SG
82380-110346,PF/C,Isaiah,Isaiah Roby,Roby,16.1999994913737,3,3800,SA@MIN,SA,MIN,,,,,,PF/C
82380-110356,SG/SF,Nickeil,Nickeil Alexander-Walker,Alexander-Walker,2.5,2,3800,HOU@UTA,UTA,HOU,,,,,,SG/SF
82380-9561,C,DeAndre,DeAndre Jordan,Jordan,9.266666412353516,3,3800,LAL@DEN,DEN,LAL,,,,,,C
82380-9577,PF/SF,Rudy,Rudy Gay,Gay,14.125,4,3800,HOU@UTA,UTA,HOU,,,,,,SF/PF
82380-66968,SF/PF,Derrick,Derrick Jones,Jones,16.149999618530273,2,3800,IND@CHI,CHI,IND,,,,,,SF/PF
82380-15771,C,Gorgui,Gorgui Dieng,Dieng,13.399999618530273,2,3800,SA@MIN,SA,MIN,,,,,,C
82380-145333,SG,Aaron,Aaron Nesmith,Nesmith,14.050000190734863,4,3800,IND@CHI,IND,CHI,,,,,,SG
82380-9666,PF,Thaddeus,Thaddeus Young,Young,6.700000127156575,3,3800,PHI@TOR,TOR,PHI,,,,,,PF
82380-9673,PG,Goran,Goran Dragic,Dragic,15.699999809265137,4,3800,IND@CHI,CHI,IND,,,,,,PG
82380-117779,PF,Juan,Juan Toscano-Anderson,Toscano-Anderson,10.5,3,3700,LAL@DEN,LAL,DEN,,,,,,PF
82380-9799,SG,Wesley,Wesley Matthews,Matthews,10.600000381469727,2,3700,BKN@MIL,MIL,BKN,,,,,,SG
82380-23156,PF,Georges,Georges Niang,Niang,8.225000381469727,4,3700,PHI@TOR,PHI,TOR,,,,,,PF
82380-145541,PG/SG,R.J.,R.J. Hampton,Hampton,5.699999809265137,4,3700,ORL@CLE,ORL,CLE,,,,,,PG/SG
82380-14529,PG,Cory,Cory Joseph,Joseph,11.375,4,3700,ATL@DET,DET,ATL,,,,,,PG
82380-84675,C,Mo,Mo Bamba,Bamba,7.800000190734863,4,3700,ORL@CLE,ORL,CLE,,,,,,C
82380-9475,PG/SG,Derrick,Derrick Rose,Rose,13.466667175292969,3,3700,CHA@NY,NY,CHA,,,,,,PG/SG
82380-171781,SG,Ochai,Ochai Agbaji,Agbaji,0,1,3700,HOU@UTA,UTA,HOU,,,,,,SG
82380-171786,C,Mark,Mark Williams,Williams,3.4000000953674316,2,3700,CHA@NY,CHA,NY,,,,,,C
82380-171804,SG,Shaedon,Shaedon Sharpe,Sharpe,10.949999809265137,4,3700,MIA@POR,POR,MIA,,,,,,SG
82380-110995,C,Naz,Naz Reid,Reid,15.133333841959635,3,3700,SA@MIN,MIN,SA,,,,,,C
82380-16301,C,Dewayne,Dewayne Dedmon,Dedmon,5.849999904632568,4,3700,MIA@POR,MIA,POR,,,,,,C
82380-158136,SF/SG,Austin,Austin Reaves,Reaves,8.59999974568685,3,3700,LAL@DEN,LAL,DEN,,,,,,SG/SF
82380-111622,SF,Garrison,Garrison Mathews,Mathews,3.825000047683716,4,3600,HOU@UTA,HOU,UTA,,,,,,SF
82380-157804,SG,Keon,Keon Johnson,Johnson,9.899999618530273,1,3600,MIA@POR,POR,MIA,,,,,,SG
82380-157810,PF,Isaiah,Isaiah Livers,Livers,11.25,2,3600,ATL@DET,DET,ATL,,,,,,PF
82380-157815,PF,JT,JT Thor,Thor,9.199999809265137,2,3600,CHA@NY,CHA,NY,,,,,,PF
82380-81529,PF/C,Daniel,Daniel Theis,Theis,15.857142857142858,63,3600,IND@CHI,IND,CHI,O,Knee,,,,PF/C
82380-157818,SG,James,James Bouknight,Bouknight,7.5,3,3600,CHA@NY,CHA,NY,,,,,,SG
82380-41082,C,Damian,Damian Jones,Jones,6.300000190734863,2,3600,LAL@DEN,LAL,DEN,,,,,,C
82380-157821,PG,Dalano,Dalano Banton,Banton,6.199999809265137,4,3600,PHI@TOR,TOR,PHI,,,,,,PG
82380-157826,SG/SF,Quentin,Quentin Grimes,Grimes,11.995651908542799,46,3600,CHA@NY,NY,CHA,O,Foot,,,,SG/SF
82380-145536,PG,Theo,Theo Maledon,Maledon,8.350000381469727,2,3600,CHA@NY,CHA,NY,,,,,,PG
82380-9873,C,Robin,Robin Lopez,Lopez,15.649999618530273,2,3600,ORL@CLE,CLE,ORL,,,,,,C
82380-70822,SF/PF,Juancho,Juancho Hernangomez,Hernangomez,4.199999809265137,1,3600,PHI@TOR,TOR,PHI,,,,,,SF/PF
82380-14511,PF/SF,Markieff,Markieff Morris,Morris,6.400000095367432,2,3600,BKN@MIL,BKN,MIL,O,Personal,,,,SF/PF
82380-84668,SF,Troy,Troy Brown,Brown,13.300000190734863,1,3600,LAL@DEN,LAL,DEN,,,,,,SF
82380-160963,PG,Daishen,Daishen Nix,Nix,8.949999809265137,2,3600,HOU@UTA,HOU,UTA,,,,,,PG
82380-84674,SF/PF,Kevin,Kevin Knox,Knox,4.666666666666667,3,3600,ATL@DET,DET,ATL,,,,,,SF/PF
82380-16081,C/PF,Khem,Khem Birch,Birch,4.400000095367432,1,3600,PHI@TOR,TOR,PHI,,,,,,PF/C
82380-84699,SG/SF,Hamidou,Hamidou Diallo,Diallo,9.024999618530273,4,3600,ATL@DET,DET,ATL,,,,,,SG/SF
82380-16604,SF/SG,Justin,Justin Holiday,Holiday,12.300000508626303,3,3600,ATL@DET,ATL,DET,,,,,,SG/SF
82380-23776,C,Montrezl,Montrezl Harrell,Harrell,3.5999999046325684,4,3600,PHI@TOR,PHI,TOR,,,,,,C
82380-9957,PF/C,Serge,Serge Ibaka,Ibaka,9.100000381469727,2,3600,BKN@MIL,MIL,BKN,,,,,,PF/C
82380-171752,SF,AJ,AJ Griffin,Griffin,14,1,3600,ATL@DET,ATL,DET,,,,,,SF
82380-84714,PF,Moritz,Moritz Wagner,Wagner,16.125397212921627,63,3600,ORL@CLE,ORL,CLE,O,Ankle,,,,PF
82380-84719,PG,Aaron,Aaron Holiday,Holiday,8.466666539510092,3,3600,ATL@DET,ATL,DET,,,,,,PG
82380-110320,SF,Matisse,Matisse Thybulle,Thybulle,0,4,3600,PHI@TOR,PHI,TOR,,,,,,SF
82380-171763,SG,Dalen,Dalen Terry,Terry,-0.5,2,3600,IND@CHI,CHI,IND,,,,,,SG
82380-171768,PG,TyTy,TyTy Washington,Washington,,,3600,HOU@UTA,HOU,UTA,O,Knee,,,,PG
82380-23294,SF,Danuel,Danuel House,House,9.149999618530273,4,3600,PHI@TOR,PHI,TOR,,,,,,SF
82380-40208,PG,Raul,Raul Neto,Neto,9.066666920979818,3,3600,ORL@CLE,CLE,ORL,,,,,,PG
82380-145309,C,Udoka,Udoka Azubuike,Azubuike,11.129411585190716,17,3600,HOU@UTA,UTA,HOU,O,Ankle,,,,C
82380-145329,C,Paul,Paul Reed,Reed,3.700000047683716,2,3600,PHI@TOR,PHI,TOR,,,,,,C
82380-145341,SF/SG,Isaac,Isaac Okoro,Okoro,2.199999968210856,3,3600,ORL@CLE,CLE,ORL,,,,,,SG/SF
82380-145344,PG/SG,Malachi,Malachi Flynn,Flynn,4.5,2,3600,PHI@TOR,TOR,PHI,,,,,,PG/SG
82380-163280,C,Olivier,Olivier Sarr,Sarr,15.186363913796164,22,3600,MIA@POR,POR,MIA,O,Wrist,,,,C
82380-24544,SG/SF,Gary,Gary Harris,Harris,18.53114794121414,61,3600,ORL@CLE,ORL,CLE,O,Knee,,,,SG/SF
82380-9703,PG,George,George Hill,Hill,11.800000190734863,2,3600,BKN@MIL,MIL,BKN,,,,,,PG
82380-117285,SF,Vlatko,Vlatko Cancar,Cancar,0,1,3500,LAL@DEN,DEN,LAL,,,,,,SF
82380-172087,SG,Buddy,Buddy Boeheim,Boeheim,0,1,3500,ATL@DET,DET,ATL,,,,,,SG
82380-172098,SF,Julian,Julian Champagnie,Champagnie,,,3500,PHI@TOR,PHI,TOR,,,,,,SF
82380-23120,SF/PF,T.J.,T.J. Warren,Warren,,,3500,BKN@MIL,BKN,MIL,O,Foot,,,,SF/PF
82380-145490,PG,Trevelin,Trevelin Queen,Queen,7.919999694824218,10,3500,IND@CHI,IND,CHI,,,,,,PG
82380-145491,PF,Nathan,Nathan Knight,Knight,1.2000000476837158,2,3500,SA@MIN,MIN,SA,,,,,,PF
82380-162411,SF,Matt,Matt Ryan,Ryan,6.199999809265137,2,3500,LAL@DEN,LAL,DEN,,,,,,SF
82380-157807,C,Luka,Luka Garza,Garza,11.34375,32,3500,SA@MIN,MIN,SA,,,,,,C
82380-157817,C,Kai,Kai Jones,Jones,1.5,2,3500,CHA@NY,CHA,NY,,,,,,C
82380-145534,C,Marko,Marko Simonovic,Simonovic,0,1,3500,IND@CHI,CHI,IND,,,,,,C
82380-145535,SF,Leandro,Leandro Bolmaro,Bolmaro,0,1,3500,HOU@UTA,UTA,HOU,,,,,,SF
82380-157823,PF,Greg,Greg Brown,Brown,4,1,3500,MIA@POR,POR,MIA,,,,,,PF
82380-157824,PG,Miles,Miles McBride,McBride,0,1,3500,CHA@NY,NY,CHA,,,,,,PG
82380-157825,C,Jericho,Jericho Sims,Sims,1.2000000476837158,1,3500,CHA@NY,NY,CHA,,,,,,C
82380-158855,SF,Justin,Justin Champagnie,Champagnie,5.886110941569011,36,3500,PHI@TOR,TOR,PHI,,,,,,SF
82380-145540,PG,Vit,Vit Krejci,Krejci,1.5,1,3500,ATL@DET,ATL,DET,,,,,,PG
82380-102025,SF,Haywood,Haywood Highsmith,Highsmith,2.5333333015441895,3,3500,MIA@POR,MIA,POR,,,,,,SF
82380-171658,SF,Johnny,Johnny Juzang,Juzang,,,3500,HOU@UTA,UTA,HOU,,,,,,SF
82380-157835,SF,Kessler,Kessler Edwards,Edwards,11.399999618530273,1,3500,BKN@MIL,BKN,MIL,,,,,,SF
82380-157833,SF,Jalen,Jalen Johnson,Johnson,4.933333396911621,3,3500,ATL@DET,ATL,DET,,,,,,SF
82380-171660,SF,Ron,Ron Harper,Harper,,,3500,PHI@TOR,TOR,PHI,,,,,,SF
82380-171661,PG,Scotty,Scotty Pippen,Pippen,2,1,3500,LAL@DEN,LAL,DEN,,,,,,PG
82380-157842,C,Charles,Charles Bassey,Bassey,8.63076899601863,26,3500,SA@MIN,SA,MIN,,,,,,C
82380-171666,PG,Trevor,Trevor Hudgins,Hudgins,3,1,3500,HOU@UTA,HOU,UTA,,,,,,PG
82380-171667,PF,Michael,Michael Foster,Foster,,,3500,PHI@TOR,PHI,TOR,,,,,,PF
82380-157840,PG,Jaden,Jaden Springer,Springer,6.400000095367432,1,3500,PHI@TOR,PHI,TOR,,,,,,PG
82380-157846,PF/C,Sandro,Sandro Mamukelashvili,Mamukelashvili,-1,1,3500,BKN@MIL,MIL,BKN,,,,,,PF/C
82380-171668,PG,Collin,Collin Gillespie,Gillespie,,,3500,LAL@DEN,DEN,LAL,O,Lower leg,,,,PG
82380-171674,SG,Alondes,Alondes Williams,Williams,,,3500,BKN@MIL,BKN,MIL,,,,,,SG
82380-171672,SG,A.J.,A.J. Green,Green,1.5,1,3500,BKN@MIL,MIL,BKN,,,,,,SG
82380-14496,PG,Ricky,Ricky Rubio,Rubio,30.285292681525736,34,3500,ORL@CLE,CLE,ORL,O,Knee,,,,PG
82380-171680,SF,Cole,Cole Swider,Swider,2.700000047683716,1,3500,LAL@DEN,LAL,DEN,O,Foot,,,,SF
82380-70826,SG/SF,Furkan,Furkan Korkmaz,Korkmaz,0,1,3500,PHI@TOR,PHI,TOR,,,,,,SG/SF
82380-173747,SF,Simone,Simone Fontecchio,Fontecchio,4.866666793823242,3,3500,HOU@UTA,UTA,HOU,,,,,,SF
82380-23740,PG/SG,Ryan,Ryan Arcidiacono,Arcidiacono,0,1,3500,CHA@NY,NY,CHA,,,,,,PG/SG
82380-164036,SF,Braxton,Braxton Key,Key,4,1,3500,ATL@DET,DET,ATL,,,,,,SF
82380-161487,PG,Jeff,Jeff Dowtin,Dowtin,7.622222052680121,9,3500,PHI@TOR,TOR,PHI,,,,,,PG
82380-84688,PF,Keita,Keita Bates-Diop,Bates-Diop,2.299999952316284,4,3500,SA@MIN,SA,MIN,,,,,,PF
82380-161491,SF,Malcolm,Malcolm Hill,Hill,1.2000000476837158,1,3500,IND@CHI,CHI,IND,,,,,,SF
82380-84691,PG,Shake,Shake Milton,Milton,2.700000047683716,1,3500,PHI@TOR,PHI,TOR,,,,,,PG
82380-145623,PF,Mamadi,Mamadi Diakite,Diakite,12.676923311673677,13,3500,ORL@CLE,CLE,ORL,,,,,,PF
82380-12511,PG/SG,Ish,Ish Smith,Smith,0.3499999940395355,2,3500,LAL@DEN,DEN,LAL,,,,,,PG/SG
82380-171745,SG,Kendall,Kendall Brown,Brown,,,3500,IND@CHI,IND,CHI,,,,,,SG
82380-171750,SG,Blake,Blake Wesley,Wesley,,,3500,SA@MIN,SA,MIN,,,,,,SG
82380-171751,SG,Max,Max Christie,Christie,4.199999809265137,1,3500,LAL@DEN,LAL,DEN,,,,,,SG
82380-171748,SF,Malaki,Malaki Branham,Branham,,,3500,SA@MIN,SA,MIN,,,,,,SF
82380-15592,SG/PG,Austin,Austin Rivers,Rivers,0.6000000238418579,2,3500,SA@MIN,MIN,SA,GTD,Hip,,,,PG/SG
82380-84713,SG,Svi,Svi Mykhailiuk,Mykhailiuk,5.400000095367432,1,3500,CHA@NY,NY,CHA,,,,,,SG
82380-171753,SG,Tyrese,Tyrese Martin,Martin,2,1,3500,ATL@DET,ATL,DET,,,,,,SG
82380-23788,SG,Bryn,Bryn Forbes,Forbes,3.049999952316284,4,3500,SA@MIN,MIN,SA,,,,,,SG
82380-9966,SF/PF,James,James Johnson,Johnson,11.899999618530273,1,3500,IND@CHI,IND,CHI,,,,,,SF/PF
82380-110321,SG,Romeo,Romeo Langford,Langford,2,2,3500,SA@MIN,SA,MIN,,,,,,SG
82380-171761,SG,Peyton,Peyton Watson,Watson,3.200000047683716,2,3500,LAL@DEN,DEN,LAL,,,,,,SG
82380-84725,PF,Kostas,Kostas Antetokounmpo,Antetokounmpo,,,3500,IND@CHI,CHI,IND,,,,,,PF
82380-173815,PF,Darius,Darius Days,Days,,,3500,HOU@UTA,HOU,UTA,,,,,,PF
82380-171764,SF,Jabari,Jabari Walker,Walker,5.900000095367432,1,3500,MIA@POR,POR,MIA,,,,,,SF
82380-85238,SG,Yuta,Yuta Watanabe,Watanabe,0,2,3500,BKN@MIL,BKN,MIL,,,,,,SG
82380-110328,SF,Admiral,Admiral Schofield,Schofield,7.7973680998149675,38,3500,ORL@CLE,ORL,CLE,,,,,,SF
82380-171771,SF,Caleb,Caleb Houstan,Houstan,8.100000381469727,2,3500,ORL@CLE,ORL,CLE,,,,,,SF
82380-110333,SF/SG,Jarrett,Jarrett Culver,Culver,7.825,40,3500,ATL@DET,ATL,DET,,,,,,SG/SF
82380-171774,SG,Trevor,Trevor Keels,Keels,1.2000000476837158,1,3500,CHA@NY,NY,CHA,,,,,,SG
82380-171778,SG,Wendell,Wendell Moore,Moore,-1,1,3500,SA@MIN,MIN,SA,,,,,,SG
82380-171776,SF,Josh,Josh Minott,Minott,,,3500,SA@MIN,MIN,SA,,,,,,SF
82380-110341,SG,Dylan,Dylan Windler,Windler,6.055999755859375,50,3500,ORL@CLE,CLE,ORL,O,Ankle,,,,SG
82380-171782,PF,Isaiah,Isaiah Mobley,Mobley,4.199999809265137,1,3500,ORL@CLE,CLE,ORL,,,,,,PF
82380-180485,PF,John,John Butler,Butler,,,3500,MIA@POR,POR,MIA,,,,,,PF
82380-171785,SG,Bryce,Bryce McGowens,McGowens,2.5,2,3500,CHA@NY,CHA,NY,,,,,,SG
82380-111372,SF/PF,Thanasis,Thanasis Antetokounmpo,Antetokounmpo,0,1,3500,BKN@MIL,MIL,BKN,,,,,,SF/PF
82380-23825,C,Nerlens,Nerlens Noel,Noel,18.06800048828125,25,3500,ATL@DET,DET,ATL,,,,,,C
82380-161552,PF,Micah,Micah Potter,Potter,9.266666412353516,3,3500,HOU@UTA,UTA,HOU,,,,,,PF
82380-171792,PF,Nikola,Nikola Jovic,Jovic,,,3500,MIA@POR,MIA,POR,,,,,,PF
82380-161553,SG,Dru,Dru Smith,Smith,,,3500,MIA@POR,MIA,POR,,,,,,SG
82380-55060,SF/SG,Bogdan,Bogdan Bogdanovic,Bogdanovic,27.15507175611413,69,3500,ATL@DET,ATL,DET,O,Knee,,,,SG/SF
82380-171802,SF,MarJon,MarJon Beauchamp,Beauchamp,2,1,3500,BKN@MIL,MIL,BKN,,,,,,SF
82380-40255,SF,Davon,Davon Reed,Reed,4.299999872843425,3,3500,LAL@DEN,DEN,LAL,,,,,,SF
82380-173899,SF,Jack,Jack White,White,,,3500,LAL@DEN,DEN,LAL,,,,,,SF
82380-180555,SF,Jamal,Jamal Cain,Cain,,,3500,MIA@POR,MIA,POR,,,,,,SF
82380-63826,C,Boban,Boban Marjanovic,Marjanovic,4.050000190734863,2,3500,HOU@UTA,HOU,UTA,,,,,,C
82380-9589,PF,Udonis,Udonis Haslem,Haslem,5.3076923076923075,13,3500,MIA@POR,MIA,POR,,,,,,PF
82380-15744,SG,Rodney,Rodney McGruder,McGruder,4.199999809265137,1,3500,ATL@DET,DET,ATL,,,,,,SG
82380-161666,SG,David,David Duke,Duke,11.995454268022018,22,3500,BKN@MIL,BKN,MIL,,,,,,SG
82380-171925,SF,Dominick,Dominick Barlow,Barlow,,,3500,SA@MIN,SA,MIN,,,,,,SF
82380-145305,PF/C,Zeke,Zeke Nnaji,Nnaji,3.3333333333333335,3,3500,LAL@DEN,DEN,LAL,,,,,,PF/C
82380-145822,SG,Kevon,Kevon Harris,Harris,5.650000095367432,2,3500,ORL@CLE,ORL,CLE,,,,,,SG
82380-58270,PG/SG,Edmond,Edmond Sumner,Sumner,4.599999904632568,2,3500,BKN@MIL,BKN,MIL,,,,,,PG/SG
82380-80806,PG,Lonzo,Lonzo Ball,Ball,32.94285714285714,35,3500,IND@CHI,CHI,IND,O,Knee,,,,PG
82380-160178,SF,Feron,Feron Hunt,Hunt,2.3499999046325684,2,3500,CHA@NY,NY,CHA,,,,,,SF
82380-59318,SG/SF,Joe,Joe Ingles,Ingles,16.82666693793403,45,3500,BKN@MIL,MIL,BKN,O,Knee,,,,SG/SF
82380-80823,PF/C,Tony,Tony Bradley,Bradley,1.7999999523162842,2,3500,IND@CHI,CHI,IND,,,,,,PF/C
82380-145351,C,Omer,Omer Yurtseven,Yurtseven,12.864615572415865,65,3500,MIA@POR,MIA,POR,O,Ankle,,,,C
82380-145352,SG,Trent,Trent Forrest,Forrest,1.5,1,3500,ATL@DET,ATL,DET,,,,,,SG
82380-145357,PF,Lamar,Lamar Stevens,Stevens,1.2000000476837158,1,3500,ORL@CLE,CLE,ORL,,,,,,PF
82380-85466,PF,Wenyen,Wenyen Gabriel,Gabriel,2.700000047683716,1,3500,LAL@DEN,LAL,DEN,,,,,,PF