Id,Position,First Name,Nickname,Last Name,FPPG,Played,Salary,Game,Team,Opponent,Injury Indicator,Injury Details,Tier,,,Roster Position
97131-55050,RB,Christian,Christian McCaffrey,McCaffrey,21.95384568434495,13,10500,SF@ARI,SF,ARI,,,,,,RB/FLEX
97131-53681,WR,Tyreek,Tyreek Hill,Hill,21.092308631310097,13,10200,NYJ@MIA,MIA,NYJ,Q,Ankle,,,,WR/FLEX
97131-104433,RB,Kyren,Kyren Williams,Williams,19.055555555555557,9,9600,WAS@LAR,LAR,WAS,,,,,,RB/FLEX
97131-86631,WR,CeeDee,CeeDee Lamb,Lamb,18.13076899601863,13,9200,DAL@BUF,DAL,BUF,,,,,,WR/FLEX
97131-62239,QB,Josh,Josh Allen,Allen,24.713846059945915,13,9000,DAL@BUF,BUF,DAL,,,,,,QB
97131-42104,RB,Alvin,Alvin Kamara,Kamara,17.01000061035156,10,8900,NYG@NO,NO,NYG,,,,,,RB/FLEX
97131-136855,RB,Bijan,Bijan Robinson,Robinson,13,13,8600,ATL@CAR,ATL,CAR,,,,,,RB/FLEX
97131-31716,QB,Dak,Dak Prescott,Prescott,21.438462477463943,13,8600,DAL@BUF,DAL,BUF,,,,,,QB
97131-25079,WR,Stefon,Stefon Diggs,Diggs,14.676923311673677,13,8500,DAL@BUF,BUF,DAL,,,,,,WR/FLEX
97131-138820,RB,De'Von,De'Von Achane,Achane,18.800000871930802,7,8500,NYJ@MIA,MIA,NYJ,Q,Toe,,,,RB/FLEX
97131-85607,QB,Brock,Brock Purdy,Purdy,19.76307795597957,13,8400,SF@ARI,SF,ARI,,,,,,QB
97131-56018,WR,Deebo,Deebo Samuel,Samuel,13.875,12,8400,SF@ARI,SF,ARI,,,,,,WR/FLEX
97131-39280,RB,Derrick,Derrick Henry,Henry,14.098461444561298,13,8300,HOU@TEN,TEN,HOU,,,,,,RB/FLEX
97131-32384,WR,Mike,Mike Evans,Evans,14.846153846153847,13,8300,TB@GB,TB,GB,,,,,,WR/FLEX
97131-79970,WR,Cooper,Cooper Kupp,Kupp,10.577777438693577,9,8200,WAS@LAR,LAR,WAS,,,,,,WR/FLEX
97131-57439,QB,Patrick,Patrick Mahomes,Mahomes,18.98615440955529,13,8100,KC@NE,KC,NE,,,,,,QB
97131-28744,RB,Raheem,Raheem Mostert,Mostert,17.415384145883415,13,8000,NYJ@MIA,MIA,NYJ,,,,,,RB/FLEX
97131-69017,QB,Jordan,Jordan Love,Love,18.58923105093149,13,8000,TB@GB,GB,TB,,,,,,QB
97131-103020,WR,Puka,Puka Nacua,Nacua,13.953845684344952,13,8000,WAS@LAR,LAR,WAS,,,,,,WR/FLEX
97131-91591,QB,Justin,Justin Fields,Fields,14.016666412353516,12,7900,CHI@CLE,CHI,CLE,,,,,,QB
97131-63043,WR,DJ,DJ Moore,Moore,14.86153822678786,13,7900,CHI@CLE,CHI,CLE,Q,Ankle,,,,WR/FLEX
97131-129471,QB,C.J.,C.J. Stroud,Stroud,19.003076406625603,13,7800,HOU@TEN,HOU,TEN,O,Concussion,,,,QB
97131-85798,WR,Brandon,Brandon Aiyuk,Aiyuk,13.941666920979818,12,7800,SF@ARI,SF,ARI,,,,,,WR/FLEX
97131-64401,RB,Saquon,Saquon Barkley,Barkley,15.010000610351563,10,7800,NYG@NO,NYG,NO,,,,,,RB/FLEX
97131-104576,QB,Sam,Sam Howell,Howell,19.303077110877403,13,7700,WAS@LAR,WAS,LAR,,,,,,QB
97131-91419,WR,Nico,Nico Collins,Collins,12.799999530498798,13,7700,HOU@TEN,HOU,TEN,Q,Calf,,,,WR/FLEX
97131-90572,QB,Tua,Tua Tagovailoa,Tagovailoa,17.644615760216347,13,7600,NYJ@MIA,MIA,NYJ,,,,,,QB
97131-137902,RB,Rachaad,Rachaad White,White,13.876922607421875,13,7600,TB@GB,TB,GB,,,,,,RB/FLEX
97131-33076,TE,Travis,Travis Kelce,Kelce,13.133333841959635,12,7500,KC@NE,KC,NE,,,,,,TE/FLEX
97131-103064,RB,Breece,Breece Hall,Hall,12.461538461538462,13,7500,NYJ@MIA,NYJ,MIA,,,,,,RB/FLEX
97131-87770,WR,Chris,Chris Olave,Olave,11.676923311673677,13,7500,NYG@NO,NO,NYG,Q,Ankle,,,,WR/FLEX
97131-63484,QB,Kyler,Kyler Murray,Murray,18.290000915527344,4,7500,SF@ARI,ARI,SF,,,,,,QB
97131-16606,WR,DeAndre,DeAndre Hopkins,Hopkins,11.938461303710938,13,7400,HOU@TEN,TEN,HOU,,,,,,WR/FLEX
97131-31001,WR,Amari,Amari Cooper,Cooper,9.699999882624699,13,7200,CHI@CLE,CLE,CHI,,,,,,WR/FLEX
97131-91626,RB,James,James Cook,Cook,12.23076923076923,13,7200,DAL@BUF,BUF,DAL,,,,,,RB/FLEX
97131-6654,QB,Matthew,Matthew Stafford,Stafford,15.406153752253605,13,7200,WAS@LAR,LAR,WAS,,,,,,QB
97131-6714,QB,Joe,Joe Flacco,Flacco,19.25,2,7100,CHI@CLE,CLE,CHI,,,,,,QB
97131-86278,QB,Desmond,Desmond Ridder,Ridder,12.572307880108173,13,7000,ATL@CAR,ATL,CAR,,,,,,QB
97131-63759,RB,Tony,Tony Pollard,Pollard,12.50769277719351,13,7000,DAL@BUF,DAL,BUF,,,,,,RB/FLEX
97131-90573,WR,Jaylen,Jaylen Waddle,Waddle,11.058333079020182,12,7000,NYJ@MIA,MIA,NYJ,,,,,,WR/FLEX
97131-45565,TE,Taysom,Taysom Hill,Hill,8.78166643778483,12,7000,NYG@NO,NO,NYG,,,,,,TE/FLEX
97131-169776,WR,Christian,Christian Watson,Watson,9.700000339084202,9,7000,TB@GB,GB,TB,D,Hamstring,,,,WR/FLEX
97131-103564,WR,Garrett,Garrett Wilson,Wilson,10.63076899601863,13,6900,NYJ@MIA,NYJ,MIA,,,,,,WR/FLEX
97131-92575,RB,Isiah,Isiah Pacheco,Pacheco,13.108333587646484,12,6900,KC@NE,KC,NE,O,Shoulder,,,,RB/FLEX
97131-41535,QB,Baker,Baker Mayfield,Mayfield,16.21230726975661,13,6900,TB@GB,TB,GB,,,,,,QB
97131-86243,QB,Will,Will Levis,Levis,13.13142830984933,7,6800,HOU@TEN,TEN,HOU,,,,,,QB
97131-39793,TE,George,George Kittle,Kittle,11.061538696289062,13,6800,SF@ARI,SF,ARI,,,,,,TE/FLEX
97131-90406,QB,Zach,Zach Wilson,Wilson,11.627272865988992,11,6700,NYJ@MIA,NYJ,MIA,,,,,,QB
97131-87467,RB,Chuba,Chuba Hubbard,Hubbard,9.292307927058292,13,6700,ATL@CAR,CAR,ATL,,,,,,RB/FLEX
97131-56250,WR,Terry,Terry McLaurin,McLaurin,9.030769348144531,13,6700,WAS@LAR,WAS,LAR,,,,,,WR/FLEX
97131-14377,QB,Tyrod,Tyrod Taylor,Taylor,6.826666514078776,6,6600,NYG@NO,NYG,NO,,,,,,QB
97131-112745,WR,Drake,Drake London,London,9.029230557955229,13,6600,ATL@CAR,ATL,CAR,,,,,,WR/FLEX
97131-90562,RB,Brian,Brian Robinson Jr.,Robinson Jr.,12.423076923076923,13,6600,WAS@LAR,WAS,LAR,O,Hamstring,,,,RB/FLEX
97131-94748,QB,Tommy,Tommy DeVito,DeVito,13.766666412353516,6,6600,NYG@NO,NYG,NO,,,,,,QB
97131-91750,TE,Trey,Trey McBride,McBride,7.769230769230769,13,6600,SF@ARI,ARI,SF,,,,,,TE/FLEX
97131-89628,QB,Davis,Davis Mills,Mills,0.19199999570846557,5,6500,HOU@TEN,HOU,TEN,,,,,,QB
97131-111311,WR,Rashee,Rashee Rice,Rice,9.961538461538462,13,6500,KC@NE,KC,NE,,,,,,WR/FLEX
97131-6894,QB,Aaron,Aaron Rodgers,Rodgers,0,1,6500,NYJ@MIA,NYJ,MIA,IR,Achilles,,,,QB
97131-45859,QB,Derek,Derek Carr,Carr,12.315385084885817,13,6500,NYG@NO,NO,NYG,,,,,,QB
97131-39716,WR,Adam,Adam Thielen,Thielen,11.676923311673677,13,6500,ATL@CAR,CAR,ATL,,,,,,WR/FLEX
97131-38791,RB,Ezekiel,Ezekiel Elliott,Elliott,7.984615619365986,13,6500,KC@NE,NE,KC,,,,,,RB/FLEX
97131-111540,RB,Rhamondre,Rhamondre Stevenson,Stevenson,10.558333079020182,12,6500,KC@NE,NE,KC,O,Ankle,,,,RB/FLEX
97131-56248,WR,Noah,Noah Brown,Brown,8.614285605294365,7,6500,HOU@TEN,HOU,TEN,Q,Knee,,,,WR/FLEX
97131-94370,WR,Romeo,Romeo Doubs,Doubs,9.246153611403246,13,6400,TB@GB,GB,TB,,,,,,WR/FLEX
97131-90533,RB,Jerome,Jerome Ford,Ford,11.23076923076923,13,6400,CHI@CLE,CLE,CHI,,,,,,RB/FLEX
97131-86687,WR,Marquise,Marquise Brown,Brown,8.3999997652494,13,6400,SF@ARI,ARI,SF,Q,Heel,,,,WR/FLEX
97131-91898,QB,Dorian,Dorian Thompson-Robinson,Thompson-Robinson,3.451428549630301,7,6400,CHI@CLE,CLE,CHI,,,,,,QB
97131-41827,QB,P.J.,P.J. Walker,Walker,4.159999847412109,6,6400,CHI@CLE,CLE,CHI,,,,,,QB
97131-52613,WR,Curtis,Curtis Samuel,Samuel,7.407692542442908,13,6300,WAS@LAR,WAS,LAR,,,,,,WR/FLEX
97131-139985,QB,Bailey,Bailey Zappe,Zappe,4.779999869210379,7,6300,KC@NE,NE,KC,,,,,,QB
97131-40687,RB,James,James Conner,Conner,10.855555216471354,9,6300,SF@ARI,ARI,SF,,,,,,RB/FLEX
97131-119606,QB,Bryce,Bryce Young,Young,10.731666564941406,12,6300,ATL@CAR,CAR,ATL,,,,,,QB
97131-29501,WR,Brandin,Brandin Cooks,Cooks,8.933333079020182,12,6300,DAL@BUF,DAL,BUF,Q,Illness,,,,WR/FLEX
97131-55335,TE,David,David Njoku,Njoku,8.576923076923077,13,6200,CHI@CLE,CLE,CHI,,,,,,TE/FLEX
97131-53331,QB,Taylor,Taylor Heinicke,Heinicke,12.573333740234375,3,6200,ATL@CAR,ATL,CAR,,,,,,QB
97131-24849,QB,Jameis,Jameis Winston,Winston,2.1371428625924245,7,6200,NYG@NO,NO,NYG,,,,,,QB
97131-94534,WR,Gabe,Gabe Davis,Davis,9.566666920979818,12,6200,DAL@BUF,BUF,DAL,,,,,,WR/FLEX
97131-90584,QB,Mac,Mac Jones,Jones,10.763636502352627,11,6200,KC@NE,NE,KC,,,,,,QB
97131-40442,RB,Aaron,Aaron Jones,Jones,9.557143075125557,7,6200,TB@GB,GB,TB,Q,Knee - mcl,,,,RB/FLEX
97131-44715,QB,Cooper,Cooper Rush,Rush,0.43714284896850586,7,6200,DAL@BUF,DAL,BUF,,,,,,QB
97131-93107,RB,AJ,AJ Dillon,Dillon,7.4384613037109375,13,6200,TB@GB,GB,TB,Q,Thumb,,,,RB/FLEX
97131-63589,QB,Sam,Sam Darnold,Darnold,-0.08857142925262451,7,6100,SF@ARI,SF,ARI,,,,,,QB
97131-86200,QB,Sean,Sean Clifford,Clifford,0,3,6100,TB@GB,GB,TB,,,,,,QB
97131-55635,WR,Chris,Chris Godwin,Godwin,8.63076899601863,13,6100,TB@GB,TB,GB,Q,Knee,,,,WR/FLEX
97131-89455,WR,Jayden,Jayden Reed,Reed,10.299999530498798,13,6100,TB@GB,GB,TB,,,,,,WR/FLEX
97131-185776,QB,Tyson,Tyson Bagent,Bagent,11.851999664306641,5,6100,CHI@CLE,CHI,CLE,,,,,,QB
97131-21948,QB,Ryan,Ryan Tannehill,Tannehill,7.139999866485596,8,6100,HOU@TEN,TEN,HOU,,,,,,QB
97131-30231,QB,Jacoby,Jacoby Brissett,Brissett,0,1,6100,WAS@LAR,WAS,LAR,,,,,,QB
97131-40482,QB,Tim,Tim Boyle,Boyle,3.7249999046325684,4,6100,NYJ@MIA,NYJ,MIA,,,,,,QB
97131-40534,QB,Mike,Mike White,White,1.0199999809265137,5,6100,NYJ@MIA,MIA,NYJ,,,,,,QB
97131-70324,QB,Carson,Carson Wentz,Wentz,15.225000381469727,8,6100,WAS@LAR,LAR,WAS,,,,,,QB
97131-69304,QB,Kyle,Kyle Trask,Trask,-0.033333333830038704,3,6100,TB@GB,TB,GB,,,,,,QB
97131-90813,QB,Clayton,Clayton Tune,Tune,1.8760000228881837,5,6100,SF@ARI,ARI,SF,,,,,,QB
97131-85741,RB,Clyde,Clyde Edwards-Helaire,Edwards-Helaire,2.7461539048414965,13,6100,KC@NE,KC,NE,,,,,,RB/FLEX
97131-28434,QB,Trevor,Trevor Siemian,Siemian,1.440000057220459,1,6100,NYJ@MIA,NYJ,MIA,,,,,,QB
97131-53095,QB,Kyle,Kyle Allen,Allen,-0.1799999952316284,5,6100,DAL@BUF,BUF,DAL,,,,,,QB
97131-14194,QB,Blaine,Blaine Gabbert,Gabbert,-0.28666667143503827,3,6100,KC@NE,KC,NE,,,,,,QB
97131-14225,QB,Andy,Andy Dalton,Dalton,5.909999847412109,4,6100,ATL@CAR,CAR,ATL,,,,,,QB
97131-29605,QB,Matt,Matt Barkley,Barkley,,,6100,NYG@NO,NYG,NO,,,,,,QB
97131-63519,QB,Daniel,Daniel Jones,Jones,10.493333180745443,6,6000,NYG@NO,NYG,NO,IR,Knee - acl,,,,QB
97131-30761,QB,Nathan,Nathan Peterman,Peterman,-0.10000000149011612,4,6000,CHI@CLE,CHI,CLE,,,,,,QB
97131-52342,QB,Will,Will Grier,Grier,0,2,6000,KC@NE,NE,KC,,,,,,QB
97131-89236,QB,James,James Blackman,Blackman,,,6000,NYJ@MIA,MIA,NYJ,,,,,,QB
97131-149696,QB,Trey,Trey Lance,Lance,0,1,6000,DAL@BUF,DAL,BUF,,,,,,QB
97131-69833,QB,Shane,Shane Buechele,Buechele,,,6000,DAL@BUF,BUF,DAL,,,,,,QB
97131-45259,QB,Logan,Logan Woodside,Woodside,0,1,6000,ATL@CAR,ATL,CAR,,,,,,QB
97131-54507,QB,Alex,Alex McGough,McGough,,,6000,TB@GB,GB,TB,,,,,,QB
97131-11500,QB,Colt,Colt McCoy,McCoy,8.949999809265137,4,6000,SF@ARI,ARI,SF,,,,,,QB
97131-185629,QB,Tim,Tim DeMorat,DeMorat,,,6000,WAS@LAR,WAS,LAR,,,,,,QB
97131-185640,QB,Dresser,Dresser Winn,Winn,0,1,6000,WAS@LAR,LAR,WAS,,,,,,QB
97131-170287,WR,Rashid,Rashid Shaheed,Shaheed,8.654545177112926,11,6000,NYG@NO,NO,NYG,,,,,,WR/FLEX
97131-88440,QB,Braxton,Braxton Burmeister,Burmeister,,,6000,WAS@LAR,LAR,WAS,,,,,,QB
97131-73118,QB,Ian,Ian Book,Book,,,6000,KC@NE,NE,KC,,,,,,QB
97131-91583,QB,Stetson,Stetson Bennett,Bennett,,,6000,WAS@LAR,LAR,WAS,IR,Illness,,,,QB
97131-31170,QB,Brandon,Brandon Allen,Allen,0,1,6000,SF@ARI,SF,ARI,,,,,,QB
97131-22994,QB,Case,Case Keenum,Keenum,0,1,6000,HOU@TEN,HOU,TEN,,,,,,QB
97131-91639,QB,Jake,Jake Fromm,Fromm,,,6000,WAS@LAR,WAS,LAR,,,,,,QB
97131-30253,QB,Jeff,Jeff Driskel,Driskel,0,1,6000,SF@ARI,ARI,SF,,,,,,QB
97131-88630,QB,Matt,Matt Corral,Corral,,,6000,KC@NE,NE,KC,,,,,,QB
97131-54879,QB,Deshaun,Deshaun Watson,Watson,12.971429007393974,7,6000,CHI@CLE,CLE,CHI,IR,Shoulder,,,,QB
97131-87691,QB,Malik,Malik Willis,Willis,1.0199999809265137,3,6000,HOU@TEN,TEN,HOU,,,,,,QB
97131-69294,QB,Skylar,Skylar Thompson,Thompson,0,1,6000,NYJ@MIA,MIA,NYJ,,,,,,QB
97131-73398,QB,Chris,Chris Oladokun,Oladokun,,,6000,KC@NE,KC,NE,,,,,,QB
97131-52929,QB,Jake,Jake Luton,Luton,,,6000,ATL@CAR,CAR,ATL,,,,,,QB
97131-69333,QB,Jacob,Jacob Eason,Eason,1.3600000143051147,1,6000,NYG@NO,NYG,NO,,,,,,QB
97131-61157,QB,Brett,Brett Rypien,Rypien,2.890000104904175,2,6000,NYJ@MIA,NYJ,MIA,,,,,,QB
97131-55042,TE,Dalton,Dalton Schultz,Schultz,8.5,11,6000,HOU@TEN,HOU,TEN,,,,,,TE/FLEX
97131-86793,QB,Jake,Jake Haener,Haener,0,1,6000,NYG@NO,NO,NYG,,,,,,QB
97131-38767,QB,Chris,Chris Streveler,Streveler,9,1,6000,NYJ@MIA,NYJ,MIA,,,,,,QB
97131-56192,QB,John,John Wolford,Wolford,0,1,6000,TB@GB,TB,GB,,,,,,QB
97131-93103,QB,E.J.,E.J. Perry,Perry,,,6000,HOU@TEN,HOU,TEN,,,,,,QB
97131-92082,QB,Austin,Austin Aune,Aune,,,6000,ATL@CAR,ATL,CAR,,,,,,QB
97131-38837,QB,Danny,Danny Etling,Etling,,,6000,TB@GB,GB,TB,,,,,,QB
97131-70603,RB,Devin,Devin Singletary,Singletary,7.880000187800481,13,6000,HOU@TEN,HOU,TEN,,,,,,RB/FLEX
97131-111876,WR,Demario,Demario Douglas,Douglas,5.990000152587891,10,5900,KC@NE,NE,KC,,,,,,WR/FLEX
97131-89680,TE,Jake,Jake Ferguson,Ferguson,8.653846153846153,13,5900,DAL@BUF,DAL,BUF,,,,,,TE/FLEX
97131-107293,RB,Tyjae,Tyjae Spears,Spears,6.876923194298377,13,5900,HOU@TEN,TEN,HOU,,,,,,RB/FLEX
97131-86229,WR,Jahan,Jahan Dotson,Dotson,7.0615386962890625,13,5800,WAS@LAR,WAS,LAR,,,,,,WR/FLEX
97131-55830,RB,D'Onta,D'Onta Foreman,Foreman,10.787500381469727,8,5800,CHI@CLE,CHI,CLE,,,,,,RB/FLEX
97131-91047,TE,Cole,Cole Kmet,Kmet,8.884615384615385,13,5800,CHI@CLE,CHI,CLE,,,,,,TE/FLEX
97131-86080,TE,Kyle,Kyle Pitts,Pitts,6.8076923076923075,13,5700,ATL@CAR,ATL,CAR,,,,,,TE/FLEX
97131-45229,RB,Kareem,Kareem Hunt,Hunt,8.163636641068893,11,5700,CHI@CLE,CLE,CHI,,,,,,RB/FLEX
97131-90428,RB,Tyler,Tyler Allgeier,Allgeier,6.730769230769231,13,5700,ATL@CAR,ATL,CAR,,,,,,RB/FLEX
97131-88575,WR,Elijah,Elijah Moore,Moore,6.338461655836839,13,5700,CHI@CLE,CLE,CHI,,,,,,WR/FLEX
97131-86055,RB,Dameon,Dameon Pierce,Pierce,5.433333079020183,12,5600,HOU@TEN,HOU,TEN,,,,,,RB/FLEX
97131-145558,TE,Dalton,Dalton Kincaid,Kincaid,7.5,12,5600,DAL@BUF,BUF,DAL,,,,,,TE/FLEX
97131-71845,RB,Miles,Miles Sanders,Sanders,5.458333333333333,12,5600,ATL@CAR,CAR,ATL,,,,,,RB/FLEX
97131-38264,WR,Demarcus,Demarcus Robinson,Robinson,6.659999847412109,5,5600,WAS@LAR,LAR,WAS,,,,,,WR/FLEX
97131-90933,RB,Antonio,Antonio Gibson,Gibson,6.5,12,5600,WAS@LAR,WAS,LAR,,,,,,RB/FLEX
97131-69956,WR,Michael,Michael Gallup,Gallup,5.230769230769231,13,5500,DAL@BUF,DAL,BUF,,,,,,WR/FLEX
97131-63819,WR,Darius,Darius Slayton,Slayton,5.223077040452224,13,5500,NYG@NO,NYG,NO,,,,,,WR/FLEX
97131-54608,RB,Jerick,Jerick McKinnon,McKinnon,5.200000069358132,11,5500,KC@NE,KC,NE,,,,,,RB/FLEX
97131-25011,TE,Darren,Darren Waller,Waller,7.800000190734863,8,5500,NYG@NO,NYG,NO,Q,Hamstring,,,,TE/FLEX
97131-72297,RB,Rico,Rico Dowdle,Dowdle,5.3000001173753,13,5500,DAL@BUF,DAL,BUF,,,,,,RB/FLEX
97131-55987,WR,JuJu,JuJu Smith-Schuster,Smith-Schuster,4.2272727272727275,11,5500,KC@NE,NE,KC,Q,Ankle,,,,WR/FLEX
97131-28573,WR,Michael,Michael Thomas,Thomas,7.030000305175781,10,5500,NYG@NO,NO,NYG,IR,Knee,,,,WR/FLEX
97131-29685,WR,Robert,Robert Woods,Woods,4.900000138716265,11,5500,HOU@TEN,HOU,TEN,,,,,,WR/FLEX
97131-55552,RB,Jeff,Jeff Wilson Jr.,Wilson Jr.,4.159999847412109,5,5400,NYJ@MIA,MIA,NYJ,,,,,,RB/FLEX
97131-112192,WR,Jonathan,Jonathan Mingo,Mingo,4.641666730244954,12,5400,ATL@CAR,CAR,ATL,,,,,,WR/FLEX
97131-139094,WR,Jalin,Jalin Hyatt,Hyatt,4.3799999237060545,10,5400,NYG@NO,NYG,NO,,,,,,WR/FLEX
97131-53303,RB,Matt,Matt Breida,Breida,2.6538461538461537,13,5300,NYG@NO,NYG,NO,,,,,,RB/FLEX
97131-103539,WR,Wan'Dale,Wan'Dale Robinson,Robinson,6.154545177112926,11,5300,NYG@NO,NYG,NO,,,,,,WR/FLEX
97131-69777,WR,Darnell,Darnell Mooney,Mooney,4.958333333333333,12,5300,CHI@CLE,CHI,CLE,,,,,,WR/FLEX
97131-102696,WR,John,John Metchie III,Metchie III,2.089999961853027,10,5300,HOU@TEN,HOU,TEN,,,,,,WR/FLEX
97131-110259,WR,Treylon,Treylon Burks,Burks,2.671428680419922,7,5300,HOU@TEN,TEN,HOU,,,,,,WR/FLEX
97131-52917,WR,DJ,DJ Chark Jr.,Chark Jr.,5.909090909090909,11,5300,ATL@CAR,CAR,ATL,,,,,,WR/FLEX
97131-110457,WR,Dontayvion,Dontayvion Wicks,Wicks,4.713333447774251,12,5300,TB@GB,GB,TB,Q,Ankle,,,,WR/FLEX
97131-40845,TE,Hunter,Hunter Henry,Henry,6.900000254313151,12,5300,KC@NE,NE,KC,,,,,,TE/FLEX
97131-86518,WR,Khalil,Khalil Shakir,Shakir,5.599999745686849,12,5200,DAL@BUF,BUF,DAL,,,,,,WR/FLEX
97131-25267,WR,Mack,Mack Hollins,Hollins,3.7888887193467884,9,5200,ATL@CAR,ATL,CAR,,,,,,WR/FLEX
97131-72412,RB,Khalil,Khalil Herbert,Herbert,7.150000095367432,8,5200,CHI@CLE,CHI,CLE,,,,,,RB/FLEX
97131-86811,TE,Cade,Cade Otton,Otton,6.700000127156575,12,5200,TB@GB,TB,GB,,,,,,TE/FLEX
97131-92976,WR,Tutu,Tutu Atwell,Atwell,6.892307574932392,13,5200,WAS@LAR,LAR,WAS,Q,Concussion,,,,WR/FLEX
97131-64389,WR,Nick,Nick Westbrook-Ikhine,Westbrook-Ikhine,5.599999745686849,12,5200,HOU@TEN,TEN,HOU,Q,Illness,,,,WR/FLEX
97131-69581,WR,Cedrick,Cedrick Wilson Jr.,Wilson Jr.,5.585714067731585,7,5200,NYJ@MIA,MIA,NYJ,,,,,,WR/FLEX
97131-83083,WR,Justin,Justin Watson,Watson,5.045454545454546,11,5100,KC@NE,KC,NE,,,,,,WR/FLEX
97131-88548,WR,Jalen,Jalen Tolbert,Tolbert,2.9545454545454546,11,5100,DAL@BUF,DAL,BUF,Q,Illness,,,,WR/FLEX
97131-33260,WR,DeVante,DeVante Parker,Parker,3.400000138716264,11,5100,KC@NE,NE,KC,Q,Knee,,,,WR/FLEX
97131-89612,WR,Michael,Michael Wilson,Wilson,6.95,10,5100,SF@ARI,ARI,SF,Q,Neck,,,,WR/FLEX
97131-45631,RB,Jamaal,Jamaal Williams,Williams,2.9888888465033636,9,5100,NYG@NO,NO,NYG,Q,Groin,,,,RB/FLEX
97131-26355,TE,Logan,Logan Thomas,Thomas,6.758333206176758,12,5100,WAS@LAR,WAS,LAR,,,,,,TE/FLEX
97131-94094,TE,Brevin,Brevin Jordan,Jordan,3.487499952316284,8,5100,HOU@TEN,HOU,TEN,,,,,,TE/FLEX
97131-41997,WR,River,River Cracraft,Cracraft,5.074999809265137,4,5000,NYJ@MIA,MIA,NYJ,,,,,,WR/FLEX
97131-60451,TE,Tyler,Tyler Conklin,Conklin,5.661538344163161,13,5000,NYJ@MIA,NYJ,MIA,,,,,,TE/FLEX
97131-86052,WR,Kadarius,Kadarius Toney,Toney,3.1666666666666665,12,5000,KC@NE,KC,NE,,,,,,WR/FLEX
97131-93408,WR,Rondale,Rondale Moore,Moore,5.238461421086238,13,5000,SF@ARI,ARI,SF,,,,,,WR/FLEX
97131-88297,TE,Chig,Chig Okonkwo,Okonkwo,4.346153846153846,13,5000,HOU@TEN,TEN,HOU,,,,,,TE/FLEX
97131-12536,D,Kansas City,Kansas City Chiefs,Chiefs,7.615384615384615,13,5000,KC@NE,KC,NE,,,,,,DEF
97131-56809,WR,Allen,Allen Lazard,Lazard,4.090909090909091,11,5000,NYJ@MIA,NYJ,MIA,,,,,,WR/FLEX
97131-52916,WR,Russell,Russell Gage,Gage,7.149999891008649,14,5000,TB@GB,TB,GB,IR,Knee,,,,WR/FLEX
97131-47870,TE,Tyler,Tyler Higbee,Higbee,5.474999745686849,12,5000,WAS@LAR,LAR,WAS,,,,,,TE/FLEX
97131-103187,RB,Roschon,Roschon Johnson,Johnson,4.990909229625355,11,5000,CHI@CLE,CHI,CLE,,,,,,RB/FLEX
97131-72627,RB,Patrick,Patrick Taylor,Taylor,2.7857142857142856,7,5000,TB@GB,GB,TB,,,,,,RB/FLEX
97131-12549,D,San Francisco,San Francisco 49ers,49ers,8.692307692307692,13,4900,SF@ARI,SF,ARI,,,,,,DEF
97131-33047,WR,Chris,Chris Moore,Moore,3.8454544760964136,11,4900,HOU@TEN,TEN,HOU,,,,,,WR/FLEX
97131-34331,RB,Latavius,Latavius Murray,Murray,5.1769233116736775,13,4900,DAL@BUF,BUF,DAL,,,,,,RB/FLEX
97131-113228,TE,Luke,Luke Musgrave,Musgrave,5.659999847412109,10,4900,TB@GB,GB,TB,IR,Abdomen,,,,TE/FLEX
97131-93055,WR,Isaiah,Isaiah Hodgins,Hodgins,3.827272588556463,11,4900,NYG@NO,NYG,NO,,,,,,WR/FLEX
97131-119788,WR,Xavier,Xavier Hutchinson,Hutchinson,1.7428571156093053,7,4900,HOU@TEN,HOU,TEN,,,,,,WR/FLEX
97131-48116,TE,Jonnu,Jonnu Smith,Smith,6.954545454545454,11,4900,ATL@CAR,ATL,CAR,,,,,,TE/FLEX
97131-12539,D,Miami,Miami Dolphins,Dolphins,8.692307692307692,13,4800,NYJ@MIA,MIA,NYJ,,,,,,DEF
97131-52495,WR,Braxton,Braxton Berrios,Berrios,3.2333332697550454,12,4800,NYJ@MIA,MIA,NYJ,,,,,,WR/FLEX
97131-91417,TE,Luke,Luke Schoonmaker,Schoonmaker,2.160000038146973,10,4800,DAL@BUF,DAL,BUF,,,,,,TE/FLEX
97131-93539,RB,Michael,Michael Carter,Carter,2.3636363636363638,11,4800,SF@ARI,ARI,SF,,,,,,RB/FLEX
97131-87432,WR,Cedric,Cedric Tillman,Tillman,2.137500047683716,8,4800,CHI@CLE,CLE,CHI,,,,,,WR/FLEX
97131-102831,TE,Davis,Davis Allen,Allen,4.700000127156575,3,4800,WAS@LAR,LAR,WAS,,,,,,TE/FLEX
97131-40647,WR,Marquez,Marquez Valdes-Scantling,Valdes-Scantling,3.3076923076923075,13,4800,KC@NE,KC,NE,,,,,,WR/FLEX
97131-54140,RB,Dalvin,Dalvin Cook,Cook,2.40000005868765,13,4800,NYJ@MIA,NYJ,MIA,,,,,,RB/FLEX
97131-137254,RB,Deuce,Deuce Vaughn,Vaughn,1.6333333651224773,6,4700,DAL@BUF,DAL,BUF,,,,,,RB/FLEX
97131-64585,TE,Dawson,Dawson Knox,Knox,3.8499999046325684,8,4700,DAL@BUF,BUF,DAL,,,,,,TE/FLEX
97131-87127,RB,Chris,Chris Rodriguez Jr.,Rodriguez Jr.,1.7999999523162842,8,4700,WAS@LAR,WAS,LAR,,,,,,RB/FLEX
97131-89220,WR,Tyquan,Tyquan Thornton,Thornton,1.9000000272478377,7,4700,KC@NE,NE,KC,Q,Hamstring,,,,WR/FLEX
97131-61593,WR,Jauan,Jauan Jennings,Jennings,3.2083333333333335,12,4700,SF@ARI,SF,ARI,,,,,,WR/FLEX
97131-64808,TE,Juwan,Juwan Johnson,Johnson,3.466666751437717,9,4700,NYG@NO,NO,NYG,,,,,,TE/FLEX
97131-102902,WR,Trey,Trey Palmer,Palmer,4.046153728778545,13,4700,TB@GB,TB,GB,,,,,,WR/FLEX
97131-102928,RB,Eric,Eric Gray,Gray,0.47142856461661203,7,4700,NYG@NO,NYG,NO,,,,,,RB/FLEX
97131-160303,TE,Tucker,Tucker Kraft,Kraft,4.1285713740757535,7,4700,TB@GB,GB,TB,,,,,,TE/FLEX
97131-87621,WR,A.T.,A.T. Perry,Perry,4.079999923706055,5,4700,NYG@NO,NO,NYG,,,,,,WR/FLEX
97131-63050,RB,Ty,Ty Johnson,Johnson,3.0833333333333335,6,4700,DAL@BUF,BUF,DAL,,,,,,RB/FLEX
97131-55970,RB,Royce,Royce Freeman,Freeman,6.014285496303013,7,4700,WAS@LAR,LAR,WAS,,,,,,RB/FLEX
97131-112455,WR,Xavier,Xavier Gipson,Gipson,2.6999998826246996,13,4700,NYJ@MIA,NYJ,MIA,,,,,,WR/FLEX
97131-30733,RB,Cordarrelle,Cordarrelle Patterson,Patterson,2.177777820163303,9,4600,ATL@CAR,ATL,CAR,,,,,,RB/FLEX
97131-42046,TE,Durham,Durham Smythe,Smythe,3.2666666242811413,9,4600,NYJ@MIA,MIA,NYJ,,,,,,TE/FLEX
97131-87122,WR,Lynn,Lynn Bowden Jr.,Bowden Jr.,1.75,6,4600,NYG@NO,NO,NYG,,,,,,WR/FLEX
97131-83081,RB,Chase,Chase Edmonds,Edmonds,1.9888888465033636,9,4600,TB@GB,TB,GB,,,,,,RB/FLEX
97131-90307,TE,Daniel,Daniel Bellinger,Bellinger,2.35,10,4600,NYG@NO,NYG,NO,,,,,,TE/FLEX
97131-11512,TE,Jimmy,Jimmy Graham,Graham,3.8333333333333335,6,4600,NYG@NO,NO,NYG,,,,,,TE/FLEX
97131-12542,D,New Orleans,New Orleans Saints,Saints,8.23076923076923,13,4600,NYG@NO,NO,NYG,,,,,,DEF
97131-85306,WR,KhaDarel,KhaDarel Hodge,Hodge,3.077777862548828,9,4600,ATL@CAR,ATL,CAR,,,,,,WR/FLEX
97131-91488,RB,Chris,Chris Brooks,Brooks,4.699999809265137,2,4600,NYJ@MIA,MIA,NYJ,IR,Ankle,,,,RB/FLEX
97131-112062,WR,Skyy,Skyy Moore,Moore,3.323076981764573,13,4600,KC@NE,KC,NE,,,,,,WR/FLEX
97131-114180,WR,David,David Bell,Bell,2.0111111534966364,9,4600,CHI@CLE,CLE,CHI,,,,,,WR/FLEX
97131-69558,WR,Greg,Greg Dortch,Dortch,1.8384615091177134,13,4600,SF@ARI,ARI,SF,,,,,,WR/FLEX
97131-93134,RB,Deon,Deon Jackson,Jackson,0.75,2,4600,NYG@NO,NYG,NO,,,,,,RB/FLEX
97131-93143,TE,Noah,Noah Gray,Gray,3.9750000635782876,12,4600,KC@NE,KC,NE,,,,,,TE/FLEX
97131-86047,RB,Malik,Malik Davis,Davis,5.233333269755046,6,4500,DAL@BUF,DAL,BUF,,,,,,RB/FLEX
97131-29734,RB,Ty,Ty Montgomery II,Montgomery II,0.7400000095367432,10,4500,KC@NE,NE,KC,,,,,,RB/FLEX
97131-62505,TE,MyCole,MyCole Pruitt,Pruitt,2.174999952316284,8,4500,ATL@CAR,ATL,CAR,,,,,,TE/FLEX
97131-88109,RB,Gary,Gary Brightwell,Brightwell,3.0333334604899087,3,4500,NYG@NO,NYG,NO,IR,Hamstring,,,,RB/FLEX
97131-64581,WR,Van,Van Jefferson,Jefferson,2.3799999237060545,10,4500,ATL@CAR,ATL,CAR,,,,,,WR/FLEX
97131-29780,TE,Zach,Zach Ertz,Ertz,5.4571429661342075,7,4500,SF@ARI,ARI,SF,Q,Quadriceps,,,,TE/FLEX
97131-63591,RB,Ronald,Ronald Jones II,Jones II,2.616666634877523,6,4500,DAL@BUF,DAL,BUF,,,,,,RB/FLEX
97131-54426,TE,Andrew,Andrew Beck,Beck,1.7799999237060546,10,4500,HOU@TEN,HOU,TEN,,,,,,TE/FLEX
97131-12525,D,Atlanta,Atlanta Falcons,Falcons,6.3076923076923075,13,4500,ATL@CAR,ATL,CAR,,,,,,DEF
97131-86255,TE,Josh,Josh Whyle,Whyle,2.487499952316284,8,4500,HOU@TEN,TEN,HOU,O,Knee,,,,TE/FLEX
97131-60712,TE,Foster,Foster Moreau,Moreau,3.575000047683716,8,4500,NYG@NO,NO,NYG,,,,,,TE/FLEX
97131-92590,RB,Raheem,Raheem Blackshear,Blackshear,1.6428571428571428,7,4500,ATL@CAR,CAR,ATL,,,,,,RB/FLEX
97131-128515,RB,Ellis,Ellis Merriweather,Merriweather,,,4500,TB@GB,GB,TB,,,,,,RB/FLEX
97131-70157,RB,Darrell,Darrell Henderson Jr.,Henderson Jr.,9.625,4,4500,WAS@LAR,LAR,WAS,,,,,,RB/FLEX
97131-60957,WR,KaVontae,KaVontae Turpin,Turpin,4.325000127156575,12,4500,DAL@BUF,DAL,BUF,,,,,,WR/FLEX
97131-64031,TE,Hayden,Hayden Hurst,Hurst,3.7111112806532116,9,4500,ATL@CAR,CAR,ATL,IR,Concussion,,,,TE/FLEX
97131-160306,RB,Pierre,Pierre Strong Jr.,Strong Jr.,2.8600000381469726,10,4500,CHI@CLE,CLE,CHI,,,,,,RB/FLEX
97131-94864,RB,Jashaun,Jashaun Corbin,Corbin,1.399999976158142,2,4500,NYG@NO,NYG,NO,,,,,,RB/FLEX
97131-85672,WR,Terrace,Terrace Marshall Jr.,Marshall Jr.,3.1999999455043246,7,4500,ATL@CAR,CAR,ATL,,,,,,WR/FLEX
97131-71352,WR,Mecole,Mecole Hardman Jr.,Hardman Jr.,1.25,6,4500,KC@NE,KC,NE,IR,Thumb,,,,WR/FLEX
97131-52922,RB,Leonard,Leonard Fournette,Fournette,11.341176650103401,17,4500,DAL@BUF,BUF,DAL,,,,,,RB/FLEX
97131-88816,TE,Peyton,Peyton Hendershot,Hendershot,0.26666667064030963,3,4500,DAL@BUF,DAL,BUF,,,,,,TE/FLEX
97131-86780,RB,Salvon,Salvon Ahmed,Ahmed,4.985714503696987,7,4500,NYJ@MIA,MIA,NYJ,IR,Foot,,,,RB/FLEX
97131-87815,TE,Jeremy,Jeremy Ruckert,Ruckert,2.2777777777777777,9,4500,NYJ@MIA,NYJ,MIA,,,,,,TE/FLEX
97131-14257,WR,Randall,Randall Cobb,Cobb,1.6875,8,4500,NYJ@MIA,NYJ,MIA,,,,,,WR/FLEX
97131-56262,WR,Parris,Parris Campbell,Campbell,2.0399999618530273,10,4500,NYG@NO,NYG,NO,,,,,,WR/FLEX
97131-70601,TE,Harrison,Harrison Bryant,Bryant,2.5363636016845703,11,4500,CHI@CLE,CLE,CHI,,,,,,TE/FLEX
97131-56265,TE,Mike,Mike Gesicki,Gesicki,3.1545455239035864,11,4500,KC@NE,NE,KC,,,,,,TE/FLEX
97131-91101,TE,Tommy,Tommy Tremble,Tremble,3.7333331637912326,9,4500,ATL@CAR,CAR,ATL,,,,,,TE/FLEX
97131-72705,TE,John,John Bates,Bates,2.0600000381469727,10,4400,WAS@LAR,WAS,LAR,,,,,,TE/FLEX
97131-89185,TE,Ben,Ben Sims,Sims,1.5,6,4400,TB@GB,GB,TB,,,,,,TE/FLEX
97131-28827,RB,Dare,Dare Ogunbowale,Ogunbowale,1.4,5,4400,HOU@TEN,HOU,TEN,,,,,,RB/FLEX
97131-129240,WR,Tyler,Tyler Scott,Scott,1.7100000381469727,10,4400,CHI@CLE,CHI,CLE,,,,,,WR/FLEX
97131-130288,RB,James,James Robinson,Robinson,0.5,1,4400,NYG@NO,NO,NYG,,,,,,RB/FLEX
97131-12529,D,Cleveland,Cleveland Browns,Browns,9.076923076923077,13,4400,CHI@CLE,CLE,CHI,,,,,,DEF
97131-12534,D,Tennessee,Tennessee Titans,Titans,6,13,4400,HOU@TEN,TEN,HOU,,,,,,DEF
97131-92413,RB,Elijah,Elijah Mitchell,Mitchell,1.8666665818956163,9,4400,SF@ARI,SF,ARI,O,Knee,,,,RB/FLEX
97131-93538,WR,Dyami,Dyami Brown,Brown,2.618181748823686,11,4400,WAS@LAR,WAS,LAR,,,,,,WR/FLEX
97131-71105,WR,Ben,Ben Skowronek,Skowronek,1.787500023841858,8,4400,WAS@LAR,LAR,WAS,,,,,,WR/FLEX
97131-138786,WR,Malik,Malik Heath,Heath,1.8777777353922527,9,4400,TB@GB,GB,TB,,,,,,WR/FLEX
97131-27403,TE,Blake,Blake Bell,Bell,1.850000023841858,4,4400,KC@NE,KC,NE,,,,,,TE/FLEX
97131-27477,WR,Sterling,Sterling Shepard,Shepard,1.2666666242811415,9,4400,NYG@NO,NYG,NO,,,,,,WR/FLEX
97131-61273,WR,Scotty,Scotty Miller,Miller,2.6666666666666665,9,4400,ATL@CAR,ATL,CAR,,,,,,WR/FLEX
97131-70661,WR,Velus,Velus Jones Jr.,Jones Jr.,0.6888888676961263,9,4300,CHI@CLE,CHI,CLE,,,,,,WR/FLEX
97131-69655,TE,Stephen,Stephen Sullivan,Sullivan,1.8571428571428572,7,4300,ATL@CAR,CAR,ATL,,,,,,TE/FLEX
97131-70705,TE,Trevon,Trevon Wesco,Wesco,0.5199999809265137,5,4300,HOU@TEN,TEN,HOU,,,,,,TE/FLEX
97131-94345,TE,Cole,Cole Turner,Turner,2.1875,8,4300,WAS@LAR,WAS,LAR,,,,,,TE/FLEX
97131-63646,TE,Lawrence,Lawrence Cager,Cager,2.549999952316284,4,4300,NYG@NO,NYG,NO,,,,,,TE/FLEX
97131-24755,WR,Jamison,Jamison Crowder,Crowder,2.383333365122477,12,4300,WAS@LAR,WAS,LAR,,,,,,WR/FLEX
97131-93391,TE,Payne,Payne Durham,Durham,0.7571428843906948,7,4300,TB@GB,TB,GB,,,,,,TE/FLEX
97131-63697,TE,Brycen,Brycen Hopkins,Hopkins,1.149999976158142,4,4300,WAS@LAR,LAR,WAS,,,,,,TE/FLEX
97131-53498,WR,Richie,Richie James Jr.,James Jr.,0.34000000953674314,5,4300,KC@NE,KC,NE,,,,,,WR/FLEX
97131-12538,D,Los Angeles,Los Angeles Rams,Rams,4.769230769230769,13,4300,WAS@LAR,LAR,WAS,,,,,,DEF
97131-91401,WR,Ronnie,Ronnie Bell,Bell,1.8714286259242467,7,4300,SF@ARI,SF,ARI,,,,,,WR/FLEX
97131-94481,WR,Deven,Deven Thompkins,Thompkins,2.116666634877523,12,4300,TB@GB,TB,GB,,,,,,WR/FLEX
97131-64841,WR,Equanimeous,Equanimeous St. Brown,St. Brown,1.600000023841858,4,4300,CHI@CLE,CHI,CLE,O,Pectoral,,,,WR/FLEX
97131-102762,RB,Kevin,Kevin Harris,Harris,2.2399999618530275,5,4300,KC@NE,NE,KC,,,,,,RB/FLEX
97131-138643,WR,Jason,Jason Brownlee,Brownlee,1.5,2,4300,NYJ@MIA,NYJ,MIA,O,Ankle,,,,WR/FLEX
97131-94625,WR,Jalen,Jalen Reagor,Reagor,0.8000000317891439,6,4300,KC@NE,NE,KC,,,,,,WR/FLEX
97131-73121,RB,Tony,Tony Jones Jr.,Jones Jr.,4.783333460489909,6,4300,SF@ARI,ARI,SF,,,,,,RB/FLEX
97131-80353,TE,Robert,Robert Tonyan,Tonyan,1.162500023841858,8,4300,CHI@CLE,CHI,CLE,,,,,,TE/FLEX
97131-185850,TE,Julian,Julian Hill,Hill,0.7400000095367432,5,4300,NYJ@MIA,MIA,NYJ,,,,,,TE/FLEX
97131-102986,WR,Elijah,Elijah Higgins,Higgins,0.9857142993382045,7,4300,SF@ARI,ARI,SF,,,,,,WR/FLEX
97131-71246,WR,Marquez,Marquez Callaway,Callaway,2.9799999237060546,10,4300,NYG@NO,NO,NYG,,,,,,WR/FLEX
97131-88685,WR,Austin,Austin Trammell,Trammell,0.29000000953674315,10,4300,WAS@LAR,LAR,WAS,,,,,,WR/FLEX
97131-38523,TE,Geoff,Geoff Swaim,Swaim,1.412500023841858,8,4300,SF@ARI,ARI,SF,Q,Back,,,,TE/FLEX
97131-71351,TE,Charlie,Charlie Woerner,Woerner,0.550000011920929,4,4300,SF@ARI,SF,ARI,,,,,,TE/FLEX
97131-61112,TE,Josiah,Josiah Deguara,Deguara,2.1,5,4300,TB@GB,GB,TB,,,,,,TE/FLEX
97131-29411,TE,Pharaoh,Pharaoh Brown,Brown,3.914285659790039,7,4300,KC@NE,NE,KC,Q,Foot,,,,TE/FLEX
97131-70383,RB,Darrynton,Darrynton Evans,Evans,4.416666666666667,6,4300,NYJ@MIA,MIA,NYJ,,,,,,RB/FLEX
97131-104176,WR,Deonte,Deonte Harty,Harty,2.2333332697550454,12,4300,DAL@BUF,BUF,DAL,,,,,,WR/FLEX
97131-56059,WR,Trent,Trent Sherfield,Sherfield,1.4571428298950195,7,4300,DAL@BUF,BUF,DAL,,,,,,WR/FLEX
97131-91902,WR,Kyle,Kyle Philips,Philips,3.0142857687813893,7,4300,HOU@TEN,TEN,HOU,O,Hamstring,,,,WR/FLEX
97131-87859,WR,Laviska,Laviska Shenault Jr.,Shenault Jr.,1.65,10,4300,ATL@CAR,CAR,ATL,IR,Ankle,,,,WR/FLEX
97131-120657,RB,Kendre,Kendre Miller,Miller,3.414285659790039,7,4300,NYG@NO,NO,NYG,O,Ankle,,,,RB/FLEX
97131-57338,TE,Jordan,Jordan Akins,Akins,1.0444444020589192,9,4300,CHI@CLE,CLE,CHI,,,,,,TE/FLEX
97131-90123,TE,Quintin,Quintin Morris,Morris,3.2000001271565757,3,4200,DAL@BUF,BUF,DAL,,,,,,TE/FLEX
97131-138277,WR,Jalen,Jalen Brooks,Brooks,2.933333396911621,3,4200,DAL@BUF,DAL,BUF,,,,,,WR/FLEX
97131-152631,WR,Samori,Samori Toure,Toure,1.7374999523162842,8,4200,TB@GB,GB,TB,,,,,,WR/FLEX
97131-64576,RB,Damien,Damien Harris,Harris,3,6,4200,DAL@BUF,BUF,DAL,IR,Concussion,,,,RB/FLEX
97131-86113,WR,Ihmir,Ihmir Smith-Marsette,Smith-Marsette,0.6846153552715595,13,4200,ATL@CAR,CAR,ATL,,,,,,WR/FLEX
97131-79980,TE,Eric,Eric Saubert,Saubert,0.3333333333333333,3,4200,HOU@TEN,HOU,TEN,,,,,,TE/FLEX
97131-65724,RB,JaMycal,JaMycal Hasty,Hasty,0,1,4200,KC@NE,NE,KC,,,,,,RB/FLEX
97131-129219,RB,Israel,Israel Abanikanda,Abanikanda,0.6666666666666666,3,4200,NYJ@MIA,NYJ,MIA,,,,,,RB/FLEX
97131-83138,TE,Ross,Ross Dwelley,Dwelley,0.5666666825612386,3,4200,SF@ARI,SF,ARI,O,Ankle,,,,TE/FLEX
97131-170184,RB,Julius,Julius Chestnut,Chestnut,1.1333333651224773,6,4200,HOU@TEN,TEN,HOU,IR,Hamstring,,,,RB/FLEX
97131-12533,D,Green Bay,Green Bay Packers,Packers,6.923076923076923,13,4200,TB@GB,GB,TB,,,,,,DEF
97131-94579,RB,Emari,Emari Demercado,Demercado,4.377777947319879,9,4200,SF@ARI,ARI,SF,,,,,,RB/FLEX
97131-92545,RB,Keaontay,Keaontay Ingram,Ingram,1.7142857142857142,7,4200,KC@NE,KC,NE,,,,,,RB/FLEX
97131-73111,WR,Chase,Chase Claypool,Claypool,3.0200000762939454,5,4200,NYJ@MIA,MIA,NYJ,,,,,,WR/FLEX
97131-43416,WR,Trent,Trent Taylor,Taylor,-0.020000000298023225,10,4200,CHI@CLE,CHI,CLE,,,,,,WR/FLEX
97131-44449,WR,Willie,Willie Snead IV,Snead IV,0.4666666587193807,3,4200,SF@ARI,SF,ARI,,,,,,WR/FLEX
97131-31207,TE,C.J.,C.J. Uzomah,Uzomah,2.257142884390695,7,4200,NYJ@MIA,NYJ,MIA,IR,Knee - mcl,,,,TE/FLEX
97131-32243,WR,Marquise,Marquise Goodwin,Goodwin,0.644444465637207,9,4200,CHI@CLE,CLE,CHI,,,,,,WR/FLEX
97131-6672,TE,Marcedes,Marcedes Lewis,Lewis,0.6142857415335519,7,4200,CHI@CLE,CHI,CLE,,,,,,TE/FLEX
97131-63078,RB,Ke'Shawn,Ke'Shawn Vaughn,Vaughn,0.9000000158945719,6,4200,TB@GB,TB,GB,,,,,,RB/FLEX
97131-62055,WR,Ray-Ray,Ray-Ray McCloud III,McCloud III,1.6454545801336116,11,4200,SF@ARI,SF,ARI,IR,Ribs,,,,WR/FLEX
97131-26251,WR,Robbie,Robbie Chosen,Chosen,4.550000190734863,4,4200,NYJ@MIA,MIA,NYJ,,,,,,WR/FLEX
97131-69295,WR,Byron,Byron Pringle,Pringle,2.2333333757188587,9,4200,WAS@LAR,WAS,LAR,,,,,,WR/FLEX
97131-58041,RB,Mike,Mike Boone,Boone,1.225000023841858,8,4200,HOU@TEN,HOU,TEN,,,,,,RB/FLEX
97131-63186,WR,James,James Proche II,Proche II,-0.3333333333333333,6,4200,CHI@CLE,CLE,CHI,,,,,,WR/FLEX
97131-56041,RB,Khari,Khari Blasingame,Blasingame,0.5375000238418579,8,4200,CHI@CLE,CHI,CLE,,,,,,RB/FLEX
97131-71444,RB,Travis,Travis Homer,Homer,0,4,4200,CHI@CLE,CHI,CLE,,,,,,RB/FLEX
97131-91971,RB,Ronnie,Ronnie Rivers,Rivers,1.9,5,4200,WAS@LAR,LAR,WAS,IR,Knee - pcl,,,,RB/FLEX
97131-72515,TE,Ian,Ian Thomas,Thomas,1.4199999809265136,5,4200,ATL@CAR,CAR,ATL,O,Ankle,,,,TE/FLEX
97131-86875,RB,Jordan,Jordan Mason,Mason,3.955555386013455,9,4200,SF@ARI,SF,ARI,,,,,,RB/FLEX
97131-104289,WR,Malik,Malik Taylor,Taylor,1.149999976158142,2,4200,NYJ@MIA,NYJ,MIA,,,,,,WR/FLEX
97131-119653,WR,Kayshon,Kayshon Boutte,Boutte,0.7250000238418579,4,4200,KC@NE,NE,KC,,,,,,WR/FLEX
97131-89964,WR,Justyn,Justyn Ross,Ross,0.9800000190734863,5,4200,KC@NE,KC,NE,IR,Undisclosed,,,,WR/FLEX
97131-45997,WR,Keith,Keith Kirkwood,Kirkwood,0.5999999841054281,6,4200,NYG@NO,NO,NYG,,,,,,WR/FLEX
97131-70663,WR,Frank,Frank Darby,Darby,2,1,4100,ATL@CAR,ATL,CAR,,,,,,WR/FLEX
97131-89157,RB,Caleb,Caleb Huntley,Huntley,3.6583334604899087,12,4100,ATL@CAR,ATL,CAR,Q,Achilles,,,,RB/FLEX
97131-24675,WR,Martavis,Martavis Bryant,Bryant,,,4100,DAL@BUF,DAL,BUF,,,,,,WR/FLEX
97131-68714,TE,Ko,Ko Kieft,Kieft,0,4,4100,TB@GB,TB,GB,,,,,,TE/FLEX
97131-89209,RB,Trestan,Trestan Ebner,Ebner,0.5199999809265137,10,4100,CHI@CLE,CHI,CLE,Q,Concussion,,,,RB/FLEX
97131-68730,TE,Sean,Sean McKeon,McKeon,0,4,4100,DAL@BUF,DAL,BUF,IR,Ankle,,,,TE/FLEX
97131-104577,WR,Gunner,Gunner Olszewski,Olszewski,-0.5833333333333334,6,4100,NYG@NO,NYG,NO,,,,,,WR/FLEX
97131-58499,TE,Parker,Parker Hesse,Hesse,1.4888888465033636,9,4100,ATL@CAR,ATL,CAR,,,,,,TE/FLEX
97131-53390,WR,Zach,Zach Pascal,Pascal,0.48750001192092896,8,4100,SF@ARI,ARI,SF,,,,,,WR/FLEX
97131-89283,TE,Tre',Tre' McKitty,McKitty,0,1,4100,DAL@BUF,BUF,DAL,,,,,,TE/FLEX
97131-149710,WR,Mike,Mike Strachan,Strachan,2.5,2,4100,ATL@CAR,CAR,ATL,,,,,,WR/FLEX
97131-91361,RB,Hassan,Hassan Haskins,Haskins,1.7083333333333333,12,4100,HOU@TEN,TEN,HOU,IR,Undisclosed,,,,RB/FLEX
97131-63717,RB,Alec,Alec Ingold,Ingold,1.7374999523162842,8,4100,NYJ@MIA,MIA,NYJ,,,,,,RB/FLEX
97131-12527,D,Chicago,Chicago Bears,Bears,6.538461538461538,13,4100,CHI@CLE,CHI,CLE,,,,,,DEF
97131-131328,RB,Zach,Zach Evans,Evans,0.4000000059604645,4,4100,WAS@LAR,LAR,WAS,,,,,,RB/FLEX
97131-30989,RB,Kenyan,Kenyan Drake,Drake,2.0999999046325684,1,4100,TB@GB,GB,TB,,,,,,RB/FLEX
97131-26038,TE,Tyler,Tyler Kroft,Kroft,0,1,4100,NYJ@MIA,MIA,NYJ,,,,,,TE/FLEX
97131-69068,RB,Jonathan,Jonathan Ward,Ward,0,1,4100,HOU@TEN,TEN,HOU,,,,,,RB/FLEX
97131-103896,WR,Nsimba,Nsimba Webster,Webster,2.4000000953674316,1,4100,CHI@CLE,CHI,CLE,,,,,,WR/FLEX
97131-102893,RB,Tyrion,Tyrion Davis-Price,Davis-Price,1.0499999523162842,2,4100,SF@ARI,SF,ARI,,,,,,RB/FLEX
97131-39428,RB,Kyle,Kyle Juszczyk,Juszczyk,3.3000000544956754,7,4100,SF@ARI,SF,ARI,,,,,,RB/FLEX
97131-185863,RB,Hunter,Hunter Luepke,Luepke,1.5500000317891438,6,4100,DAL@BUF,DAL,BUF,,,,,,RB/FLEX
97131-185861,RB,Emanuel,Emanuel Wilson,Wilson,2.133333365122477,6,4100,TB@GB,GB,TB,IR,Shoulder,,,,RB/FLEX
97131-86543,WR,Erik,Erik Ezukanma,Ezukanma,1.100000023841858,2,4100,NYJ@MIA,MIA,NYJ,IR,Neck,,,,WR/FLEX
97131-62994,WR,Steven,Steven Sims,Sims,3.5,1,4100,HOU@TEN,HOU,TEN,,,,,,WR/FLEX
97131-88607,WR,Braylon,Braylon Sanders,Sanders,0.3499999940395355,2,4100,NYJ@MIA,MIA,NYJ,,,,,,WR/FLEX
97131-94831,RB,Deneric,Deneric Prince,Prince,,,4100,KC@NE,KC,NE,,,,,,RB/FLEX
97131-56947,TE,Chris,Chris Myarick,Myarick,2.2857142857142856,7,4100,NYG@NO,NYG,NO,,,,,,TE/FLEX
97131-69276,WR,Bryan,Bryan Edwards,Edwards,0.75,4,4100,NYG@NO,NO,NYG,,,,,,WR/FLEX
97131-52897,RB,Darrel,Darrel Williams,Williams,3.8200000762939452,5,4100,NYG@NO,NO,NYG,,,,,,RB/FLEX
97131-72370,RB,J.J.,J.J. Taylor,Taylor,2.200000047683716,1,4100,HOU@TEN,HOU,TEN,,,,,,RB/FLEX
97131-89785,RB,Spencer,Spencer Brown,Brown,3.1500000953674316,2,4100,ATL@CAR,CAR,ATL,,,,,,RB/FLEX
97131-30403,WR,Chris,Chris Conley,Conley,1.649999976158142,4,4100,SF@ARI,SF,ARI,,,,,,WR/FLEX
97131-65231,RB,Adam,Adam Prentice,Prentice,-0.25,2,4100,NYG@NO,NO,NYG,,,,,,RB/FLEX
97131-53967,RB,Nick,Nick Bawden,Bawden,2.174999952316284,4,4100,NYJ@MIA,NYJ,MIA,Q,Knee,,,,RB/FLEX
97131-94936,RB,Larry,Larry Rountree III,Rountree III,2.1500000953674316,2,4100,HOU@TEN,HOU,TEN,,,,,,RB/FLEX
97131-61172,TE,Tyler,Tyler Davis,Davis,0.9199999809265137,5,4100,TB@GB,GB,TB,IR,Knee,,,,TE/FLEX
97131-69383,WR,Dezmon,Dezmon Patmon,Patmon,3.4000000953674316,1,4100,ATL@CAR,CAR,ATL,,,,,,WR/FLEX
97131-136970,WR,Danny,Danny Gray,Gray,0.48000001907348633,5,4100,SF@ARI,SF,ARI,IR,Shoulder - ac joint,,,,WR/FLEX
97131-22288,WR,Cole,Cole Beasley,Beasley,3.1142856052943637,7,4100,NYG@NO,NYG,NO,,,,,,WR/FLEX
97131-70426,RB,Reggie,Reggie Gilliam,Gilliam,0.4000000059604645,2,4100,DAL@BUF,BUF,DAL,,,,,,RB/FLEX
97131-27441,RB,Damien,Damien Williams,Williams,2.1666666666666665,3,4100,SF@ARI,ARI,SF,Q,Foot,,,,RB/FLEX
97131-40758,RB,Corey,Corey Clement,Clement,0,1,4100,SF@ARI,ARI,SF,,,,,,RB/FLEX
97131-136031,WR,Rakim,Rakim Jarrett,Jarrett,1,8,4100,TB@GB,TB,GB,IR,Quadriceps,,,,WR/FLEX
97131-137059,RB,Sean,Sean Tucker,Tucker,0.8399999618530274,5,4100,TB@GB,TB,GB,,,,,,RB/FLEX
97131-93026,TE,Teagan,Teagan Quitoriano,Quitoriano,1.433333396911621,3,4100,HOU@TEN,HOU,TEN,IR,Groin,,,,TE/FLEX
97131-93075,TE,Hunter,Hunter Long,Long,0,1,4100,WAS@LAR,LAR,WAS,IR,Knee - mcl,,,,TE/FLEX
97131-64403,WR,Irvin,Irvin Charles,Charles,0,1,4100,NYJ@MIA,NYJ,MIA,,,,,,WR/FLEX
97131-63419,WR,Andy,Andy Isabella,Isabella,0,1,4100,DAL@BUF,BUF,DAL,,,,,,WR/FLEX
97131-65477,TE,Giovanni,Giovanni Ricci,Ricci,0.3499999940395355,2,4100,ATL@CAR,CAR,ATL,IR,Shoulder,,,,TE/FLEX
97131-43973,RB,Keith,Keith Smith,Smith,0.8000000317891439,6,4100,ATL@CAR,ATL,CAR,,,,,,RB/FLEX
97131-104447,TE,Jody,Jody Fortson,Fortson,2.529999923706055,10,4100,KC@NE,KC,NE,IR,Shoulder,,,,TE/FLEX
97131-92166,WR,Marcus,Marcus Jones,Jones,0,1,4000,KC@NE,NE,KC,IR,Shoulder,,,,WR/FLEX
97131-70680,WR,Jalen,Jalen Camp,Camp,1.2000000476837158,1,4000,ATL@CAR,CAR,ATL,,,,,,WR/FLEX
97131-56356,WR,Isaiah,Isaiah Ford,Ford,,,4000,CHI@CLE,CHI,CLE,Q,Undisclosed,,,,WR/FLEX
97131-94269,RB,Henry,Henry Pearson,Pearson,,,4000,TB@GB,GB,TB,,,,,,RB/FLEX
97131-64575,RB,Derrick,Derrick Gore,Gore,2.299999952316284,1,4000,WAS@LAR,WAS,LAR,,,,,,RB/FLEX
97131-72772,RB,Avery,Avery Williams,Williams,1.6176470588235294,17,4000,ATL@CAR,ATL,CAR,IR,Knee - acl,,,,RB/FLEX
97131-174148,RB,Carlos,Carlos Washington Jr.,Washington Jr.,,,4000,ATL@CAR,ATL,CAR,,,,,,RB/FLEX
97131-165962,TE,Nikola,Nikola Kalinic,Kalinic,0,1,4000,WAS@LAR,LAR,WAS,,,,,,TE/FLEX
97131-87112,WR,Josh,Josh Ali,Ali,0,1,4000,ATL@CAR,ATL,CAR,IR,Ankle,,,,WR/FLEX
97131-27721,WR,Justin,Justin Hardee Sr.,Hardee Sr.,0,1,4000,NYJ@MIA,NYJ,MIA,,,,,,WR/FLEX
97131-89167,WR,Gavin,Gavin Holmes,Holmes,,,4000,HOU@TEN,TEN,HOU,,,,,,WR/FLEX
97131-68686,WR,C.J.,C.J. Saunders,Saunders,,,4000,ATL@CAR,ATL,CAR,,,,,,WR/FLEX
97131-41042,WR,Marcell,Marcell Ateman,Ateman,,,4000,DAL@BUF,BUF,DAL,,,,,,WR/FLEX
97131-63576,WR,Kirk,Kirk Merritt,Merritt,,,4000,NYG@NO,NO,NYG,,,,,,WR/FLEX
97131-42077,TE,James,James Winchester,Winchester,0,2,4000,KC@NE,KC,NE,,,,,,TE/FLEX
97131-24671,WR,Adam,Adam Humphries,Humphries,,,4000,HOU@TEN,HOU,TEN,,,,,,WR/FLEX
97131-46177,TE,David,David Wells,Wells,0,3,4000,TB@GB,TB,GB,,,,,,TE/FLEX
97131-68708,TE,Seth,Seth Green,Green,,,4000,DAL@BUF,DAL,BUF,,,,,,TE/FLEX
97131-79974,RB,Tarik,Tarik Cohen,Cohen,,,4000,ATL@CAR,CAR,ATL,O,Hamstring,,,,RB/FLEX
97131-68712,WR,Tyler,Tyler Johnson,Johnson,,,4000,WAS@LAR,LAR,WAS,,,,,,WR/FLEX
97131-94314,RB,Camerun,Camerun Peoples,Peoples,,,4000,ATL@CAR,CAR,ATL,,,,,,RB/FLEX
97131-86125,WR,Brandon,Brandon Smith,Smith,,,4000,SF@ARI,ARI,SF,,,,,,WR/FLEX
97131-79982,RB,Alex,Alex Armah,Armah,0.4333333174387614,3,4000,WAS@LAR,WAS,LAR,,,,,,RB/FLEX
97131-79987,WR,David,David Moore,Moore,0.800000011920929,2,4000,TB@GB,TB,GB,,,,,,WR/FLEX
97131-63603,WR,Jared,Jared Pinkney,Pinkney,,,4000,CHI@CLE,CHI,CLE,Q,Undisclosed,,,,WR/FLEX
97131-30837,WR,Jordan,Jordan Matthews,Matthews,0,1,4000,ATL@CAR,CAR,ATL,,,,,,WR/FLEX
97131-46200,TE,Daniel,Daniel Brunskill,Brunskill,0,1,4000,HOU@TEN,TEN,HOU,Q,Illness,,,,TE/FLEX
97131-64634,WR,Alex,Alex Bachman,Bachman,,,4000,HOU@TEN,HOU,TEN,,,,,,WR/FLEX
97131-71806,TE,Kaden,Kaden Smith,Smith,,,4000,WAS@LAR,WAS,LAR,,,,,,TE/FLEX
97131-63625,RB,Nyheim,Nyheim Hines,Hines,3.8055555555555554,18,4000,DAL@BUF,BUF,DAL,IR,Knee,,,,RB/FLEX
97131-95370,TE,Ryan,Ryan Miller,Miller,,,4000,TB@GB,TB,GB,,,,,,TE/FLEX
97131-155790,TE,Izaiah,Izaiah Gathings,Gathings,,,4000,KC@NE,KC,NE,,,,,,TE/FLEX
97131-71821,WR,Joe,Joe Reed,Reed,,,4000,CHI@CLE,CHI,CLE,IR,Undisclosed,,,,WR/FLEX
97131-89243,WR,Tre'Shaun,Tre'Shaun Harrison,Harrison,,,4000,HOU@TEN,TEN,HOU,,,,,,WR/FLEX
97131-72863,TE,Armani,Armani Rogers,Rogers,2.3,5,4000,WAS@LAR,WAS,LAR,IR,Achilles,,,,TE/FLEX
97131-89249,RB,Khalan,Khalan Laborn,Laborn,,,4000,SF@ARI,SF,ARI,,,,,,RB/FLEX
97131-86178,TE,Dominique,Dominique Dafney,Dafney,,,4000,TB@GB,TB,GB,Q,Undisclosed,,,,TE/FLEX
97131-61610,RB,Jacques,Jacques Patrick,Patrick,,,4000,HOU@TEN,TEN,HOU,,,,,,RB/FLEX
97131-89265,TE,Camren,Camren McDonald,McDonald,,,4000,WAS@LAR,LAR,WAS,,,,,,TE/FLEX
97131-157875,WR,Grant,Grant DuBose,DuBose,,,4000,TB@GB,GB,TB,,,,,,WR/FLEX
97131-86203,WR,Justin,Justin Shorter,Shorter,,,4000,DAL@BUF,BUF,DAL,IR,Hamstring,,,,WR/FLEX
97131-87233,WR,Bryan,Bryan Thompson,Thompson,,,4000,DAL@BUF,BUF,DAL,,,,,,WR/FLEX
97131-65737,TE,Sam,Sam Tecklenburg,Tecklenburg,,,4000,ATL@CAR,CAR,ATL,,,,,,TE/FLEX
97131-54472,WR,Cam,Cam Sims,Sims,1.0749999682108562,12,4000,ATL@CAR,CAR,ATL,,,,,,WR/FLEX
97131-69836,WR,Collin,Collin Johnson,Johnson,,,4000,CHI@CLE,CHI,CLE,,,,,,WR/FLEX
97131-170188,TE,Tanner,Tanner Conner,Conner,0,2,4000,NYJ@MIA,MIA,NYJ,,,,,,TE/FLEX
97131-149708,TE,Zach,Zach Davidson,Davidson,,,4000,DAL@BUF,BUF,DAL,IR,Undisclosed,,,,TE/FLEX
97131-167117,WR,Tyler,Tyler Hudson,Hudson,,,4000,WAS@LAR,LAR,WAS,,,,,,WR/FLEX
97131-70868,RB,Damarea,Damarea Crockett,Crockett,,,4000,NYJ@MIA,NYJ,MIA,,,,,,RB/FLEX
97131-149727,TE,Bernhard,Bernhard Seikovits,Seikovits,,,4000,SF@ARI,ARI,SF,,,,,,TE/FLEX
97131-137439,WR,Zion,Zion Bowens,Bowens,,,4000,WAS@LAR,WAS,LAR,,,,,,WR/FLEX
97131-86238,TE,Zack,Zack Kuntz,Kuntz,,,4000,NYJ@MIA,NYJ,MIA,,,,,,TE/FLEX
97131-70881,TE,Justin,Justin Rigg,Rigg,,,4000,HOU@TEN,TEN,HOU,,,,,,TE/FLEX
97131-170208,WR,Kaden,Kaden Davis,Davis,,,4000,SF@ARI,ARI,SF,,,,,,WR/FLEX
97131-68835,RB,CJ,CJ Marable,Marable,,,4000,KC@NE,NE,KC,,,,,,RB/FLEX
97131-130274,WR,Isaiah,Isaiah Coulter,Coulter,,,4000,DAL@BUF,BUF,DAL,,,,,,WR/FLEX
97131-170214,WR,Dennis,Dennis Houston,Houston,1.2999999523162842,2,4000,NYG@NO,NYG,NO,,,,,,WR/FLEX
97131-130276,WR,Mason,Mason Kinsey,Kinsey,0,2,4000,HOU@TEN,TEN,HOU,,,,,,WR/FLEX
97131-149742,RB,Nate,Nate McCrary,McCrary,,,4000,CHI@CLE,CLE,CHI,,,,,,RB/FLEX
97131-91373,TE,Joel,Joel Honigford,Honigford,,,4000,SF@ARI,ARI,SF,,,,,,TE/FLEX
97131-90353,WR,Jesse,Jesse Matthews,Matthews,,,4000,HOU@TEN,HOU,TEN,IR,Knee - acl,,,,WR/FLEX
97131-12530,D,Dallas,Dallas Cowboys,Cowboys,11.923076923076923,13,4000,DAL@BUF,DAL,BUF,,,,,,DEF
97131-88313,WR,Brian,Brian Cobbs,Cobbs,,,4000,SF@ARI,ARI,SF,,,,,,WR/FLEX
97131-185599,WR,Colton,Colton Dowell,Dowell,0,3,4000,HOU@TEN,TEN,HOU,,,,,,WR/FLEX
97131-115971,WR,Shaq,Shaq Davis,Davis,,,4000,NYG@NO,NO,NYG,,,,,,WR/FLEX
97131-129291,WR,Tank,Tank Dell,Dell,14.15,10,4000,HOU@TEN,HOU,TEN,IR,Lower leg,,,,WR/FLEX
97131-130317,WR,Juwan,Juwan Green,Green,,,4000,KC@NE,KC,NE,,,,,,WR/FLEX
97131-92432,WR,Jose,Jose Barbon,Barbon,,,4000,DAL@BUF,DAL,BUF,,,,,,WR/FLEX
97131-185627,WR,Jalen,Jalen Sample,Sample,,,4000,WAS@LAR,WAS,LAR,,,,,,WR/FLEX
97131-83226,TE,Kevin,Kevin Rader,Rader,0,1,4000,HOU@TEN,TEN,HOU,,,,,,TE/FLEX
97131-90398,TE,Matt,Matt Bushman,Bushman,,,4000,KC@NE,KC,NE,,,,,,TE/FLEX
97131-60705,WR,Tyron,Tyron Billy-Johnson,Billy-Johnson,0.6499999761581421,2,4000,DAL@BUF,DAL,BUF,,,,,,WR/FLEX
97131-29985,WR,Jaydon,Jaydon Mickens,Mickens,,,4000,NYG@NO,NYG,NO,,,,,,WR/FLEX
97131-68901,RB,Gerrid,Gerrid Doaks,Doaks,,,4000,HOU@TEN,HOU,TEN,,,,,,RB/FLEX
97131-185639,WR,Keilahn,Keilahn Harris,Harris,,,4000,ATL@CAR,ATL,CAR,Q,Undisclosed,,,,WR/FLEX
97131-130343,WR,Jeff,Jeff Cotton Jr.,Cotton Jr.,,,4000,TB@GB,GB,TB,Q,Undisclosed,,,,WR/FLEX
97131-90408,WR,Dax,Dax Milne,Milne,0.8466666539510092,15,4000,WAS@LAR,WAS,LAR,IR,Groin,,,,WR/FLEX
97131-185646,WR,Zay,Zay Malone,Malone,,,4000,ATL@CAR,ATL,CAR,,,,,,WR/FLEX
97131-86316,RB,Chuck,Chuck McClelland,McClelland,,,4000,HOU@TEN,TEN,HOU,,,,,,RB/FLEX
97131-170290,TE,Dre,Dre Miller,Miller,,,4000,TB@GB,GB,TB,,,,,,TE/FLEX
97131-53562,RB,Nick,Nick Chubb,Chubb,10.550000190734863,2,4000,CHI@CLE,CLE,CHI,IR,Knee - acl + mcl,,,,RB/FLEX
97131-102721,WR,Dontario,Dontario Drummond,Drummond,,,4000,DAL@BUF,DAL,BUF,,,,,,WR/FLEX
97131-149827,TE,Nick,Nick Guggemos,Guggemos,,,4000,DAL@BUF,BUF,DAL,,,,,,TE/FLEX
97131-64833,TE,Alize,Alize Mack,Mack,,,4000,HOU@TEN,TEN,HOU,Q,Undisclosed,,,,TE/FLEX
97131-86341,RB,Xazavian,Xazavian Valladay,Valladay,,,4000,NYJ@MIA,NYJ,MIA,,,,,,RB/FLEX
97131-56648,RB,Jeremy,Jeremy McNichols,McNichols,,,4000,SF@ARI,SF,ARI,,,,,,RB/FLEX
97131-91467,TE,Jake,Jake Tonges,Tonges,0,1,4000,SF@ARI,SF,ARI,,,,,,TE/FLEX
97131-73046,WR,Tre,Tre Nixon,Nixon,,,4000,KC@NE,NE,KC,IR,Shoulder,,,,WR/FLEX
97131-91481,WR,Nikko,Nikko Remigio,Remigio,,,4000,KC@NE,KC,NE,IR,Wrist,,,,WR/FLEX
97131-90456,WR,Ty,Ty Scott,Scott,,,4000,KC@NE,KC,NE,,,,,,WR/FLEX
97131-90458,RB,Troy,Troy Hairston,Hairston,0.6285714421953473,7,4000,HOU@TEN,HOU,TEN,IR,Back,,,,RB/FLEX
97131-88421,WR,Daewood,Daewood Davis,Davis,,,4000,NYJ@MIA,MIA,NYJ,Q,Concussion,,,,WR/FLEX
97131-25957,TE,J.P.,J.P. Holtz,Holtz,,,4000,NYG@NO,NO,NYG,,,,,,TE/FLEX
97131-153957,TE,Zaire,Zaire Mitchell-Paden,Mitchell-Paden,,,4000,CHI@CLE,CLE,CHI,,,,,,TE/FLEX
97131-63851,TE,Tyree,Tyree Jackson,Jackson,,,4000,NYG@NO,NYG,NO,,,,,,TE/FLEX
97131-88433,RB,Travis,Travis Dye,Dye,,,4000,NYJ@MIA,NYJ,MIA,,,,,,RB/FLEX
97131-90480,TE,Joel,Joel Wilson,Wilson,,,4000,TB@GB,GB,TB,,,,,,TE/FLEX
97131-90487,WR,Kalil,Kalil Pimpleton,Pimpleton,,,4000,NYG@NO,NYG,NO,,,,,,WR/FLEX
97131-60791,TE,Tommy,Tommy Hudson,Hudson,,,4000,NYG@NO,NO,NYG,,,,,,TE/FLEX
97131-56698,WR,Dante,Dante Pettis,Pettis,3.7133333841959635,15,4000,CHI@CLE,CHI,CLE,Q,Undisclosed,,,,WR/FLEX
97131-45439,WR,Corey,Corey Davis,Davis,6.276922959547776,13,4000,NYJ@MIA,NYJ,MIA,IR,Personal,,,,WR/FLEX
97131-73089,TE,Devin,Devin Asiasi,Asiasi,0.375,4,4000,CHI@CLE,CLE,CHI,,,,,,TE/FLEX
97131-73088,WR,Kekoa,Kekoa Crawford,Crawford,,,4000,KC@NE,KC,NE,Q,Undisclosed,,,,WR/FLEX
97131-156039,WR,Shae,Shae Wyatt,Wyatt,,,4000,SF@ARI,SF,ARI,,,,,,WR/FLEX
97131-70023,WR,Cornell,Cornell Powell,Powell,,,4000,KC@NE,KC,NE,,,,,,WR/FLEX
97131-93577,WR,Dazz,Dazz Newsome,Newsome,,,4000,SF@ARI,SF,ARI,,,,,,WR/FLEX
97131-94600,WR,John,John Stephens Jr.,Stephens Jr.,,,4000,DAL@BUF,DAL,BUF,IR,Knee - acl,,,,WR/FLEX
97131-64907,WR,J.J.,J.J. Arcega-Whiteside,Arcega-Whiteside,,,4000,ATL@CAR,ATL,CAR,,,,,,WR/FLEX
97131-88463,WR,Johnny,Johnny Johnson III,Johnson III,,,4000,HOU@TEN,HOU,TEN,,,,,,WR/FLEX
97131-94606,WR,Taye,Taye Barber,Barber,,,4000,TB@GB,TB,GB,,,,,,WR/FLEX
97131-185747,WR,Cody,Cody Chrest,Chrest,,,4000,TB@GB,GB,TB,,,,,,WR/FLEX
97131-87442,TE,Princeton,Princeton Fant,Fant,,,4000,DAL@BUF,DAL,BUF,,,,,,TE/FLEX
97131-90518,WR,Slade,Slade Bolden,Bolden,,,4000,ATL@CAR,ATL,CAR,,,,,,WR/FLEX
97131-93592,WR,Sam,Sam James,James,,,4000,WAS@LAR,LAR,WAS,,,,,,WR/FLEX
97131-185753,WR,T.J.,T.J. Luther,Luther,,,4000,KC@NE,NE,KC,,,,,,WR/FLEX
97131-90522,TE,Cameron,Cameron Latu,Latu,,,4000,SF@ARI,SF,ARI,IR,Knee - meniscus,,,,TE/FLEX
97131-80289,WR,Kendrick,Kendrick Bourne,Bourne,10.1875,8,4000,KC@NE,NE,KC,IR,Knee - acl,,,,WR/FLEX
97131-93600,WR,Bryce,Bryce Ford-Wheaton,Ford-Wheaton,,,4000,NYG@NO,NYG,NO,IR,Knee,,,,WR/FLEX
97131-111012,WR,Kaylon,Kaylon Geiger Sr.,Geiger Sr.,,,4000,TB@GB,TB,GB,,,,,,WR/FLEX
97131-60838,WR,Andre,Andre Baccellia,Baccellia,0,2,4000,SF@ARI,ARI,SF,,,,,,WR/FLEX
97131-87473,WR,Braydon,Braydon Johnson,Johnson,,,4000,DAL@BUF,BUF,DAL,,,,,,WR/FLEX
97131-185777,TE,Damien,Damien Caffrey,Caffrey,,,4000,CHI@CLE,CHI,CLE,,,,,,TE/FLEX
97131-185782,WR,Thyrick,Thyrick Pitts,Pitts,,,4000,TB@GB,GB,TB,,,,,,WR/FLEX
97131-92606,WR,Bo,Bo Melton,Melton,,,4000,TB@GB,GB,TB,,,,,,WR/FLEX
97131-47551,TE,Mason,Mason Schreck,Schreck,0.800000011920929,2,4000,HOU@TEN,HOU,TEN,,,,,,TE/FLEX
97131-69056,WR,Mathew,Mathew Sexton,Sexton,,,4000,KC@NE,NE,KC,,,,,,WR/FLEX
97131-73161,TE,Chase,Chase Allen,Allen,,,4000,CHI@CLE,CHI,CLE,,,,,,TE/FLEX
97131-113096,WR,Xavier,Xavier Smith,Smith,,,4000,WAS@LAR,LAR,WAS,,,,,,WR/FLEX
97131-88525,WR,Kawaan,Kawaan Baker,Baker,,,4000,NYG@NO,NO,NYG,,,,,,WR/FLEX
97131-117201,WR,Isaiah,Isaiah Winstead,Winstead,,,4000,SF@ARI,SF,ARI,,,,,,WR/FLEX
97131-31184,RB,Jonathan,Jonathan Williams,Williams,2.8375000953674316,8,4000,WAS@LAR,WAS,LAR,,,,,,RB/FLEX
97131-109008,WR,Jalen,Jalen Cropper,Cropper,,,4000,DAL@BUF,DAL,BUF,,,,,,WR/FLEX
97131-90583,WR,Tyrell,Tyrell Shavers,Shavers,,,4000,DAL@BUF,BUF,DAL,,,,,,WR/FLEX
97131-112088,RB,Jerrion,Jerrion Ealy,Ealy,,,4000,KC@NE,KC,NE,,,,,,RB/FLEX
97131-88536,WR,Cephus,Cephus Johnson III,Johnson III,,,4000,TB@GB,TB,GB,,,,,,WR/FLEX
97131-185822,TE,Thomas,Thomas Greaney,Greaney,,,4000,CHI@CLE,CLE,CHI,,,,,,TE/FLEX
97131-103901,WR,Davion,Davion Davis,Davis,,,4000,HOU@TEN,HOU,TEN,,,,,,WR/FLEX
97131-103900,TE,Brandon,Brandon Dillon,Dillon,,,4000,WAS@LAR,WAS,LAR,IR,Undisclosed,,,,TE/FLEX
97131-91612,WR,Matt,Matt Landers,Landers,,,4000,ATL@CAR,CAR,ATL,,,,,,WR/FLEX
97131-185827,RB,Jacob,Jacob Saylors,Saylors,,,4000,ATL@CAR,ATL,CAR,O,Undisclosed,,,,RB/FLEX
97131-88547,WR,Jalen,Jalen Wayne,Wayne,,,4000,CHI@CLE,CLE,CHI,,,,,,WR/FLEX
97131-91618,TE,John,John FitzPatrick,FitzPatrick,0,1,4000,ATL@CAR,ATL,CAR,,,,,,TE/FLEX
97131-112101,WR,Jared,Jared Wayne,Wayne,,,4000,HOU@TEN,HOU,TEN,O,Undisclosed,,,,WR/FLEX
97131-91635,WR,Kearis,Kearis Jackson,Jackson,0,2,4000,HOU@TEN,TEN,HOU,IR,Ankle,,,,WR/FLEX
97131-89586,TE,Tucker,Tucker Fisk,Fisk,0,1,4000,ATL@CAR,ATL,CAR,,,,,,TE/FLEX
97131-70133,RB,Jake,Jake Funk,Funk,2.700000047683716,1,4000,NYJ@MIA,MIA,NYJ,,,,,,RB/FLEX
97131-103930,WR,Derek,Derek Wright,Wright,,,4000,ATL@CAR,CAR,ATL,O,Knee,,,,WR/FLEX
97131-185862,WR,David,David Durden,Durden,,,4000,DAL@BUF,DAL,BUF,IR,Knee - acl,,,,WR/FLEX
97131-103943,WR,Trinity,Trinity Benson,Benson,,,4000,CHI@CLE,CLE,CHI,,,,,,WR/FLEX
97131-62998,TE,Jace,Jace Sternberger,Sternberger,,,4000,DAL@BUF,BUF,DAL,,,,,,TE/FLEX
97131-154139,RB,Clint,Clint Ratkovich,Ratkovich,,,4000,ATL@CAR,ATL,CAR,,,,,,RB/FLEX
97131-89627,WR,Brycen,Brycen Tremayne,Tremayne,,,4000,WAS@LAR,WAS,LAR,,,,,,WR/FLEX
97131-91677,WR,Shi,Shi Smith,Smith,3.1624999046325684,16,4000,HOU@TEN,TEN,HOU,,,,,,WR/FLEX
97131-185887,RB,Ronnie,Ronnie Brown,Brown,,,4000,TB@GB,TB,GB,,,,,,RB/FLEX
97131-91679,WR,Josh,Josh Vann,Vann,,,4000,ATL@CAR,CAR,ATL,,,,,,WR/FLEX
97131-54817,WR,Diontae,Diontae Spencer,Spencer,,,4000,NYJ@MIA,NYJ,MIA,Q,Undisclosed,,,,WR/FLEX
97131-185889,TE,Tanner,Tanner Taula,Taula,,,4000,TB@GB,TB,GB,,,,,,TE/FLEX
97131-14895,TE,Patrick,Patrick Scales,Scales,0,3,4000,CHI@CLE,CHI,CLE,,,,,,TE/FLEX
97131-60977,RB,Ty'Son,Ty'Son Williams,Williams,1,1,4000,SF@ARI,ARI,SF,,,,,,RB/FLEX
97131-60981,TE,Charlie,Charlie Heck,Heck,,,4000,HOU@TEN,HOU,TEN,,,,,,TE/FLEX
97131-57909,RB,Marlon,Marlon Mack,Mack,4.899999891008649,7,4000,SF@ARI,ARI,SF,IR,Achilles,,,,RB/FLEX
97131-60984,TE,Jake,Jake Bargas,Bargas,,,4000,NYG@NO,NO,NYG,,,,,,TE/FLEX
97131-71228,WR,Marquez,Marquez Stevenson,Stevenson,,,4000,ATL@CAR,CAR,ATL,,,,,,WR/FLEX
97131-104008,TE,Stephen,Stephen Carlson,Carlson,0,1,4000,CHI@CLE,CHI,CLE,,,,,,TE/FLEX
97131-54863,WR,C.J.,C.J. Goodwin,Goodwin,,,4000,DAL@BUF,DAL,BUF,IR,Pectoral,,,,WR/FLEX
97131-104019,TE,Matt,Matt Orzech,Orzech,0,1,4000,TB@GB,GB,TB,,,,,,TE/FLEX
97131-87634,TE,Blake,Blake Whiteheart,Whiteheart,0,2,4000,SF@ARI,ARI,SF,,,,,,TE/FLEX
97131-86612,TE,Brayden,Brayden Willis,Willis,0,1,4000,SF@ARI,SF,ARI,,,,,,TE/FLEX
97131-63061,WR,Gary,Gary Jennings,Jennings,,,4000,ATL@CAR,CAR,ATL,,,,,,WR/FLEX
97131-55895,TE,Kendall,Kendall Blanton,Blanton,2.25,2,4000,KC@NE,KC,NE,,,,,,TE/FLEX
97131-104025,RB,John,John Lovett,Lovett,,,4000,NYJ@MIA,MIA,NYJ,Q,Undisclosed,,,,RB/FLEX
97131-186983,WR,Jadakis,Jadakis Bonds,Bonds,,,4000,TB@GB,GB,TB,,,,,,WR/FLEX
97131-66155,TE,Michael,Michael Jacobson,Jacobson,,,4000,NYG@NO,NO,NYG,,,,,,TE/FLEX
97131-186991,WR,Jerome,Jerome Kapp,Kapp,,,4000,NYJ@MIA,NYJ,MIA,,,,,,WR/FLEX
97131-95854,WR,Montrell,Montrell Washington,Washington,0,4,4000,KC@NE,KC,NE,,,,,,WR/FLEX
97131-87662,WR,Anthony,Anthony Schwartz,Schwartz,2.7999998728434243,6,4000,NYJ@MIA,MIA,NYJ,,,,,,WR/FLEX
97131-55941,RB,Patrick,Patrick Laird,Laird,,,4000,TB@GB,TB,GB,,,,,,RB/FLEX
97131-93845,WR,Tay,Tay Martin,Martin,,,4000,SF@ARI,SF,ARI,,,,,,WR/FLEX
97131-86678,TE,Ryan,Ryan Jones,Jones,,,4000,NYG@NO,NYG,NO,,,,,,TE/FLEX
97131-86692,TE,Thomas,Thomas Odukoya,Odukoya,,,4000,HOU@TEN,TEN,HOU,,,,,,TE/FLEX
97131-104102,TE,Leroy,Leroy Watson IV,Watson IV,0,1,4000,CHI@CLE,CLE,CHI,,,,,,TE/FLEX
97131-91823,RB,Ronald,Ronald Awatt,Awatt,,,4000,SF@ARI,SF,ARI,,,,,,RB/FLEX
97131-7856,WR,Matthew,Matthew Slater,Slater,0,2,4000,KC@NE,NE,KC,Q,Groin,,,,WR/FLEX
97131-87731,WR,Dominique,Dominique Robinson,Robinson,0,3,4000,CHI@CLE,CHI,CLE,,,,,,WR/FLEX
97131-85687,WR,Jontre,Jontre Kirklin,Kirklin,,,4000,NYG@NO,NO,NYG,,,,,,WR/FLEX
97131-69303,WR,Freddie,Freddie Swain,Swain,3.133333206176758,3,4000,NYJ@MIA,MIA,NYJ,,,,,,WR/FLEX
97131-69302,TE,Feleipe,Feleipe Franks,Franks,0,2,4000,ATL@CAR,ATL,CAR,IR,Undisclosed,,,,TE/FLEX
97131-71359,WR,Javon,Javon Wims,Wims,,,4000,ATL@CAR,CAR,ATL,,,,,,WR/FLEX
97131-71367,RB,La'Mical,La'Mical Perine,Perine,0.10000000149011612,1,4000,KC@NE,KC,NE,,,,,,RB/FLEX
97131-88776,WR,Ty,Ty Fryfogle,Fryfogle,,,4000,KC@NE,KC,NE,,,,,,WR/FLEX
97131-63189,TE,Hunter,Hunter Thedford,Thedford,,,4000,CHI@CLE,CLE,CHI,,,,,,TE/FLEX
97131-89814,TE,Gerrit,Gerrit Prince,Prince,,,4000,KC@NE,KC,NE,O,Undisclosed,,,,TE/FLEX
97131-89817,WR,Austin,Austin Watkins Jr.,Watkins Jr.,,,4000,CHI@CLE,CLE,CHI,,,,,,WR/FLEX
97131-88793,RB,Stevie,Stevie Scott,Scott,,,4000,SF@ARI,ARI,SF,,,,,,RB/FLEX
97131-86747,WR,Dylan,Dylan Drummond,Drummond,,,4000,NYG@NO,NYG,NO,,,,,,WR/FLEX
97131-71386,TE,Jordan,Jordan Thomas,Thomas,0,1,4000,ATL@CAR,CAR,ATL,,,,,,TE/FLEX
97131-147168,WR,Chris,Chris Blair,Blair,,,4000,ATL@CAR,ATL,CAR,,,,,,WR/FLEX
97131-64242,WR,Keke,Keke Coutee,Coutee,0.07142857142857142,7,4000,NYJ@MIA,MIA,NYJ,,,,,,WR/FLEX
97131-54010,RB,Brian,Brian Hill,Hill,,,4000,SF@ARI,SF,ARI,,,,,,RB/FLEX
97131-85759,TE,Curtis,Curtis Hodges,Hodges,0,1,4000,WAS@LAR,WAS,LAR,IR,Back,,,,TE/FLEX
97131-152320,RB,Tiyon,Tiyon Evans,Evans,,,4000,ATL@CAR,CAR,ATL,,,,,,RB/FLEX
97131-85762,RB,Eno,Eno Benjamin,Benjamin,5.93076911339393,13,4000,NYG@NO,NO,NYG,IR,Achilles,,,,RB/FLEX
97131-91912,WR,Chase,Chase Cota,Cota,,,4000,HOU@TEN,HOU,TEN,,,,,,WR/FLEX
97131-91923,WR,Kazmeir,Kazmeir Allen,Allen,,,4000,WAS@LAR,WAS,LAR,,,,,,WR/FLEX
97131-114465,TE,Christian,Christian Sims,Sims,,,4000,WAS@LAR,LAR,WAS,,,,,,TE/FLEX
97131-86839,TE,Jack,Jack Coco,Coco,,,4000,SF@ARI,ARI,SF,,,,,,TE/FLEX
97131-174907,WR,Sy,Sy Barnett,Barnett,,,4000,NYG@NO,NO,NYG,,,,,,WR/FLEX
97131-91960,WR,Chris,Chris Coleman,Coleman,,,4000,NYJ@MIA,MIA,NYJ,,,,,,WR/FLEX
97131-92990,RB,Hassan,Hassan Hall,Hall,,,4000,NYG@NO,NYG,NO,,,,,,RB/FLEX
97131-90952,WR,Kade,Kade Warner,Warner,,,4000,TB@GB,TB,GB,,,,,,WR/FLEX
97131-87882,WR,Daniel,Daniel Arias,Arias,,,4000,SF@ARI,ARI,SF,,,,,,WR/FLEX
97131-73551,WR,Stantley,Stantley Thomas-Oliver III,Thomas-Oliver III,,,4000,NYG@NO,NYG,NO,,,,,,WR/FLEX
97131-64339,WR,Auden,Auden Tate,Tate,,,4000,SF@ARI,ARI,SF,,,,,,WR/FLEX
97131-91989,RB,Jordan,Jordan Mims,Mims,,,4000,NYG@NO,NO,NYG,,,,,,RB/FLEX
97131-93016,RB,B.J.,B.J. Baylor,Baylor,,,4000,ATL@CAR,ATL,CAR,,,,,,RB/FLEX
97131-90971,TE,Austin,Austin Allen,Allen,,,4000,TB@GB,GB,TB,,,,,,TE/FLEX
97131-64350,WR,Jeff,Jeff Smith,Smith,2.4857142312186107,7,4000,SF@ARI,ARI,SF,,,,,,WR/FLEX
97131-57208,WR,KeeSean,KeeSean Johnson,Johnson,,,4000,DAL@BUF,BUF,DAL,,,,,,WR/FLEX
97131-63360,WR,Antonio,Antonio Callaway,Callaway,,,4000,DAL@BUF,DAL,BUF,,,,,,WR/FLEX
97131-41867,RB,Jordan,Jordan Wilkins,Wilkins,0,1,4000,CHI@CLE,CLE,CHI,,,,,,RB/FLEX
97131-89997,WR,Michael,Michael Woods II,Woods II,1.0833333333333333,6,4000,CHI@CLE,CLE,CHI,IR,Achilles,,,,WR/FLEX
97131-45964,WR,Marcus,Marcus Kemp,Kemp,1.7999999523162842,1,4000,WAS@LAR,WAS,LAR,,,,,,WR/FLEX
97131-69516,TE,Miller,Miller Forristall,Forristall,0,1,4000,WAS@LAR,LAR,WAS,,,,,,TE/FLEX
97131-128912,WR,Mitchell,Mitchell Tinsley,Tinsley,0,1,4000,WAS@LAR,WAS,LAR,,,,,,WR/FLEX
97131-94099,RB,Robert,Robert Burns,Burns,,,4000,CHI@CLE,CHI,CLE,,,,,,RB/FLEX
97131-141201,WR,Raleigh,Raleigh Webb,Webb,,,4000,TB@GB,TB,GB,,,,,,WR/FLEX
97131-56212,TE,Tommy,Tommy Sweeney,Sweeney,0,1,4000,NYG@NO,NYG,NO,Q,Illness,,,,TE/FLEX
97131-64405,WR,Dan,Dan Chisena,Chisena,,,4000,SF@ARI,ARI,SF,,,,,,WR/FLEX
97131-64408,TE,Nick,Nick Bowers,Bowers,,,4000,NYJ@MIA,MIA,NYJ,,,,,,TE/FLEX
97131-88995,WR,Reggie,Reggie Roberson Jr.,Roberson Jr.,,,4000,HOU@TEN,TEN,HOU,,,,,,WR/FLEX
97131-94118,WR,Mike,Mike Harley Jr.,Harley Jr.,,,4000,CHI@CLE,CLE,CHI,,,,,,WR/FLEX
97131-85932,RB,Isaiah,Isaiah Bowser,Bowser,,,4000,DAL@BUF,BUF,DAL,,,,,,RB/FLEX
97131-85944,WR,Kyric,Kyric McGowan,McGowan,,,4000,WAS@LAR,WAS,LAR,,,,,,WR/FLEX
97131-92093,WR,Jaelon,Jaelon Darden,Darden,0,1,4000,CHI@CLE,CLE,CHI,,,,,,WR/FLEX
97131-187324,WR,Ed,Ed Lee,Lee,,,4000,KC@NE,NE,KC,,,,,,WR/FLEX
97131-32703,WR,Jakeem,Jakeem Grant Sr.,Grant Sr.,,,4000,CHI@CLE,CLE,CHI,IR,Kneecap,,,,WR/FLEX
97131-89029,TE,Chris,Chris Pierce Jr.,Pierce Jr.,,,4000,ATL@CAR,CAR,ATL,,,,,,TE/FLEX
97131-169937,WR,Lance,Lance McCutcheon,McCutcheon,0,2,4000,NYJ@MIA,NYJ,MIA,,,,,,WR/FLEX
97131-30678,WR,Damiere,Damiere Byrd,Byrd,0,1,4000,ATL@CAR,ATL,CAR,,,,,,WR/FLEX
97131-63447,WR,Penny,Penny Hart,Hart,1.1666666666666667,3,4000,ATL@CAR,ATL,CAR,Q,Concussion,,,,WR/FLEX
97131-72665,TE,Kenny,Kenny Yeboah,Yeboah,,,4000,NYJ@MIA,NYJ,MIA,,,,,,TE/FLEX
97131-54239,TE,Matt,Matt Sokol,Sokol,,,4000,KC@NE,NE,KC,,,,,,TE/FLEX
97131-96224,TE,Lachlan,Lachlan Pitts,Pitts,,,4000,CHI@CLE,CHI,CLE,,,,,,TE/FLEX
97131-41954,WR,Victor,Victor Bolden,Bolden,,,4000,HOU@TEN,HOU,TEN,,,,,,WR/FLEX
97131-85994,TE,Dalton,Dalton Keene,Keene,,,4000,HOU@TEN,HOU,TEN,,,,,,TE/FLEX
97131-71661,WR,Tino,Tino Ellis,Ellis,,,4000,NYJ@MIA,MIA,NYJ,Q,Undisclosed,,,,WR/FLEX
97131-14319,RB,Taiwan,Taiwan Jones,Jones,-1,2,4000,NYG@NO,NYG,NO,,,,,,RB/FLEX
97131-63479,RB,John,John Kelly Jr.,Kelly Jr.,,,4000,CHI@CLE,CLE,CHI,,,,,,RB/FLEX
97131-12556,D,Houston,Houston Texans,Texans,6.615384615384615,13,3900,HOU@TEN,HOU,TEN,,,,,,DEF
97131-12526,D,Buffalo,Buffalo Bills,Bills,9,13,3800,DAL@BUF,BUF,DAL,,,,,,DEF
97131-12551,D,Tampa Bay,Tampa Bay Buccaneers,Buccaneers,7.384615384615385,13,3700,TB@GB,TB,GB,,,,,,DEF
97131-12544,D,New York,New York Jets,Jets,9,13,3600,NYJ@MIA,NYJ,MIA,,,,,,DEF
97131-12543,D,New York,New York Giants,Giants,6.6923076923076925,13,3500,NYG@NO,NYG,NO,,,,,,DEF
97131-12552,D,Washington,Washington Commanders,Commanders,3.6923076923076925,13,3400,WAS@LAR,WAS,LAR,,,,,,DEF
97131-12553,D,Carolina,Carolina Panthers,Panthers,4.076923076923077,13,3300,ATL@CAR,CAR,ATL,,,,,,DEF
97131-12541,D,New England,New England Patriots,Patriots,5.769230769230769,13,3200,KC@NE,NE,KC,,,,,,DEF
97131-12546,D,Arizona,Arizona Cardinals,Cardinals,4.923076923076923,13,3000,SF@ARI,ARI,SF,,,,,,DEF