Id,Position,First Name,Nickname,Last Name,FPPG,Played,Salary,Game,Team,Opponent,Injury Indicator,Injury Details,Tier,,,Roster Position
83704-39280,RB,Derrick,Derrick Henry,Henry,19.405999755859376,10,9500,CIN@TEN,TEN,CIN,,,,,,RB/FLEX
83704-53681,WR,Tyreek,Tyreek Hill,Hill,18.18000030517578,10,9200,HOU@MIA,MIA,HOU,,,,,,WR/FLEX
83704-55050,RB,Christian,Christian McCaffrey,McCaffrey,17.475999450683595,10,9200,NO@SF,SF,NO,,,,,,RB/FLEX
83704-57439,QB,Patrick,Patrick Mahomes,Mahomes,26.939999389648438,10,9000,LAR@KC,KC,LAR,,,,,,QB
83704-45889,WR,Davante,Davante Adams,Adams,18.439999389648438,10,9000,LV@SEA,LV,SEA,,,,,,WR/FLEX
83704-80001,RB,Austin,Austin Ekeler,Ekeler,19.560000610351562,10,8800,LAC@ARI,LAC,ARI,,,,,,RB/FLEX
83704-85701,WR,Ja'Marr,Ja'Marr Chase,Chase,16.885713849748885,7,8800,CIN@TEN,CIN,TEN,Q,Hip,,,,WR/FLEX
83704-72731,RB,Josh,Josh Jacobs,Jacobs,17.710000610351564,10,8700,LV@SEA,LV,SEA,Q,Calf,,,,RB/FLEX
83704-63336,QB,Joe,Joe Burrow,Burrow,23.41999969482422,10,8600,CIN@TEN,CIN,TEN,,,,,,QB
83704-91591,QB,Justin,Justin Fields,Fields,21.37090925736861,11,8500,CHI@NYJ,CHI,NYJ,Q,Shoulder - ac joint,,,,QB
83704-16606,WR,DeAndre,DeAndre Hopkins,Hopkins,16.639999389648438,5,8400,LAC@ARI,ARI,LAC,,,,,,WR/FLEX
83704-103342,RB,Kenneth,Kenneth Walker III,Walker III,13.333333333333334,9,8400,LV@SEA,SEA,LV,,,,,,RB/FLEX
83704-90572,QB,Tua,Tua Tagovailoa,Tagovailoa,20.387500762939453,8,8300,HOU@MIA,MIA,HOU,,,,,,QB
83704-33076,TE,Travis,Travis Kelce,Kelce,18.85,10,8200,LAR@KC,KC,LAR,,,,,,TE/FLEX
83704-63115,QB,Lamar,Lamar Jackson,Jackson,21.867999267578124,10,8200,BAL@JAC,BAL,JAC,,,,,,QB
83704-89981,WR,Tee,Tee Higgins,Higgins,12.688888549804688,9,8200,CIN@TEN,CIN,TEN,,,,,,WR/FLEX
83704-53562,RB,Nick,Nick Chubb,Chubb,17.98999938964844,10,8100,TB@CLE,CLE,TB,,,,,,RB/FLEX
83704-90573,WR,Jaylen,Jaylen Waddle,Waddle,14.9,10,8100,HOU@MIA,MIA,HOU,,,,,,WR/FLEX
83704-52442,RB,Joe,Joe Mixon,Mixon,16.039999389648436,10,8000,CIN@TEN,CIN,TEN,O,Concussion,,,,RB/FLEX
83704-89956,RB,Travis,Travis Etienne Jr.,Etienne Jr.,12.769999694824218,10,8000,BAL@JAC,JAC,BAL,,,,,,RB/FLEX
83704-69189,QB,Justin,Justin Herbert,Herbert,17.11999969482422,10,7900,LAC@ARI,LAC,ARI,,,,,,QB
83704-31001,WR,Amari,Amari Cooper,Cooper,13.580000305175782,10,7800,TB@CLE,CLE,TB,,,,,,WR/FLEX
83704-63484,QB,Kyler,Kyler Murray,Murray,20.068888346354168,9,7800,LAC@ARI,ARI,LAC,,,,,,QB
83704-55552,RB,Jeff,Jeff Wilson Jr.,Wilson Jr.,10.490000152587891,10,7700,HOU@MIA,MIA,HOU,,,,,,RB/FLEX
83704-60858,WR,Christian,Christian Kirk,Kirk,13.510000610351563,10,7700,BAL@JAC,JAC,BAL,,,,,,WR/FLEX
83704-32384,WR,Mike,Mike Evans,Evans,12.177777608235678,9,7600,TB@CLE,TB,CLE,,,,,,WR/FLEX
83704-26483,QB,Geno,Geno Smith,Smith,18.675999450683594,10,7600,LV@SEA,SEA,LV,,,,,,QB
83704-73273,RB,David,David Montgomery,Montgomery,9.55,10,7500,CHI@NYJ,CHI,NYJ,,,,,,RB/FLEX
83704-56250,WR,Terry,Terry McLaurin,McLaurin,10.672727411443537,11,7500,ATL@WAS,WAS,ATL,,,,,,WR/FLEX
83704-6498,QB,Tom,Tom Brady,Brady,15.539999389648438,10,7400,TB@CLE,TB,CLE,,,,,,QB
83704-27050,WR,Tyler,Tyler Lockett,Lockett,11.7,10,7400,LV@SEA,SEA,LV,,,,,,WR/FLEX
83704-52436,TE,Mark,Mark Andrews,Andrews,12.200000339084202,9,7300,BAL@JAC,BAL,JAC,,,,,,TE/FLEX
83704-29253,WR,Keenan,Keenan Allen,Allen,6.866666793823242,3,7300,LAC@ARI,LAC,ARI,,,,,,WR/FLEX
83704-87770,WR,Chris,Chris Olave,Olave,11.95,10,7300,NO@SF,NO,SF,,,,,,WR/FLEX
83704-45859,QB,Derek,Derek Carr,Carr,15.910000610351563,10,7300,LV@SEA,LV,SEA,,,,,,QB
83704-73048,WR,DK,DK Metcalf,Metcalf,10.20999984741211,10,7200,LV@SEA,SEA,LV,,,,,,WR/FLEX
83704-52922,RB,Leonard,Leonard Fournette,Fournette,13.419999694824218,10,7200,TB@CLE,TB,CLE,O,Hip,,,,RB/FLEX
83704-57403,WR,Courtland,Courtland Sutton,Sutton,9.080000305175782,10,7100,DEN@CAR,DEN,CAR,,,,,,WR/FLEX
83704-42104,RB,Alvin,Alvin Kamara,Kamara,13.899999830457899,9,7100,NO@SF,NO,SF,,,,,,RB/FLEX
83704-21948,QB,Ryan,Ryan Tannehill,Tannehill,13.899999618530273,8,7100,CIN@TEN,TEN,CIN,,,,,,QB
83704-55635,WR,Chris,Chris Godwin,Godwin,9.75,8,7000,TB@CLE,TB,CLE,,,,,,WR/FLEX
83704-86687,WR,Marquise,Marquise Brown,Brown,14.666666666666666,6,7000,LAC@ARI,ARI,LAC,,,,,,WR/FLEX
83704-29358,QB,Marcus,Marcus Mariota,Mariota,16.30181884765625,11,7000,ATL@WAS,ATL,WAS,,,,,,QB
83704-40687,RB,James,James Conner,Conner,10.837499618530273,8,7000,LAC@ARI,ARI,LAC,,,,,,RB/FLEX
83704-86055,RB,Dameon,Dameon Pierce,Pierce,12.55,10,6900,HOU@MIA,HOU,MIA,,,,,,RB/FLEX
83704-30231,QB,Jacoby,Jacoby Brissett,Brissett,16.002000427246095,10,6900,TB@CLE,CLE,TB,,,,,,QB
83704-56018,WR,Deebo,Deebo Samuel,Samuel,12.166666666666666,9,6900,NO@SF,SF,NO,Q,Hamstring,,,,WR/FLEX
83704-89951,QB,Trevor,Trevor Lawrence,Lawrence,16.716000366210938,10,6900,BAL@JAC,JAC,BAL,,,,,,QB
83704-39829,WR,Mike,Mike Williams,Williams,11,8,6900,LAC@ARI,LAC,ARI,O,Ankle,,,,WR/FLEX
83704-30733,RB,Cordarrelle,Cordarrelle Patterson,Patterson,12.571428571428571,7,6800,ATL@WAS,ATL,WAS,,,,,,RB/FLEX
83704-54604,QB,Jimmy,Jimmy Garoppolo,Garoppolo,17.028888278537327,9,6800,NO@SF,SF,NO,,,,,,QB
83704-87418,WR,Joshua,Joshua Palmer,Palmer,10.055555555555555,9,6800,LAC@ARI,LAC,ARI,,,,,,WR/FLEX
83704-28643,WR,Allen,Allen Robinson II,Robinson II,6.840000152587891,10,6800,LAR@KC,LAR,KC,Q,Ankle,,,,WR/FLEX
83704-22015,QB,Russell,Russell Wilson,Wilson,14.620000203450521,9,6700,DEN@CAR,DEN,CAR,,,,,,QB
83704-55830,RB,D'Onta,D'Onta Foreman,Foreman,7.55,10,6700,DEN@CAR,CAR,DEN,,,,,,RB/FLEX
83704-40669,WR,Tyler,Tyler Boyd,Boyd,10.431999969482423,10,6700,CIN@TEN,CIN,TEN,,,,,,WR/FLEX
83704-85798,WR,Brandon,Brandon Aiyuk,Aiyuk,11.640000152587891,10,6700,NO@SF,SF,NO,,,,,,WR/FLEX
83704-14225,QB,Andy,Andy Dalton,Dalton,15.619999885559082,8,6700,NO@SF,NO,SF,,,,,,QB
83704-52451,RB,Samaje,Samaje Perine,Perine,6.909999847412109,10,6600,CIN@TEN,CIN,TEN,,,,,,RB/FLEX
83704-60787,QB,Bryce,Bryce Perkins,Perkins,3.369999885559082,2,6600,LAR@KC,LAR,KC,,,,,,QB
83704-6654,QB,Matthew,Matthew Stafford,Stafford,12.93111080593533,9,6600,LAR@KC,LAR,KC,O,Neck,,,,QB
83704-89628,QB,Davis,Davis Mills,Mills,12.655999755859375,10,6600,HOU@MIA,HOU,MIA,,,,,,QB
83704-55987,WR,JuJu,JuJu Smith-Schuster,Smith-Schuster,10.5,9,6600,LAR@KC,KC,LAR,,,,,,WR/FLEX
83704-56192,QB,John,John Wolford,Wolford,9.779999732971191,1,6600,LAR@KC,LAR,KC,,,,,,QB
83704-53331,QB,Taylor,Taylor Heinicke,Heinicke,13.48800048828125,5,6500,ATL@WAS,WAS,ATL,,,,,,QB
83704-40167,RB,Gus,Gus Edwards,Edwards,12.550000190734863,2,6500,BAL@JAC,BAL,JAC,Q,Hamstring,,,,RB/FLEX
83704-92413,RB,Elijah,Elijah Mitchell,Mitchell,6.433333079020183,3,6500,NO@SF,SF,NO,,,,,,RB/FLEX
83704-30989,RB,Kenyan,Kenyan Drake,Drake,9.212499618530273,8,6500,BAL@JAC,BAL,JAC,,,,,,RB/FLEX
83704-90406,QB,Zach,Zach Wilson,Wilson,11.751428876604352,7,6500,CHI@NYJ,NYJ,CHI,,,,,,QB
83704-52613,WR,Curtis,Curtis Samuel,Samuel,10.045454545454545,11,6500,ATL@WAS,WAS,ATL,,,,,,WR/FLEX
83704-45565,TE,Taysom,Taysom Hill,Hill,8.859999847412109,10,6500,NO@SF,NO,SF,,,,,,TE/FLEX
83704-70324,QB,Carson,Carson Wentz,Wentz,17.24333318074544,6,6500,ATL@WAS,WAS,ATL,IR,Finger,,,,QB
83704-63589,QB,Sam,Sam Darnold,Darnold,14.18999989827474,12,6400,DEN@CAR,CAR,DEN,,,,,,QB
83704-11500,QB,Colt,Colt McCoy,McCoy,11.119999885559082,2,6400,LAC@ARI,ARI,LAC,,,,,,QB
83704-41535,QB,Baker,Baker Mayfield,Mayfield,11.388571602957589,7,6400,DEN@CAR,CAR,DEN,,,,,,QB
83704-137902,RB,Rachaad,Rachaad White,White,4.970000076293945,10,6400,TB@CLE,TB,CLE,,,,,,RB/FLEX
83704-29501,WR,Brandin,Brandin Cooks,Cooks,8.01111094156901,9,6400,HOU@MIA,HOU,MIA,,,,,,WR/FLEX
83704-41827,QB,P.J.,P.J. Walker,Walker,7.023333231608073,6,6400,DEN@CAR,CAR,DEN,D,Ankle,,,,QB
83704-28744,RB,Raheem,Raheem Mostert,Mostert,9.86999969482422,10,6300,HOU@MIA,MIA,HOU,D,Knee,,,,RB/FLEX
83704-24849,QB,Jameis,Jameis Winston,Winston,16.306666056315105,3,6300,NO@SF,NO,SF,,,,,,QB
83704-91426,WR,Donovan,Donovan Peoples-Jones,Peoples-Jones,8.19000015258789,10,6300,TB@CLE,CLE,TB,,,,,,WR/FLEX
83704-92575,RB,Isiah,Isiah Pacheco,Pacheco,4.540000152587891,10,6300,LAR@KC,KC,LAR,,,,,,RB/FLEX
83704-85741,RB,Clyde,Clyde Edwards-Helaire,Edwards-Helaire,8.980000305175782,10,6300,LAR@KC,KC,LAR,IR,Ankle,,,,RB/FLEX
83704-28434,QB,Trevor,Trevor Siemian,Siemian,0.20000000298023224,1,6300,CHI@NYJ,CHI,NYJ,,,,,,QB
83704-130288,RB,James,James Robinson,Robinson,8.20999984741211,10,6200,CHI@NYJ,NYJ,CHI,,,,,,RB/FLEX
83704-93539,RB,Michael,Michael Carter,Carter,8.530000305175781,10,6200,CHI@NYJ,NYJ,CHI,,,,,,RB/FLEX
83704-38264,WR,Demarcus,Demarcus Robinson,Robinson,5.166666666666667,9,6200,BAL@JAC,BAL,JAC,Q,Hip,,,,WR/FLEX
83704-34331,RB,Latavius,Latavius Murray,Murray,10.5,6,6200,DEN@CAR,DEN,CAR,,,,,,RB/FLEX
83704-6714,QB,Joe,Joe Flacco,Flacco,15.879999796549479,3,6200,CHI@NYJ,NYJ,CHI,,,,,,QB
83704-63043,WR,DJ,DJ Moore,Moore,8.4636362249201,11,6200,DEN@CAR,CAR,DEN,,,,,,WR/FLEX
83704-40534,QB,Mike,Mike White,White,13.005000114440918,4,6200,CHI@NYJ,NYJ,CHI,,,,,,QB
83704-39793,TE,George,George Kittle,Kittle,10.112500190734863,8,6200,NO@SF,SF,NO,,,,,,TE/FLEX
83704-56286,QB,Trace,Trace McSorley,McSorley,2.2200000286102295,2,6200,LAC@ARI,ARI,LAC,Q,Illness,,,,QB
83704-86052,WR,Kadarius,Kadarius Toney,Toney,4.5,5,6100,LAR@KC,KC,LAR,O,Hamstring,,,,WR/FLEX
83704-30761,QB,Nathan,Nathan Peterman,Peterman,0.20000000298023224,1,6100,CHI@NYJ,CHI,NYJ,,,,,,QB
83704-112745,WR,Drake,Drake London,London,7.672727411443537,11,6100,ATL@WAS,ATL,WAS,,,,,,WR/FLEX
83704-39034,QB,Kurt,Kurt Benkert,Benkert,-0.10000000149011612,1,6100,NO@SF,SF,NO,,,,,,QB
83704-69777,WR,Darnell,Darnell Mooney,Mooney,7.409090909090909,11,6100,CHI@NYJ,CHI,NYJ,,,,,,WR/FLEX
83704-86278,QB,Desmond,Desmond Ridder,Ridder,,,6100,ATL@WAS,ATL,WAS,,,,,,QB
83704-27986,QB,C.J.,C.J. Beathard,Beathard,-0.10000000149011612,1,6100,BAL@JAC,JAC,BAL,,,,,,QB
83704-70051,QB,Tyler,Tyler Huntley,Huntley,12.377142769949776,7,6100,BAL@JAC,BAL,JAC,,,,,,QB
83704-31170,QB,Brandon,Brandon Allen,Allen,0.7799999713897705,1,6100,CIN@TEN,CIN,TEN,,,,,,QB
83704-90562,RB,Brian,Brian Robinson Jr.,Robinson Jr.,7.271428789411273,7,6100,ATL@WAS,WAS,ATL,,,,,,RB/FLEX
83704-40407,QB,Joshua,Joshua Dobbs,Dobbs,,,6100,TB@CLE,CLE,TB,,,,,,QB
83704-33259,QB,Teddy,Teddy Bridgewater,Bridgewater,7.994999885559082,4,6100,HOU@MIA,MIA,HOU,Q,Knee,,,,QB
83704-60947,QB,Jarrett,Jarrett Stidham,Stidham,2.880000114440918,1,6100,LV@SEA,LV,SEA,,,,,,QB
83704-64051,QB,Drew,Drew Lock,Lock,8.896666844685873,6,6100,LV@SEA,SEA,LV,,,,,,QB
83704-8803,QB,Chase,Chase Daniel,Daniel,0,1,6100,LAC@ARI,LAC,ARI,,,,,,QB
83704-87691,QB,Malik,Malik Willis,Willis,1.7599999904632568,4,6100,CIN@TEN,TEN,CIN,,,,,,QB
83704-69294,QB,Skylar,Skylar Thompson,Thompson,2.926666577657064,3,6100,HOU@MIA,MIA,HOU,,,,,,QB
83704-61157,QB,Brett,Brett Rypien,Rypien,8.899999618530273,1,6100,DEN@CAR,DEN,CAR,,,,,,QB
83704-90933,RB,Antonio,Antonio Gibson,Gibson,11.027273004705256,11,6100,ATL@WAS,WAS,ATL,,,,,,RB/FLEX
83704-53095,QB,Kyle,Kyle Allen,Allen,3.950000047683716,2,6100,HOU@MIA,HOU,MIA,,,,,,QB
83704-14194,QB,Blaine,Blaine Gabbert,Gabbert,0.33000000317891437,6,6100,TB@CLE,TB,CLE,,,,,,QB
83704-29715,QB,Kevin,Kevin Hogan,Hogan,,,6000,HOU@MIA,HOU,MIA,,,,,,QB
83704-62566,QB,Travis,Travis Jonsen,Jonsen,,,6000,TB@CLE,TB,CLE,,,,,,QB
83704-104576,QB,Sam,Sam Howell,Howell,,,6000,ATL@WAS,WAS,ATL,,,,,,QB
83704-68741,QB,Brandon,Brandon Peters,Peters,,,6000,LAC@ARI,LAC,ARI,,,,,,QB
83704-103564,WR,Garrett,Garrett Wilson,Wilson,8.780000305175781,10,6000,CHI@NYJ,NYJ,CHI,,,,,,WR/FLEX
83704-149696,QB,Trey,Trey Lance,Lance,6.730000019073486,2,6000,NO@SF,SF,NO,IR,Ankle,,,,QB
83704-69833,QB,Shane,Shane Buechele,Buechele,,,6000,LAR@KC,KC,LAR,,,,,,QB
83704-45259,QB,Logan,Logan Woodside,Woodside,-0.15000000596046448,4,6000,CIN@TEN,TEN,CIN,,,,,,QB
83704-92362,QB,Levi,Levi Lewis,Lewis,,,6000,LV@SEA,SEA,LV,,,,,,QB
83704-29915,QB,Brett,Brett Hundley,Hundley,,,6000,NO@SF,NO,SF,,,,,,QB
83704-130269,QB,Reid,Reid Sinnett,Sinnett,,,6000,HOU@MIA,MIA,HOU,,,,,,QB
83704-93408,WR,Rondale,Rondale Moore,Moore,8.425000190734863,8,6000,LAC@ARI,ARI,LAC,O,Groin,,,,WR/FLEX
83704-170252,QB,Felix,Felix Harper,Harper,,,6000,TB@CLE,CLE,TB,,,,,,QB
83704-91419,WR,Nico,Nico Collins,Collins,7.525000095367432,8,6000,HOU@MIA,HOU,MIA,,,,,,WR/FLEX
83704-84287,QB,Luis,Luis Perez,Perez,,,6000,LAR@KC,LAR,KC,,,,,,QB
83704-91468,QB,Chase,Chase Garbers,Garbers,,,6000,LV@SEA,LV,SEA,,,,,,QB
83704-103824,QB,Easton,Easton Stick,Stick,,,6000,LAC@ARI,LAC,ARI,,,,,,QB
83704-71077,QB,Cole,Cole Kelley,Kelley,,,6000,ATL@WAS,WAS,ATL,,,,,,QB
83704-60840,QB,Jake,Jake Browning,Browning,,,6000,CIN@TEN,CIN,TEN,,,,,,QB
83704-90561,WR,Jerry,Jerry Jeudy,Jeudy,8.666666666666666,9,6000,DEN@CAR,DEN,CAR,O,Ankle,,,,WR/FLEX
83704-91639,QB,Jake,Jake Fromm,Fromm,4.633333206176758,3,6000,ATL@WAS,WAS,ATL,,,,,,QB
83704-30253,QB,Jeff,Jeff Driskel,Driskel,0.75,2,6000,HOU@MIA,HOU,MIA,,,,,,QB
83704-72241,QB,Drew,Drew Plitt,Plitt,,,6000,CIN@TEN,CIN,TEN,,,,,,QB
83704-88630,QB,Matt,Matt Corral,Corral,,,6000,DEN@CAR,CAR,DEN,IR,Foot,,,,QB
83704-71232,QB,D'Eriq,D'Eriq King,King,,,6000,DEN@CAR,CAR,DEN,,,,,,QB
83704-71242,QB,Jarrett,Jarrett Guarantano,Guarantano,,,6000,LAC@ARI,ARI,LAC,,,,,,QB
83704-94797,QB,Kellen,Kellen Mond,Mond,0.20000000298023224,1,6000,TB@CLE,CLE,TB,,,,,,QB
83704-54879,QB,Deshaun,Deshaun Watson,Watson,,,6000,TB@CLE,CLE,TB,IR,Suspension,,,,QB
83704-85607,QB,Brock,Brock Purdy,Purdy,0.646666685740153,3,6000,NO@SF,SF,NO,,,,,,QB
83704-7844,QB,Chad,Chad Henne,Henne,-0.15000000596046448,2,6000,LAR@KC,KC,LAR,,,,,,QB
83704-69302,QB,Feleipe,Feleipe Franks,Franks,0,1,6000,ATL@WAS,ATL,WAS,Q,Calf,,,,QB
83704-73398,QB,Chris,Chris Oladokun,Oladokun,,,6000,LAR@KC,KC,LAR,,,,,,QB
83704-69304,QB,Kyle,Kyle Trask,Trask,,,6000,TB@CLE,TB,CLE,,,,,,QB
83704-52929,QB,Jake,Jake Luton,Luton,,,6000,NO@SF,NO,SF,,,,,,QB
83704-69333,QB,Jacob,Jacob Eason,Eason,1.3600000143051147,1,6000,NO@SF,SF,NO,,,,,,QB
83704-87787,RB,J.K.,J.K. Dobbins,Dobbins,7.800000190734863,4,6000,BAL@JAC,BAL,JAC,IR,Knee,,,,RB/FLEX
83704-29445,QB,Sean,Sean Mannion,Mannion,12.960000038146973,1,6000,LV@SEA,SEA,LV,,,,,,QB
83704-95026,QB,Dustin,Dustin Crum,Crum,,,6000,LAR@KC,KC,LAR,,,,,,QB
83704-8023,QB,Josh,Josh Johnson,Johnson,12.079999923706055,4,6000,DEN@CAR,DEN,CAR,,,,,,QB
83704-33647,QB,Kyle,Kyle Sloter,Sloter,,,6000,BAL@JAC,JAC,BAL,,,,,,QB
83704-38767,QB,Chris,Chris Streveler,Streveler,1.0199999809265137,2,6000,CHI@NYJ,NYJ,CHI,,,,,,QB
83704-169852,QB,Davis,Davis Cheek,Cheek,,,6000,DEN@CAR,CAR,DEN,,,,,,QB
83704-62364,QB,Josh,Josh Rosen,Rosen,-0.41333333651224774,3,6000,TB@CLE,CLE,TB,,,,,,QB
83704-33702,QB,Ryan,Ryan Griffin,Griffin,,,6000,TB@CLE,TB,CLE,,,,,,QB
83704-93103,QB,E.J.,E.J. Perry,Perry,,,6000,BAL@JAC,JAC,BAL,,,,,,QB
83704-69597,QB,Anthony,Anthony Brown,Brown,,,6000,BAL@JAC,BAL,JAC,,,,,,QB
83704-71672,QB,K.J.,K.J. Costello,Costello,,,6000,NO@SF,NO,SF,,,,,,QB
83704-89230,RB,Cam,Cam Akers,Akers,3.8125,8,5900,LAR@KC,LAR,KC,,,,,,RB/FLEX
83704-62628,WR,DeAndre,DeAndre Carter,Carter,6.290000152587891,10,5900,LAC@ARI,LAC,ARI,,,,,,WR/FLEX
83704-90428,RB,Tyler,Tyler Allgeier,Allgeier,7.55,10,5900,ATL@WAS,ATL,WAS,,,,,,RB/FLEX
83704-110259,WR,Treylon,Treylon Burks,Burks,6.266666412353516,6,5900,CIN@TEN,TEN,CIN,,,,,,WR/FLEX
83704-71352,WR,Mecole,Mecole Hardman,Hardman,10.162500381469727,8,5900,LAR@KC,KC,LAR,IR,Abdomen,,,,WR/FLEX
83704-45229,RB,Kareem,Kareem Hunt,Hunt,8.45,10,5800,TB@CLE,CLE,TB,,,,,,RB/FLEX
83704-86229,WR,Jahan,Jahan Dotson,Dotson,8.366666793823242,6,5800,ATL@WAS,WAS,ATL,,,,,,WR/FLEX
83704-31394,WR,Jarvis,Jarvis Landry,Landry,7.049999872843425,6,5800,NO@SF,NO,SF,,,,,,WR/FLEX
83704-40647,WR,Marquez,Marquez Valdes-Scantling,Valdes-Scantling,6.509999847412109,10,5800,LAR@KC,KC,LAR,,,,,,WR/FLEX
83704-28900,RB,Melvin,Melvin Gordon III,Gordon III,7.459999847412109,10,5700,DEN@CAR,DEN,CAR,,,,,,RB/FLEX
83704-41305,WR,Zay,Zay Jones,Jones,8.144444783528646,9,5700,BAL@JAC,JAC,BAL,,,,,,WR/FLEX
83704-85672,WR,Terrace,Terrace Marshall Jr.,Marshall Jr.,6.642857142857143,7,5700,DEN@CAR,CAR,DEN,Q,Shoulder,,,,WR/FLEX
83704-47870,TE,Tyler,Tyler Higbee,Higbee,6.7,10,5700,LAR@KC,LAR,KC,Q,Knee,,,,TE/FLEX
83704-29685,WR,Robert,Robert Woods,Woods,5.25,10,5700,CIN@TEN,TEN,CIN,,,,,,WR/FLEX
83704-55335,TE,David,David Njoku,Njoku,8.112500190734863,8,5600,TB@CLE,CLE,TB,,,,,,TE/FLEX
83704-64581,WR,Van,Van Jefferson,Jefferson,5.266666730244954,3,5600,LAR@KC,LAR,KC,,,,,,WR/FLEX
83704-61593,WR,Jauan,Jauan Jennings,Jennings,3.4444444444444446,9,5600,NO@SF,SF,NO,,,,,,WR/FLEX
83704-71032,WR,Devin,Devin Duvernay,Duvernay,8.1,10,5600,BAL@JAC,BAL,JAC,Q,Hamstring,,,,WR/FLEX
83704-70157,RB,Darrell,Darrell Henderson Jr.,Henderson Jr.,6.5,10,5600,BAL@JAC,JAC,BAL,,,,,,RB/FLEX
83704-25267,WR,Mack,Mack Hollins,Hollins,7.6959999084472654,10,5600,LV@SEA,LV,SEA,,,,,,WR/FLEX
83704-86080,TE,Kyle,Kyle Pitts,Pitts,6.159999847412109,10,5500,ATL@WAS,ATL,WAS,IR,Knee - mcl,,,,TE/FLEX
83704-33047,WR,Chris,Chris Moore,Moore,6.199999809265137,8,5500,HOU@MIA,HOU,MIA,,,,,,WR/FLEX
83704-64808,TE,Juwan,Juwan Johnson,Johnson,7.309091047807173,11,5500,NO@SF,NO,SF,,,,,,TE/FLEX
83704-54608,RB,Jerick,Jerick McKinnon,McKinnon,5.30999984741211,10,5500,LAR@KC,KC,LAR,,,,,,RB/FLEX
83704-45439,WR,Corey,Corey Davis,Davis,8.085714067731585,7,5500,CHI@NYJ,NYJ,CHI,,,,,,WR/FLEX
83704-73111,WR,Chase,Chase Claypool,Claypool,6.24909071488814,11,5500,CHI@NYJ,CHI,NYJ,,,,,,WR/FLEX
83704-52897,RB,Darrel,Darrel Williams,Williams,3.8200000762939452,5,5500,LAC@ARI,ARI,LAC,IR,Hip,,,,RB/FLEX
83704-72412,RB,Khalil,Khalil Herbert,Herbert,10.35,10,5500,CHI@NYJ,CHI,NYJ,IR,Hip,,,,RB/FLEX
83704-60712,TE,Foster,Foster Moreau,Moreau,5.685714176722935,7,5400,LV@SEA,LV,SEA,,,,,,TE/FLEX
83704-92545,RB,Keaontay,Keaontay Ingram,Ingram,2.8,5,5400,LAC@ARI,ARI,LAC,,,,,,RB/FLEX
83704-112062,WR,Skyy,Skyy Moore,Moore,1.8899999618530274,10,5400,LAR@KC,KC,LAR,,,,,,WR/FLEX
83704-32243,WR,Marquise,Marquise Goodwin,Goodwin,6.814285823277065,7,5400,LV@SEA,SEA,LV,,,,,,WR/FLEX
83704-22103,WR,Marvin,Marvin Jones Jr.,Jones Jr.,6.066666497124566,9,5400,BAL@JAC,JAC,BAL,,,,,,WR/FLEX
83704-61042,WR,Kendall,Kendall Hinton,Hinton,4.171428680419922,7,5400,DEN@CAR,DEN,CAR,,,,,,WR/FLEX
83704-56059,WR,Trent,Trent Sherfield,Sherfield,4.170000076293945,10,5400,HOU@MIA,MIA,HOU,,,,,,WR/FLEX
83704-14190,WR,Julio,Julio Jones,Jones,7.4,5,5400,TB@CLE,TB,CLE,,,,,,WR/FLEX
83704-64389,WR,Nick,Nick Westbrook-Ikhine,Westbrook-Ikhine,5.9375,8,5400,CIN@TEN,TEN,CIN,,,,,,WR/FLEX
83704-87467,RB,Chuba,Chuba Hubbard,Hubbard,2.6500000953674316,8,5300,DEN@CAR,CAR,DEN,,,,,,RB/FLEX
83704-88575,WR,Elijah,Elijah Moore,Moore,4.3714286259242465,7,5300,CHI@NYJ,NYJ,CHI,,,,,,WR/FLEX
83704-62055,WR,Ray-Ray,Ray-Ray McCloud III,McCloud III,2.720000076293945,10,5300,NO@SF,SF,NO,,,,,,WR/FLEX
83704-91931,TE,Greg,Greg Dulcich,Dulcich,7.3599998474121096,5,5300,DEN@CAR,DEN,CAR,,,,,,TE/FLEX
83704-87859,WR,Laviska,Laviska Shenault Jr.,Shenault Jr.,5.585714067731585,7,5300,DEN@CAR,CAR,DEN,,,,,,WR/FLEX
83704-14187,WR,A.J.,A.J. Green,Green,3.512500047683716,8,5300,LAC@ARI,ARI,LAC,,,,,,WR/FLEX
83704-91047,TE,Cole,Cole Kmet,Kmet,6.800000277432528,11,5300,CHI@NYJ,CHI,NYJ,,,,,,TE/FLEX
83704-64496,WR,Olamide,Olamide Zaccheaus,Zaccheaus,5.509090770374645,11,5300,ATL@WAS,ATL,WAS,,,,,,WR/FLEX
83704-104433,RB,Kyren,Kyren Williams,Williams,5.150000095367432,2,5300,LAR@KC,LAR,KC,,,,,,RB/FLEX
83704-52916,WR,Russell,Russell Gage,Gage,6.228571210588727,7,5200,TB@CLE,TB,CLE,O,Hamstring,,,,WR/FLEX
83704-26355,TE,Logan,Logan Thomas,Thomas,4.899999891008649,7,5200,ATL@WAS,WAS,ATL,Q,Ribs,,,,TE/FLEX
83704-72453,WR,Denzel,Denzel Mims,Mims,3.924999952316284,4,5200,CHI@NYJ,NYJ,CHI,,,,,,WR/FLEX
83704-71521,RB,Justice,Justice Hill,Hill,3.4375,8,5200,BAL@JAC,BAL,JAC,,,,,,RB/FLEX
83704-57299,TE,Gerald,Gerald Everett,Everett,7.266666836208767,9,5200,LAC@ARI,LAC,ARI,,,,,,TE/FLEX
83704-30678,WR,Damiere,Damiere Byrd,Byrd,5.628571646554129,7,5200,ATL@WAS,ATL,WAS,,,,,,WR/FLEX
83704-71705,TE,Noah,Noah Fant,Fant,5.159999847412109,10,5100,LV@SEA,SEA,LV,,,,,,TE/FLEX
83704-170287,WR,Rashid,Rashid Shaheed,Shaheed,5.083333333333333,6,5100,NO@SF,NO,SF,,,,,,WR/FLEX
83704-85306,WR,KhaDarel,KhaDarel Hodge,Hodge,4.814285823277065,7,5100,ATL@WAS,ATL,WAS,,,,,,WR/FLEX
83704-64905,WR,Trenton,Trenton Irwin,Irwin,6.133333206176758,3,5100,CIN@TEN,CIN,TEN,,,,,,WR/FLEX
83704-71105,WR,Ben,Ben Skowronek,Skowronek,4.6099998474121096,10,5100,LAR@KC,LAR,KC,,,,,,WR/FLEX
83704-64031,TE,Hayden,Hayden Hurst,Hurst,6.509999847412109,10,5100,CIN@TEN,CIN,TEN,,,,,,TE/FLEX
83704-52808,RB,Dontrell,Dontrell Hilliard,Hilliard,6.744444529215495,9,5100,CIN@TEN,TEN,CIN,,,,,,RB/FLEX
83704-26251,WR,Robbie,Robbie Anderson,Anderson,3.9000000953674316,8,5100,LAC@ARI,ARI,LAC,,,,,,WR/FLEX
83704-62497,RB,David,David Johnson,Johnson,1.2000000476837158,1,5000,NO@SF,NO,SF,,,,,,RB/FLEX
83704-29780,TE,Zach,Zach Ertz,Ertz,9.20999984741211,10,5000,LAC@ARI,ARI,LAC,IR,Knee,,,,TE/FLEX
83704-79970,WR,Cooper,Cooper Kupp,Kupp,18.211110432942707,9,5000,LAR@KC,LAR,KC,IR,Ankle,,,,WR/FLEX
83704-83083,WR,Justin,Justin Watson,Watson,3.5,10,5000,LAR@KC,KC,LAR,,,,,,WR/FLEX
83704-86192,WR,KJ,KJ Hamler,Hamler,3.7166665395100913,6,5000,DEN@CAR,DEN,CAR,O,Hamstring,,,,WR/FLEX
83704-40126,TE,Austin,Austin Hooper,Hooper,4.520000076293945,10,5000,CIN@TEN,TEN,CIN,,,,,,TE/FLEX
83704-54472,WR,Cam,Cam Sims,Sims,1.1666666666666667,9,5000,ATL@WAS,WAS,ATL,,,,,,WR/FLEX
83704-25813,WR,Phillip,Phillip Dorsett II,Dorsett II,3.2750000953674316,8,5000,HOU@MIA,HOU,MIA,,,,,,WR/FLEX
83704-12544,D,New York,New York Jets,Jets,8.9,10,5000,CHI@NYJ,NYJ,CHI,,,,,,DEF
83704-64841,WR,Equanimeous,Equanimeous St. Brown,St. Brown,3.327272588556463,11,5000,CHI@NYJ,CHI,NYJ,,,,,,WR/FLEX
83704-102893,RB,Tyrion,Tyrion Davis-Price,Davis-Price,1.850000023841858,2,5000,NO@SF,SF,NO,,,,,,RB/FLEX
83704-91677,WR,Shi,Shi Smith,Smith,1.9818181124600498,11,5000,DEN@CAR,CAR,DEN,,,,,,WR/FLEX
83704-57986,WR,Hunter,Hunter Renfrow,Renfrow,4.616666793823242,6,5000,LV@SEA,LV,SEA,IR,Oblique,,,,WR/FLEX
83704-63186,WR,James,James Proche II,Proche II,2.075000047683716,4,5000,BAL@JAC,BAL,JAC,,,,,,WR/FLEX
83704-85762,RB,Eno,Eno Benjamin,Benjamin,7.430000305175781,10,5000,HOU@MIA,HOU,MIA,,,,,,RB/FLEX
83704-27441,RB,Damien,Damien Williams,Williams,0.20000000298023224,1,5000,ATL@WAS,ATL,WAS,IR,Ribs,,,,RB/FLEX
83704-92976,WR,Tutu,Tutu Atwell,Atwell,3.9,5,5000,LAR@KC,LAR,KC,,,,,,WR/FLEX
83704-56265,TE,Mike,Mike Gesicki,Gesicki,6.290000152587891,10,5000,HOU@MIA,MIA,HOU,,,,,,TE/FLEX
83704-89157,RB,Caleb,Caleb Huntley,Huntley,4.466666751437717,9,4900,ATL@WAS,ATL,WAS,Q,Ankle,,,,RB/FLEX
83704-79979,WR,Jamal,Jamal Agnew,Agnew,3.512500047683716,8,4900,BAL@JAC,JAC,BAL,,,,,,WR/FLEX
83704-89209,RB,Trestan,Trestan Ebner,Ebner,0.7428571156093052,7,4900,CHI@NYJ,CHI,NYJ,,,,,,RB/FLEX
83704-52345,WR,Brandon,Brandon Powell,Powell,1.5800000190734864,10,4900,LAR@KC,LAR,KC,,,,,,WR/FLEX
83704-12536,D,Kansas City,Kansas City Chiefs,Chiefs,6.1,10,4900,LAR@KC,KC,LAR,,,,,,DEF
83704-114180,WR,David,David Bell,Bell,2.5111111534966364,9,4900,TB@CLE,CLE,TB,,,,,,WR/FLEX
83704-63050,RB,Ty,Ty Johnson,Johnson,0.7142857142857143,7,4900,CHI@NYJ,NYJ,CHI,,,,,,RB/FLEX
83704-86811,TE,Cade,Cade Otton,Otton,5.887499809265137,8,4900,TB@CLE,TB,CLE,,,,,,TE/FLEX
83704-61273,WR,Scotty,Scotty Miller,Miller,4.0428570338657925,7,4900,TB@CLE,TB,CLE,,,,,,WR/FLEX
83704-41872,TE,Evan,Evan Engram,Engram,6.1200000762939455,10,4900,BAL@JAC,JAC,BAL,,,,,,TE/FLEX
83704-69558,WR,Greg,Greg Dortch,Dortch,5.436363567005504,11,4900,LAC@ARI,ARI,LAC,Q,Thumb,,,,WR/FLEX
83704-70601,TE,Harrison,Harrison Bryant,Bryant,4.1875,8,4900,TB@CLE,CLE,TB,,,,,,TE/FLEX
83704-57342,WR,Tre'Quan,Tre'Quan Smith,Smith,5.842857360839844,7,4900,NO@SF,NO,SF,,,,,,WR/FLEX
83704-60451,TE,Tyler,Tyler Conklin,Conklin,6.869999694824219,10,4800,CHI@NYJ,NYJ,CHI,,,,,,TE/FLEX
83704-83081,RB,Chase,Chase Edmonds,Edmonds,4.659999847412109,10,4800,DEN@CAR,DEN,CAR,IR,Ankle,,,,RB/FLEX
83704-65724,RB,JaMycal,JaMycal Hasty,Hasty,2.625,8,4800,BAL@JAC,JAC,BAL,,,,,,RB/FLEX
83704-52495,WR,Braxton,Braxton Berrios,Berrios,3.718000030517578,10,4800,CHI@NYJ,NYJ,CHI,,,,,,WR/FLEX
83704-43334,RB,J.D.,J.D. McKissic,McKissic,5.287499904632568,8,4800,ATL@WAS,WAS,ATL,IR,Neck,,,,RB/FLEX
83704-56698,WR,Dante,Dante Pettis,Pettis,4.3666665818956165,9,4800,CHI@NYJ,CHI,NYJ,,,,,,WR/FLEX
83704-73130,RB,Chris,Chris Evans,Evans,0.5714285714285714,7,4800,CIN@TEN,CIN,TEN,,,,,,RB/FLEX
83704-114100,RB,Isaiah,Isaiah Spiller,Spiller,1.475000023841858,4,4800,LAC@ARI,LAC,ARI,,,,,,RB/FLEX
83704-63078,RB,Ke'Shawn,Ke'Shawn Vaughn,Vaughn,1.100000023841858,2,4800,TB@CLE,TB,CLE,,,,,,RB/FLEX
83704-91750,TE,Trey,Trey McBride,McBride,2.125,4,4800,LAC@ARI,ARI,LAC,,,,,,TE/FLEX
83704-27338,RB,Rex,Rex Burkhead,Burkhead,4.855555640326606,9,4800,HOU@MIA,HOU,MIA,,,,,,RB/FLEX
83704-86875,RB,Jordan,Jordan Mason,Mason,1.0499999523162842,2,4800,NO@SF,SF,NO,,,,,,RB/FLEX
83704-14211,RB,Mark,Mark Ingram II,Ingram II,4.212500095367432,8,4800,NO@SF,NO,SF,Q,Knee - mcl,,,,RB/FLEX
83704-69581,WR,Cedrick,Cedrick Wilson Jr.,Wilson Jr.,1.6142857415335519,7,4800,HOU@MIA,MIA,HOU,,,,,,WR/FLEX
83704-154661,WR,Michael,Michael Bandy,Bandy,1.9833332697550456,6,4700,LAC@ARI,LAC,ARI,,,,,,WR/FLEX
83704-62505,TE,MyCole,MyCole Pruitt,Pruitt,2.7750000953674316,4,4700,ATL@WAS,ATL,WAS,,,,,,TE/FLEX
83704-63591,RB,Ronald,Ronald Jones II,Jones II,4.946666463216146,15,4700,LAR@KC,KC,LAR,,,,,,RB/FLEX
83704-69752,WR,Jalen,Jalen Virgil,Virgil,13.100000381469727,1,4700,DEN@CAR,DEN,CAR,,,,,,WR/FLEX
83704-79998,WR,Keelan,Keelan Cole,Cole,1.3833333651224773,6,4700,LV@SEA,LV,SEA,,,,,,WR/FLEX
83704-28827,RB,Dare,Dare Ogunbowale,Ogunbowale,3,4,4700,HOU@MIA,HOU,MIA,,,,,,RB/FLEX
83704-42142,RB,Jordan,Jordan Howard,Howard,0.10000000149011612,1,4700,NO@SF,NO,SF,,,,,,RB/FLEX
83704-69860,RB,Trayveon,Trayveon Williams,Williams,0.699999988079071,1,4700,CIN@TEN,CIN,TEN,,,,,,RB/FLEX
83704-12549,D,San Francisco,San Francisco 49ers,49ers,8.6,10,4700,NO@SF,SF,NO,,,,,,DEF
83704-90408,WR,Dax,Dax Milne,Milne,1.1545454372059216,11,4700,ATL@WAS,WAS,ATL,O,Foot,,,,WR/FLEX
83704-53640,RB,Sony,Sony Michel,Michel,2.0399999618530273,10,4700,LAC@ARI,LAC,ARI,,,,,,RB/FLEX
83704-43416,WR,Trent,Trent Taylor,Taylor,0.42222221692403156,9,4700,CIN@TEN,CIN,TEN,,,,,,WR/FLEX
83704-92590,RB,Raheem,Raheem Blackshear,Blackshear,2.642857142857143,7,4700,DEN@CAR,CAR,DEN,,,,,,RB/FLEX
83704-34295,WR,Breshad,Breshad Perriman,Perriman,2.8999999364217124,6,4700,TB@CLE,TB,CLE,,,,,,WR/FLEX
83704-72182,WR,Dee,Dee Eskridge,Eskridge,1.144444465637207,9,4700,LV@SEA,SEA,LV,IR,Hand,,,,WR/FLEX
83704-71246,WR,Marquez,Marquez Callaway,Callaway,3.7249999046325684,8,4700,NO@SF,NO,SF,,,,,,WR/FLEX
83704-6739,WR,DeSean,DeSean Jackson,Jackson,2.0999999046325684,1,4700,BAL@JAC,BAL,JAC,,,,,,WR/FLEX
83704-27229,RB,Ameer,Ameer Abdullah,Abdullah,1.7899999618530273,10,4700,LV@SEA,LV,SEA,,,,,,RB/FLEX
83704-53913,WR,Cody,Cody Hollister,Hollister,1.725000023841858,4,4700,CIN@TEN,TEN,CIN,,,,,,WR/FLEX
83704-69295,WR,Byron,Byron Pringle,Pringle,2,3,4700,CHI@NYJ,CHI,NYJ,,,,,,WR/FLEX
83704-86780,RB,Salvon,Salvon Ahmed,Ahmed,0.6499999761581421,2,4700,HOU@MIA,MIA,HOU,,,,,,RB/FLEX
83704-71444,RB,Travis,Travis Homer,Homer,3.0799999237060547,5,4700,LV@SEA,SEA,LV,,,,,,RB/FLEX
83704-70661,WR,Velus,Velus Jones Jr.,Jones Jr.,2,5,4600,CHI@NYJ,CHI,NYJ,,,,,,WR/FLEX
83704-41997,WR,River,River Cracraft,Cracraft,2.8600000381469726,5,4600,HOU@MIA,MIA,HOU,,,,,,WR/FLEX
83704-70680,WR,Jalen,Jalen Camp,Camp,1.2000000476837158,1,4600,HOU@MIA,HOU,MIA,,,,,,WR/FLEX
83704-72772,RB,Avery,Avery Williams,Williams,1.799999930641868,11,4600,ATL@WAS,ATL,WAS,,,,,,RB/FLEX
83704-57543,RB,D'Ernest,D'Ernest Johnson,Johnson,0.9750000238418579,4,4600,TB@CLE,CLE,TB,,,,,,RB/FLEX
83704-93404,RB,Zander,Zander Horvath,Horvath,2.012500047683716,8,4600,LAC@ARI,LAC,ARI,,,,,,RB/FLEX
83704-91361,RB,Hassan,Hassan Haskins,Haskins,0.800000011920929,8,4600,CIN@TEN,TEN,CIN,Q,Hip,,,,RB/FLEX
83704-63717,RB,Alec,Alec Ingold,Ingold,4.316666603088379,6,4600,HOU@MIA,MIA,HOU,,,,,,RB/FLEX
83704-29949,WR,Marvin,Marvin Hall,Hall,1.5,1,4600,BAL@JAC,JAC,BAL,,,,,,WR/FLEX
83704-60705,WR,Tyron,Tyron Johnson,Johnson,0.6499999761581421,2,4600,HOU@MIA,HOU,MIA,,,,,,WR/FLEX
83704-102729,RB,Snoop,Snoop Conner,Conner,,,4600,BAL@JAC,JAC,BAL,,,,,,RB/FLEX
83704-89437,WR,Tim,Tim Jones,Jones,1.2333333492279053,3,4600,BAL@JAC,JAC,BAL,,,,,,WR/FLEX
83704-93538,WR,Dyami,Dyami Brown,Brown,5.320000076293946,5,4600,ATL@WAS,WAS,ATL,,,,,,WR/FLEX
83704-22898,RB,Brandon,Brandon Bolden,Bolden,3.2666667302449546,6,4600,LV@SEA,LV,SEA,,,,,,RB/FLEX
83704-56708,TE,Will,Will Dissly,Dissly,5.679999923706054,10,4600,LV@SEA,SEA,LV,,,,,,TE/FLEX
83704-55694,WR,Mike,Mike Thomas,Thomas,1.7000000476837158,4,4600,CIN@TEN,CIN,TEN,,,,,,WR/FLEX
83704-60838,WR,Andre,Andre Baccellia,Baccellia,2.25,2,4600,LAC@ARI,ARI,LAC,,,,,,WR/FLEX
83704-91578,RB,Zamir,Zamir White,White,0.3166666626930237,6,4600,LV@SEA,LV,SEA,,,,,,RB/FLEX
83704-72133,WR,Antoine,Antoine Wesley,Wesley,5.588888804117839,9,4600,LAC@ARI,ARI,LAC,IR,Quadriceps,,,,WR/FLEX
83704-87515,WR,Tylan,Tylan Wallace,Wallace,0.8999999761581421,4,4600,BAL@JAC,BAL,JAC,,,,,,WR/FLEX
83704-32234,RB,Malcolm,Malcolm Brown,Brown,2.2333332697550454,3,4600,LAR@KC,LAR,KC,,,,,,RB/FLEX
83704-54782,TE,Cameron,Cameron Brate,Brate,3.2000001271565757,6,4600,TB@CLE,TB,CLE,,,,,,TE/FLEX
83704-60930,RB,Myles,Myles Gaskin,Gaskin,4.800000190734863,1,4600,HOU@MIA,MIA,HOU,,,,,,RB/FLEX
83704-39428,RB,Kyle,Kyle Juszczyk,Juszczyk,3.5250000953674316,8,4600,NO@SF,SF,NO,,,,,,RB/FLEX
83704-88607,WR,Braylon,Braylon Sanders,Sanders,0.699999988079071,1,4600,HOU@MIA,MIA,HOU,,,,,,WR/FLEX
83704-69168,WR,N'Keal,N'Keal Harry,Harry,4.133333206176758,3,4600,CHI@NYJ,CHI,NYJ,,,,,,WR/FLEX
83704-71241,WR,Brandon,Brandon Johnson,Johnson,0.699999988079071,1,4600,DEN@CAR,DEN,CAR,,,,,,WR/FLEX
83704-87662,WR,Anthony,Anthony Schwartz,Schwartz,1.2999999523162842,4,4600,TB@CLE,CLE,TB,,,,,,WR/FLEX
83704-95854,WR,Montrell,Montrell Washington,Washington,0.3,10,4600,DEN@CAR,DEN,CAR,,,,,,WR/FLEX
83704-38514,WR,Kevin,Kevin White,White,2.0999999046325684,4,4600,NO@SF,NO,SF,,,,,,WR/FLEX
83704-69276,WR,Bryan,Bryan Edwards,Edwards,0.75,4,4600,ATL@WAS,ATL,WAS,,,,,,WR/FLEX
83704-89785,RB,Spencer,Spencer Brown,Brown,3.1500000953674316,2,4600,DEN@CAR,CAR,DEN,,,,,,RB/FLEX
83704-58041,RB,Mike,Mike Boone,Boone,2.883333206176758,6,4600,DEN@CAR,DEN,CAR,IR,Ankle,,,,RB/FLEX
83704-91872,RB,Joshua,Joshua Kelley,Kelley,5.1,5,4600,LAC@ARI,LAC,ARI,,,,,,RB/FLEX
83704-70372,WR,Chester,Chester Rogers,Rogers,-0.6666666666666666,3,4600,TB@CLE,CLE,TB,,,,,,WR/FLEX
83704-91902,WR,Kyle,Kyle Philips,Philips,1.9500000476837158,4,4600,CIN@TEN,TEN,CIN,IR,Hamstring,,,,WR/FLEX
83704-64350,WR,Jeff,Jeff Smith,Smith,1.2833333015441895,6,4600,CHI@NYJ,NYJ,CHI,,,,,,WR/FLEX
83704-104297,WR,Jason,Jason Moore Jr.,Moore Jr.,1,1,4600,LAC@ARI,LAC,ARI,,,,,,WR/FLEX
83704-89970,WR,Amari,Amari Rodgers,Rodgers,0.3,10,4600,HOU@MIA,HOU,MIA,,,,,,WR/FLEX
83704-94087,RB,DeeJay,DeeJay Dallas,Dallas,1.0899999618530274,10,4600,LV@SEA,SEA,LV,,,,,,RB/FLEX
83704-89997,WR,Michael,Michael Woods II,Woods II,1.0333333015441895,3,4600,TB@CLE,CLE,TB,,,,,,WR/FLEX
83704-34729,RB,Dwayne,Dwayne Washington,Washington,1.25,4,4600,NO@SF,NO,SF,,,,,,RB/FLEX
83704-30635,RB,Mike,Mike Davis,Davis,0.6400000095367432,5,4600,BAL@JAC,BAL,JAC,,,,,,RB/FLEX
83704-45997,WR,Keith,Keith Kirkwood,Kirkwood,1.399999976158142,2,4600,NO@SF,NO,SF,,,,,,WR/FLEX
83704-63419,WR,Andy,Andy Isabella,Isabella,1.5499999523162842,2,4600,BAL@JAC,BAL,JAC,,,,,,WR/FLEX
83704-92093,WR,Jaelon,Jaelon Darden,Darden,0.42222221692403156,9,4600,TB@CLE,TB,CLE,,,,,,WR/FLEX
83704-63447,WR,Penny,Penny Hart,Hart,2,1,4600,LV@SEA,SEA,LV,,,,,,WR/FLEX
83704-57338,TE,Jordan,Jordan Akins,Akins,4.737500190734863,8,4600,HOU@MIA,HOU,MIA,,,,,,TE/FLEX
83704-169990,WR,Cyrus,Cyrus Holder,Holder,,,4500,CHI@NYJ,CHI,NYJ,,,,,,WR/FLEX
83704-169991,WR,Landon,Landon Lenoir,Lenoir,,,4500,CHI@NYJ,CHI,NYJ,,,,,,WR/FLEX
83704-70663,WR,Frank,Frank Darby,Darby,0.949999988079071,2,4500,ATL@WAS,ATL,WAS,,,,,,WR/FLEX
83704-169989,WR,Henry,Henry Litwin,Litwin,,,4500,CHI@NYJ,CHI,NYJ,,,,,,WR/FLEX
83704-170000,WR,Shemar,Shemar Bridges,Bridges,,,4500,BAL@JAC,BAL,JAC,Q,Undisclosed,,,,WR/FLEX
83704-55323,RB,Jaylen,Jaylen Samuels,Samuels,1.2666666507720947,3,4500,LAC@ARI,ARI,LAC,,,,,,RB/FLEX
83704-89127,WR,Justin,Justin Hall,Hall,,,4500,LV@SEA,LV,SEA,,,,,,WR/FLEX
83704-133163,WR,Ra'Shaun,Ra'Shaun Henry,Henry,,,4500,ATL@WAS,ATL,WAS,,,,,,WR/FLEX
83704-71723,WR,Dez,Dez Fitzpatrick,Fitzpatrick,4.466666539510091,3,4500,CIN@TEN,TEN,CIN,,,,,,WR/FLEX
83704-64555,WR,Calvin,Calvin Ridley,Ridley,11.11999969482422,5,4500,BAL@JAC,JAC,BAL,IR,Suspension,,,,WR/FLEX
83704-79920,WR,Cyril,Cyril Grayson Jr.,Grayson Jr.,13.199999491373697,3,4500,TB@CLE,CLE,TB,,,,,,WR/FLEX
83704-63550,WR,Isaiah,Isaiah Zuber,Zuber,,,4500,LV@SEA,LV,SEA,,,,,,WR/FLEX
83704-64575,RB,Derrick,Derrick Gore,Gore,5.822222391764323,9,4500,NO@SF,NO,SF,,,,,,RB/FLEX
83704-27721,WR,Justin,Justin Hardee Sr.,Hardee Sr.,0,1,4500,CHI@NYJ,NYJ,CHI,,,,,,WR/FLEX
83704-87112,WR,Josh,Josh Ali,Ali,,,4500,ATL@WAS,ATL,WAS,,,,,,WR/FLEX
83704-68685,WR,Austin,Austin Mack,Mack,,,4500,NO@SF,SF,NO,,,,,,WR/FLEX
83704-71756,WR,Aaron,Aaron Fuller,Fuller,,,4500,LV@SEA,SEA,LV,,,,,,WR/FLEX
83704-72780,RB,Josh,Josh Hokit,Hokit,,,4500,LAC@ARI,ARI,LAC,,,,,,RB/FLEX
83704-68686,WR,C.J.,C.J. Saunders,Saunders,2.0999999046325684,1,4500,DEN@CAR,CAR,DEN,,,,,,WR/FLEX
83704-41042,WR,Marcell,Marcell Ateman,Ateman,,,4500,LAC@ARI,ARI,LAC,,,,,,WR/FLEX
83704-89172,RB,John,John Lovett,Lovett,,,4500,DEN@CAR,CAR,DEN,,,,,,RB/FLEX
83704-57432,WR,Cameron,Cameron Batson,Batson,2.5,4,4500,ATL@WAS,ATL,WAS,,,,,,WR/FLEX
83704-63576,WR,Kirk,Kirk Merritt,Merritt,1.7999999523162842,1,4500,NO@SF,NO,SF,,,,,,WR/FLEX
83704-86113,WR,Ihmir,Ihmir Smith-Marsette,Smith-Marsette,-0.02500000037252903,4,4500,LAR@KC,KC,LAR,,,,,,WR/FLEX
83704-68712,WR,Tyler,Tyler Johnson,Johnson,3.588235294117647,17,4500,TB@CLE,TB,CLE,,,,,,WR/FLEX
83704-79982,RB,Alex,Alex Armah,Armah,1.4499999682108562,6,4500,ATL@WAS,WAS,ATL,,,,,,RB/FLEX
83704-79987,WR,David,David Moore,Moore,0,2,4500,CHI@NYJ,CHI,NYJ,Q,Lower leg,,,,WR/FLEX
83704-63603,WR,Jared,Jared Pinkney,Pinkney,,,4500,LAR@KC,LAR,KC,,,,,,WR/FLEX
83704-30837,WR,Jordan,Jordan Matthews,Matthews,,,4500,NO@SF,SF,NO,IR,Knee - acl,,,,WR/FLEX
83704-55414,WR,Cody,Cody Thompson,Thompson,,,4500,LV@SEA,SEA,LV,IR,Shoulder,,,,WR/FLEX
83704-64634,WR,Alex,Alex Bachman,Bachman,-0.30000001192092896,1,4500,HOU@MIA,HOU,MIA,,,,,,WR/FLEX
83704-89214,RB,Abram,Abram Smith,Smith,,,4500,NO@SF,NO,SF,,,,,,RB/FLEX
83704-27776,RB,Tevin,Tevin Coleman,Coleman,10.25,2,4500,NO@SF,SF,NO,,,,,,RB/FLEX
83704-69769,RB,Darius,Darius Bradwell,Bradwell,0,1,4500,DEN@CAR,CAR,DEN,,,,,,RB/FLEX
83704-71821,WR,Joe,Joe Reed,Reed,,,4500,LAC@ARI,LAC,ARI,,,,,,WR/FLEX
83704-111756,WR,JaVonta,JaVonta Payton,Payton,,,4500,LAC@ARI,ARI,LAC,,,,,,WR/FLEX
83704-83086,WR,Daurice,Daurice Fountain,Fountain,,,4500,CHI@NYJ,CHI,NYJ,,,,,,WR/FLEX
83704-83091,RB,Trenton,Trenton Cannon,Cannon,0,1,4500,CIN@TEN,TEN,CIN,IR,Knee,,,,RB/FLEX
83704-112790,WR,Trevon,Trevon Clark,Clark,,,4500,BAL@JAC,BAL,JAC,,,,,,WR/FLEX
83704-86173,RB,Mekhi,Mekhi Sargent,Sargent,0.2750000059604645,4,4500,BAL@JAC,JAC,BAL,,,,,,RB/FLEX
83704-84137,WR,Deontez,Deontez Alexander,Alexander,,,4500,LV@SEA,SEA,LV,,,,,,WR/FLEX
83704-61610,RB,Jacques,Jacques Patrick,Patrick,1.2000000476837158,1,4500,CIN@TEN,CIN,TEN,,,,,,RB/FLEX
83704-52409,RB,Jakob,Jakob Johnson,Johnson,0.6999999682108561,3,4500,LV@SEA,LV,SEA,,,,,,RB/FLEX
83704-89272,RB,ZaQuandre,ZaQuandre White,White,,,4500,HOU@MIA,MIA,HOU,,,,,,RB/FLEX
83704-89283,TE,Tre',Tre' McKitty,McKitty,1.6799999237060548,5,4500,LAC@ARI,LAC,ARI,,,,,,TE/FLEX
83704-170184,RB,Julius,Julius Chestnut,Chestnut,,,4500,CIN@TEN,TEN,CIN,,,,,,RB/FLEX
83704-170190,WR,Isaiah,Isaiah Weston,Weston,,,4500,TB@CLE,CLE,TB,IR,Knee,,,,WR/FLEX
83704-70868,RB,Damarea,Damarea Crockett,Crockett,0.699999988079071,1,4500,DEN@CAR,DEN,CAR,IR,Knee - acl,,,,RB/FLEX
83704-149717,RB,JaQuan,JaQuan Hardy,Hardy,4.449999809265137,2,4500,DEN@CAR,DEN,CAR,,,,,,RB/FLEX
83704-48344,WR,Albert,Albert Wilson,Wilson,3.55,10,4500,LV@SEA,LV,SEA,,,,,,WR/FLEX
83704-57565,RB,Austin,Austin Walter,Walter,4.5,4,4500,LV@SEA,LV,SEA,,,,,,RB/FLEX
83704-87260,TE,Isaiah,Isaiah Likely,Likely,4.622222052680121,9,4500,BAL@JAC,BAL,JAC,O,Ankle,,,,TE/FLEX
83704-130270,TE,Adam,Adam Trautman,Trautman,3.6142856052943637,7,4500,NO@SF,NO,SF,,,,,,TE/FLEX
83704-170208,WR,Kaden,Kaden Davis,Davis,,,4500,DEN@CAR,DEN,CAR,,,,,,WR/FLEX
83704-170209,WR,Tyreik,Tyreik McAllister,McAllister,,,4500,DEN@CAR,DEN,CAR,,,,,,WR/FLEX
83704-130276,WR,Mason,Mason Kinsey,Kinsey,0.800000011920929,1,4500,CIN@TEN,TEN,CIN,,,,,,WR/FLEX
83704-130279,WR,Matt,Matt Cole,Cole,,,4500,ATL@WAS,WAS,ATL,,,,,,WR/FLEX
83704-88297,TE,Chig,Chig Okonkwo,Okonkwo,3.3499999046325684,8,4500,CIN@TEN,TEN,CIN,,,,,,TE/FLEX
83704-170219,WR,Kevin,Kevin Kassis,Kassis,,,4500,LV@SEA,SEA,LV,,,,,,WR/FLEX
83704-28907,WR,Alex,Alex Erickson,Erickson,0.5833333333333334,12,4500,ATL@WAS,WAS,ATL,,,,,,WR/FLEX
83704-149742,RB,Nate,Nate McCrary,McCrary,-0.10000000149011612,1,4500,DEN@CAR,CAR,DEN,,,,,,RB/FLEX
83704-70892,RB,A.J.,A.J. Rose Jr.,Rose Jr.,,,4500,LAR@KC,LAR,KC,,,,,,RB/FLEX
83704-101614,WR,Brandon,Brandon Lewis,Lewis,,,4500,CIN@TEN,TEN,CIN,,,,,,WR/FLEX
83704-11504,WR,Andre,Andre Roberts,Roberts,0,1,4500,DEN@CAR,CAR,DEN,IR,Knee - pcl,,,,WR/FLEX
83704-88307,RB,Tayon,Tayon Fleet-Davis,Fleet-Davis,,,4500,LAR@KC,KC,LAR,,,,,,RB/FLEX
83704-94453,RB,Darwin,Darwin Thompson,Thompson,,,4500,LV@SEA,SEA,LV,,,,,,RB/FLEX
83704-45307,WR,Rodney,Rodney Adams,Adams,0,1,4500,CHI@NYJ,NYJ,CHI,IR,Illness,,,,WR/FLEX
83704-69884,RB,Darius,Darius Anderson,Anderson,,,4500,HOU@MIA,HOU,MIA,IR,Knee,,,,RB/FLEX
83704-71935,WR,Kendric,Kendric Pryor,Pryor,,,4500,BAL@JAC,JAC,BAL,,,,,,WR/FLEX
83704-130309,WR,J.J.,J.J. Koski,Koski,-0.6666666666666666,3,4500,LAR@KC,LAR,KC,IR,Shoulder,,,,WR/FLEX
83704-94468,WR,Savon,Savon Scarver,Scarver,,,4500,CHI@NYJ,CHI,NYJ,,,,,,WR/FLEX
83704-12555,D,Baltimore,Baltimore Ravens,Ravens,9,10,4500,BAL@JAC,BAL,JAC,,,,,,DEF
83704-130317,WR,Juwan,Juwan Green,Green,,,4500,CIN@TEN,TEN,CIN,,,,,,WR/FLEX
83704-94481,WR,Deven,Deven Thompkins,Thompkins,,,4500,TB@CLE,TB,CLE,,,,,,WR/FLEX
83704-130320,WR,Aaron,Aaron Parker,Parker,,,4500,LAR@KC,KC,LAR,,,,,,WR/FLEX
83704-64786,RB,Ryquell,Ryquell Armstead,Armstead,5.550000190734863,2,4500,BAL@JAC,JAC,BAL,,,,,,RB/FLEX
83704-68890,WR,Devin,Devin Gray,Gray,,,4500,LAR@KC,KC,LAR,,,,,,WR/FLEX
83704-60704,WR,Derrick,Derrick Dillon,Dillon,,,4500,TB@CLE,CLE,TB,,,,,,WR/FLEX
83704-130338,WR,Rysen,Rysen John,John,,,4500,CHI@NYJ,CHI,NYJ,,,,,,WR/FLEX
83704-68901,RB,Gerrid,Gerrid Doaks,Doaks,,,4500,HOU@MIA,HOU,MIA,,,,,,RB/FLEX
83704-91428,WR,Tarik,Tarik Black,Black,1.5,1,4500,CHI@NYJ,NYJ,CHI,,,,,,WR/FLEX
83704-91431,RB,Ben,Ben Mason,Mason,,,4500,BAL@JAC,BAL,JAC,,,,,,RB/FLEX
83704-102696,WR,John,John Metchie III,Metchie III,,,4500,HOU@MIA,HOU,MIA,IR,Illness,,,,WR/FLEX
83704-87338,WR,Jaivon,Jaivon Heiligh,Heiligh,,,4500,CIN@TEN,CIN,TEN,,,,,,WR/FLEX
83704-111917,WR,Keshunn,Keshunn Abram,Abram,,,4500,CHI@NYJ,NYJ,CHI,,,,,,WR/FLEX
83704-130350,WR,Jaylon,Jaylon Moore,Moore,,,4500,BAL@JAC,JAC,BAL,,,,,,WR/FLEX
83704-45371,WR,Darius,Darius Phillips,Phillips,-0.36363636363636365,11,4500,DEN@CAR,DEN,CAR,,,,,,WR/FLEX
83704-64828,WR,Chris,Chris Finke,Finke,,,4500,CHI@NYJ,CHI,NYJ,,,,,,WR/FLEX
83704-64843,WR,Jalen,Jalen Guyton,Guyton,3.700000047683716,2,4500,LAC@ARI,LAC,ARI,IR,Knee - acl,,,,WR/FLEX
83704-52560,WR,Geronimo,Geronimo Allison,Allison,0,1,4500,ATL@WAS,ATL,WAS,,,,,,WR/FLEX
83704-103764,WR,Jared,Jared Smart,Smart,,,4500,LAC@ARI,ARI,LAC,,,,,,WR/FLEX
83704-90458,RB,Troy,Troy Hairston,Hairston,0.9000000158945719,3,4500,HOU@MIA,HOU,MIA,,,,,,RB/FLEX
83704-93541,RB,Javonte,Javonte Williams,Williams,8.5,4,4500,DEN@CAR,DEN,CAR,IR,Knee - acl,,,,RB/FLEX
83704-71039,WR,Kelvin,Kelvin Harmon,Harmon,,,4500,ATL@WAS,WAS,ATL,,,,,,WR/FLEX
83704-70023,WR,Cornell,Cornell Powell,Powell,,,4500,LAR@KC,KC,LAR,,,,,,WR/FLEX
83704-93577,WR,Dazz,Dazz Newsome,Newsome,1.099999984105428,3,4500,NO@SF,SF,NO,,,,,,WR/FLEX
83704-64907,WR,J.J.,J.J. Arcega-Whiteside,Arcega-Whiteside,1.149999976158142,4,4500,LV@SEA,SEA,LV,,,,,,WR/FLEX
83704-56716,WR,Brayden,Brayden Lenius,Lenius,,,4500,ATL@WAS,ATL,WAS,,,,,,WR/FLEX
83704-47501,WR,Marken,Marken Michel,Michel,,,4500,ATL@WAS,WAS,ATL,,,,,,WR/FLEX
83704-88463,WR,Johnny,Johnny Johnson III,Johnson III,,,4500,HOU@MIA,HOU,MIA,,,,,,WR/FLEX
83704-90518,WR,Slade,Slade Bolden,Bolden,,,4500,BAL@JAC,BAL,JAC,Q,Undisclosed,,,,WR/FLEX
83704-80281,WR,C.J.,C.J. Board,Board,0,2,4500,CIN@TEN,TEN,CIN,,,,,,WR/FLEX
83704-72091,RB,Raymond,Raymond Calais,Calais,,,4500,LAR@KC,LAR,KC,,,,,,RB/FLEX
83704-93594,RB,Leddie,Leddie Brown,Brown,,,4500,LAC@ARI,LAC,ARI,,,,,,RB/FLEX
83704-64926,WR,Michael,Michael Jacquet III,Jacquet III,,,4500,LAC@ARI,LAC,ARI,,,,,,WR/FLEX
83704-73121,RB,Tony,Tony Jones Jr.,Jones Jr.,3,1,4500,LV@SEA,SEA,LV,,,,,,RB/FLEX
83704-44449,WR,Willie,Willie Snead IV,Snead IV,0.8285714558192662,7,4500,NO@SF,SF,NO,,,,,,WR/FLEX
83704-47523,WR,Tajae,Tajae Sharpe,Sharpe,2.5357142857142856,14,4500,NO@SF,SF,NO,Q,Undisclosed,,,,WR/FLEX
83704-90533,RB,Jerome,Jerome Ford,Ford,0,6,4500,TB@CLE,CLE,TB,,,,,,RB/FLEX
83704-111012,WR,Kaylon,Kaylon Geiger Sr.,Geiger Sr.,,,4500,TB@CLE,TB,CLE,,,,,,WR/FLEX
83704-72103,RB,Trey,Trey Ragas,Ragas,2.5,1,4500,LAR@KC,LAR,KC,Q,Undisclosed,,,,RB/FLEX
83704-80299,RB,Patrick,Patrick Ricard,Ricard,1.4249999523162842,8,4500,BAL@JAC,BAL,JAC,,,,,,RB/FLEX
83704-62891,WR,Omar,Omar Bayless,Bayless,,,4500,LAR@KC,KC,LAR,,,,,,WR/FLEX
83704-63919,WR,Bailey,Bailey Gaither,Gaither,,,4500,BAL@JAC,BAL,JAC,,,,,,WR/FLEX
83704-60849,WR,Blake,Blake Lynch,Lynch,,,4500,LAC@ARI,ARI,LAC,,,,,,WR/FLEX
83704-25011,TE,Darren,Darren Waller,Waller,7.875,4,4500,LV@SEA,LV,SEA,IR,Hamstring,,,,TE/FLEX
83704-72122,WR,Jake,Jake Herslow,Herslow,,,4500,LV@SEA,SEA,LV,,,,,,WR/FLEX
83704-92606,WR,Bo,Bo Melton,Melton,,,4500,LV@SEA,SEA,LV,,,,,,WR/FLEX
83704-69056,WR,Mathew,Mathew Sexton,Sexton,,,4500,LAR@KC,KC,LAR,Q,Undisclosed,,,,WR/FLEX
83704-55750,WR,Chris,Chris Lacy,Lacy,,,4500,LV@SEA,LV,SEA,,,,,,WR/FLEX
83704-26057,RB,Michael,Michael Burton,Burton,0.4666666587193807,6,4500,LAR@KC,KC,LAR,,,,,,RB/FLEX
83704-86472,WR,John,John Hightower,Hightower,0,1,4500,LAC@ARI,LAC,ARI,,,,,,WR/FLEX
83704-69068,RB,Jonathan,Jonathan Ward,Ward,1.3666666348775227,6,4500,LAC@ARI,ARI,LAC,,,,,,RB/FLEX
83704-31184,RB,Jonathan,Jonathan Williams,Williams,1.8000000317891438,3,4500,ATL@WAS,WAS,ATL,,,,,,RB/FLEX
83704-103896,WR,Nsimba,Nsimba Webster,Webster,0,3,4500,CHI@NYJ,CHI,NYJ,,,,,,WR/FLEX
83704-112088,RB,Jerrion,Jerrion Ealy,Ealy,,,4500,LAR@KC,KC,LAR,,,,,,RB/FLEX
83704-103901,WR,Davion,Davion Davis,Davis,1.100000023841858,2,4500,HOU@MIA,HOU,MIA,,,,,,WR/FLEX
83704-73180,WR,Binjimen,Binjimen Victor,Victor,,,4500,BAL@JAC,BAL,JAC,,,,,,WR/FLEX
83704-14820,RB,Nick,Nick Bellore,Bellore,0.8999999761581421,1,4500,LV@SEA,SEA,LV,,,,,,RB/FLEX
83704-152042,WR,Drew,Drew Estrada,Estrada,,,4500,HOU@MIA,HOU,MIA,O,Achilles,,,,WR/FLEX
83704-72174,WR,Andrew,Andrew Parchment,Parchment,,,4500,DEN@CAR,CAR,DEN,Q,Undisclosed,,,,WR/FLEX
83704-57840,RB,Rashaad,Rashaad Penny,Penny,10.04000015258789,5,4500,LV@SEA,SEA,LV,IR,Ankle,,,,RB/FLEX
83704-113138,WR,Talolo,Talolo Limu-Jones,Limu-Jones,,,4500,DEN@CAR,CAR,DEN,,,,,,WR/FLEX
83704-62967,WR,Preston,Preston Williams,Williams,1.8000000317891438,6,4500,DEN@CAR,CAR,DEN,,,,,,WR/FLEX
83704-103930,WR,Derek,Derek Wright,Wright,,,4500,DEN@CAR,CAR,DEN,,,,,,WR/FLEX
83704-22018,WR,Mohamed,Mohamed Sanu Sr.,Sanu Sr.,3.1500000953674316,8,4500,HOU@MIA,MIA,HOU,,,,,,WR/FLEX
83704-86543,WR,Erik,Erik Ezukanma,Ezukanma,,,4500,HOU@MIA,MIA,HOU,,,,,,WR/FLEX
83704-88590,RB,Scottie,Scottie Phillips,Phillips,1.600000023841858,2,4500,HOU@MIA,HOU,MIA,,,,,,RB/FLEX
83704-69150,WR,Jordan,Jordan Veasy,Veasy,0,1,4500,LV@SEA,LV,SEA,,,,,,WR/FLEX
83704-96798,RB,Josh,Josh Johnson,Johnson,,,4500,LV@SEA,SEA,LV,Q,Undisclosed,,,,RB/FLEX
83704-54817,WR,Diontae,Diontae Spencer,Spencer,-0.25333333015441895,15,4500,CHI@NYJ,NYJ,CHI,,,,,,WR/FLEX
83704-89632,WR,Connor,Connor Wedington,Wedington,,,4500,NO@SF,SF,NO,,,,,,WR/FLEX
83704-72235,WR,Damon,Damon Hazelton,Hazelton,,,4500,HOU@MIA,HOU,MIA,,,,,,WR/FLEX
83704-60977,RB,Ty'Son,Ty'Son Williams,Williams,5.342857360839844,7,4500,LAC@ARI,ARI,LAC,,,,,,RB/FLEX
83704-63025,RB,Nathan,Nathan Cottrell,Cottrell,0.30000001192092896,1,4500,BAL@JAC,JAC,BAL,Q,Undisclosed,,,,RB/FLEX
83704-57909,RB,Marlon,Marlon Mack,Mack,0,1,4500,DEN@CAR,DEN,CAR,,,,,,RB/FLEX
83704-128566,WR,Kameron,Kameron Brown,Brown,,,4500,TB@CLE,TB,CLE,,,,,,WR/FLEX
83704-128574,RB,Shermari,Shermari Jones,Jones,,,4500,CIN@TEN,CIN,TEN,,,,,,RB/FLEX
83704-87617,WR,Sage,Sage Surratt,Surratt,,,4500,LAC@ARI,LAC,ARI,Q,Undisclosed,,,,WR/FLEX
83704-93767,WR,Calvin,Calvin Jackson Jr.,Jackson Jr.,,,4500,HOU@MIA,MIA,HOU,,,,,,WR/FLEX
83704-150090,WR,Cade,Cade Johnson,Johnson,,,4500,LV@SEA,SEA,LV,,,,,,WR/FLEX
83704-69205,WR,Trevon,Trevon Bradford,Bradford,,,4500,LAC@ARI,LAC,ARI,,,,,,WR/FLEX
83704-63061,WR,Gary,Gary Jennings,Jennings,,,4500,LAR@KC,KC,LAR,Q,Concussion,,,,WR/FLEX
83704-93782,WR,Travell,Travell Harris,Harris,,,4500,TB@CLE,CLE,TB,,,,,,WR/FLEX
83704-104025,RB,John,John Lovett,Lovett,,,4500,HOU@MIA,MIA,HOU,IR,Undisclosed,,,,RB/FLEX
83704-87657,WR,Seth,Seth Williams,Williams,3.9000000953674316,1,4500,BAL@JAC,JAC,BAL,,,,,,WR/FLEX
83704-86635,WR,Charleston,Charleston Rambo,Rambo,,,4500,DEN@CAR,CAR,DEN,,,,,,WR/FLEX
83704-86634,RB,TJ,TJ Pledger,Pledger,,,4500,LAC@ARI,ARI,LAC,,,,,,RB/FLEX
83704-88685,WR,Austin,Austin Trammell,Trammell,,,4500,LAR@KC,LAR,KC,,,,,,WR/FLEX
83704-104054,RB,Sincere,Sincere McCormick,McCormick,,,4500,LV@SEA,LV,SEA,IR,Undisclosed,,,,RB/FLEX
83704-88699,RB,Jaret,Jaret Patterson,Patterson,3.6357143947056363,14,4500,ATL@WAS,WAS,ATL,,,,,,RB/FLEX
83704-93824,WR,Easop,Easop Winston,Winston,0.3333333333333333,3,4500,LV@SEA,SEA,LV,,,,,,WR/FLEX
83704-88707,RB,Kevin,Kevin Marks Jr.,Marks Jr.,,,4500,LAC@ARI,LAC,ARI,,,,,,RB/FLEX
83704-61060,RB,Devine,Devine Ozigbo,Ozigbo,0.20000000298023224,1,4500,DEN@CAR,DEN,CAR,,,,,,RB/FLEX
83704-55941,RB,Patrick,Patrick Laird,Laird,1.1999999682108562,3,4500,TB@CLE,TB,CLE,,,,,,RB/FLEX
83704-91783,WR,Warren,Warren Jackson,Jackson,,,4500,LAR@KC,LAR,KC,Q,Undisclosed,,,,WR/FLEX
83704-27273,RB,Andy,Andy Janovich,Janovich,2.0799999237060547,5,4500,HOU@MIA,HOU,MIA,,,,,,RB/FLEX
83704-70282,WR,Demetric,Demetric Felton,Felton,0.13333333532015482,3,4500,TB@CLE,CLE,TB,,,,,,WR/FLEX
83704-61072,WR,Stanley,Stanley Morgan,Morgan,0,1,4500,CIN@TEN,CIN,TEN,,,,,,WR/FLEX
83704-93845,WR,Tay,Tay Martin,Martin,,,4500,NO@SF,SF,NO,,,,,,WR/FLEX
83704-103064,RB,Breece,Breece Hall,Hall,15.085714067731585,7,4500,CHI@NYJ,NYJ,CHI,IR,Knee - acl,,,,RB/FLEX
83704-23194,WR,Josh,Josh Gordon,Gordon,0,1,4500,CIN@TEN,TEN,CIN,,,,,,WR/FLEX
83704-55970,RB,Royce,Royce Freeman,Freeman,2.6909091255881568,11,4500,HOU@MIA,HOU,MIA,,,,,,RB/FLEX
83704-52902,WR,Trey,Trey Quinn,Quinn,,,4500,DEN@CAR,DEN,CAR,,,,,,WR/FLEX
83704-94887,RB,Tyler,Tyler Badie,Badie,,,4500,BAL@JAC,BAL,JAC,,,,,,RB/FLEX
83704-93864,RB,Ricky,Ricky Person Jr.,Person Jr.,,,4500,BAL@JAC,BAL,JAC,IR,Undisclosed,,,,RB/FLEX
83704-29357,RB,Kenjon,Kenjon Barner,Barner,0,3,4500,TB@CLE,TB,CLE,Q,Undisclosed,,,,RB/FLEX
83704-96942,WR,Keelan,Keelan Doss,Doss,,,4500,LAC@ARI,LAC,ARI,,,,,,WR/FLEX
83704-87731,WR,Dominique,Dominique Robinson,Robinson,,,4500,CHI@NYJ,CHI,NYJ,,,,,,WR/FLEX
83704-69303,WR,Freddie,Freddie Swain,Swain,4.352941176470588,17,4500,HOU@MIA,MIA,HOU,O,Undisclosed,,,,WR/FLEX
83704-85687,WR,Jontre,Jontre Kirklin,Kirklin,,,4500,LAC@ARI,ARI,LAC,,,,,,WR/FLEX
83704-71355,RB,Elijah,Elijah Holyfield,Holyfield,,,4500,CIN@TEN,CIN,TEN,IR,Knee,,,,RB/FLEX
83704-104124,WR,Darrius,Darrius Shepherd,Shepherd,,,4500,DEN@CAR,DEN,CAR,,,,,,WR/FLEX
83704-71359,WR,Javon,Javon Wims,Wims,,,4500,LAC@ARI,ARI,LAC,,,,,,WR/FLEX
83704-72382,RB,Gabe,Gabe Nabers,Nabers,0.8,5,4500,LAC@ARI,LAC,ARI,,,,,,RB/FLEX
83704-139971,WR,Jerreth,Jerreth Sterns,Sterns,,,4500,TB@CLE,TB,CLE,,,,,,WR/FLEX
83704-30403,WR,Chris,Chris Conley,Conley,0,2,4500,CIN@TEN,TEN,CIN,,,,,,WR/FLEX
83704-71367,RB,La'Mical,La'Mical Perine,Perine,1.5499999523162842,2,4500,HOU@MIA,MIA,HOU,,,,,,RB/FLEX
83704-25290,RB,Giovani,Giovani Bernard,Bernard,0,1,4500,TB@CLE,TB,CLE,,,,,,RB/FLEX
83704-71372,WR,Tyrie,Tyrie Cleveland,Cleveland,1.2666666507720947,3,4500,DEN@CAR,DEN,CAR,,,,,,WR/FLEX
83704-53967,RB,Nick,Nick Bawden,Bawden,2.5,1,4500,CHI@NYJ,NYJ,CHI,IR,Undisclosed,,,,RB/FLEX
83704-65231,RB,Adam,Adam Prentice,Prentice,0.699999988079071,1,4500,NO@SF,NO,SF,,,,,,RB/FLEX
83704-81616,WR,Rashard,Rashard Davis,Davis,,,4500,CHI@NYJ,NYJ,CHI,,,,,,WR/FLEX
83704-85714,RB,Tory,Tory Carter,Carter,0,1,4500,CIN@TEN,TEN,CIN,,,,,,RB/FLEX
83704-88793,RB,Stevie,Stevie Scott III,Scott III,,,4500,DEN@CAR,DEN,CAR,,,,,,RB/FLEX
83704-94936,RB,Larry,Larry Rountree III,Rountree III,1.677777820163303,9,4500,LAC@ARI,LAC,ARI,,,,,,RB/FLEX
83704-69343,WR,Landen,Landen Akers,Akers,,,4500,LAR@KC,LAR,KC,,,,,,WR/FLEX
83704-45791,WR,Rashard,Rashard Higgins,Higgins,3.7916666666666665,12,4500,DEN@CAR,CAR,DEN,,,,,,WR/FLEX
83704-63201,RB,Xavier,Xavier Jones,Jones,,,4500,LAR@KC,LAR,KC,Q,Achilles,,,,RB/FLEX
83704-85731,WR,Racey,Racey McMath,McMath,-0.04000000059604645,5,4500,CIN@TEN,TEN,CIN,IR,Undisclosed,,,,WR/FLEX
83704-93926,WR,Emeka,Emeka Emezie,Emezie,,,4500,ATL@WAS,ATL,WAS,,,,,,WR/FLEX
83704-56041,RB,Khari,Khari Blasingame,Blasingame,0,4,4500,CHI@NYJ,CHI,NYJ,,,,,,RB/FLEX
83704-72427,WR,Kwamie,Kwamie Lassiter II,Lassiter II,,,4500,CIN@TEN,CIN,TEN,,,,,,WR/FLEX
83704-70383,RB,Darrynton,Darrynton Evans,Evans,2.799999952316284,1,4500,CHI@NYJ,CHI,NYJ,,,,,,RB/FLEX
83704-104176,WR,Deonte,Deonte Harty,Harty,0.07500000298023224,4,4500,NO@SF,NO,SF,IR,Foot,,,,WR/FLEX
83704-94975,WR,Stephon,Stephon Robinson Jr.,Robinson Jr.,,,4500,LAC@ARI,ARI,LAC,,,,,,WR/FLEX
83704-57091,WR,Tim,Tim Patrick,Patrick,8.118749618530273,16,4500,DEN@CAR,DEN,CAR,IR,Knee - acl,,,,WR/FLEX
83704-136970,WR,Danny,Danny Gray,Gray,0,3,4500,NO@SF,SF,NO,,,,,,WR/FLEX
83704-41741,WR,DaeSean,DaeSean Hamilton,Hamilton,,,4500,HOU@MIA,HOU,MIA,Q,Knee,,,,WR/FLEX
83704-61200,WR,Jaylinn,Jaylinn Hawkins,Hawkins,6,1,4500,ATL@WAS,ATL,WAS,,,,,,WR/FLEX
83704-94993,RB,Pooka,Pooka Williams Jr.,Williams Jr.,0,1,4500,CIN@TEN,CIN,TEN,,,,,,RB/FLEX
83704-111377,RB,De'Montre,De'Montre Tuggle,Tuggle,,,4500,CHI@NYJ,CHI,NYJ,,,,,,RB/FLEX
83704-40726,RB,Godwin,Godwin Igwebuike,Igwebuike,1.792307633620042,13,4500,LV@SEA,SEA,LV,,,,,,RB/FLEX
83704-71459,RB,Brittain,Brittain Brown,Brown,,,4500,LV@SEA,LV,SEA,,,,,,RB/FLEX
83704-56099,RB,Cullen,Cullen Gillaspia,Gillaspia,,,4500,LV@SEA,SEA,LV,IR,Knee,,,,RB/FLEX
83704-31524,WR,Cody,Cody Core,Core,,,4500,HOU@MIA,MIA,HOU,Q,Undisclosed,,,,WR/FLEX
83704-55088,WR,Malik,Malik Turner,Turner,5,8,4500,LV@SEA,LV,SEA,,,,,,WR/FLEX
83704-71477,WR,Maurice,Maurice Ffrench,Ffrench,0.30000001192092896,1,4500,LAC@ARI,LAC,ARI,,,,,,WR/FLEX
83704-40758,RB,Corey,Corey Clement,Clement,3.6999999455043246,7,4500,LAC@ARI,ARI,LAC,,,,,,RB/FLEX
83704-158520,WR,Daylen,Daylen Baldwin,Baldwin,,,4500,TB@CLE,CLE,TB,,,,,,WR/FLEX
83704-38721,RB,Johnny,Johnny Stanton IV,Stanton IV,2.7333332697550454,3,4500,TB@CLE,CLE,TB,,,,,,RB/FLEX
83704-72515,TE,Ian,Ian Thomas,Thomas,2.4333332909478083,9,4500,DEN@CAR,CAR,DEN,Q,Illness,,,,TE/FLEX
83704-91971,RB,Ronnie,Ronnie Rivers,Rivers,3.75,2,4500,LAR@KC,LAR,KC,,,,,,RB/FLEX
83704-41806,WR,Laquon,Laquon Treadwell,Treadwell,5.491666793823242,12,4500,LV@SEA,SEA,LV,,,,,,WR/FLEX
83704-73551,WR,Stantley,Stantley Thomas-Oliver III,Thomas-Oliver III,,,4500,DEN@CAR,CAR,DEN,IR,Thigh,,,,WR/FLEX
83704-72531,WR,Taysir,Taysir Mack,Mack,,,4500,NO@SF,SF,NO,,,,,,WR/FLEX
83704-85845,WR,Rashod,Rashod Bateman,Bateman,7.666666666666667,6,4500,BAL@JAC,BAL,JAC,IR,Foot,,,,WR/FLEX
83704-103252,RB,Zonovan,Zonovan Knight,Knight,,,4500,CHI@NYJ,NYJ,CHI,,,,,,RB/FLEX
83704-93016,RB,B.J.,B.J. Baylor,Baylor,,,4500,ATL@WAS,ATL,WAS,,,,,,RB/FLEX
83704-71519,WR,Dillon,Dillon Stoner,Stoner,,,4500,LV@SEA,LV,SEA,O,Undisclosed,,,,WR/FLEX
83704-169834,WR,Dareke,Dareke Young,Young,,,4500,LV@SEA,SEA,LV,,,,,,WR/FLEX
83704-89964,WR,Justyn,Justyn Ross,Ross,,,4500,LAR@KC,KC,LAR,IR,Foot,,,,WR/FLEX
83704-70531,WR,Jack,Jack Sorenson,Sorenson,,,4500,CIN@TEN,CIN,TEN,,,,,,WR/FLEX
83704-43912,WR,Chad,Chad Beebe,Beebe,,,4500,HOU@MIA,HOU,MIA,,,,,,WR/FLEX
83704-39818,RB,Wayne,Wayne Gallman Jr.,Gallman Jr.,1.8571428571428572,7,4500,LAR@KC,KC,LAR,,,,,,RB/FLEX
83704-45964,WR,Marcus,Marcus Kemp,Kemp,0.6800000190734863,5,4500,LAR@KC,KC,LAR,,,,,,WR/FLEX
83704-73616,WR,Willie,Willie Johnson,Johnson,,,4500,BAL@JAC,JAC,BAL,IR,Undisclosed,,,,WR/FLEX
83704-64403,WR,Irvin,Irvin Charles,Charles,,,4500,CHI@NYJ,NYJ,CHI,,,,,,WR/FLEX
83704-63387,WR,Jayson,Jayson Stanley,Stanley,,,4500,CHI@NYJ,CHI,NYJ,Q,Knee,,,,WR/FLEX
83704-28573,WR,Michael,Michael Thomas,Thomas,14.366666158040365,3,4500,NO@SF,NO,SF,IR,Toe,,,,WR/FLEX
83704-169890,WR,LuJuan,LuJuan Winningham,Winningham,,,4500,BAL@JAC,JAC,BAL,,,,,,WR/FLEX
83704-88995,WR,Reggie,Reggie Roberson Jr.,Roberson Jr.,,,4500,CHI@NYJ,CHI,NYJ,,,,,,WR/FLEX
83704-63399,WR,Terry,Terry Godwin II,Godwin II,,,4500,CIN@TEN,TEN,CIN,,,,,,WR/FLEX
83704-94118,WR,Mike,Mike Harley Jr.,Harley Jr.,,,4500,TB@CLE,CLE,TB,,,,,,WR/FLEX
83704-169898,WR,Jequez,Jequez Ezzard,Ezzard,,,4500,ATL@WAS,WAS,ATL,Q,Undisclosed,,,,WR/FLEX
83704-91055,WR,Kevin,Kevin Austin Jr.,Austin Jr.,,,4500,BAL@JAC,JAC,BAL,,,,,,WR/FLEX
83704-169900,WR,Jared,Jared Bernhardt,Bernhardt,,,4500,ATL@WAS,ATL,WAS,IR,Groin,,,,WR/FLEX
83704-169901,WR,Tyshaun,Tyshaun James,James,,,4500,ATL@WAS,ATL,WAS,,,,,,WR/FLEX
83704-169908,WR,Dai'Jean,Dai'Jean Dixon,Dixon,,,4500,NO@SF,NO,SF,,,,,,WR/FLEX
83704-55224,RB,Reggie,Reggie Bonnafon,Bonnafon,2.5999999046325684,1,4500,ATL@WAS,WAS,ATL,,,,,,RB/FLEX
83704-85944,WR,Kyric,Kyric McGowan,McGowan,,,4500,ATL@WAS,WAS,ATL,,,,,,WR/FLEX
83704-71613,WR,Demetris,Demetris Robertson,Robertson,,,4500,LV@SEA,SEA,LV,,,,,,WR/FLEX
83704-32703,WR,Jakeem,Jakeem Grant Sr.,Grant Sr.,2.2666666666666666,15,4500,TB@CLE,CLE,TB,IR,Achilles,,,,WR/FLEX
83704-43973,RB,Keith,Keith Smith,Smith,0.5,3,4500,ATL@WAS,ATL,WAS,,,,,,RB/FLEX
83704-86984,WR,Devon,Devon Williams,Williams,,,4500,BAL@JAC,BAL,JAC,,,,,,WR/FLEX
83704-91085,WR,Michael,Michael Young Jr.,Young Jr.,,,4500,HOU@MIA,HOU,MIA,,,,,,WR/FLEX
83704-138189,WR,Changa,Changa Hodge,Hodge,,,4500,LAC@ARI,ARI,LAC,,,,,,WR/FLEX
83704-88016,WR,Ryan,Ryan McDaniel,McDaniel,,,4500,BAL@JAC,JAC,BAL,,,,,,WR/FLEX
83704-169937,WR,Lance,Lance McCutcheon,McCutcheon,,,4500,LAR@KC,LAR,KC,,,,,,WR/FLEX
83704-91101,TE,Tommy,Tommy Tremble,Tremble,3.112499952316284,8,4500,DEN@CAR,CAR,DEN,,,,,,TE/FLEX
83704-41954,WR,Victor,Victor Bolden Jr.,Bolden Jr.,,,4500,DEN@CAR,DEN,CAR,,,,,,WR/FLEX
83704-94185,WR,Kevin,Kevin Shaa,Shaa,,,4500,CHI@NYJ,CHI,NYJ,,,,,,WR/FLEX
83704-71661,WR,Tino,Tino Ellis,Ellis,,,4500,HOU@MIA,MIA,HOU,,,,,,WR/FLEX
83704-71662,WR,DJ,DJ Turner,Turner,1,2,4500,LV@SEA,LV,SEA,,,,,,WR/FLEX
83704-31732,WR,Corey,Corey Coleman,Coleman,,,4500,LAR@KC,KC,LAR,,,,,,WR/FLEX
83704-86007,WR,Tre,Tre Turner,Turner,,,4500,LV@SEA,LV,SEA,,,,,,WR/FLEX
83704-63479,RB,John,John Kelly Jr.,Kelly Jr.,1.2999999523162842,1,4500,TB@CLE,CLE,TB,,,,,,RB/FLEX
83704-96250,WR,DeVonte,DeVonte Dedmon,Dedmon,,,4500,HOU@MIA,MIA,HOU,,,,,,WR/FLEX
83704-104447,TE,Jody,Jody Fortson,Fortson,3.433333396911621,6,4500,LAR@KC,KC,LAR,,,,,,TE/FLEX
83704-79980,TE,Eric,Eric Saubert,Saubert,2.4555555979410806,9,4400,DEN@CAR,DEN,CAR,,,,,,TE/FLEX
83704-12539,D,Miami,Miami Dolphins,Dolphins,5.6,10,4400,HOU@MIA,MIA,HOU,,,,,,DEF
83704-39286,TE,O.J.,O.J. Howard,Howard,3.1555555131700306,9,4400,HOU@MIA,HOU,MIA,,,,,,TE/FLEX
83704-89588,TE,Colby,Colby Parkinson,Parkinson,3.7125000953674316,8,4400,LV@SEA,SEA,LV,,,,,,TE/FLEX
83704-42046,TE,Durham,Durham Smythe,Smythe,2.3500000635782876,6,4300,HOU@MIA,MIA,HOU,,,,,,TE/FLEX
83704-72863,TE,Armani,Armani Rogers,Rogers,2.825000047683716,4,4300,ATL@WAS,WAS,ATL,IR,Knee,,,,TE/FLEX
83704-32957,TE,Eric,Eric Tomlinson,Tomlinson,1.0399999618530273,5,4300,DEN@CAR,DEN,CAR,,,,,,TE/FLEX
83704-12552,D,Washington,Washington Commanders,Commanders,7.363636363636363,11,4300,ATL@WAS,WAS,ATL,,,,,,DEF
83704-31207,TE,C.J.,C.J. Uzomah,Uzomah,2.199999968210856,6,4300,CHI@NYJ,NYJ,CHI,,,,,,TE/FLEX
83704-29314,TE,Richard,Richard Rodgers,Rodgers,0.29999999205271405,3,4300,LAC@ARI,LAC,ARI,,,,,,TE/FLEX
83704-80546,TE,Dan,Dan Arnold,Arnold,2.114285741533552,7,4300,BAL@JAC,JAC,BAL,,,,,,TE/FLEX
83704-94094,TE,Brevin,Brevin Jordan,Jordan,1.2399999618530273,5,4300,HOU@MIA,HOU,MIA,,,,,,TE/FLEX
83704-72705,TE,John,John Bates,Bates,1.7374999523162842,8,4200,ATL@WAS,WAS,ATL,,,,,,TE/FLEX
83704-70705,TE,Trevon,Trevon Wesco,Wesco,1.6000000635782878,3,4200,CHI@NYJ,CHI,NYJ,,,,,,TE/FLEX
83704-68714,TE,Ko,Ko Kieft,Kieft,1.7999999523162842,4,4200,TB@CLE,TB,CLE,,,,,,TE/FLEX
83704-58499,TE,Parker,Parker Hesse,Hesse,1.5,5,4200,ATL@WAS,ATL,WAS,,,,,,TE/FLEX
83704-83138,TE,Ross,Ross Dwelley,Dwelley,4.5,4,4200,NO@SF,SF,NO,,,,,,TE/FLEX
83704-70859,TE,Albert,Albert Okwuegbunam,Okwuegbunam,2.125,4,4200,DEN@CAR,DEN,CAR,,,,,,TE/FLEX
83704-12527,D,Chicago,Chicago Bears,Bears,4.7272727272727275,11,4200,CHI@NYJ,CHI,NYJ,,,,,,DEF
83704-12548,D,Los Angeles,Los Angeles Chargers,Chargers,4.2,10,4200,LAC@ARI,LAC,ARI,,,,,,DEF
83704-63907,TE,Josh,Josh Oliver,Oliver,2.1285713740757535,7,4200,BAL@JAC,BAL,JAC,,,,,,TE/FLEX
83704-55895,TE,Kendall,Kendall Blanton,Blanton,2.25,2,4200,LAR@KC,KC,LAR,,,,,,TE/FLEX
83704-18009,TE,Chris,Chris Manhertz,Manhertz,1.149999976158142,4,4200,BAL@JAC,JAC,BAL,,,,,,TE/FLEX
83704-38523,TE,Geoff,Geoff Swaim,Swaim,2.433333396911621,6,4200,CIN@TEN,TEN,CIN,,,,,,TE/FLEX
83704-65182,TE,Mitchell,Mitchell Wilcox,Wilcox,1.5399999618530273,5,4200,CIN@TEN,CIN,TEN,,,,,,TE/FLEX
83704-29411,TE,Pharaoh,Pharaoh Brown,Brown,2.683333396911621,6,4200,TB@CLE,CLE,TB,,,,,,TE/FLEX
83704-104278,TE,Donald,Donald Parham Jr.,Parham Jr.,3.4000000953674316,2,4200,LAC@ARI,LAC,ARI,IR,Hamstring,,,,TE/FLEX
83704-93026,TE,Teagan,Teagan Quitoriano,Quitoriano,3.3499999046325684,2,4200,HOU@MIA,HOU,MIA,,,,,,TE/FLEX
83704-65477,TE,Giovanni,Giovanni Ricci,Ricci,2.0600000381469727,5,4200,DEN@CAR,CAR,DEN,D,Neck,,,,TE/FLEX
83704-93143,TE,Noah,Noah Gray,Gray,3.5900001525878906,10,4200,LAR@KC,KC,LAR,,,,,,TE/FLEX
83704-104421,TE,Jesper,Jesper Horsted,Horsted,1.7000000476837158,2,4200,LV@SEA,LV,SEA,,,,,,TE/FLEX
83704-69655,TE,Stephen,Stephen Sullivan,Sullivan,1.8666666348775227,3,4100,DEN@CAR,CAR,DEN,Q,Illness,,,,TE/FLEX
83704-62510,TE,Nick,Nick Boyle,Boyle,0.3499999940395355,2,4100,BAL@JAC,BAL,JAC,,,,,,TE/FLEX
83704-94345,TE,Cole,Cole Turner,Turner,0.824999988079071,4,4100,ATL@WAS,WAS,ATL,,,,,,TE/FLEX
83704-86178,TE,Dominique,Dominique Dafney,Dafney,0.8800000190734864,5,4100,DEN@CAR,DEN,CAR,,,,,,TE/FLEX
83704-63697,TE,Brycen,Brycen Hopkins,Hopkins,0.800000011920929,2,4100,LAR@KC,LAR,KC,,,,,,TE/FLEX
83704-12551,D,Tampa Bay,Tampa Bay Buccaneers,Buccaneers,7.5,10,4100,TB@CLE,TB,CLE,,,,,,DEF
83704-34073,TE,Ryan,Ryan Griffin,Griffin,0.7800000190734864,5,4100,CHI@NYJ,CHI,NYJ,,,,,,TE/FLEX
83704-73089,TE,Devin,Devin Asiasi,Asiasi,0,3,4100,CIN@TEN,CIN,TEN,,,,,,TE/FLEX
83704-56711,TE,Drew,Drew Sample,Sample,0.4000000059604645,2,4100,CIN@TEN,CIN,TEN,IR,Knee - mcl,,,,TE/FLEX
83704-80294,TE,Anthony,Anthony Firkser,Firkser,1.8000000317891438,3,4100,ATL@WAS,ATL,WAS,,,,,,TE/FLEX
83704-26038,TE,Tyler,Tyler Kroft,Kroft,1.25,2,4100,NO@SF,SF,NO,,,,,,TE/FLEX
83704-47551,TE,Mason,Mason Schreck,Schreck,0.800000011920929,2,4100,HOU@MIA,HOU,MIA,,,,,,TE/FLEX
83704-73176,TE,Luke,Luke Farrell,Farrell,1.7999999523162842,2,4100,BAL@JAC,JAC,BAL,,,,,,TE/FLEX
83704-29277,TE,Stephen,Stephen Anderson,Anderson,0.23333332935969034,3,4100,LAC@ARI,ARI,LAC,,,,,,TE/FLEX
83704-47788,TE,Deon,Deon Yelder,Yelder,0.5,1,4100,LAC@ARI,ARI,LAC,,,,,,TE/FLEX
83704-54007,TE,Jacob,Jacob Hollister,Hollister,2.6666666666666665,6,4100,LV@SEA,LV,SEA,,,,,,TE/FLEX
83704-93075,TE,Hunter,Hunter Long,Long,0.4333333174387614,3,4100,HOU@MIA,MIA,HOU,,,,,,TE/FLEX
83704-14237,TE,Kyle,Kyle Rudolph,Rudolph,0.75,4,4100,TB@CLE,TB,CLE,,,,,,TE/FLEX
83704-28694,TE,Jesse,Jesse James,James,3.924999952316284,4,4000,TB@CLE,CLE,TB,IR,Biceps,,,,TE/FLEX
83704-137249,TE,Briley,Briley Moore,Moore,,,4000,CIN@TEN,TEN,CIN,,,,,,TE/FLEX
83704-55336,TE,Chris,Chris Herndon,Herndon,2.4,5,4000,NO@SF,NO,SF,,,,,,TE/FLEX
83704-69676,TE,Jamal,Jamal Pettigrew,Pettigrew,,,4000,LAR@KC,LAR,KC,,,,,,TE/FLEX
83704-69686,TE,Dylan,Dylan Parham,Parham,,,4000,DEN@CAR,DEN,CAR,,,,,,TE/FLEX
83704-86075,TE,Lucas,Lucas Krull,Krull,,,4000,NO@SF,NO,SF,,,,,,TE/FLEX
83704-59455,TE,Sammis,Sammis Reyes,Reyes,,,4000,CHI@NYJ,CHI,NYJ,,,,,,TE/FLEX
83704-30787,TE,Alex,Alex Ellis,Ellis,,,4000,LAC@ARI,ARI,LAC,Q,Undisclosed,,,,TE/FLEX
83704-65607,TE,Jacob,Jacob Harris,Harris,,,4000,LAR@KC,LAR,KC,,,,,,TE/FLEX
83704-69705,TE,Garrett,Garrett Walston,Walston,,,4000,NO@SF,SF,NO,,,,,,TE/FLEX
83704-42077,TE,James,James Winchester,Winchester,,,4000,LAR@KC,KC,LAR,,,,,,TE/FLEX
83704-79967,TE,Adam,Adam Shaheen,Shaheen,2.4285714285714284,7,4000,HOU@MIA,MIA,HOU,IR,Knee,,,,TE/FLEX
83704-46177,TE,David,David Wells,Wells,,,4000,TB@CLE,TB,CLE,,,,,,TE/FLEX
83704-46200,TE,Daniel,Daniel Brunskill,Brunskill,,,4000,NO@SF,SF,NO,,,,,,TE/FLEX
83704-80011,TE,Antony,Antony Auclair,Auclair,3.299999952316284,4,4000,CIN@TEN,TEN,CIN,,,,,,TE/FLEX
83704-54426,TE,Andrew,Andrew Beck,Beck,1.4600000381469727,5,4000,DEN@CAR,DEN,CAR,Q,Hamstring,,,,TE/FLEX
83704-93343,TE,Roger,Roger Carter Jr.,Carter Jr.,,,4000,LAR@KC,LAR,KC,,,,,,TE/FLEX
83704-9409,TE,Clark,Clark Harris,Harris,,,4000,CIN@TEN,CIN,TEN,IR,Biceps,,,,TE/FLEX
83704-65737,TE,Sam,Sam Tecklenburg,Tecklenburg,,,4000,DEN@CAR,CAR,DEN,,,,,,TE/FLEX
83704-170191,TE,Ben,Ben Beise,Beise,,,4000,TB@CLE,TB,CLE,,,,,,TE/FLEX
83704-170188,TE,Tanner,Tanner Conner,Conner,0,2,4000,HOU@MIA,MIA,HOU,,,,,,TE/FLEX
83704-149727,TE,Bernhard,Bernhard Seikovits,Seikovits,,,4000,LAC@ARI,ARI,LAC,,,,,,TE/FLEX
83704-12525,D,Atlanta,Atlanta Falcons,Falcons,5.818181818181818,11,4000,ATL@WAS,ATL,WAS,,,,,,DEF
83704-52468,TE,Ethan,Ethan Wolf,Wolf,1.7999999523162842,1,4000,NO@SF,NO,SF,,,,,,TE/FLEX
83704-97537,TE,Naz,Naz Bohannon,Bohannon,,,4000,BAL@JAC,JAC,BAL,,,,,,TE/FLEX
83704-12550,D,Seattle,Seattle Seahawks,Seahawks,8,10,4000,LV@SEA,SEA,LV,,,,,,DEF
83704-83226,TE,Kevin,Kevin Rader,Rader,0.8999999761581421,2,4000,CIN@TEN,TEN,CIN,,,,,,TE/FLEX
83704-90398,TE,Matt,Matt Bushman,Bushman,,,4000,LAR@KC,KC,LAR,Q,Collarbone,,,,TE/FLEX
83704-170282,TE,JJ,JJ Howland,Howland,,,4000,TB@CLE,TB,CLE,,,,,,TE/FLEX
83704-65839,TE,Kahale,Kahale Warring,Warring,,,4000,NO@SF,NO,SF,,,,,,TE/FLEX
83704-55609,TE,Ryan,Ryan Izzo,Izzo,,,4000,DEN@CAR,CAR,DEN,,,,,,TE/FLEX
83704-91467,TE,Jake,Jake Tonges,Tonges,0,1,4000,CHI@NYJ,CHI,NYJ,,,,,,TE/FLEX
83704-63839,TE,Tyler,Tyler Mabry,Mabry,,,4000,LV@SEA,SEA,LV,,,,,,TE/FLEX
83704-25957,TE,J.P.,J.P. Holtz,Holtz,,,4000,NO@SF,NO,SF,,,,,,TE/FLEX
83704-153957,TE,Zaire,Zaire Mitchell-Paden,Mitchell-Paden,,,4000,TB@CLE,CLE,TB,,,,,,TE/FLEX
83704-92530,TE,Cade,Cade Brewer,Brewer,,,4000,LV@SEA,SEA,LV,,,,,,TE/FLEX
83704-60791,TE,Tommy,Tommy Hudson,Hudson,1.149999976158142,4,4000,CIN@TEN,TEN,CIN,Q,Undisclosed,,,,TE/FLEX
83704-71048,TE,Thaddeus,Thaddeus Moss,Moss,,,4000,CIN@TEN,CIN,TEN,,,,,,TE/FLEX
83704-71058,TE,Grayson,Grayson Gunter,Gunter,,,4000,BAL@JAC,JAC,BAL,,,,,,TE/FLEX
83704-70043,TE,Cole,Cole Fotheringham,Fotheringham,,,4000,LV@SEA,LV,SEA,,,,,,TE/FLEX
83704-72110,TE,John,John Mitchell,Mitchell,,,4000,LV@SEA,SEA,LV,,,,,,TE/FLEX
83704-73147,TE,Nick,Nick Eubanks,Eubanks,,,4000,HOU@MIA,HOU,MIA,,,,,,TE/FLEX
83704-73161,TE,Chase,Chase Allen,Allen,,,4000,CHI@NYJ,CHI,NYJ,,,,,,TE/FLEX
83704-69069,TE,Tony,Tony Poljan,Poljan,,,4000,BAL@JAC,BAL,JAC,,,,,,TE/FLEX
83704-73172,TE,Jake,Jake Hausmann,Hausmann,,,4000,ATL@WAS,WAS,ATL,,,,,,TE/FLEX
83704-54746,TE,Tyler,Tyler Ott,Ott,,,4000,LV@SEA,SEA,LV,IR,Shoulder,,,,TE/FLEX
83704-103900,TE,Brandon,Brandon Dillon,Dillon,,,4000,NO@SF,NO,SF,,,,,,TE/FLEX
83704-91618,TE,John,John FitzPatrick,FitzPatrick,,,4000,ATL@WAS,ATL,WAS,IR,Undisclosed,,,,TE/FLEX
83704-97771,TE,Marcus,Marcus Santos-Silva,Santos-Silva,,,4000,TB@CLE,CLE,TB,,,,,,TE/FLEX
83704-89586,TE,Tucker,Tucker Fisk,Fisk,,,4000,ATL@WAS,ATL,WAS,,,,,,TE/FLEX
83704-62981,TE,Eli,Eli Wolf,Wolf,,,4000,ATL@WAS,WAS,ATL,IR,Undisclosed,,,,TE/FLEX
83704-64023,TE,Kyle,Kyle Markway,Markway,,,4000,LAR@KC,LAR,KC,Q,Undisclosed,,,,TE/FLEX
83704-103966,TE,Stone,Stone Smartt,Smartt,1.100000023841858,1,4000,LAC@ARI,LAC,ARI,,,,,,TE/FLEX
83704-14895,TE,Patrick,Patrick Scales,Scales,,,4000,CHI@NYJ,CHI,NYJ,,,,,,TE/FLEX
83704-73266,TE,Dylan,Dylan Soehner,Soehner,,,4000,NO@SF,NO,SF,NA,Undisclosed,,,,TE/FLEX
83704-46644,TE,Paul,Paul Quessenberry,Quessenberry,,,4000,HOU@MIA,HOU,MIA,,,,,,TE/FLEX
83704-69173,TE,Hunter,Hunter Kampmoyer,Kampmoyer,,,4000,LAC@ARI,LAC,ARI,,,,,,TE/FLEX
83704-60981,TE,Charlie,Charlie Heck,Heck,,,4000,HOU@MIA,HOU,MIA,,,,,,TE/FLEX
83704-60984,TE,Jake,Jake Bargas,Bargas,,,4000,HOU@MIA,MIA,HOU,,,,,,TE/FLEX
83704-68155,TE,Codey,Codey McElroy,McElroy,0.25,2,4000,TB@CLE,TB,CLE,Q,Foot,,,,TE/FLEX
83704-30272,TE,Colin,Colin Thompson,Thompson,0,1,4000,DEN@CAR,CAR,DEN,Q,Calf,,,,TE/FLEX
83704-104019,TE,Matt,Matt Orzech,Orzech,0,1,4000,LAR@KC,LAR,KC,,,,,,TE/FLEX
83704-85635,TE,Charlie,Charlie Kolar,Kolar,,,4000,BAL@JAC,BAL,JAC,,,,,,TE/FLEX
83704-101007,TE,Mark,Mark Vital,Vital,,,4000,LAR@KC,KC,LAR,,,,,,TE/FLEX
83704-86692,TE,Thomas,Thomas Odukoya,Odukoya,,,4000,CIN@TEN,TEN,CIN,,,,,,TE/FLEX
83704-71351,TE,Charlie,Charlie Woerner,Woerner,0,2,4000,NO@SF,SF,NO,,,,,,TE/FLEX
83704-28346,TE,Maxx,Maxx Williams,Williams,1.2000000476837158,1,4000,LAC@ARI,ARI,LAC,,,,,,TE/FLEX
83704-89814,TE,Gerrit,Gerrit Prince,Prince,,,4000,BAL@JAC,JAC,BAL,,,,,,TE/FLEX
83704-38636,TE,Bug,Bug Howard,Howard,,,4000,TB@CLE,TB,CLE,Q,Undisclosed,,,,TE/FLEX
83704-85759,TE,Curtis,Curtis Hodges,Hodges,,,4000,ATL@WAS,WAS,ATL,IR,Thigh,,,,TE/FLEX
83704-87815,TE,Jeremy,Jeremy Ruckert,Ruckert,0,1,4000,CHI@NYJ,NYJ,CHI,,,,,,TE/FLEX
83704-27403,TE,Blake,Blake Bell,Bell,1.25,12,4000,LAR@KC,KC,LAR,IR,Hip,,,,TE/FLEX
83704-40746,TE,Troy,Troy Fumagalli,Fumagalli,,,4000,NO@SF,SF,NO,,,,,,TE/FLEX
83704-38722,TE,Cethan,Cethan Carter,Carter,1.2999999523162842,2,4000,HOU@MIA,MIA,HOU,IR,Concussion,,,,TE/FLEX
83704-58189,TE,Mitchell,Mitchell Fraboni,Fraboni,,,4000,DEN@CAR,DEN,CAR,IR,Finger,,,,TE/FLEX
83704-63321,TE,Rashod,Rashod Berry,Berry,,,4000,BAL@JAC,JAC,BAL,,,,,,TE/FLEX
83704-69516,TE,Miller,Miller Forristall,Forristall,0,1,4000,TB@CLE,CLE,TB,,,,,,TE/FLEX
83704-64408,TE,Nick,Nick Bowers,Bowers,,,4000,CIN@TEN,CIN,TEN,,,,,,TE/FLEX
83704-92056,TE,Cal,Cal Adomitis,Adomitis,,,4000,CIN@TEN,CIN,TEN,,,,,,TE/FLEX
83704-89029,TE,Chris,Chris Pierce Jr.,Pierce Jr.,,,4000,LAC@ARI,ARI,LAC,,,,,,TE/FLEX
83704-70604,TE,John,John Raine,Raine,,,4000,ATL@WAS,ATL,WAS,,,,,,TE/FLEX
83704-72665,TE,Kenny,Kenny Yeboah,Yeboah,2.299999952316284,2,4000,CHI@NYJ,NYJ,CHI,D,Calf,,,,TE/FLEX
83704-112601,TE,Travis,Travis Koontz,Koontz,,,4000,LV@SEA,LV,SEA,,,,,,TE/FLEX
83704-87013,TE,Erik,Erik Krommenhoek,Krommenhoek,,,4000,LAC@ARI,LAC,ARI,,,,,,TE/FLEX
83704-57325,TE,Jordan,Jordan Franks,Franks,,,4000,LAR@KC,KC,LAR,O,Hand,,,,TE/FLEX
83704-12531,D,Denver,Denver Broncos,Broncos,6.5,10,3900,DEN@CAR,DEN,CAR,,,,,,DEF
83704-12553,D,Carolina,Carolina Panthers,Panthers,6.7272727272727275,11,3900,DEN@CAR,CAR,DEN,,,,,,DEF
83704-12546,D,Arizona,Arizona Cardinals,Cardinals,6.909090909090909,11,3800,LAC@ARI,ARI,LAC,,,,,,DEF
83704-12554,D,Jacksonville,Jacksonville Jaguars,Jaguars,6.6,10,3800,BAL@JAC,JAC,BAL,,,,,,DEF
83704-12534,D,Tennessee,Tennessee Titans,Titans,7.6,10,3700,CIN@TEN,TEN,CIN,,,,,,DEF
83704-12528,D,Cincinnati,Cincinnati Bengals,Bengals,5.3,10,3600,CIN@TEN,CIN,TEN,,,,,,DEF
83704-12542,D,New Orleans,New Orleans Saints,Saints,5.2727272727272725,11,3500,NO@SF,NO,SF,,,,,,DEF
83704-12537,D,Las Vegas,Las Vegas Raiders,Raiders,4,10,3400,LV@SEA,LV,SEA,,,,,,DEF
83704-12538,D,Los Angeles,Los Angeles Rams,Rams,5.3,10,3300,LAR@KC,LAR,KC,,,,,,DEF
83704-12529,D,Cleveland,Cleveland Browns,Browns,3.8,10,3200,TB@CLE,CLE,TB,,,,,,DEF
83704-12556,D,Houston,Houston Texans,Texans,5.2,10,3000,HOU@MIA,HOU,MIA,,,,,,DEF