Id,Position,First Name,Nickname,Last Name,FPPG,Played,Salary,Game,Team,Opponent,Injury Indicator,Injury Details,Tier,,,Roster Position
84669-72731,RB,Josh,Josh Jacobs,Jacobs,20.061537522536057,13,9200,NE@LV,LV,NE,Q,Quadriceps,,,,RB/FLEX
84669-57439,QB,Patrick,Patrick Mahomes,Mahomes,25.49230722280649,13,9100,KC@HOU,KC,HOU,,,,,,QB
84669-85701,WR,Ja'Marr,Ja'Marr Chase,Chase,17.211110432942707,9,9000,CIN@TB,CIN,TB,,,,,,WR/FLEX
84669-69531,QB,Jalen,Jalen Hurts,Hurts,25.990769606370193,13,9000,PHI@CHI,PHI,CHI,,,,,,QB
84669-39280,RB,Derrick,Derrick Henry,Henry,17.773845966045673,13,8900,TEN@LAC,TEN,LAC,,,,,,RB/FLEX
84669-80001,RB,Austin,Austin Ekeler,Ekeler,18.938461303710938,13,8700,TEN@LAC,LAC,TEN,,,,,,RB/FLEX
84669-45889,WR,Davante,Davante Adams,Adams,18.27692354642428,13,8500,NE@LV,LV,NE,,,,,,WR/FLEX
84669-111540,RB,Rhamondre,Rhamondre Stevenson,Stevenson,13.207692072941708,13,8500,NE@LV,NE,LV,Q,Ankle,,,,RB/FLEX
84669-16606,WR,DeAndre,DeAndre Hopkins,Hopkins,15.614286150251116,7,8400,ARI@DEN,ARI,DEN,,,,,,WR/FLEX
84669-86997,WR,Amon-Ra,Amon-Ra St. Brown,St. Brown,14.641666412353516,12,8400,DET@NYJ,DET,NYJ,,,,,,WR/FLEX
84669-69189,QB,Justin,Justin Herbert,Herbert,18.27230717585637,13,8300,TEN@LAC,LAC,TEN,,,,,,QB
84669-72846,WR,A.J.,A.J. Brown,Brown,14.653846153846153,13,8200,PHI@CHI,PHI,CHI,,,,,,WR/FLEX
84669-63759,RB,Tony,Tony Pollard,Pollard,15.676923311673677,13,8200,DAL@JAC,DAL,JAC,,,,,,RB/FLEX
84669-52442,RB,Joe,Joe Mixon,Mixon,15.636363636363637,11,8100,CIN@TB,CIN,TB,,,,,,RB/FLEX
84669-86631,WR,CeeDee,CeeDee Lamb,Lamb,13.36153822678786,13,8100,DAL@JAC,DAL,JAC,,,,,,WR/FLEX
84669-33076,TE,Travis,Travis Kelce,Kelce,16.68461491511418,13,8000,KC@HOU,KC,HOU,,,,,,TE/FLEX
84669-29253,WR,Keenan,Keenan Allen,Allen,11.166666666666666,6,8000,TEN@LAC,LAC,TEN,,,,,,WR/FLEX
84669-63336,QB,Joe,Joe Burrow,Burrow,23.061537522536057,13,8000,CIN@TB,CIN,TB,,,,,,QB
84669-91591,QB,Justin,Justin Fields,Fields,21.361666361490887,12,7900,PHI@CHI,CHI,PHI,,,,,,QB
84669-103564,WR,Garrett,Garrett Wilson,Wilson,10.976922842172476,13,7800,DET@NYJ,NYJ,DET,,,,,,WR/FLEX
84669-71845,RB,Miles,Miles Sanders,Sanders,14.63846177321214,13,7800,PHI@CHI,PHI,CHI,,,,,,RB/FLEX
84669-63484,QB,Kyler,Kyler Murray,Murray,18.865454933860086,11,7800,ARI@DEN,ARI,DEN,IR,Knee - acl,,,,QB
84669-42104,RB,Alvin,Alvin Kamara,Kamara,12.163636641068893,11,7600,ATL@NO,NO,ATL,,,,,,RB/FLEX
84669-92575,RB,Isiah,Isiah Pacheco,Pacheco,6.653846153846154,13,7600,KC@HOU,KC,HOU,,,,,,RB/FLEX
84669-89981,WR,Tee,Tee Higgins,Higgins,13.281818736683238,11,7500,CIN@TB,CIN,TB,Q,Hamstring,,,,WR/FLEX
84669-38791,RB,Ezekiel,Ezekiel Elliott,Elliott,12.718181263316762,11,7500,DAL@JAC,DAL,JAC,,,,,,RB/FLEX
84669-31716,QB,Dak,Dak Prescott,Prescott,17.03499984741211,8,7500,DAL@JAC,DAL,JAC,,,,,,QB
84669-90561,WR,Jerry,Jerry Jeudy,Jeudy,10.527273004705256,11,7400,ARI@DEN,DEN,ARI,,,,,,WR/FLEX
84669-89951,QB,Trevor,Trevor Lawrence,Lawrence,18.606154221754807,13,7400,DAL@JAC,JAC,DAL,Q,Toe,,,,QB
84669-38435,QB,Jared,Jared Goff,Goff,16.859999436598557,13,7300,DET@NYJ,DET,NYJ,,,,,,QB
84669-55987,WR,JuJu,JuJu Smith-Schuster,Smith-Schuster,10.22499974568685,12,7300,KC@HOU,KC,HOU,,,,,,WR/FLEX
84669-90576,WR,DeVonta,DeVonta Smith,Smith,10.653846153846153,13,7200,PHI@CHI,PHI,CHI,,,,,,WR/FLEX
84669-22015,QB,Russell,Russell Wilson,Wilson,14.691666920979818,12,7200,ARI@DEN,DEN,ARI,O,Concussion,,,,QB
84669-40687,RB,James,James Conner,Conner,12.65999984741211,10,7200,ARI@DEN,ARI,DEN,,,,,,RB/FLEX
84669-103252,RB,Zonovan,Zonovan Knight,Knight,13.59999974568685,3,7200,DET@NYJ,NYJ,DET,,,,,,RB/FLEX
84669-39829,WR,Mike,Mike Williams,Williams,12.066666497124565,9,7200,TEN@LAC,LAC,TEN,,,,,,WR/FLEX
84669-60858,WR,Christian,Christian Kirk,Kirk,12.430769700270433,13,7100,DAL@JAC,JAC,DAL,,,,,,WR/FLEX
84669-87770,WR,Chris,Chris Olave,Olave,11.391666412353516,12,7100,ATL@NO,NO,ATL,,,,,,WR/FLEX
84669-55635,WR,Chris,Chris Godwin,Godwin,10.836363358931107,11,7000,CIN@TB,TB,CIN,,,,,,WR/FLEX
84669-40534,QB,Mike,Mike White,White,18.326666514078777,3,7000,DET@NYJ,NYJ,DET,O,Ribs,,,,QB
84669-45859,QB,Derek,Derek Carr,Carr,15.65230736365685,13,7000,NE@LV,LV,NE,,,,,,QB
84669-89956,RB,Travis,Travis Etienne Jr.,Etienne Jr.,10.561538696289062,13,7000,DAL@JAC,JAC,DAL,,,,,,RB/FLEX
84669-21948,QB,Ryan,Ryan Tannehill,Tannehill,14.139999389648438,11,6900,TEN@LAC,TEN,LAC,,,,,,QB
84669-45631,RB,Jamaal,Jamaal Williams,Williams,13.292307927058292,13,6900,DET@NYJ,DET,NYJ,,,,,,RB/FLEX
84669-32384,WR,Mike,Mike Evans,Evans,10.666666666666666,12,6900,CIN@TB,TB,CIN,,,,,,WR/FLEX
84669-137902,RB,Rachaad,Rachaad White,White,6.707692072941707,13,6900,CIN@TB,TB,CIN,,,,,,RB/FLEX
84669-6498,QB,Tom,Tom Brady,Brady,15.669230534480167,13,6800,CIN@TB,TB,CIN,,,,,,QB
84669-73273,RB,David,David Montgomery,Montgomery,10.25,12,6800,PHI@CHI,CHI,PHI,,,,,,RB/FLEX
84669-86687,WR,Marquise,Marquise Brown,Brown,12.625,8,6800,ARI@DEN,ARI,DEN,Q,Illness,,,,WR/FLEX
84669-86055,RB,Dameon,Dameon Pierce,Pierce,11.646153376652645,13,6700,KC@HOU,HOU,KC,IR,Ankle,,,,RB/FLEX
84669-57403,WR,Courtland,Courtland Sutton,Sutton,8.441666920979818,12,6700,ARI@DEN,DEN,ARI,O,Hamstring,,,,WR/FLEX
84669-24849,QB,Jameis,Jameis Winston,Winston,16.306666056315105,3,6700,ATL@NO,NO,ATL,,,,,,QB
84669-90584,QB,Mac,Mac Jones,Jones,12.062000274658203,10,6700,NE@LV,NE,LV,,,,,,QB
84669-14225,QB,Andy,Andy Dalton,Dalton,14.847999572753906,10,6700,ATL@NO,NO,ATL,,,,,,QB
84669-63589,QB,Sam,Sam Darnold,Darnold,14.329999923706055,2,6600,PIT@CAR,CAR,PIT,,,,,,QB
84669-90575,RB,Najee,Najee Harris,Harris,11.004615196814903,13,6600,PIT@CAR,PIT,CAR,,,,,,RB/FLEX
84669-91598,RB,D'Andre,D'Andre Swift,Swift,11.63000030517578,10,6600,DET@NYJ,DET,NYJ,,,,,,RB/FLEX
84669-66008,WR,Diontae,Diontae Johnson,Johnson,7.884615384615385,13,6600,PIT@CAR,PIT,CAR,,,,,,WR/FLEX
84669-63043,WR,DJ,DJ Moore,Moore,8.615384615384615,13,6600,PIT@CAR,CAR,PIT,Q,Ankle,,,,WR/FLEX
84669-52922,RB,Leonard,Leonard Fournette,Fournette,12.741666158040365,12,6600,CIN@TB,TB,CIN,,,,,,RB/FLEX
84669-64576,RB,Damien,Damien Harris,Harris,7.8111114501953125,9,6500,NE@LV,NE,LV,O,Thigh,,,,RB/FLEX
84669-86278,QB,Desmond,Desmond Ridder,Ridder,,,6500,ATL@NO,ATL,NO,,,,,,QB
84669-87418,WR,Joshua,Joshua Palmer,Palmer,9.616666793823242,12,6500,TEN@LAC,LAC,TEN,,,,,,WR/FLEX
84669-34331,RB,Latavius,Latavius Murray,Murray,9.555555555555555,9,6500,ARI@DEN,DEN,ARI,,,,,,RB/FLEX
84669-29358,QB,Marcus,Marcus Mariota,Mariota,15.812307504507212,13,6500,ATL@NO,ATL,NO,IR,Knee,,,,QB
84669-38628,QB,Mitch,Mitch Trubisky,Trubisky,10.803333282470703,6,6500,PIT@CAR,PIT,CAR,,,,,,QB
84669-55042,TE,Dalton,Dalton Schultz,Schultz,7.2272727272727275,11,6500,DAL@JAC,DAL,JAC,,,,,,TE/FLEX
84669-92020,QB,Kenny,Kenny Pickett,Pickett,12.037999725341797,10,6500,PIT@CAR,PIT,CAR,O,Concussion,,,,QB
84669-63634,WR,Jakobi,Jakobi Meyers,Meyers,10.11999969482422,10,6400,NE@LV,NE,LV,Q,Concussion,,,,WR/FLEX
84669-90406,QB,Zach,Zach Wilson,Wilson,11.751428876604352,7,6400,DET@NYJ,NYJ,DET,,,,,,QB
84669-55830,RB,D'Onta,D'Onta Foreman,Foreman,7.900000254313151,12,6400,PIT@CAR,CAR,PIT,,,,,,RB/FLEX
84669-6714,QB,Joe,Joe Flacco,Flacco,11.420000076293945,4,6400,DET@NYJ,NYJ,DET,,,,,,QB
84669-40669,WR,Tyler,Tyler Boyd,Boyd,8.83999985914964,13,6400,CIN@TB,CIN,TB,Q,Finger,,,,WR/FLEX
84669-61157,QB,Brett,Brett Rypien,Rypien,6.269999980926514,2,6400,ARI@DEN,DEN,ARI,,,,,,QB
84669-30733,RB,Cordarrelle,Cordarrelle Patterson,Patterson,11.399999830457899,9,6300,ATL@NO,ATL,NO,,,,,,RB/FLEX
84669-112745,WR,Drake,Drake London,London,7.753846388596755,13,6300,ATL@NO,ATL,NO,,,,,,WR/FLEX
84669-41305,WR,Zay,Zay Jones,Jones,9.633333206176758,12,6300,DAL@JAC,JAC,DAL,,,,,,WR/FLEX
84669-89628,QB,Davis,Davis Mills,Mills,12.069090409712357,11,6300,KC@HOU,HOU,KC,,,,,,QB
84669-30253,QB,Jeff,Jeff Driskel,Driskel,3.5399999618530273,3,6300,KC@HOU,HOU,KC,,,,,,QB
84669-53095,QB,Kyle,Kyle Allen,Allen,9.970000267028809,2,6300,KC@HOU,HOU,KC,,,,,,QB
84669-54608,RB,Jerick,Jerick McKinnon,McKinnon,7.623076805701623,13,6200,KC@HOU,KC,HOU,,,,,,RB/FLEX
84669-32158,QB,Garrett,Garrett Gilbert,Gilbert,7.760000228881836,1,6200,NE@LV,NE,LV,,,,,,QB
84669-45565,TE,Taysom,Taysom Hill,Hill,8.620000203450521,12,6200,ATL@NO,NO,ATL,,,,,,TE/FLEX
84669-139985,QB,Bailey,Bailey Zappe,Zappe,10.53499984741211,4,6200,NE@LV,NE,LV,,,,,,QB
84669-29501,WR,Brandin,Brandin Cooks,Cooks,8.069999694824219,10,6200,KC@HOU,HOU,KC,O,Calf,,,,WR/FLEX
84669-41827,QB,P.J.,P.J. Walker,Walker,7.023333231608073,6,6200,PIT@CAR,CAR,PIT,,,,,,QB
84669-30761,QB,Nathan,Nathan Peterman,Peterman,0.20000000298023224,1,6100,PHI@CHI,CHI,PHI,,,,,,QB
84669-11500,QB,Colt,Colt McCoy,McCoy,11.15999984741211,3,6100,ARI@DEN,ARI,DEN,,,,,,QB
84669-27986,QB,C.J.,C.J. Beathard,Beathard,0.07000000029802322,2,6100,DAL@JAC,JAC,DAL,,,,,,QB
84669-61798,QB,Gardner,Gardner Minshew II,Minshew II,0.3866666555404663,3,6100,PHI@CHI,PHI,CHI,,,,,,QB
84669-87467,RB,Chuba,Chuba Hubbard,Hubbard,4.509999847412109,10,6100,PIT@CAR,CAR,PIT,,,,,,RB/FLEX
84669-31170,QB,Brandon,Brandon Allen,Allen,0.7799999713897705,1,6100,CIN@TB,CIN,TB,,,,,,QB
84669-40407,QB,Joshua,Joshua Dobbs,Dobbs,,,6100,DET@NYJ,DET,NYJ,,,,,,QB
84669-60947,QB,Jarrett,Jarrett Stidham,Stidham,2.880000114440918,1,6100,NE@LV,LV,NE,,,,,,QB
84669-87691,QB,Malik,Malik Willis,Willis,1.6959999084472657,5,6100,TEN@LAC,TEN,LAC,,,,,,QB
84669-110246,WR,George,George Pickens,Pickens,7.8000001173753,13,6100,PIT@CAR,PIT,CAR,,,,,,WR/FLEX
84669-44715,QB,Cooper,Cooper Rush,Rush,8.51999991280692,7,6100,DAL@JAC,DAL,JAC,,,,,,QB
84669-52917,WR,DJ,DJ Chark Jr.,Chark Jr.,8.37142835344587,7,6100,DET@NYJ,DET,NYJ,,,,,,WR/FLEX
84669-29715,QB,Kevin,Kevin Hogan,Hogan,,,6000,TEN@LAC,TEN,LAC,,,,,,QB
84669-86052,WR,Kadarius,Kadarius Toney,Toney,4.5,5,6000,KC@HOU,KC,HOU,Q,Hamstring,,,,WR/FLEX
84669-62566,QB,Travis,Travis Jonsen,Jonsen,,,6000,CIN@TB,TB,CIN,,,,,,QB
84669-52342,QB,Will,Will Grier,Grier,,,6000,DAL@JAC,DAL,JAC,,,,,,QB
84669-83074,TE,Dallas,Dallas Goedert,Goedert,10.211111280653212,9,6000,PHI@CHI,PHI,CHI,IR,Shoulder,,,,TE/FLEX
84669-68741,QB,Brandon,Brandon Peters,Peters,,,6000,TEN@LAC,LAC,TEN,,,,,,QB
84669-27801,QB,Nate,Nate Sudfeld,Sudfeld,-0.10000000149011612,1,6000,DET@NYJ,DET,NYJ,,,,,,QB
84669-94396,QB,Carson,Carson Strong,Strong,,,6000,ARI@DEN,ARI,DEN,,,,,,QB
84669-69833,QB,Shane,Shane Buechele,Buechele,,,6000,KC@HOU,KC,HOU,,,,,,QB
84669-45259,QB,Logan,Logan Woodside,Woodside,-0.15000000596046448,4,6000,ATL@NO,ATL,NO,,,,,,QB
84669-33047,WR,Chris,Chris Moore,Moore,6.800000277432528,11,6000,KC@HOU,HOU,KC,,,,,,WR/FLEX
84669-91468,QB,Chase,Chase Garbers,Garbers,,,6000,NE@LV,LV,NE,,,,,,QB
84669-103824,QB,Easton,Easton Stick,Stick,,,6000,TEN@LAC,LAC,TEN,,,,,,QB
84669-73118,QB,Ian,Ian Book,Book,4,1,6000,PHI@CHI,PHI,CHI,,,,,,QB
84669-60840,QB,Jake,Jake Browning,Browning,,,6000,CIN@TB,CIN,TB,,,,,,QB
84669-53729,QB,Mason,Mason Rudolph,Rudolph,9.6899995803833,2,6000,PIT@CAR,PIT,CAR,,,,,,QB
84669-40482,QB,Tim,Tim Boyle,Boyle,7.585000038146973,4,6000,PHI@CHI,CHI,PHI,,,,,,QB
84669-72241,QB,Drew,Drew Plitt,Plitt,,,6000,CIN@TB,CIN,TB,,,,,,QB
84669-88630,QB,Matt,Matt Corral,Corral,,,6000,PIT@CAR,CAR,PIT,IR,Foot,,,,QB
84669-71232,QB,D'Eriq,D'Eriq King,King,,,6000,PIT@CAR,CAR,PIT,,,,,,QB
84669-71242,QB,Jarrett,Jarrett Guarantano,Guarantano,,,6000,ARI@DEN,DEN,ARI,,,,,,QB
84669-8803,QB,Chase,Chase Daniel,Daniel,0,1,6000,TEN@LAC,LAC,TEN,,,,,,QB
84669-7844,QB,Chad,Chad Henne,Henne,-0.15000000596046448,2,6000,KC@HOU,KC,HOU,,,,,,QB
84669-110259,WR,Treylon,Treylon Burks,Burks,7.699999809265137,8,6000,TEN@LAC,TEN,LAC,O,Concussion,,,,WR/FLEX
84669-73398,QB,Chris,Chris Oladokun,Oladokun,,,6000,KC@HOU,KC,HOU,,,,,,QB
84669-69304,QB,Kyle,Kyle Trask,Trask,,,6000,CIN@TB,TB,CIN,,,,,,QB
84669-7872,QB,Brian,Brian Hoyer,Hoyer,1.4800000190734863,1,6000,NE@LV,NE,LV,IR,Concussion,,,,QB
84669-52929,QB,Jake,Jake Luton,Luton,,,6000,ATL@NO,NO,ATL,,,,,,QB
84669-91872,RB,Joshua,Joshua Kelley,Kelley,4.4375,8,6000,TEN@LAC,LAC,TEN,,,,,,RB/FLEX
84669-85741,RB,Clyde,Clyde Edwards-Helaire,Edwards-Helaire,8.980000305175782,10,6000,KC@HOU,KC,HOU,IR,Ankle,,,,RB/FLEX
84669-28434,QB,Trevor,Trevor Siemian,Siemian,5.579999923706055,2,6000,PHI@CHI,CHI,PHI,IR,Oblique,,,,QB
84669-95026,QB,Dustin,Dustin Crum,Crum,,,6000,KC@HOU,KC,HOU,,,,,,QB
84669-33647,QB,Kyle,Kyle Sloter,Sloter,,,6000,DAL@JAC,JAC,DAL,,,,,,QB
84669-38767,QB,Chris,Chris Streveler,Streveler,1.0199999809265137,2,6000,DET@NYJ,NYJ,DET,,,,,,QB
84669-14194,QB,Blaine,Blaine Gabbert,Gabbert,0.33000000317891437,6,6000,CIN@TB,TB,CIN,,,,,,QB
84669-169852,QB,Davis,Davis Cheek,Cheek,,,6000,PIT@CAR,CAR,PIT,,,,,,QB
84669-33702,QB,Ryan,Ryan Griffin,Griffin,,,6000,CIN@TB,TB,CIN,,,,,,QB
84669-93103,QB,E.J.,E.J. Perry,Perry,,,6000,DAL@JAC,JAC,DAL,,,,,,QB
84669-56286,QB,Trace,Trace McSorley,McSorley,2.2200000286102295,2,6000,ARI@DEN,ARI,DEN,,,,,,QB
84669-63469,QB,Ben,Ben DiNucci,DiNucci,,,6000,DAL@JAC,DAL,JAC,,,,,,QB
84669-71672,QB,K.J.,K.J. Costello,Costello,,,6000,ATL@NO,NO,ATL,,,,,,QB
84669-91419,WR,Nico,Nico Collins,Collins,7.8599998474121096,10,5900,KC@HOU,HOU,KC,O,Foot,,,,WR/FLEX
84669-93539,RB,Michael,Michael Carter,Carter,7.616666793823242,12,5900,DET@NYJ,NYJ,DET,,,,,,RB/FLEX
84669-52451,RB,Samaje,Samaje Perine,Perine,8.753846388596754,13,5800,CIN@TB,CIN,TB,,,,,,RB/FLEX
84669-86244,TE,Pat,Pat Freiermuth,Freiermuth,8.458333333333334,12,5800,PIT@CAR,PIT,CAR,,,,,,TE/FLEX
84669-90428,RB,Tyler,Tyler Allgeier,Allgeier,7.174999872843425,12,5800,ATL@NO,ATL,NO,,,,,,RB/FLEX
84669-73111,WR,Chase,Chase Claypool,Claypool,6.010769183819111,13,5800,PHI@CHI,CHI,PHI,O,Knee,,,,WR/FLEX
84669-69956,WR,Michael,Michael Gallup,Gallup,6.669999694824218,10,5700,DAL@JAC,DAL,JAC,,,,,,WR/FLEX
84669-45439,WR,Corey,Corey Davis,Davis,7.1,10,5700,DET@NYJ,NYJ,DET,O,Concussion,,,,WR/FLEX
84669-92545,RB,Keaontay,Keaontay Ingram,Ingram,2.085714340209961,7,5700,ARI@DEN,ARI,DEN,,,,,,RB/FLEX
84669-114100,RB,Isaiah,Isaiah Spiller,Spiller,1.3800000190734862,5,5700,TEN@LAC,LAC,TEN,,,,,,RB/FLEX
84669-91578,RB,Zamir,Zamir White,White,0.6888888676961263,9,5700,NE@LV,LV,NE,,,,,,RB/FLEX
84669-25267,WR,Mack,Mack Hollins,Hollins,8.035384544959435,13,5700,NE@LV,LV,NE,,,,,,WR/FLEX
84669-53097,WR,Josh,Josh Reynolds,Reynolds,8.633332994249132,9,5700,DET@NYJ,DET,NYJ,,,,,,WR/FLEX
84669-93408,WR,Rondale,Rondale Moore,Moore,8.425000190734863,8,5600,ARI@DEN,ARI,DEN,IR,Groin,,,,WR/FLEX
84669-88575,WR,Elijah,Elijah Moore,Moore,5.529999923706055,10,5600,DET@NYJ,NYJ,DET,,,,,,WR/FLEX
84669-40647,WR,Marquez,Marquez Valdes-Scantling,Valdes-Scantling,6.407692542442908,13,5600,KC@HOU,KC,HOU,,,,,,WR/FLEX
84669-91931,TE,Greg,Greg Dulcich,Dulcich,7.012499809265137,8,5600,ARI@DEN,DEN,ARI,,,,,,TE/FLEX
84669-57299,TE,Gerald,Gerald Everett,Everett,7.25,12,5600,TEN@LAC,LAC,TEN,,,,,,TE/FLEX
84669-29685,WR,Robert,Robert Woods,Woods,4.892307574932392,13,5600,TEN@LAC,TEN,LAC,,,,,,WR/FLEX
84669-62628,WR,DeAndre,DeAndre Carter,Carter,6.315384498009315,13,5500,TEN@LAC,LAC,TEN,,,,,,WR/FLEX
84669-65724,RB,JaMycal,JaMycal Hasty,Hasty,4.029999923706055,10,5500,DAL@JAC,JAC,DAL,,,,,,RB/FLEX
84669-130288,RB,James,James Robinson,Robinson,7.55454531582919,11,5500,DET@NYJ,NYJ,DET,,,,,,RB/FLEX
84669-33260,WR,DeVante,DeVante Parker,Parker,5.863636363636363,11,5500,NE@LV,NE,LV,O,Concussion,,,,WR/FLEX
84669-31394,WR,Jarvis,Jarvis Landry,Landry,5.962500095367432,8,5500,ATL@NO,NO,ATL,,,,,,WR/FLEX
84669-71352,WR,Mecole,Mecole Hardman,Hardman,10.162500381469727,8,5500,KC@HOU,KC,HOU,IR,Abdomen,,,,WR/FLEX
84669-41872,TE,Evan,Evan Engram,Engram,8.253846388596754,13,5500,DAL@JAC,JAC,DAL,,,,,,TE/FLEX
84669-170287,WR,Rashid,Rashid Shaheed,Shaheed,5.862500190734863,8,5400,ATL@NO,NO,ATL,,,,,,WR/FLEX
84669-70157,RB,Darrell,Darrell Henderson Jr.,Henderson Jr.,6.5,10,5400,DAL@JAC,JAC,DAL,,,,,,RB/FLEX
84669-27229,RB,Ameer,Ameer Abdullah,Abdullah,2.6153846153846154,13,5400,NE@LV,LV,NE,,,,,,RB/FLEX
84669-57986,WR,Hunter,Hunter Renfrow,Renfrow,4.616666793823242,6,5400,NE@LV,LV,NE,,,,,,WR/FLEX
84669-14190,WR,Julio,Julio Jones,Jones,6.824999809265137,8,5400,CIN@TB,TB,CIN,Q,Knee,,,,WR/FLEX
84669-64389,WR,Nick,Nick Westbrook-Ikhine,Westbrook-Ikhine,6,11,5400,TEN@LAC,TEN,LAC,,,,,,WR/FLEX
84669-64496,WR,Olamide,Olamide Zaccheaus,Zaccheaus,5.730769230769231,13,5400,ATL@NO,ATL,NO,,,,,,WR/FLEX
84669-29683,WR,Nelson,Nelson Agholor,Agholor,5.354545593261719,11,5400,NE@LV,NE,LV,,,,,,WR/FLEX
84669-25813,WR,Phillip,Phillip Dorsett II,Dorsett II,2.98181811246005,11,5300,KC@HOU,HOU,KC,,,,,,WR/FLEX
84669-53640,RB,Sony,Sony Michel,Michel,2.0399999618530273,10,5300,TEN@LAC,LAC,TEN,,,,,,RB/FLEX
84669-22103,WR,Marvin,Marvin Jones Jr.,Jones Jr.,5.766666412353516,12,5300,DAL@JAC,JAC,DAL,,,,,,WR/FLEX
84669-61042,WR,Kendall,Kendall Hinton,Hinton,4.44000015258789,10,5300,ARI@DEN,DEN,ARI,O,Hamstring,,,,WR/FLEX
84669-85672,WR,Terrace,Terrace Marshall Jr.,Marshall Jr.,5.566666497124566,9,5300,PIT@CAR,CAR,PIT,,,,,,WR/FLEX
84669-52916,WR,Russell,Russell Gage,Gage,5.933333502875434,9,5300,CIN@TB,TB,CIN,,,,,,WR/FLEX
84669-91047,TE,Cole,Cole Kmet,Kmet,6.861538226787861,13,5300,PHI@CHI,CHI,PHI,,,,,,TE/FLEX
84669-56248,WR,Noah,Noah Brown,Brown,6.309091047807173,11,5300,DAL@JAC,DAL,JAC,,,,,,WR/FLEX
84669-111631,WR,Jameson,Jameson Williams,Williams,5.300000190734863,2,5200,DET@NYJ,DET,NYJ,,,,,,WR/FLEX
84669-79979,WR,Jamal,Jamal Agnew,Agnew,4.409090909090909,11,5200,DAL@JAC,JAC,DAL,,,,,,WR/FLEX
84669-89220,WR,Tyquan,Tyquan Thornton,Thornton,4.512499809265137,8,5200,NE@LV,NE,LV,,,,,,WR/FLEX
84669-64808,TE,Juwan,Juwan Johnson,Johnson,6.700000127156575,12,5200,ATL@NO,NO,ATL,Q,Ankle,,,,TE/FLEX
84669-64841,WR,Equanimeous,Equanimeous St. Brown,St. Brown,3.684615501990685,13,5200,PHI@CHI,CHI,PHI,,,,,,WR/FLEX
84669-64905,WR,Trenton,Trenton Irwin,Irwin,5.833333333333333,6,5200,CIN@TB,CIN,TB,,,,,,WR/FLEX
84669-43433,RB,Boston,Boston Scott,Scott,2.881818251176314,11,5200,PHI@CHI,PHI,CHI,,,,,,RB/FLEX
84669-92590,RB,Raheem,Raheem Blackshear,Blackshear,3.2777777777777777,9,5200,PIT@CAR,CAR,PIT,,,,,,RB/FLEX
84669-62994,WR,Steven,Steven Sims Jr.,Sims Jr.,1.662500023841858,8,5200,PIT@CAR,PIT,CAR,,,,,,WR/FLEX
84669-57909,RB,Marlon,Marlon Mack,Mack,4.449999809265137,4,5200,ARI@DEN,DEN,ARI,,,,,,RB/FLEX
84669-87859,WR,Laviska,Laviska Shenault Jr.,Shenault Jr.,5.333333333333333,9,5200,PIT@CAR,CAR,PIT,Q,Shoulder,,,,WR/FLEX
84669-40758,RB,Corey,Corey Clement,Clement,1.9500000476837158,2,5200,ARI@DEN,ARI,DEN,,,,,,RB/FLEX
84669-40845,TE,Hunter,Hunter Henry,Henry,5.123076805701623,13,5200,NE@LV,NE,LV,,,,,,TE/FLEX
84669-73687,WR,Quez,Quez Watkins,Watkins,4.630769289456881,13,5200,PHI@CHI,PHI,CHI,,,,,,WR/FLEX
84669-88297,TE,Chig,Chig Okonkwo,Okonkwo,5.099999861283735,11,5100,TEN@LAC,TEN,LAC,,,,,,TE/FLEX
84669-60712,TE,Foster,Foster Moreau,Moreau,5.429999923706054,10,5100,NE@LV,LV,NE,,,,,,TE/FLEX
84669-25011,TE,Darren,Darren Waller,Waller,7.875,4,5100,NE@LV,LV,NE,,,,,,TE/FLEX
84669-112057,RB,Jaylen,Jaylen Warren,Warren,3.941666603088379,12,5100,PIT@CAR,PIT,CAR,,,,,,RB/FLEX
84669-112062,WR,Skyy,Skyy Moore,Moore,1.9538461245023286,13,5100,KC@HOU,KC,HOU,,,,,,WR/FLEX
84669-72453,WR,Denzel,Denzel Mims,Mims,3.1857141767229353,7,5100,DET@NYJ,NYJ,DET,,,,,,WR/FLEX
84669-70422,WR,Kalif,Kalif Raymond,Raymond,4.423076923076923,13,5100,DET@NYJ,DET,NYJ,,,,,,WR/FLEX
84669-89970,WR,Amari,Amari Rodgers,Rodgers,1.5454545454545454,11,5100,KC@HOU,HOU,KC,,,,,,WR/FLEX
84669-55165,RB,Justin,Justin Jackson,Jackson,3.618181748823686,11,5100,DET@NYJ,DET,NYJ,Q,Illness,,,,RB/FLEX
84669-69558,WR,Greg,Greg Dortch,Dortch,4.983333269755046,12,5100,ARI@DEN,ARI,DEN,,,,,,WR/FLEX
84669-30678,WR,Damiere,Damiere Byrd,Byrd,5.137499809265137,8,5100,ATL@NO,ATL,NO,,,,,,WR/FLEX
84669-92166,WR,Marcus,Marcus Jones,Jones,1.799999930641868,11,5000,NE@LV,NE,LV,,,,,,WR/FLEX
84669-62497,RB,David,David Johnson,Johnson,1.2000000476837158,1,5000,ATL@NO,NO,ATL,,,,,,RB/FLEX
84669-60451,TE,Tyler,Tyler Conklin,Conklin,6.338461655836839,13,5000,DET@NYJ,NYJ,DET,,,,,,TE/FLEX
84669-28827,RB,Dare,Dare Ogunbowale,Ogunbowale,3.528571537562779,7,5000,KC@HOU,HOU,KC,,,,,,RB/FLEX
84669-86192,WR,KJ,KJ Hamler,Hamler,3.7166665395100913,6,5000,ARI@DEN,DEN,ARI,IR,Hamstring,,,,WR/FLEX
84669-40126,TE,Austin,Austin Hooper,Hooper,4.823076981764573,13,5000,TEN@LAC,TEN,LAC,,,,,,TE/FLEX
84669-28900,RB,Melvin,Melvin Gordon III,Gordon III,7.459999847412109,10,5000,KC@HOU,KC,HOU,,,,,,RB/FLEX
84669-12536,D,Kansas City,Kansas City Chiefs,Chiefs,6.769230769230769,13,5000,KC@HOU,KC,HOU,,,,,,DEF
84669-56698,WR,Dante,Dante Pettis,Pettis,3.900000138716264,11,5000,PHI@CHI,CHI,PHI,,,,,,WR/FLEX
84669-80289,WR,Kendrick,Kendrick Bourne,Bourne,3.3416665395100913,12,5000,NE@LV,NE,LV,,,,,,WR/FLEX
84669-91677,WR,Shi,Shi Smith,Smith,2.5416666666666665,12,5000,PIT@CAR,CAR,PIT,,,,,,WR/FLEX
84669-64031,TE,Hayden,Hayden Hurst,Hurst,6.333333333333333,12,5000,CIN@TB,CIN,TB,O,Calf,,,,TE/FLEX
84669-52897,RB,Darrel,Darrel Williams,Williams,3.8200000762939452,5,5000,ARI@DEN,ARI,DEN,IR,Hip,,,,RB/FLEX
84669-69295,WR,Byron,Byron Pringle,Pringle,3.549999952316284,4,5000,PHI@CHI,CHI,PHI,,,,,,WR/FLEX
84669-58041,RB,Mike,Mike Boone,Boone,3.0374999046325684,8,5000,ARI@DEN,DEN,ARI,IR,Ankle,,,,RB/FLEX
84669-72412,RB,Khalil,Khalil Herbert,Herbert,10.35,10,5000,PHI@CHI,CHI,PHI,IR,Hip,,,,RB/FLEX
84669-90912,RB,Kenneth,Kenneth Gainwell,Gainwell,4.523076864389273,13,5000,PHI@CHI,PHI,CHI,,,,,,RB/FLEX
84669-27441,RB,Damien,Damien Williams,Williams,0.20000000298023224,1,5000,ATL@NO,ATL,NO,,,,,,RB/FLEX
84669-14187,WR,A.J.,A.J. Green,Green,3.029999923706055,10,5000,ARI@DEN,ARI,DEN,,,,,,WR/FLEX
84669-62505,TE,MyCole,MyCole Pruitt,Pruitt,4.366666793823242,6,4900,ATL@NO,ATL,NO,,,,,,TE/FLEX
84669-89157,RB,Caleb,Caleb Huntley,Huntley,3.972727342085405,11,4900,ATL@NO,ATL,NO,,,,,,RB/FLEX
84669-12530,D,Dallas,Dallas Cowboys,Cowboys,10.846153846153847,13,4900,DAL@JAC,DAL,JAC,,,,,,DEF
84669-85306,WR,KhaDarel,KhaDarel Hodge,Hodge,4.212500095367432,8,4900,ATL@NO,ATL,NO,,,,,,WR/FLEX
84669-22898,RB,Brandon,Brandon Bolden,Bolden,3.2666667302449546,6,4900,NE@LV,LV,NE,,,,,,RB/FLEX
84669-55748,WR,James,James Washington,Washington,0,1,4900,DAL@JAC,DAL,JAC,,,,,,WR/FLEX
84669-69168,WR,N'Keal,N'Keal Harry,Harry,4.449999809265137,4,4900,PHI@CHI,CHI,PHI,Q,Back,,,,WR/FLEX
84669-52808,RB,Dontrell,Dontrell Hilliard,Hilliard,5.558333079020183,12,4900,TEN@LAC,TEN,LAC,IR,Neck,,,,RB/FLEX
84669-63050,RB,Ty,Ty Johnson,Johnson,2.9333332909478083,9,4900,DET@NYJ,NYJ,DET,,,,,,RB/FLEX
84669-26251,WR,Robbie,Robbie Anderson,Anderson,4.040000152587891,10,4900,ARI@DEN,ARI,DEN,,,,,,WR/FLEX
84669-70383,RB,Darrynton,Darrynton Evans,Evans,4.650000095367432,2,4900,PHI@CHI,CHI,PHI,,,,,,RB/FLEX
84669-34729,RB,Dwayne,Dwayne Washington,Washington,1,5,4900,ATL@NO,NO,ATL,Q,Illness,,,,RB/FLEX
84669-57342,WR,Tre'Quan,Tre'Quan Smith,Smith,5.275000095367432,8,4900,ATL@NO,NO,ATL,,,,,,WR/FLEX
84669-79998,WR,Keelan,Keelan Cole,Cole,1.5125000476837158,8,4800,NE@LV,LV,NE,,,,,,WR/FLEX
84669-83083,WR,Justin,Justin Watson,Watson,3.1230768057016225,13,4800,KC@HOU,KC,HOU,,,,,,WR/FLEX
84669-53390,WR,Zach,Zach Pascal,Pascal,2.7399999618530275,10,4800,PHI@CHI,PHI,CHI,,,,,,WR/FLEX
84669-170184,RB,Julius,Julius Chestnut,Chestnut,1.5499999523162842,2,4800,TEN@LAC,TEN,LAC,,,,,,RB/FLEX
84669-130270,TE,Adam,Adam Trautman,Trautman,3.4777776930067272,9,4800,ATL@NO,NO,ATL,Q,Ankle,,,,TE/FLEX
84669-12545,D,Philadelphia,Philadelphia Eagles,Eagles,9.384615384615385,13,4800,PHI@CHI,PHI,CHI,,,,,,DEF
84669-52495,WR,Braxton,Braxton Berrios,Berrios,3.3753846975473256,13,4800,DET@NYJ,NYJ,DET,,,,,,WR/FLEX
84669-102729,RB,Snoop,Snoop Conner,Conner,0.8500000238418579,2,4800,DAL@JAC,JAC,DAL,,,,,,RB/FLEX
84669-43416,WR,Trent,Trent Taylor,Taylor,0.7249999841054281,12,4800,CIN@TB,CIN,TB,Q,Hamstring,,,,WR/FLEX
84669-71246,WR,Marquez,Marquez Callaway,Callaway,3.3111110263400607,9,4800,ATL@NO,NO,ATL,,,,,,WR/FLEX
84669-30403,WR,Chris,Chris Conley,Conley,1.0666666825612385,3,4800,TEN@LAC,TEN,LAC,,,,,,WR/FLEX
84669-25290,RB,Giovani,Giovani Bernard,Bernard,0,1,4800,CIN@TB,TB,CIN,,,,,,RB/FLEX
84669-27338,RB,Rex,Rex Burkhead,Burkhead,4.127272865988991,11,4800,KC@HOU,HOU,KC,,,,,,RB/FLEX
84669-61273,WR,Scotty,Scotty Miller,Miller,3.2777777777777777,9,4800,CIN@TB,TB,CIN,,,,,,WR/FLEX
84669-70661,WR,Velus,Velus Jones Jr.,Jones Jr.,1.528571401323591,7,4700,PHI@CHI,CHI,PHI,,,,,,WR/FLEX
84669-70680,WR,Jalen,Jalen Camp,Camp,1.2000000476837158,1,4700,KC@HOU,HOU,KC,O,Oblique,,,,WR/FLEX
84669-64575,RB,Derrick,Derrick Gore,Gore,5.822222391764323,9,4700,ATL@NO,NO,ATL,,,,,,RB/FLEX
84669-89209,RB,Trestan,Trestan Ebner,Ebner,0.6499999761581421,8,4700,PHI@CHI,CHI,PHI,,,,,,RB/FLEX
84669-69752,WR,Jalen,Jalen Virgil,Virgil,4.166666666666667,3,4700,ARI@DEN,DEN,ARI,,,,,,WR/FLEX
84669-42142,RB,Jordan,Jordan Howard,Howard,0.10000000149011612,1,4700,ATL@NO,NO,ATL,,,,,,RB/FLEX
84669-70889,RB,Benny,Benny Snell Jr.,Snell Jr.,3.540000152587891,5,4700,PIT@CAR,PIT,CAR,,,,,,RB/FLEX
84669-12541,D,New England,New England Patriots,Patriots,11.23076923076923,13,4700,NE@LV,NE,LV,,,,,,DEF
84669-102762,RB,Kevin,Kevin Harris,Harris,3,3,4700,NE@LV,NE,LV,,,,,,RB/FLEX
84669-80281,WR,C.J.,C.J. Board,Board,0.2750000059604645,4,4700,TEN@LAC,TEN,LAC,IR,Ribs,,,,WR/FLEX
84669-60838,WR,Andre,Andre Baccellia,Baccellia,1.8999999364217122,3,4700,ARI@DEN,ARI,DEN,,,,,,WR/FLEX
84669-34295,WR,Breshad,Breshad Perriman,Perriman,2.4857142312186107,7,4700,CIN@TB,TB,CIN,,,,,,WR/FLEX
84669-71241,WR,Brandon,Brandon Johnson,Johnson,2.8999999364217124,3,4700,ARI@DEN,DEN,ARI,,,,,,WR/FLEX
84669-63078,RB,Ke'Shawn,Ke'Shawn Vaughn,Vaughn,1.2333333492279053,3,4700,CIN@TB,TB,CIN,,,,,,RB/FLEX
84669-85762,RB,Eno,Eno Benjamin,Benjamin,6.763636502352628,11,4700,ATL@NO,NO,ATL,,,,,,RB/FLEX
84669-72515,TE,Ian,Ian Thomas,Thomas,2.4636363983154297,11,4700,PIT@CAR,CAR,PIT,,,,,,TE/FLEX
84669-57338,TE,Jordan,Jordan Akins,Akins,5.009090770374645,11,4700,KC@HOU,HOU,KC,,,,,,TE/FLEX
84669-86047,RB,Malik,Malik Davis,Davis,5.574999809265137,4,4600,DAL@JAC,DAL,JAC,,,,,,RB/FLEX
84669-154661,WR,Michael,Michael Bandy,Bandy,1.7374999523162842,8,4600,TEN@LAC,LAC,TEN,,,,,,WR/FLEX
84669-72772,RB,Avery,Avery Williams,Williams,1.523076864389273,13,4600,ATL@NO,ATL,NO,,,,,,RB/FLEX
84669-63591,RB,Ronald,Ronald Jones II,Jones II,3.9000000953674316,1,4600,KC@HOU,KC,HOU,,,,,,RB/FLEX
84669-104577,WR,Gunner,Gunner Olszewski,Olszewski,0.7900000095367432,10,4600,PIT@CAR,PIT,CAR,,,,,,WR/FLEX
84669-88277,RB,Anthony,Anthony McFarland Jr.,McFarland Jr.,5.099999904632568,1,4600,PIT@CAR,PIT,CAR,,,,,,RB/FLEX
84669-93404,RB,Zander,Zander Horvath,Horvath,2.012500047683716,8,4600,TEN@LAC,LAC,TEN,,,,,,RB/FLEX
84669-91361,RB,Hassan,Hassan Haskins,Haskins,0.800000011920929,8,4600,TEN@LAC,TEN,LAC,,,,,,RB/FLEX
84669-69860,RB,Trayveon,Trayveon Williams,Williams,1.75,4,4600,CIN@TB,CIN,TB,,,,,,RB/FLEX
84669-29949,WR,Marvin,Marvin Hall,Hall,1.5,1,4600,DAL@JAC,JAC,DAL,,,,,,WR/FLEX
84669-60705,WR,Tyron,Tyron Johnson,Johnson,0.6499999761581421,2,4600,CIN@TB,CIN,TB,,,,,,WR/FLEX
84669-89437,WR,Tim,Tim Jones,Jones,1.125,4,4600,DAL@JAC,JAC,DAL,,,,,,WR/FLEX
84669-71031,WR,Lil'Jordan,Lil'Jordan Humphrey,Humphrey,1,3,4600,NE@LV,NE,LV,,,,,,WR/FLEX
84669-55694,WR,Mike,Mike Thomas,Thomas,1.7000000476837158,4,4600,CIN@TB,CIN,TB,,,,,,WR/FLEX
84669-73130,RB,Chris,Chris Evans,Evans,1.412500023841858,8,4600,CIN@TB,CIN,TB,,,,,,RB/FLEX
84669-72133,WR,Antoine,Antoine Wesley,Wesley,5.588888804117839,9,4600,ARI@DEN,ARI,DEN,IR,Quadriceps,,,,WR/FLEX
84669-88548,WR,Jalen,Jalen Tolbert,Tolbert,1.100000023841858,2,4600,DAL@JAC,DAL,JAC,,,,,,WR/FLEX
84669-60957,WR,KaVontae,KaVontae Turpin,Turpin,0.09166666865348816,12,4600,DAL@JAC,DAL,JAC,,,,,,WR/FLEX
84669-95854,WR,Montrell,Montrell Washington,Washington,0.24615384982182428,13,4600,ARI@DEN,DEN,ARI,,,,,,WR/FLEX
84669-38514,WR,Kevin,Kevin White,White,2.0999999046325684,4,4600,ATL@NO,NO,ATL,Q,Illness,,,,WR/FLEX
84669-61060,RB,Devine,Devine Ozigbo,Ozigbo,0.5,2,4600,ARI@DEN,DEN,ARI,,,,,,RB/FLEX
84669-53913,WR,Cody,Cody Hollister,Hollister,1.725000023841858,4,4600,TEN@LAC,TEN,LAC,IR,Neck,,,,WR/FLEX
84669-69276,WR,Bryan,Bryan Edwards,Edwards,0.75,4,4600,KC@HOU,KC,HOU,,,,,,WR/FLEX
84669-72370,RB,J.J.,J.J. Taylor,Taylor,2.200000047683716,1,4600,NE@LV,NE,LV,,,,,,RB/FLEX
84669-89785,RB,Spencer,Spencer Brown,Brown,3.1500000953674316,2,4600,PIT@CAR,CAR,PIT,,,,,,RB/FLEX
84669-91902,WR,Kyle,Kyle Philips,Philips,1.9500000476837158,4,4600,TEN@LAC,TEN,LAC,IR,Hamstring,,,,WR/FLEX
84669-86811,TE,Cade,Cade Otton,Otton,6.3700000762939455,10,4600,CIN@TB,TB,CIN,,,,,,TE/FLEX
84669-69451,TE,Jack,Jack Stoll,Stoll,1.8555556403266058,9,4600,PHI@CHI,PHI,CHI,,,,,,TE/FLEX
84669-64339,WR,Auden,Auden Tate,Tate,2.8499999046325684,4,4600,PHI@CHI,PHI,CHI,,,,,,WR/FLEX
84669-64350,WR,Jeff,Jeff Smith,Smith,1.2833333015441895,6,4600,DET@NYJ,NYJ,DET,,,,,,WR/FLEX
84669-45997,WR,Keith,Keith Kirkwood,Kirkwood,1.399999976158142,2,4600,ATL@NO,NO,ATL,,,,,,WR/FLEX
84669-104388,WR,Tom,Tom Kennedy,Kennedy,3.0166667302449546,6,4600,DET@NYJ,DET,NYJ,,,,,,WR/FLEX
84669-93143,TE,Noah,Noah Gray,Gray,3.576923076923077,13,4600,KC@HOU,KC,HOU,,,,,,TE/FLEX
84669-40932,WR,Pharoh,Pharoh Cooper,Cooper,0,2,4600,ARI@DEN,ARI,DEN,,,,,,WR/FLEX
84669-104424,RB,Craig,Craig Reynolds,Reynolds,4.383333206176758,6,4600,DET@NYJ,DET,NYJ,,,,,,RB/FLEX
84669-71662,WR,DJ,DJ Turner,Turner,0.8666666348775228,3,4600,NE@LV,LV,NE,,,,,,WR/FLEX
84669-48116,TE,Jonnu,Jonnu Smith,Smith,3.15,10,4600,NE@LV,NE,LV,,,,,,TE/FLEX
84669-169990,WR,Cyrus,Cyrus Holder,Holder,,,4500,PHI@CHI,CHI,PHI,,,,,,WR/FLEX
84669-169991,WR,Landon,Landon Lenoir,Lenoir,,,4500,PHI@CHI,CHI,PHI,,,,,,WR/FLEX
84669-70663,WR,Frank,Frank Darby,Darby,0.949999988079071,2,4500,ATL@NO,ATL,NO,,,,,,WR/FLEX
84669-70662,WR,Tyler,Tyler Vaughns,Vaughns,,,4500,PIT@CAR,PIT,CAR,,,,,,WR/FLEX
84669-169989,WR,Henry,Henry Litwin,Litwin,,,4500,PHI@CHI,CHI,PHI,,,,,,WR/FLEX
84669-55323,RB,Jaylen,Jaylen Samuels,Samuels,1.2666666507720947,3,4500,ARI@DEN,ARI,DEN,,,,,,RB/FLEX
84669-29734,RB,Ty,Ty Montgomery,Montgomery,8.800000190734863,1,4500,NE@LV,NE,LV,IR,Shoulder,,,,RB/FLEX
84669-89127,WR,Justin,Justin Hall,Hall,,,4500,NE@LV,LV,NE,,,,,,WR/FLEX
84669-133163,WR,Ra'Shaun,Ra'Shaun Henry,Henry,,,4500,ATL@NO,ATL,NO,,,,,,WR/FLEX
84669-71723,WR,Dez,Dez Fitzpatrick,Fitzpatrick,4.466666539510091,3,4500,TEN@LAC,TEN,LAC,,,,,,WR/FLEX
84669-64555,WR,Calvin,Calvin Ridley,Ridley,11.11999969482422,5,4500,DAL@JAC,JAC,DAL,IR,Suspension,,,,WR/FLEX
84669-63550,WR,Isaiah,Isaiah Zuber,Zuber,,,4500,NE@LV,LV,NE,,,,,,WR/FLEX
84669-55366,RB,Qadree,Qadree Ollison,Ollison,2.9500001271565757,6,4500,DAL@JAC,DAL,JAC,,,,,,RB/FLEX
84669-27721,WR,Justin,Justin Hardee Sr.,Hardee Sr.,0,1,4500,DET@NYJ,NYJ,DET,,,,,,WR/FLEX
84669-87112,WR,Josh,Josh Ali,Ali,,,4500,ATL@NO,ATL,NO,,,,,,WR/FLEX
84669-72780,RB,Josh,Josh Hokit,Hokit,,,4500,ARI@DEN,ARI,DEN,,,,,,RB/FLEX
84669-68686,WR,C.J.,C.J. Saunders,Saunders,2.0999999046325684,1,4500,PIT@CAR,CAR,PIT,,,,,,WR/FLEX
84669-41042,WR,Marcell,Marcell Ateman,Ateman,,,4500,ARI@DEN,ARI,DEN,,,,,,WR/FLEX
84669-87122,WR,Lynn,Lynn Bowden Jr.,Bowden Jr.,,,4500,NE@LV,NE,LV,,,,,,WR/FLEX
84669-29780,TE,Zach,Zach Ertz,Ertz,9.20999984741211,10,4500,ARI@DEN,ARI,DEN,IR,Knee - acl + mcl,,,,TE/FLEX
84669-89172,RB,John,John Lovett,Lovett,,,4500,PIT@CAR,CAR,PIT,,,,,,RB/FLEX
84669-57432,WR,Cameron,Cameron Batson,Batson,2.5,4,4500,ATL@NO,ATL,NO,,,,,,WR/FLEX
84669-63576,WR,Kirk,Kirk Merritt,Merritt,1.7999999523162842,1,4500,ATL@NO,NO,ATL,,,,,,WR/FLEX
84669-65627,WR,Maurice,Maurice Alexander,Alexander,0.40000001589457196,3,4500,DET@NYJ,DET,NYJ,Q,Ankle,,,,WR/FLEX
84669-86113,WR,Ihmir,Ihmir Smith-Marsette,Smith-Marsette,-0.02500000037252903,4,4500,KC@HOU,KC,HOU,,,,,,WR/FLEX
84669-68712,WR,Tyler,Tyler Johnson,Johnson,3.588235294117647,17,4500,CIN@TB,TB,CIN,,,,,,WR/FLEX
84669-68714,TE,Ko,Ko Kieft,Kieft,2.5,7,4500,CIN@TB,TB,CIN,,,,,,TE/FLEX
84669-86125,WR,Brandon,Brandon Smith,Smith,,,4500,DAL@JAC,DAL,JAC,,,,,,WR/FLEX
84669-79987,WR,David,David Moore,Moore,0,2,4500,PHI@CHI,CHI,PHI,Q,Lower leg,,,,WR/FLEX
84669-64627,WR,Scotty,Scotty Washington,Washington,,,4500,NE@LV,NE,LV,,,,,,WR/FLEX
84669-64634,WR,Alex,Alex Bachman,Bachman,-0.30000001192092896,1,4500,KC@HOU,HOU,KC,,,,,,WR/FLEX
84669-89214,RB,Abram,Abram Smith,Smith,,,4500,ATL@NO,NO,ATL,,,,,,RB/FLEX
84669-69769,RB,Darius,Darius Bradwell,Bradwell,0,1,4500,PIT@CAR,CAR,PIT,,,,,,RB/FLEX
84669-83081,RB,Chase,Chase Edmonds,Edmonds,4.659999847412109,10,4500,ARI@DEN,DEN,ARI,IR,Ankle,,,,RB/FLEX
84669-71821,WR,Joe,Joe Reed,Reed,,,4500,TEN@LAC,LAC,TEN,,,,,,WR/FLEX
84669-111756,WR,JaVonta,JaVonta Payton,Payton,,,4500,ARI@DEN,ARI,DEN,,,,,,WR/FLEX
84669-83086,WR,Daurice,Daurice Fountain,Fountain,,,4500,PHI@CHI,CHI,PHI,,,,,,WR/FLEX
84669-69777,WR,Darnell,Darnell Mooney,Mooney,7.409090909090909,11,4500,PHI@CHI,CHI,PHI,IR,Ankle,,,,WR/FLEX
84669-83091,RB,Trenton,Trenton Cannon,Cannon,0,1,4500,TEN@LAC,TEN,LAC,IR,Knee,,,,RB/FLEX
84669-86173,RB,Mekhi,Mekhi Sargent,Sargent,0.2750000059604645,4,4500,DAL@JAC,JAC,DAL,,,,,,RB/FLEX
84669-61610,RB,Jacques,Jacques Patrick,Patrick,1.2000000476837158,1,4500,CIN@TB,CIN,TB,,,,,,RB/FLEX
84669-52409,RB,Jakob,Jakob Johnson,Johnson,0.5400000095367432,5,4500,NE@LV,LV,NE,,,,,,RB/FLEX
84669-52410,WR,Josh,Josh Malone,Malone,,,4500,PIT@CAR,PIT,CAR,,,,,,WR/FLEX
84669-70868,RB,Damarea,Damarea Crockett,Crockett,0.699999988079071,1,4500,ARI@DEN,DEN,ARI,IR,Knee - acl,,,,RB/FLEX
84669-149717,RB,JaQuan,JaQuan Hardy,Hardy,4.449999809265137,2,4500,ARI@DEN,DEN,ARI,,,,,,RB/FLEX
84669-48344,WR,Albert,Albert Wilson,Wilson,3.55,10,4500,NE@LV,LV,NE,,,,,,WR/FLEX
84669-28890,RB,Derek,Derek Watt,Watt,1.8500000635782878,6,4500,PIT@CAR,PIT,CAR,,,,,,RB/FLEX
84669-57565,RB,Austin,Austin Walter,Walter,4.5,4,4500,NE@LV,LV,NE,,,,,,RB/FLEX
84669-130275,WR,Kristian,Kristian Wilkerson,Wilkerson,18.200000762939453,1,4500,NE@LV,NE,LV,IR,Concussion,,,,WR/FLEX
84669-170208,WR,Kaden,Kaden Davis,Davis,,,4500,ARI@DEN,DEN,ARI,,,,,,WR/FLEX
84669-170209,WR,Tyreik,Tyreik McAllister,McAllister,,,4500,ARI@DEN,DEN,ARI,,,,,,WR/FLEX
84669-170214,WR,Dennis,Dennis Houston,Houston,1.2999999523162842,2,4500,DAL@JAC,DAL,JAC,,,,,,WR/FLEX
84669-130276,WR,Mason,Mason Kinsey,Kinsey,0.800000011920929,1,4500,TEN@LAC,TEN,LAC,,,,,,WR/FLEX
84669-170213,RB,Aaron,Aaron Shampklin,Shampklin,,,4500,DAL@JAC,DAL,JAC,Q,Ankle,,,,RB/FLEX
84669-149742,RB,Nate,Nate McCrary,McCrary,-0.10000000149011612,1,4500,PIT@CAR,CAR,PIT,,,,,,RB/FLEX
84669-101614,WR,Brandon,Brandon Lewis,Lewis,,,4500,TEN@LAC,TEN,LAC,,,,,,WR/FLEX
84669-11504,WR,Andre,Andre Roberts,Roberts,0,1,4500,PIT@CAR,CAR,PIT,IR,Knee - pcl,,,,WR/FLEX
84669-88307,RB,Tayon,Tayon Fleet-Davis,Fleet-Davis,,,4500,KC@HOU,KC,HOU,,,,,,RB/FLEX
84669-45307,WR,Rodney,Rodney Adams,Adams,0,1,4500,DET@NYJ,NYJ,DET,IR,Illness,,,,WR/FLEX
84669-69884,RB,Darius,Darius Anderson,Anderson,,,4500,KC@HOU,HOU,KC,IR,Knee,,,,RB/FLEX
84669-12542,D,New Orleans,New Orleans Saints,Saints,5.3076923076923075,13,4500,ATL@NO,NO,ATL,,,,,,DEF
84669-71935,WR,Kendric,Kendric Pryor,Pryor,,,4500,DAL@JAC,JAC,DAL,,,,,,WR/FLEX
84669-56580,WR,Christian,Christian Blake,Blake,0.6428571428571429,7,4500,PIT@CAR,PIT,CAR,,,,,,WR/FLEX
84669-94468,WR,Savon,Savon Scarver,Scarver,,,4500,PHI@CHI,CHI,PHI,,,,,,WR/FLEX
84669-130317,WR,Juwan,Juwan Green,Green,,,4500,TEN@LAC,TEN,LAC,,,,,,WR/FLEX
84669-94481,WR,Deven,Deven Thompkins,Thompkins,0,1,4500,CIN@TB,TB,CIN,,,,,,WR/FLEX
84669-130320,WR,Aaron,Aaron Parker,Parker,,,4500,KC@HOU,KC,HOU,,,,,,WR/FLEX
84669-64786,RB,Ryquell,Ryquell Armstead,Armstead,5.550000190734863,2,4500,DAL@JAC,JAC,DAL,,,,,,RB/FLEX
84669-71957,WR,Quintez,Quintez Cephus,Cephus,2.5,1,4500,DET@NYJ,DET,NYJ,IR,Foot,,,,WR/FLEX
84669-68890,WR,Devin,Devin Gray,Gray,,,4500,KC@HOU,KC,HOU,,,,,,WR/FLEX
84669-130338,WR,Rysen,Rysen John,John,,,4500,PHI@CHI,CHI,PHI,,,,,,WR/FLEX
84669-68901,RB,Gerrid,Gerrid Doaks,Doaks,,,4500,KC@HOU,HOU,KC,,,,,,RB/FLEX
84669-91428,WR,Tarik,Tarik Black,Black,1.5,1,4500,DET@NYJ,NYJ,DET,,,,,,WR/FLEX
84669-102696,WR,John,John Metchie III,Metchie III,,,4500,KC@HOU,HOU,KC,IR,Illness,,,,WR/FLEX
84669-87338,WR,Jaivon,Jaivon Heiligh,Heiligh,,,4500,CIN@TB,CIN,TB,,,,,,WR/FLEX
84669-111917,WR,Keshunn,Keshunn Abram,Abram,,,4500,DET@NYJ,NYJ,DET,,,,,,WR/FLEX
84669-130350,WR,Jaylon,Jaylon Moore,Moore,,,4500,DAL@JAC,JAC,DAL,,,,,,WR/FLEX
84669-45371,WR,Darius,Darius Phillips,Phillips,-0.36363636363636365,11,4500,ARI@DEN,DEN,ARI,,,,,,WR/FLEX
84669-64827,WR,Miles,Miles Boykin,Boykin,0.800000011920929,2,4500,PIT@CAR,PIT,CAR,,,,,,WR/FLEX
84669-64828,WR,Chris,Chris Finke,Finke,,,4500,PHI@CHI,CHI,PHI,,,,,,WR/FLEX
84669-102721,WR,Dontario,Dontario Drummond,Drummond,,,4500,DAL@JAC,DAL,JAC,,,,,,WR/FLEX
84669-56648,RB,Jeremy,Jeremy McNichols,McNichols,4.584615267240084,13,4500,PIT@CAR,PIT,CAR,IR,Shoulder,,,,RB/FLEX
84669-64843,WR,Jalen,Jalen Guyton,Guyton,3.700000047683716,2,4500,TEN@LAC,LAC,TEN,IR,Knee - acl,,,,WR/FLEX
84669-52560,WR,Geronimo,Geronimo Allison,Allison,0,1,4500,ATL@NO,ATL,NO,,,,,,WR/FLEX
84669-103764,WR,Jared,Jared Smart,Smart,,,4500,ARI@DEN,ARI,DEN,,,,,,WR/FLEX
84669-73046,WR,Tre,Tre Nixon,Nixon,,,4500,NE@LV,NE,LV,,,,,,WR/FLEX
84669-90458,RB,Troy,Troy Hairston,Hairston,0.675000011920929,4,4500,KC@HOU,HOU,KC,,,,,,RB/FLEX
84669-93541,RB,Javonte,Javonte Williams,Williams,8.5,4,4500,ARI@DEN,DEN,ARI,IR,Knee - acl,,,,RB/FLEX
84669-70023,WR,Cornell,Cornell Powell,Powell,,,4500,KC@HOU,KC,HOU,,,,,,WR/FLEX
84669-56716,WR,Brayden,Brayden Lenius,Lenius,,,4500,ATL@NO,ATL,NO,,,,,,WR/FLEX
84669-88463,WR,Johnny,Johnny Johnson III,Johnson III,,,4500,KC@HOU,HOU,KC,,,,,,WR/FLEX
84669-93594,RB,Leddie,Leddie Brown,Brown,,,4500,TEN@LAC,LAC,TEN,,,,,,RB/FLEX
84669-73116,WR,Javon,Javon McKinley,McKinley,,,4500,PIT@CAR,PIT,CAR,,,,,,WR/FLEX
84669-64926,WR,Michael,Michael Jacquet III,Jacquet III,,,4500,TEN@LAC,LAC,TEN,,,,,,WR/FLEX
84669-111012,WR,Kaylon,Kaylon Geiger Sr.,Geiger Sr.,,,4500,CIN@TB,TB,CIN,,,,,,WR/FLEX
84669-80294,TE,Anthony,Anthony Firkser,Firkser,2.1799999237060548,5,4500,ATL@NO,ATL,NO,,,,,,TE/FLEX
84669-62891,WR,Omar,Omar Bayless,Bayless,,,4500,KC@HOU,KC,HOU,,,,,,WR/FLEX
84669-40365,WR,Devon,Devon Allen,Allen,,,4500,PHI@CHI,PHI,CHI,,,,,,WR/FLEX
84669-60849,WR,Blake,Blake Lynch,Lynch,,,4500,ARI@DEN,ARI,DEN,,,,,,WR/FLEX
84669-64949,WR,Ja'Marcus,Ja'Marcus Bradley,Bradley,2.7999998728434243,3,4500,PIT@CAR,PIT,CAR,,,,,,WR/FLEX
84669-69056,WR,Mathew,Mathew Sexton,Sexton,,,4500,KC@HOU,KC,HOU,Q,Undisclosed,,,,WR/FLEX
84669-55750,WR,Chris,Chris Lacy,Lacy,,,4500,NE@LV,LV,NE,,,,,,WR/FLEX
84669-72135,WR,T.J.,T.J. Vasher,Vasher,,,4500,DAL@JAC,DAL,JAC,,,,,,WR/FLEX
84669-26057,RB,Michael,Michael Burton,Burton,0.3999999931880406,7,4500,KC@HOU,KC,HOU,,,,,,RB/FLEX
84669-86472,WR,John,John Hightower,Hightower,0,1,4500,TEN@LAC,LAC,TEN,,,,,,WR/FLEX
84669-88525,WR,Kawaan,Kawaan Baker,Baker,,,4500,PHI@CHI,PHI,CHI,,,,,,WR/FLEX
84669-69068,RB,Jonathan,Jonathan Ward,Ward,1.3666666348775227,6,4500,TEN@LAC,TEN,LAC,,,,,,RB/FLEX
84669-109015,WR,Keric,Keric Wheatfall,Wheatfall,,,4500,PHI@CHI,PHI,CHI,Q,Undisclosed,,,,WR/FLEX
84669-103896,WR,Nsimba,Nsimba Webster,Webster,0,3,4500,PHI@CHI,CHI,PHI,,,,,,WR/FLEX
84669-112088,RB,Jerrion,Jerrion Ealy,Ealy,,,4500,KC@HOU,KC,HOU,,,,,,RB/FLEX
84669-103901,WR,Davion,Davion Davis,Davis,1.100000023841858,2,4500,KC@HOU,HOU,KC,,,,,,WR/FLEX
84669-152042,WR,Drew,Drew Estrada,Estrada,,,4500,KC@HOU,HOU,KC,O,Achilles,,,,WR/FLEX
84669-72174,WR,Andrew,Andrew Parchment,Parchment,,,4500,PIT@CAR,CAR,PIT,Q,Undisclosed,,,,WR/FLEX
84669-40434,WR,Greg,Greg Ward,Ward,3.4533333248562283,9,4500,PHI@CHI,PHI,CHI,,,,,,WR/FLEX
84669-113138,WR,Talolo,Talolo Limu-Jones,Limu-Jones,,,4500,PIT@CAR,CAR,PIT,,,,,,WR/FLEX
84669-62967,WR,Preston,Preston Williams,Williams,1.8000000317891438,6,4500,PIT@CAR,CAR,PIT,,,,,,WR/FLEX
84669-103930,WR,Derek,Derek Wright,Wright,,,4500,PIT@CAR,CAR,PIT,,,,,,WR/FLEX
84669-103943,WR,Trinity,Trinity Benson,Benson,2.1857143129621233,7,4500,DET@NYJ,DET,NYJ,IR,Knee,,,,WR/FLEX
84669-89613,WR,Simi,Simi Fehoko,Fehoko,1.9500000476837158,2,4500,DAL@JAC,DAL,JAC,IR,Shoulder,,,,WR/FLEX
84669-88590,RB,Scottie,Scottie Phillips,Phillips,1.600000023841858,2,4500,KC@HOU,HOU,KC,,,,,,RB/FLEX
84669-69150,WR,Jordan,Jordan Veasy,Veasy,0,1,4500,NE@LV,LV,NE,,,,,,WR/FLEX
84669-54817,WR,Diontae,Diontae Spencer,Spencer,-0.25333333015441895,15,4500,DET@NYJ,NYJ,DET,,,,,,WR/FLEX
84669-72235,WR,Damon,Damon Hazelton,Hazelton,,,4500,KC@HOU,HOU,KC,,,,,,WR/FLEX
84669-160306,RB,Pierre,Pierre Strong Jr.,Strong Jr.,5.5,3,4500,NE@LV,NE,LV,,,,,,RB/FLEX
84669-60977,RB,Ty'Son,Ty'Son Williams,Williams,5.342857360839844,7,4500,ARI@DEN,ARI,DEN,,,,,,RB/FLEX
84669-63025,RB,Nathan,Nathan Cottrell,Cottrell,0.30000001192092896,1,4500,DAL@JAC,JAC,DAL,Q,Undisclosed,,,,RB/FLEX
84669-128566,WR,Kameron,Kameron Brown,Brown,,,4500,CIN@TB,TB,CIN,,,,,,WR/FLEX
84669-70206,RB,Jason,Jason Huntley,Huntley,5.099999904632568,1,4500,PIT@CAR,PIT,CAR,,,,,,RB/FLEX
84669-128574,RB,Shermari,Shermari Jones,Jones,,,4500,CIN@TB,CIN,TB,,,,,,RB/FLEX
84669-87617,WR,Sage,Sage Surratt,Surratt,,,4500,TEN@LAC,LAC,TEN,Q,Undisclosed,,,,WR/FLEX
84669-54863,WR,C.J.,C.J. Goodwin,Goodwin,2.0999999046325684,1,4500,DAL@JAC,DAL,JAC,,,,,,WR/FLEX
84669-89680,TE,Jake,Jake Ferguson,Ferguson,4.237500190734863,8,4500,DAL@JAC,DAL,JAC,O,Concussion,,,,TE/FLEX
84669-69205,WR,Trevon,Trevon Bradford,Bradford,,,4500,TEN@LAC,LAC,TEN,,,,,,WR/FLEX
84669-63061,WR,Gary,Gary Jennings,Jennings,,,4500,KC@HOU,KC,HOU,Q,Concussion,,,,WR/FLEX
84669-62042,WR,Deon,Deon Cain,Cain,,,4500,PHI@CHI,PHI,CHI,,,,,,WR/FLEX
84669-91750,TE,Trey,Trey McBride,McBride,2.2333332697550454,6,4500,ARI@DEN,ARI,DEN,,,,,,TE/FLEX
84669-72297,RB,Rico,Rico Dowdle,Dowdle,,,4500,DAL@JAC,DAL,JAC,IR,Ankle,,,,RB/FLEX
84669-87657,WR,Seth,Seth Williams,Williams,3.9000000953674316,1,4500,DAL@JAC,JAC,DAL,,,,,,WR/FLEX
84669-86635,WR,Charleston,Charleston Rambo,Rambo,,,4500,PIT@CAR,CAR,PIT,,,,,,WR/FLEX
84669-86634,RB,TJ,TJ Pledger,Pledger,,,4500,ARI@DEN,ARI,DEN,,,,,,RB/FLEX
84669-86646,RB,Trey,Trey Sermon,Sermon,1.899999976158142,1,4500,PHI@CHI,PHI,CHI,,,,,,RB/FLEX
84669-93814,RB,Max,Max Borghi,Borghi,,,4500,PIT@CAR,PIT,CAR,,,,,,RB/FLEX
84669-104054,RB,Sincere,Sincere McCormick,McCormick,,,4500,NE@LV,LV,NE,IR,Undisclosed,,,,RB/FLEX
84669-86657,RB,Kennedy,Kennedy Brooks,Brooks,,,4500,PHI@CHI,PHI,CHI,,,,,,RB/FLEX
84669-88707,RB,Kevin,Kevin Marks Jr.,Marks Jr.,,,4500,TEN@LAC,LAC,TEN,,,,,,RB/FLEX
84669-55941,RB,Patrick,Patrick Laird,Laird,1.1999999682108562,3,4500,CIN@TB,TB,CIN,,,,,,RB/FLEX
84669-85636,WR,Josh,Josh Johnson,Johnson,,,4500,DET@NYJ,DET,NYJ,,,,,,WR/FLEX
84669-27273,RB,Andy,Andy Janovich,Janovich,2.0799999237060547,5,4500,KC@HOU,HOU,KC,,,,,,RB/FLEX
84669-61072,WR,Stanley,Stanley Morgan,Morgan,0,1,4500,CIN@TB,CIN,TB,,,,,,WR/FLEX
84669-64147,WR,Britain,Britain Covey,Covey,0,12,4500,PHI@CHI,PHI,CHI,,,,,,WR/FLEX
84669-103064,RB,Breece,Breece Hall,Hall,15.085714067731585,7,4500,DET@NYJ,NYJ,DET,IR,Knee - acl,,,,RB/FLEX
84669-23194,WR,Josh,Josh Gordon,Gordon,0,1,4500,TEN@LAC,TEN,LAC,,,,,,WR/FLEX
84669-86682,TE,Grant,Grant Calcaterra,Calcaterra,2.6500000953674316,4,4500,PHI@CHI,PHI,CHI,,,,,,TE/FLEX
84669-55970,RB,Royce,Royce Freeman,Freeman,2.6909091255881568,11,4500,KC@HOU,HOU,KC,,,,,,RB/FLEX
84669-52902,WR,Trey,Trey Quinn,Quinn,,,4500,ARI@DEN,DEN,ARI,,,,,,WR/FLEX
84669-29357,RB,Kenjon,Kenjon Barner,Barner,0,3,4500,CIN@TB,TB,CIN,,,,,,RB/FLEX
84669-96942,WR,Keelan,Keelan Doss,Doss,,,4500,TEN@LAC,LAC,TEN,,,,,,WR/FLEX
84669-7856,WR,Matthew,Matthew Slater,Slater,,,4500,NE@LV,NE,LV,,,,,,WR/FLEX
84669-69296,WR,Corey,Corey Sutton,Sutton,,,4500,DET@NYJ,DET,NYJ,,,,,,WR/FLEX
84669-87731,WR,Dominique,Dominique Robinson,Robinson,,,4500,PHI@CHI,CHI,PHI,,,,,,WR/FLEX
84669-85687,WR,Jontre,Jontre Kirklin,Kirklin,,,4500,ARI@DEN,ARI,DEN,,,,,,WR/FLEX
84669-71355,RB,Elijah,Elijah Holyfield,Holyfield,,,4500,CIN@TB,CIN,TB,IR,Knee,,,,RB/FLEX
84669-104124,WR,Darrius,Darrius Shepherd,Shepherd,,,4500,ARI@DEN,DEN,ARI,,,,,,WR/FLEX
84669-71359,WR,Javon,Javon Wims,Wims,,,4500,ARI@DEN,ARI,DEN,,,,,,WR/FLEX
84669-69310,WR,Josh,Josh Hammond,Hammond,,,4500,NE@LV,NE,LV,,,,,,WR/FLEX
84669-72382,RB,Gabe,Gabe Nabers,Nabers,0.8,5,4500,TEN@LAC,LAC,TEN,,,,,,RB/FLEX
84669-139971,WR,Jerreth,Jerreth Sterns,Sterns,,,4500,CIN@TB,TB,CIN,,,,,,WR/FLEX
84669-80584,WR,Lance,Lance Lenoir,Lenoir,,,4500,PHI@CHI,PHI,CHI,Q,Undisclosed,,,,WR/FLEX
84669-88776,WR,Ty,Ty Fryfogle,Fryfogle,,,4500,DAL@JAC,DAL,JAC,,,,,,WR/FLEX
84669-71372,WR,Tyrie,Tyrie Cleveland,Cleveland,1.2666666507720947,3,4500,ARI@DEN,DEN,ARI,,,,,,WR/FLEX
84669-53967,RB,Nick,Nick Bawden,Bawden,2.5,1,4500,DET@NYJ,NYJ,DET,IR,Undisclosed,,,,RB/FLEX
84669-65231,RB,Adam,Adam Prentice,Prentice,0.44999998807907104,2,4500,ATL@NO,NO,ATL,,,,,,RB/FLEX
84669-81616,WR,Rashard,Rashard Davis,Davis,,,4500,DET@NYJ,NYJ,DET,,,,,,WR/FLEX
84669-85714,RB,Tory,Tory Carter,Carter,0,1,4500,TEN@LAC,TEN,LAC,,,,,,RB/FLEX
84669-88793,RB,Stevie,Stevie Scott III,Scott III,,,4500,ARI@DEN,DEN,ARI,,,,,,RB/FLEX
84669-94936,RB,Larry,Larry Rountree III,Rountree III,1.677777820163303,9,4500,TEN@LAC,LAC,TEN,,,,,,RB/FLEX
84669-92890,WR,Cody,Cody White,White,0.699999988079071,1,4500,PIT@CAR,PIT,CAR,,,,,,WR/FLEX
84669-45791,WR,Rashard,Rashard Higgins,Higgins,3.7916666666666665,12,4500,PIT@CAR,CAR,PIT,,,,,,WR/FLEX
84669-85731,WR,Racey,Racey McMath,McMath,0,1,4500,TEN@LAC,TEN,LAC,,,,,,WR/FLEX
84669-93926,WR,Emeka,Emeka Emezie,Emezie,,,4500,ATL@NO,ATL,NO,,,,,,WR/FLEX
84669-57064,RB,Ryan,Ryan Nall,Nall,0.6499999761581421,2,4500,DAL@JAC,DAL,JAC,Q,Shoulder,,,,RB/FLEX
84669-56041,RB,Khari,Khari Blasingame,Blasingame,0,1,4500,PHI@CHI,CHI,PHI,,,,,,RB/FLEX
84669-72427,WR,Kwamie,Kwamie Lassiter II,Lassiter II,,,4500,CIN@TB,CIN,TB,,,,,,WR/FLEX
84669-104176,WR,Deonte,Deonte Harty,Harty,0.07500000298023224,4,4500,ATL@NO,NO,ATL,IR,Foot,,,,WR/FLEX
84669-90870,WR,Calvin,Calvin Austin III,Austin III,,,4500,PIT@CAR,PIT,CAR,IR,Foot,,,,WR/FLEX
84669-94975,WR,Stephon,Stephon Robinson Jr.,Robinson Jr.,,,4500,ARI@DEN,ARI,DEN,,,,,,WR/FLEX
84669-57091,WR,Tim,Tim Patrick,Patrick,8.118749618530273,16,4500,ARI@DEN,DEN,ARI,IR,Knee - acl,,,,WR/FLEX
84669-87813,RB,Master,Master Teague III,Teague III,,,4500,PIT@CAR,PIT,CAR,,,,,,RB/FLEX
84669-26384,RB,Trey,Trey Edmunds,Edmunds,,,4500,PIT@CAR,PIT,CAR,,,,,,RB/FLEX
84669-61200,WR,Jaylinn,Jaylinn Hawkins,Hawkins,6,1,4500,ATL@NO,ATL,NO,,,,,,WR/FLEX
84669-94993,RB,Pooka,Pooka Williams Jr.,Williams Jr.,0,1,4500,CIN@TB,CIN,TB,,,,,,RB/FLEX
84669-111377,RB,De'Montre,De'Montre Tuggle,Tuggle,,,4500,PHI@CHI,CHI,PHI,,,,,,RB/FLEX
84669-71459,RB,Brittain,Brittain Brown,Brown,,,4500,NE@LV,LV,NE,,,,,,RB/FLEX
84669-82731,WR,Brandon,Brandon Zylstra,Zylstra,0,1,4500,DET@NYJ,DET,NYJ,,,,,,WR/FLEX
84669-55088,WR,Malik,Malik Turner,Turner,5,8,4500,NE@LV,LV,NE,,,,,,WR/FLEX
84669-71477,WR,Maurice,Maurice Ffrench,Ffrench,0.30000001192092896,1,4500,TEN@LAC,LAC,TEN,,,,,,WR/FLEX
84669-73551,WR,Stantley,Stantley Thomas-Oliver III,Thomas-Oliver III,,,4500,PIT@CAR,CAR,PIT,IR,Thigh,,,,WR/FLEX
84669-93016,RB,B.J.,B.J. Baylor,Baylor,,,4500,ATL@NO,ATL,NO,,,,,,RB/FLEX
84669-71519,WR,Dillon,Dillon Stoner,Stoner,,,4500,NE@LV,LV,NE,O,Undisclosed,,,,WR/FLEX
84669-93023,RB,Jermar,Jermar Jefferson,Jefferson,5.925000190734863,4,4500,DET@NYJ,DET,NYJ,,,,,,RB/FLEX
84669-104297,WR,Jason,Jason Moore Jr.,Moore Jr.,1,1,4500,TEN@LAC,LAC,TEN,,,,,,WR/FLEX
84669-89964,WR,Justyn,Justyn Ross,Ross,,,4500,KC@HOU,KC,HOU,IR,Foot,,,,WR/FLEX
84669-95092,WR,Tyler,Tyler Snead,Snead,,,4500,PIT@CAR,PIT,CAR,,,,,,WR/FLEX
84669-63360,WR,Antonio,Antonio Callaway,Callaway,,,4500,DAL@JAC,DAL,JAC,,,,,,WR/FLEX
84669-70531,WR,Jack,Jack Sorenson,Sorenson,,,4500,CIN@TB,CIN,TB,,,,,,WR/FLEX
84669-14211,RB,Mark,Mark Ingram II,Ingram II,4.209999847412109,10,4500,ATL@NO,NO,ATL,IR,Knee - mcl,,,,RB/FLEX
84669-91012,RB,Greg,Greg Bell,Bell,,,4500,DET@NYJ,DET,NYJ,IR,Hamstring,,,,RB/FLEX
84669-43912,WR,Chad,Chad Beebe,Beebe,,,4500,KC@HOU,HOU,KC,,,,,,WR/FLEX
84669-45964,WR,Marcus,Marcus Kemp,Kemp,0.6800000190734863,5,4500,KC@HOU,KC,HOU,,,,,,WR/FLEX
84669-73616,WR,Willie,Willie Johnson,Johnson,,,4500,DAL@JAC,JAC,DAL,IR,Undisclosed,,,,WR/FLEX
84669-64403,WR,Irvin,Irvin Charles,Charles,,,4500,DET@NYJ,NYJ,DET,,,,,,WR/FLEX
84669-141201,WR,Raleigh,Raleigh Webb,Webb,,,4500,NE@LV,NE,LV,,,,,,WR/FLEX
84669-63387,WR,Jayson,Jayson Stanley,Stanley,,,4500,PHI@CHI,CHI,PHI,Q,Knee,,,,WR/FLEX
84669-28573,WR,Michael,Michael Thomas,Thomas,14.366666158040365,3,4500,ATL@NO,NO,ATL,IR,Toe,,,,WR/FLEX
84669-169890,WR,LuJuan,LuJuan Winningham,Winningham,,,4500,DAL@JAC,JAC,DAL,,,,,,WR/FLEX
84669-88995,WR,Reggie,Reggie Roberson Jr.,Roberson Jr.,,,4500,TEN@LAC,TEN,LAC,,,,,,WR/FLEX
84669-63399,WR,Terry,Terry Godwin II,Godwin II,,,4500,TEN@LAC,TEN,LAC,,,,,,WR/FLEX
84669-91046,TE,Brock,Brock Wright,Wright,2.9555555979410806,9,4500,DET@NYJ,DET,NYJ,,,,,,TE/FLEX
84669-91055,WR,Kevin,Kevin Austin Jr.,Austin Jr.,,,4500,DAL@JAC,JAC,DAL,,,,,,WR/FLEX
84669-169900,WR,Jared,Jared Bernhardt,Bernhardt,,,4500,ATL@NO,ATL,NO,IR,Groin,,,,WR/FLEX
84669-169901,WR,Tyshaun,Tyshaun James,James,,,4500,ATL@NO,ATL,NO,,,,,,WR/FLEX
84669-169908,WR,Dai'Jean,Dai'Jean Dixon,Dixon,,,4500,ATL@NO,NO,ATL,,,,,,WR/FLEX
84669-93112,RB,Mataeo,Mataeo Durant,Durant,,,4500,PIT@CAR,PIT,CAR,,,,,,RB/FLEX
84669-43973,RB,Keith,Keith Smith,Smith,0.375,4,4500,ATL@NO,ATL,NO,,,,,,RB/FLEX
84669-91085,WR,Michael,Michael Young Jr.,Young Jr.,,,4500,KC@HOU,HOU,KC,,,,,,WR/FLEX
84669-138189,WR,Changa,Changa Hodge,Hodge,,,4500,ARI@DEN,ARI,DEN,,,,,,WR/FLEX
84669-41936,WR,Anthony,Anthony Miller,Miller,3.8333333333333335,3,4500,PIT@CAR,PIT,CAR,IR,Shoulder,,,,WR/FLEX
84669-88016,WR,Ryan,Ryan McDaniel,McDaniel,,,4500,DAL@JAC,JAC,DAL,,,,,,WR/FLEX
84669-56289,RB,Jason,Jason Cabinda,Cabinda,0.20000000298023224,2,4500,DET@NYJ,DET,NYJ,Q,Ankle,,,,RB/FLEX
84669-41954,WR,Victor,Victor Bolden Jr.,Bolden Jr.,,,4500,ARI@DEN,DEN,ARI,,,,,,WR/FLEX
84669-94185,WR,Kevin,Kevin Shaa,Shaa,,,4500,PHI@CHI,CHI,PHI,,,,,,WR/FLEX
84669-92146,RB,DeAndre,DeAndre Torrey,Torrey,,,4500,PHI@CHI,PHI,CHI,,,,,,RB/FLEX
84669-31732,WR,Corey,Corey Coleman,Coleman,,,4500,KC@HOU,KC,HOU,,,,,,WR/FLEX
84669-86007,WR,Tre,Tre Turner,Turner,,,4500,NE@LV,LV,NE,,,,,,WR/FLEX
84669-88056,WR,Stanley,Stanley Berryhill,Berryhill,,,4500,DET@NYJ,DET,NYJ,,,,,,WR/FLEX
84669-104447,TE,Jody,Jody Fortson,Fortson,3.1624999046325684,8,4500,KC@HOU,KC,HOU,,,,,,TE/FLEX
84669-89283,TE,Tre',Tre' McKitty,McKitty,1.528571401323591,7,4400,TEN@LAC,LAC,TEN,,,,,,TE/FLEX
84669-12546,D,Arizona,Arizona Cardinals,Cardinals,6.384615384615385,13,4400,ARI@DEN,ARI,DEN,,,,,,DEF
84669-149832,TE,Shane,Shane Zylstra,Zylstra,2.575000047683716,4,4400,DET@NYJ,DET,NYJ,,,,,,TE/FLEX
84669-54782,TE,Cameron,Cameron Brate,Brate,2.987499952316284,8,4400,CIN@TB,TB,CIN,,,,,,TE/FLEX
84669-65182,TE,Mitchell,Mitchell Wilcox,Wilcox,1.5714285714285714,7,4400,CIN@TB,CIN,TB,,,,,,TE/FLEX
84669-80546,TE,Dan,Dan Arnold,Arnold,1.975000023841858,8,4400,DAL@JAC,JAC,DAL,,,,,,TE/FLEX
84669-92882,TE,Connor,Connor Heyward,Heyward,3.5166667302449546,6,4400,PIT@CAR,PIT,CAR,,,,,,TE/FLEX
84669-94094,TE,Brevin,Brevin Jordan,Jordan,2.133333365122477,6,4400,KC@HOU,HOU,KC,,,,,,TE/FLEX
84669-91101,TE,Tommy,Tommy Tremble,Tremble,2.5600000381469727,10,4400,PIT@CAR,CAR,PIT,,,,,,TE/FLEX
84669-79980,TE,Eric,Eric Saubert,Saubert,2.0727272033691406,11,4300,ARI@DEN,DEN,ARI,,,,,,TE/FLEX
84669-58499,TE,Parker,Parker Hesse,Hesse,1.5714285714285714,7,4300,ATL@NO,ATL,NO,,,,,,TE/FLEX
84669-12547,D,Pittsburgh,Pittsburgh Steelers,Steelers,5.384615384615385,13,4300,PIT@CAR,PIT,CAR,,,,,,DEF
84669-31207,TE,C.J.,C.J. Uzomah,Uzomah,2.355555640326606,9,4300,DET@NYJ,NYJ,DET,,,,,,TE/FLEX
84669-18009,TE,Chris,Chris Manhertz,Manhertz,1.1999999682108562,6,4300,DAL@JAC,JAC,DAL,,,,,,TE/FLEX
84669-70705,TE,Trevon,Trevon Wesco,Wesco,1.399999976158142,4,4200,PHI@CHI,CHI,PHI,O,Calf,,,,TE/FLEX
84669-83117,TE,Tanner,Tanner Hudson,Hudson,3.0333334604899087,6,4200,CIN@TB,CIN,TB,,,,,,TE/FLEX
84669-32957,TE,Eric,Eric Tomlinson,Tomlinson,1.2166666984558105,6,4200,ARI@DEN,DEN,ARI,,,,,,TE/FLEX
84669-12553,D,Carolina,Carolina Panthers,Panthers,7.076923076923077,13,4200,PIT@CAR,CAR,PIT,,,,,,DEF
84669-63851,TE,Tyree,Tyree Jackson,Jackson,3.2333332697550454,3,4200,PHI@CHI,PHI,CHI,,,,,,TE/FLEX
84669-39286,TE,O.J.,O.J. Howard,Howard,2.839999961853027,10,4200,KC@HOU,HOU,KC,,,,,,TE/FLEX
84669-103966,TE,Stone,Stone Smartt,Smartt,1.2333333492279053,3,4200,TEN@LAC,LAC,TEN,,,,,,TE/FLEX
84669-38523,TE,Geoff,Geoff Swaim,Swaim,1.9375,8,4200,TEN@LAC,TEN,LAC,,,,,,TE/FLEX
84669-29314,TE,Richard,Richard Rodgers,Rodgers,0.29999999205271405,3,4200,TEN@LAC,LAC,TEN,IR,Knee,,,,TE/FLEX
84669-69302,TE,Feleipe,Feleipe Franks,Franks,0,1,4200,ATL@NO,ATL,NO,,,,,,TE/FLEX
84669-28346,TE,Maxx,Maxx Williams,Williams,1.2000000476837158,1,4200,ARI@DEN,ARI,DEN,,,,,,TE/FLEX
84669-64221,TE,Zach,Zach Gentry,Gentry,1.6727272380482068,11,4200,PIT@CAR,PIT,CAR,,,,,,TE/FLEX
84669-88816,TE,Peyton,Peyton Hendershot,Hendershot,3.642857142857143,7,4200,DAL@JAC,DAL,JAC,,,,,,TE/FLEX
84669-65477,TE,Giovanni,Giovanni Ricci,Ricci,2.0600000381469727,5,4200,PIT@CAR,CAR,PIT,,,,,,TE/FLEX
84669-104421,TE,Jesper,Jesper Horsted,Horsted,1.7000000476837158,2,4200,NE@LV,LV,NE,,,,,,TE/FLEX
84669-69655,TE,Stephen,Stephen Sullivan,Sullivan,1.399999976158142,4,4100,PIT@CAR,CAR,PIT,,,,,,TE/FLEX
84669-68730,TE,Sean,Sean McKeon,McKeon,1.0499999523162842,2,4100,DAL@JAC,DAL,JAC,,,,,,TE/FLEX
84669-86178,TE,Dominique,Dominique Dafney,Dafney,0.8800000190734864,5,4100,ARI@DEN,DEN,ARI,,,,,,TE/FLEX
84669-70859,TE,Albert,Albert Okwuegbunam,Okwuegbunam,2.125,4,4100,ARI@DEN,DEN,ARI,,,,,,TE/FLEX
84669-12544,D,New York,New York Jets,Jets,8.23076923076923,13,4100,DET@NYJ,NYJ,DET,,,,,,DEF
84669-34073,TE,Ryan,Ryan Griffin,Griffin,0.7800000190734864,5,4100,PHI@CHI,CHI,PHI,,,,,,TE/FLEX
84669-73089,TE,Devin,Devin Asiasi,Asiasi,0,3,4100,CIN@TB,CIN,TB,,,,,,TE/FLEX
84669-56711,TE,Drew,Drew Sample,Sample,0.4000000059604645,2,4100,CIN@TB,CIN,TB,IR,Knee - mcl,,,,TE/FLEX
84669-73176,TE,Luke,Luke Farrell,Farrell,1.4666666984558105,3,4100,DAL@JAC,JAC,DAL,,,,,,TE/FLEX
84669-55895,TE,Kendall,Kendall Blanton,Blanton,2.25,2,4100,KC@HOU,KC,HOU,,,,,,TE/FLEX
84669-29277,TE,Stephen,Stephen Anderson,Anderson,0.6000000238418579,4,4100,ARI@DEN,ARI,DEN,,,,,,TE/FLEX
84669-47788,TE,Deon,Deon Yelder,Yelder,0.5,1,4100,ARI@DEN,ARI,DEN,,,,,,TE/FLEX
84669-54007,TE,Jacob,Jacob Hollister,Hollister,2.6666666666666665,6,4100,NE@LV,LV,NE,,,,,,TE/FLEX
84669-104278,TE,Donald,Donald Parham Jr.,Parham Jr.,3.4000000953674316,2,4100,TEN@LAC,LAC,TEN,,,,,,TE/FLEX
84669-93026,TE,Teagan,Teagan Quitoriano,Quitoriano,2.424999952316284,4,4100,KC@HOU,HOU,KC,,,,,,TE/FLEX
84669-14237,TE,Kyle,Kyle Rudolph,Rudolph,0.75,4,4100,CIN@TB,TB,CIN,,,,,,TE/FLEX
84669-85986,TE,James,James Mitchell,Mitchell,3.325000047683716,4,4100,DET@NYJ,DET,NYJ,,,,,,TE/FLEX
84669-137249,TE,Briley,Briley Moore,Moore,,,4000,TEN@LAC,TEN,LAC,,,,,,TE/FLEX
84669-55336,TE,Chris,Chris Herndon,Herndon,2.4,5,4000,ATL@NO,NO,ATL,,,,,,TE/FLEX
84669-69686,TE,Dylan,Dylan Parham,Parham,,,4000,ARI@DEN,DEN,ARI,,,,,,TE/FLEX
84669-86075,TE,Lucas,Lucas Krull,Krull,,,4000,ATL@NO,NO,ATL,,,,,,TE/FLEX
84669-59455,TE,Sammis,Sammis Reyes,Reyes,,,4000,PHI@CHI,CHI,PHI,,,,,,TE/FLEX
84669-86080,TE,Kyle,Kyle Pitts,Pitts,6.159999847412109,10,4000,ATL@NO,ATL,NO,IR,Knee - mcl,,,,TE/FLEX
84669-30787,TE,Alex,Alex Ellis,Ellis,,,4000,ARI@DEN,ARI,DEN,Q,Undisclosed,,,,TE/FLEX
84669-42077,TE,James,James Winchester,Winchester,,,4000,KC@HOU,KC,HOU,,,,,,TE/FLEX
84669-46177,TE,David,David Wells,Wells,,,4000,CIN@TB,TB,CIN,,,,,,TE/FLEX
84669-68708,TE,Seth,Seth Green,Green,,,4000,DAL@JAC,DAL,JAC,,,,,,TE/FLEX
84669-80011,TE,Antony,Antony Auclair,Auclair,3.299999952316284,4,4000,TEN@LAC,TEN,LAC,,,,,,TE/FLEX
84669-54426,TE,Andrew,Andrew Beck,Beck,1.4600000381469727,5,4000,ARI@DEN,DEN,ARI,Q,Hamstring,,,,TE/FLEX
84669-9409,TE,Clark,Clark Harris,Harris,,,4000,CIN@TB,CIN,TB,IR,Biceps,,,,TE/FLEX
84669-65737,TE,Sam,Sam Tecklenburg,Tecklenburg,,,4000,PIT@CAR,CAR,PIT,,,,,,TE/FLEX
84669-170191,TE,Ben,Ben Beise,Beise,,,4000,CIN@TB,TB,CIN,,,,,,TE/FLEX
84669-170206,TE,Rodney,Rodney Williams II,Williams II,,,4000,PIT@CAR,PIT,CAR,,,,,,TE/FLEX
84669-149727,TE,Bernhard,Bernhard Seikovits,Seikovits,,,4000,ARI@DEN,ARI,DEN,,,,,,TE/FLEX
84669-70881,TE,Justin,Justin Rigg,Rigg,,,4000,PIT@CAR,PIT,CAR,,,,,,TE/FLEX
84669-52468,TE,Ethan,Ethan Wolf,Wolf,1.7999999523162842,1,4000,ATL@NO,NO,ATL,,,,,,TE/FLEX
84669-97537,TE,Naz,Naz Bohannon,Bohannon,,,4000,DAL@JAC,JAC,DAL,,,,,,TE/FLEX
84669-12551,D,Tampa Bay,Tampa Bay Buccaneers,Buccaneers,6.3076923076923075,13,4000,CIN@TB,TB,CIN,,,,,,DEF
84669-83226,TE,Kevin,Kevin Rader,Rader,0.8999999761581421,2,4000,TEN@LAC,TEN,LAC,,,,,,TE/FLEX
84669-90398,TE,Matt,Matt Bushman,Bushman,,,4000,KC@HOU,KC,HOU,Q,Collarbone,,,,TE/FLEX
84669-170282,TE,JJ,JJ Howland,Howland,,,4000,CIN@TB,TB,CIN,,,,,,TE/FLEX
84669-65839,TE,Kahale,Kahale Warring,Warring,,,4000,ATL@NO,NO,ATL,,,,,,TE/FLEX
84669-55609,TE,Ryan,Ryan Izzo,Izzo,,,4000,PIT@CAR,CAR,PIT,,,,,,TE/FLEX
84669-91467,TE,Jake,Jake Tonges,Tonges,0,1,4000,PHI@CHI,CHI,PHI,,,,,,TE/FLEX
84669-64864,TE,Noah,Noah Togiai,Togiai,0,1,4000,PHI@CHI,PHI,CHI,,,,,,TE/FLEX
84669-25957,TE,J.P.,J.P. Holtz,Holtz,,,4000,ATL@NO,NO,ATL,,,,,,TE/FLEX
84669-60788,TE,Nick,Nick Ralston,Ralston,,,4000,DAL@JAC,DAL,JAC,,,,,,TE/FLEX
84669-60791,TE,Tommy,Tommy Hudson,Hudson,1.149999976158142,4,4000,TEN@LAC,TEN,LAC,Q,Undisclosed,,,,TE/FLEX
84669-71048,TE,Thaddeus,Thaddeus Moss,Moss,,,4000,CIN@TB,CIN,TB,,,,,,TE/FLEX
84669-71058,TE,Grayson,Grayson Gunter,Gunter,,,4000,DAL@JAC,JAC,DAL,,,,,,TE/FLEX
84669-70043,TE,Cole,Cole Fotheringham,Fotheringham,,,4000,NE@LV,LV,NE,,,,,,TE/FLEX
84669-45472,TE,Garrett,Garrett Griffin,Griffin,2.950000047683716,2,4000,DET@NYJ,DET,NYJ,,,,,,TE/FLEX
84669-28080,TE,Devin,Devin Funchess,Funchess,,,4000,DET@NYJ,DET,NYJ,,,,,,TE/FLEX
84669-73147,TE,Nick,Nick Eubanks,Eubanks,,,4000,KC@HOU,HOU,KC,,,,,,TE/FLEX
84669-47551,TE,Mason,Mason Schreck,Schreck,0.800000011920929,2,4000,KC@HOU,HOU,KC,,,,,,TE/FLEX
84669-31169,TE,Jeremy,Jeremy Sprinkle,Sprinkle,2.299999952316284,2,4000,DAL@JAC,DAL,JAC,Q,Achilles,,,,TE/FLEX
84669-73161,TE,Chase,Chase Allen,Allen,,,4000,PHI@CHI,CHI,PHI,,,,,,TE/FLEX
84669-84440,TE,Jaeden,Jaeden Graham,Graham,,,4000,PHI@CHI,PHI,CHI,Q,Undisclosed,,,,TE/FLEX
84669-103900,TE,Brandon,Brandon Dillon,Dillon,,,4000,ATL@NO,NO,ATL,,,,,,TE/FLEX
84669-91618,TE,John,John FitzPatrick,FitzPatrick,,,4000,ATL@NO,ATL,NO,IR,Undisclosed,,,,TE/FLEX
84669-89586,TE,Tucker,Tucker Fisk,Fisk,,,4000,ATL@NO,ATL,NO,,,,,,TE/FLEX
84669-62998,TE,Jace,Jace Sternberger,Sternberger,,,4000,PIT@CAR,PIT,CAR,,,,,,TE/FLEX
84669-14895,TE,Patrick,Patrick Scales,Scales,,,4000,PHI@CHI,CHI,PHI,,,,,,TE/FLEX
84669-73266,TE,Dylan,Dylan Soehner,Soehner,,,4000,ATL@NO,NO,ATL,Q,Undisclosed,,,,TE/FLEX
84669-46644,TE,Paul,Paul Quessenberry,Quessenberry,,,4000,KC@HOU,HOU,KC,,,,,,TE/FLEX
84669-69173,TE,Hunter,Hunter Kampmoyer,Kampmoyer,,,4000,TEN@LAC,LAC,TEN,,,,,,TE/FLEX
84669-60981,TE,Charlie,Charlie Heck,Heck,,,4000,KC@HOU,HOU,KC,,,,,,TE/FLEX
84669-72246,TE,Nolan,Nolan Givan,Givan,,,4000,DET@NYJ,DET,NYJ,,,,,,TE/FLEX
84669-68155,TE,Codey,Codey McElroy,McElroy,0.25,2,4000,CIN@TB,TB,CIN,Q,Foot,,,,TE/FLEX
84669-30272,TE,Colin,Colin Thompson,Thompson,0,1,4000,PIT@CAR,CAR,PIT,Q,Calf,,,,TE/FLEX
84669-101007,TE,Mark,Mark Vital,Vital,,,4000,KC@HOU,KC,HOU,,,,,,TE/FLEX
84669-90778,TE,Derrick,Derrick Deese Jr.,Deese Jr.,,,4000,DET@NYJ,DET,NYJ,,,,,,TE/FLEX
84669-86692,TE,Thomas,Thomas Odukoya,Odukoya,,,4000,TEN@LAC,TEN,LAC,,,,,,TE/FLEX
84669-63189,TE,Hunter,Hunter Thedford,Thedford,,,4000,NE@LV,NE,LV,,,,,,TE/FLEX
84669-89814,TE,Gerrit,Gerrit Prince,Prince,,,4000,DAL@JAC,JAC,DAL,,,,,,TE/FLEX
84669-38636,TE,Bug,Bug Howard,Howard,,,4000,CIN@TB,TB,CIN,Q,Undisclosed,,,,TE/FLEX
84669-87815,TE,Jeremy,Jeremy Ruckert,Ruckert,0,1,4000,DET@NYJ,NYJ,DET,,,,,,TE/FLEX
84669-27403,TE,Blake,Blake Bell,Bell,1.25,12,4000,KC@HOU,KC,HOU,IR,Hip,,,,TE/FLEX
84669-55099,TE,Ian,Ian Bunting,Bunting,,,4000,DAL@JAC,DAL,JAC,IR,Neck,,,,TE/FLEX
84669-58189,TE,Mitchell,Mitchell Fraboni,Fraboni,,,4000,ARI@DEN,DEN,ARI,IR,Finger,,,,TE/FLEX
84669-63321,TE,Rashod,Rashod Berry,Berry,,,4000,DAL@JAC,JAC,DAL,,,,,,TE/FLEX
84669-66402,TE,Jack,Jack Driscoll,Driscoll,,,4000,PHI@CHI,PHI,CHI,,,,,,TE/FLEX
84669-64408,TE,Nick,Nick Bowers,Bowers,,,4000,CIN@TB,CIN,TB,,,,,,TE/FLEX
84669-92056,TE,Cal,Cal Adomitis,Adomitis,,,4000,CIN@TB,CIN,TB,,,,,,TE/FLEX
84669-89029,TE,Chris,Chris Pierce Jr.,Pierce Jr.,,,4000,ARI@DEN,ARI,DEN,,,,,,TE/FLEX
84669-70604,TE,John,John Raine,Raine,,,4000,ATL@NO,ATL,NO,,,,,,TE/FLEX
84669-72665,TE,Kenny,Kenny Yeboah,Yeboah,2.299999952316284,2,4000,DET@NYJ,NYJ,DET,,,,,,TE/FLEX
84669-112601,TE,Travis,Travis Koontz,Koontz,,,4000,NE@LV,LV,NE,,,,,,TE/FLEX
84669-54239,TE,Matt,Matt Sokol,Sokol,,,4000,NE@LV,NE,LV,,,,,,TE/FLEX
84669-87013,TE,Erik,Erik Krommenhoek,Krommenhoek,,,4000,TEN@LAC,LAC,TEN,,,,,,TE/FLEX
84669-85994,TE,Dalton,Dalton Keene,Keene,,,4000,PHI@CHI,PHI,CHI,,,,,,TE/FLEX
84669-57325,TE,Jordan,Jordan Franks,Franks,,,4000,KC@HOU,KC,HOU,O,Hand,,,,TE/FLEX
84669-12534,D,Tennessee,Tennessee Titans,Titans,5.538461538461538,13,3900,TEN@LAC,TEN,LAC,,,,,,DEF
84669-12537,D,Las Vegas,Las Vegas Raiders,Raiders,4.6923076923076925,13,3900,NE@LV,LV,NE,,,,,,DEF
84669-12532,D,Detroit,Detroit Lions,Lions,5.230769230769231,13,3800,DET@NYJ,DET,NYJ,,,,,,DEF
84669-12531,D,Denver,Denver Broncos,Broncos,6.615384615384615,13,3700,ARI@DEN,DEN,ARI,,,,,,DEF
84669-12528,D,Cincinnati,Cincinnati Bengals,Bengals,5.153846153846154,13,3600,CIN@TB,CIN,TB,,,,,,DEF
84669-12554,D,Jacksonville,Jacksonville Jaguars,Jaguars,6.230769230769231,13,3500,DAL@JAC,JAC,DAL,,,,,,DEF
84669-12548,D,Los Angeles,Los Angeles Chargers,Chargers,4.769230769230769,13,3400,TEN@LAC,LAC,TEN,,,,,,DEF
84669-12525,D,Atlanta,Atlanta Falcons,Falcons,5.230769230769231,13,3300,ATL@NO,ATL,NO,,,,,,DEF
84669-12527,D,Chicago,Chicago Bears,Bears,3.923076923076923,13,3100,PHI@CHI,CHI,PHI,,,,,,DEF
84669-12556,D,Houston,Houston Texans,Texans,5.923076923076923,13,3000,KC@HOU,HOU,KC,,,,,,DEF