Id,Position,First Name,Nickname,Last Name,FPPG,Played,Salary,Game,Team,Opponent,Injury Indicator,Injury Details,Tier,,,Roster Position
94704-55050,RB,Christian,Christian McCaffrey,McCaffrey,24.76000061035156,5,10300,SF@CLE,SF,CLE,,,,,,RB/FLEX
94704-53681,WR,Tyreek,Tyreek Hill,Hill,22.9,5,9800,CAR@MIA,MIA,CAR,,,,,,WR/FLEX
94704-85701,WR,Ja'Marr,Ja'Marr Chase,Chase,17.560000610351562,5,9300,SEA@CIN,CIN,SEA,,,,,,WR/FLEX
94704-85671,WR,Justin,Justin Jefferson,Jefferson,18.219999694824217,5,9200,MIN@CHI,MIN,CHI,IR,Hamstring,,,,WR/FLEX
94704-138820,RB,De'Von,De'Von Achane,Achane,24.299999237060547,4,9000,CAR@MIA,MIA,CAR,IR,Knee,,,,RB/FLEX
94704-79970,WR,Cooper,Cooper Kupp,Kupp,15.800000190734863,1,8700,ARI@LAR,LAR,ARI,,,,,,WR/FLEX
94704-69531,QB,Jalen,Jalen Hurts,Hurts,22.616000366210937,5,8700,PHI@NYJ,PHI,NYJ,,,,,,QB
94704-28744,RB,Raheem,Raheem Mostert,Mostert,19.539999389648436,5,8500,CAR@MIA,MIA,CAR,,,,,,RB/FLEX
94704-91591,QB,Justin,Justin Fields,Fields,21.163999938964842,5,8500,MIN@CHI,CHI,MIN,,,,,,QB
94704-103342,RB,Kenneth,Kenneth Walker III,Walker III,17.399999618530273,4,8400,SEA@CIN,SEA,CIN,,,,,,RB/FLEX
94704-90572,QB,Tua,Tua Tagovailoa,Tagovailoa,20.732000732421874,5,8300,CAR@MIA,MIA,CAR,,,,,,QB
94704-45889,WR,Davante,Davante Adams,Adams,16.139999389648438,5,8300,NE@LV,LV,NE,,,,,,WR/FLEX
94704-72846,WR,A.J.,A.J. Brown,Brown,16.719999694824217,5,8200,PHI@NYJ,PHI,NYJ,,,,,,WR/FLEX
94704-104433,RB,Kyren,Kyren Williams,Williams,16.560000610351562,5,8200,ARI@LAR,LAR,ARI,,,,,,RB/FLEX
94704-129315,QB,Anthony,Anthony Richardson,Richardson,18.420000076293945,4,8100,IND@JAC,IND,JAC,IR,Shoulder - ac joint,,,,QB
94704-73273,RB,David,David Montgomery,Montgomery,19.575000762939453,4,8100,DET@TB,DET,TB,,,,,,RB/FLEX
94704-72731,RB,Josh,Josh Jacobs,Jacobs,13.260000610351563,5,8000,NE@LV,LV,NE,,,,,,RB/FLEX
94704-22038,QB,Kirk,Kirk Cousins,Cousins,20.824000549316406,5,8000,MIN@CHI,MIN,CHI,,,,,,QB
94704-63043,WR,DJ,DJ Moore,Moore,19.31999969482422,5,8000,MIN@CHI,CHI,MIN,,,,,,WR/FLEX
94704-103020,WR,Puka,Puka Nacua,Nacua,18.519999694824218,5,7900,ARI@LAR,LAR,ARI,,,,,,WR/FLEX
94704-38435,QB,Jared,Jared Goff,Goff,19.360000610351562,5,7800,DET@TB,DET,TB,,,,,,QB
94704-86997,WR,Amon-Ra,Amon-Ra St. Brown,St. Brown,14.125,4,7800,DET@TB,DET,TB,,,,,,WR/FLEX
94704-85798,WR,Brandon,Brandon Aiyuk,Aiyuk,15.074999809265137,4,7700,SF@CLE,SF,CLE,,,,,,WR/FLEX
94704-89956,RB,Travis,Travis Etienne Jr.,Etienne Jr.,16.6,5,7700,IND@JAC,JAC,IND,,,,,,RB/FLEX
94704-32384,WR,Mike,Mike Evans,Evans,15.425000190734863,4,7600,DET@TB,TB,DET,,,,,,WR/FLEX
94704-136855,RB,Bijan,Bijan Robinson,Robinson,14.3,5,7600,WAS@ATL,ATL,WAS,,,,,,RB/FLEX
94704-89951,QB,Trevor,Trevor Lawrence,Lawrence,15.10399932861328,5,7600,IND@JAC,JAC,IND,,,,,,QB
94704-42104,RB,Alvin,Alvin Kamara,Kamara,16.049999237060547,2,7500,NO@HOU,NO,HOU,,,,,,RB/FLEX
94704-73048,WR,DK,DK Metcalf,Metcalf,11.949999809265137,4,7500,SEA@CIN,SEA,CIN,,,,,,WR/FLEX
94704-63336,QB,Joe,Joe Burrow,Burrow,11.55999984741211,5,7500,SEA@CIN,CIN,SEA,,,,,,QB
94704-70027,RB,Zack,Zack Moss,Moss,20.424999237060547,4,7400,IND@JAC,IND,JAC,,,,,,RB/FLEX
94704-39716,WR,Adam,Adam Thielen,Thielen,15.8,5,7400,CAR@MIA,CAR,MIA,,,,,,WR/FLEX
94704-90576,WR,DeVonta,DeVonta Smith,Smith,10.5,5,7300,PHI@NYJ,PHI,NYJ,,,,,,WR/FLEX
94704-6654,QB,Matthew,Matthew Stafford,Stafford,15.58800048828125,5,7300,ARI@LAR,LAR,ARI,,,,,,QB
94704-91598,RB,D'Andre,D'Andre Swift,Swift,14.080000305175782,5,7200,PHI@NYJ,PHI,NYJ,,,,,,RB/FLEX
94704-85607,QB,Brock,Brock Purdy,Purdy,19.847999572753906,5,7200,SF@CLE,SF,CLE,,,,,,QB
94704-56018,WR,Deebo,Deebo Samuel,Samuel,12.11999969482422,5,7200,SF@CLE,SF,CLE,,,,,,WR/FLEX
94704-41535,QB,Baker,Baker Mayfield,Mayfield,17.344999313354492,4,7100,DET@TB,TB,DET,,,,,,QB
94704-87770,WR,Chris,Chris Olave,Olave,10.05999984741211,5,7100,NO@HOU,NO,HOU,,,,,,WR/FLEX
94704-64555,WR,Calvin,Calvin Ridley,Ridley,11.54000015258789,5,7000,IND@JAC,JAC,IND,,,,,,WR/FLEX
94704-104576,QB,Sam,Sam Howell,Howell,17.61199951171875,5,7000,WAS@ATL,WAS,ATL,,,,,,QB
94704-52442,RB,Joe,Joe Mixon,Mixon,10.65999984741211,5,7000,SEA@CIN,CIN,SEA,,,,,,RB/FLEX
94704-54879,QB,Deshaun,Deshaun Watson,Watson,18.47333272298177,3,7000,SF@CLE,CLE,SF,NA,Shoulder,,,,QB
94704-86687,WR,Marquise,Marquise Brown,Brown,12.680000305175781,5,7000,ARI@LAR,ARI,LAR,Q,Illness,,,,WR/FLEX
94704-89981,WR,Tee,Tee Higgins,Higgins,7.724999904632568,4,7000,SEA@CIN,CIN,SEA,,,,,,WR/FLEX
94704-72776,RB,Alexander,Alexander Mattison,Mattison,10.44000015258789,5,6900,MIN@CHI,MIN,CHI,,,,,,RB/FLEX
94704-103564,WR,Garrett,Garrett Wilson,Wilson,10.38000030517578,5,6900,PHI@NYJ,NYJ,PHI,,,,,,WR/FLEX
94704-129471,QB,C.J.,C.J. Stroud,Stroud,17.647999572753907,5,6900,NO@HOU,HOU,NO,,,,,,QB
94704-56250,WR,Terry,Terry McLaurin,McLaurin,10.11999969482422,5,6900,WAS@ATL,WAS,ATL,,,,,,WR/FLEX
94704-105646,TE,Sam,Sam LaPorta,LaPorta,11.88000030517578,5,6800,DET@TB,DET,TB,Q,Calf,,,,TE/FLEX
94704-86278,QB,Desmond,Desmond Ridder,Ridder,14.303999328613282,5,6800,WAS@ATL,ATL,WAS,,,,,,QB
94704-91419,WR,Nico,Nico Collins,Collins,15.439999389648438,5,6800,NO@HOU,HOU,NO,,,,,,WR/FLEX
94704-90573,WR,Jaylen,Jaylen Waddle,Waddle,9.699999809265137,4,6800,CAR@MIA,MIA,CAR,,,,,,WR/FLEX
94704-103064,RB,Breece,Breece Hall,Hall,10.919999694824218,5,6800,PHI@NYJ,NYJ,PHI,,,,,,RB/FLEX
94704-26483,QB,Geno,Geno Smith,Smith,14.335000038146973,4,6800,SEA@CIN,SEA,CIN,,,,,,QB
94704-71706,TE,T.J.,T.J. Hockenson,Hockenson,10.080000305175782,5,6700,MIN@CHI,MIN,CHI,,,,,,TE/FLEX
94704-63634,WR,Jakobi,Jakobi Meyers,Meyers,14.475000381469727,4,6700,NE@LV,LV,NE,,,,,,WR/FLEX
94704-129210,WR,Jordan,Jordan Addison,Addison,10.480000305175782,5,6700,MIN@CHI,MIN,CHI,,,,,,WR/FLEX
94704-54604,QB,Jimmy,Jimmy Garoppolo,Garoppolo,14.494999885559082,4,6700,NE@LV,LV,NE,,,,,,QB
94704-90562,RB,Brian,Brian Robinson Jr.,Robinson Jr.,13.280000305175781,5,6700,WAS@ATL,WAS,ATL,,,,,,RB/FLEX
94704-40407,QB,Joshua,Joshua Dobbs,Dobbs,15.480000305175782,5,6700,ARI@LAR,ARI,LAR,,,,,,QB
94704-53097,WR,Josh,Josh Reynolds,Reynolds,13.774999618530273,4,6700,DET@TB,DET,TB,,,,,,WR/FLEX
94704-31001,WR,Amari,Amari Cooper,Cooper,10.225000381469727,4,6600,SF@CLE,CLE,SF,,,,,,WR/FLEX
94704-27050,WR,Tyler,Tyler Lockett,Lockett,9.550000190734863,4,6600,SEA@CIN,SEA,CIN,,,,,,WR/FLEX
94704-60858,WR,Christian,Christian Kirk,Kirk,11.012000274658202,5,6600,IND@JAC,JAC,IND,,,,,,WR/FLEX
94704-40687,RB,James,James Conner,Conner,11.080000305175782,5,6600,ARI@LAR,ARI,LAR,IR,Knee,,,,RB/FLEX
94704-45859,QB,Derek,Derek Carr,Carr,10.068000030517577,5,6600,NO@HOU,NO,HOU,,,,,,QB
94704-119606,QB,Bryce,Bryce Young,Young,12.625,4,6600,CAR@MIA,CAR,MIA,,,,,,QB
94704-90406,QB,Zach,Zach Wilson,Wilson,11.148000335693359,5,6500,PHI@NYJ,NYJ,PHI,,,,,,QB
94704-61798,QB,Gardner,Gardner Minshew II,Minshew II,7.630000114440918,4,6500,IND@JAC,IND,JAC,,,,,,QB
94704-89675,RB,Jonathan,Jonathan Taylor,Taylor,3.9000000953674316,1,6500,IND@JAC,IND,JAC,,,,,,RB/FLEX
94704-69213,WR,Michael,Michael Pittman Jr.,Pittman Jr.,10.640000152587891,5,6500,IND@JAC,IND,JAC,,,,,,WR/FLEX
94704-112745,WR,Drake,Drake London,London,8.355999755859376,5,6400,WAS@ATL,ATL,WAS,,,,,,WR/FLEX
94704-90533,RB,Jerome,Jerome Ford,Ford,12.324999809265137,4,6400,SF@CLE,CLE,SF,,,,,,RB/FLEX
94704-90584,QB,Mac,Mac Jones,Jones,11.263999938964844,5,6400,NE@LV,NE,LV,,,,,,QB
94704-64051,QB,Drew,Drew Lock,Lock,3.619999885559082,1,6400,SEA@CIN,SEA,CIN,,,,,,QB
94704-139985,QB,Bailey,Bailey Zappe,Zappe,1.5800000429153442,2,6400,NE@LV,NE,LV,,,,,,QB
94704-93382,QB,Aidan,Aidan O'Connell,O'Connell,10.819999694824219,1,6300,NE@LV,LV,NE,,,,,,QB
94704-55635,WR,Chris,Chris Godwin,Godwin,9.5,4,6300,DET@TB,TB,DET,,,,,,WR/FLEX
94704-137902,RB,Rachaad,Rachaad White,White,9.925000190734863,4,6300,DET@TB,TB,DET,,,,,,RB/FLEX
94704-91898,QB,Dorian,Dorian Thompson-Robinson,Thompson-Robinson,4.239999771118164,1,6300,SF@CLE,CLE,SF,,,,,,QB
94704-53331,QB,Taylor,Taylor Heinicke,Heinicke,13.551111009385851,9,6200,WAS@ATL,ATL,WAS,,,,,,QB
94704-63589,QB,Sam,Sam Darnold,Darnold,-0.11500000208616257,4,6200,SF@CLE,SF,CLE,,,,,,QB
94704-83074,TE,Dallas,Dallas Goedert,Goedert,7.4,5,6200,PHI@NYJ,PHI,NYJ,,,,,,TE/FLEX
94704-24849,QB,Jameis,Jameis Winston,Winston,0.8800000349680582,3,6200,NO@HOU,NO,HOU,,,,,,QB
94704-63855,WR,K.J.,K.J. Osborn,Osborn,7.019999694824219,5,6200,MIN@CHI,MIN,CHI,,,,,,WR/FLEX
94704-52613,WR,Curtis,Curtis Samuel,Samuel,9.95999984741211,5,6200,WAS@ATL,WAS,ATL,,,,,,WR/FLEX
94704-60840,QB,Jake,Jake Browning,Browning,-0.10000000149011612,1,6200,SEA@CIN,CIN,SEA,,,,,,QB
94704-61157,QB,Brett,Brett Rypien,Rypien,5.505000114440918,4,6200,ARI@LAR,LAR,ARI,,,,,,QB
94704-14225,QB,Andy,Andy Dalton,Dalton,11.819999694824219,2,6200,CAR@MIA,CAR,MIA,,,,,,QB
94704-111540,RB,Rhamondre,Rhamondre Stevenson,Stevenson,7.9,5,6200,NE@LV,NE,LV,,,,,,RB/FLEX
94704-30761,QB,Nathan,Nathan Peterman,Peterman,3.086666742960612,3,6100,MIN@CHI,CHI,MIN,NA,Coach's decision,,,,QB
94704-27986,QB,C.J.,C.J. Beathard,Beathard,0.36000001430511475,1,6100,IND@JAC,JAC,IND,,,,,,QB
94704-91583,QB,Stetson,Stetson Bennett,Bennett,,,6100,ARI@LAR,LAR,ARI,IR,Illness,,,,QB
94704-30231,QB,Jacoby,Jacoby Brissett,Brissett,12.472856794084821,14,6100,WAS@ATL,WAS,ATL,,,,,,QB
94704-89628,QB,Davis,Davis Mills,Mills,13.101333618164062,15,6100,NO@HOU,HOU,NO,,,,,,QB
94704-40534,QB,Mike,Mike White,White,6.579999923706055,1,6100,CAR@MIA,MIA,CAR,,,,,,QB
94704-41562,QB,Nick,Nick Mullens,Mullens,3.190000057220459,4,6100,MIN@CHI,MIN,CHI,IR,Back,,,,QB
94704-29358,QB,Marcus,Marcus Mariota,Mariota,15.812307504507212,13,6100,PHI@NYJ,PHI,NYJ,,,,,,QB
94704-69304,QB,Kyle,Kyle Trask,Trask,0.9200000166893005,1,6100,DET@TB,TB,DET,,,,,,QB
94704-90813,QB,Clayton,Clayton Tune,Tune,,,6100,ARI@LAR,ARI,LAR,,,,,,QB
94704-7872,QB,Brian,Brian Hoyer,Hoyer,1.4800000190734863,1,6100,NE@LV,LV,NE,,,,,,QB
94704-40669,WR,Tyler,Tyler Boyd,Boyd,5.6200000762939455,5,6100,SEA@CIN,CIN,SEA,,,,,,WR/FLEX
94704-41827,QB,P.J.,P.J. Walker,Walker,7.023333231608073,6,6100,SF@CLE,CLE,SF,,,,,,QB
94704-91047,TE,Cole,Cole Kmet,Kmet,10.54000015258789,5,6100,MIN@CHI,CHI,MIN,,,,,,TE/FLEX
94704-85983,QB,Hendon,Hendon Hooker,Hooker,,,6100,DET@TB,DET,TB,IR,Knee - acl,,,,QB
94704-52342,QB,Will,Will Grier,Grier,,,6000,NE@LV,NE,LV,,,,,,QB
94704-89236,QB,James,James Blackman,Blackman,,,6000,CAR@MIA,MIA,CAR,,,,,,QB
94704-27801,QB,Nate,Nate Sudfeld,Sudfeld,-0.20000000298023224,2,6000,DET@TB,DET,TB,IR,Knee - acl,,,,QB
94704-45259,QB,Logan,Logan Woodside,Woodside,,,6000,WAS@ATL,ATL,WAS,NA,Coach's decision,,,,QB
94704-130269,QB,Reid,Reid Sinnett,Sinnett,,,6000,SEA@CIN,CIN,SEA,,,,,,QB
94704-11500,QB,Colt,Colt McCoy,McCoy,8.949999809265137,4,6000,ARI@LAR,ARI,LAR,,,,,,QB
94704-129291,WR,Tank,Tank Dell,Dell,10.95999984741211,5,6000,NO@HOU,HOU,NO,NA,Concussion,,,,WR/FLEX
94704-185629,QB,Tim,Tim DeMorat,DeMorat,,,6000,WAS@ATL,WAS,ATL,,,,,,QB
94704-90400,QB,Jaren,Jaren Hall,Hall,,,6000,MIN@CHI,MIN,CHI,,,,,,QB
94704-185640,QB,Dresser,Dresser Winn,Winn,,,6000,ARI@LAR,LAR,ARI,,,,,,QB
94704-31047,QB,AJ,AJ McCarron,McCarron,,,6000,SEA@CIN,CIN,SEA,,,,,,QB
94704-91468,QB,Chase,Chase Garbers,Garbers,,,6000,NE@LV,LV,NE,,,,,,QB
94704-91511,QB,Holton,Holton Ahlers,Ahlers,,,6000,SEA@CIN,SEA,CIN,,,,,,QB
94704-88440,QB,Braxton,Braxton Burmeister,Burmeister,,,6000,ARI@LAR,LAR,ARI,,,,,,QB
94704-52606,QB,David,David Blough,Blough,10.289999961853027,2,6000,DET@TB,DET,TB,,,,,,QB
94704-92560,QB,Sam,Sam Ehlinger,Ehlinger,9.654999732971191,4,6000,IND@JAC,IND,JAC,,,,,,QB
94704-73118,QB,Ian,Ian Book,Book,,,6000,NE@LV,NE,LV,,,,,,QB
94704-185776,QB,Tyson,Tyson Bagent,Bagent,,,6000,MIN@CHI,CHI,MIN,,,,,,QB
94704-31170,QB,Brandon,Brandon Allen,Allen,0.7799999713897705,1,6000,SF@CLE,SF,CLE,NA,Coach's decision,,,,QB
94704-22994,QB,Case,Case Keenum,Keenum,0.1599999964237213,2,6000,NO@HOU,HOU,NO,NA,Coach's decision,,,,QB
94704-33259,QB,Teddy,Teddy Bridgewater,Bridgewater,-0.20000000298023224,1,6000,DET@TB,DET,TB,,,,,,QB
94704-91639,QB,Jake,Jake Fromm,Fromm,,,6000,WAS@ATL,WAS,ATL,,,,,,QB
94704-94718,QB,Nathan,Nathan Rourke,Rourke,,,6000,IND@JAC,JAC,IND,,,,,,QB
94704-89607,QB,Tanner,Tanner McKee,McKee,,,6000,PHI@NYJ,PHI,NYJ,,,,,,QB
94704-55830,RB,D'Onta,D'Onta Foreman,Foreman,3.4000000953674316,1,6000,MIN@CHI,CHI,MIN,,,,,,RB/FLEX
94704-88602,QB,Jordan,Jordan Ta'amu,Ta'amu,,,6000,MIN@CHI,MIN,CHI,,,,,,QB
94704-40482,QB,Tim,Tim Boyle,Boyle,-0.8799999952316284,1,6000,PHI@NYJ,NYJ,PHI,,,,,,QB
94704-30253,QB,Jeff,Jeff Driskel,Driskel,2.388571330479213,7,6000,ARI@LAR,ARI,LAR,,,,,,QB
94704-88630,QB,Matt,Matt Corral,Corral,,,6000,NE@LV,NE,LV,,,,,,QB
94704-94797,QB,Kellen,Kellen Mond,Mond,,,6000,IND@JAC,IND,JAC,,,,,,QB
94704-69294,QB,Skylar,Skylar Thompson,Thompson,4.195000171661377,8,6000,CAR@MIA,MIA,CAR,NA,Coach's decision,,,,QB
94704-52917,WR,DJ,DJ Chark Jr.,Chark Jr.,8.524999618530273,4,6000,CAR@MIA,CAR,MIA,,,,,,WR/FLEX
94704-52929,QB,Jake,Jake Luton,Luton,,,6000,NO@HOU,NO,HOU,NA,Coach's decision,,,,QB
94704-72412,RB,Khalil,Khalil Herbert,Herbert,9.3,5,6000,MIN@CHI,CHI,MIN,IR,Ankle,,,,RB/FLEX
94704-6894,QB,Aaron,Aaron Rodgers,Rodgers,0,1,6000,PHI@NYJ,NYJ,PHI,IR,Achilles,,,,QB
94704-86793,QB,Jake,Jake Haener,Haener,,,6000,NO@HOU,NO,HOU,IR,Suspension,,,,QB
94704-28434,QB,Trevor,Trevor Siemian,Siemian,5.579999923706055,2,6000,PHI@NYJ,NYJ,PHI,,,,,,QB
94704-92975,QB,Malik,Malik Cunningham,Cunningham,,,6000,NE@LV,NE,LV,,,,,,QB
94704-90981,QB,Adrian,Adrian Martinez,Martinez,,,6000,DET@TB,DET,TB,,,,,,QB
94704-85860,QB,Tanner,Tanner Morgan,Morgan,,,6000,MIN@CHI,MIN,CHI,,,,,,QB
94704-38767,QB,Chris,Chris Streveler,Streveler,9,1,6000,PHI@NYJ,NYJ,PHI,Q,Thumb,,,,QB
94704-56192,QB,John,John Wolford,Wolford,8.899999618530273,2,6000,DET@TB,TB,DET,,,,,,QB
94704-93103,QB,E.J.,E.J. Perry,Perry,,,6000,NO@HOU,HOU,NO,,,,,,QB
94704-92082,QB,Austin,Austin Aune,Aune,,,6000,WAS@ATL,ATL,WAS,,,,,,QB
94704-56286,QB,Trace,Trace McSorley,McSorley,2.715999984741211,5,6000,NE@LV,NE,LV,,,,,,QB
94704-63484,QB,Kyler,Kyler Murray,Murray,18.865454933860086,11,6000,ARI@LAR,ARI,LAR,NA,Knee - acl,,,,QB
94704-86055,RB,Dameon,Dameon Pierce,Pierce,8.719999694824219,5,5900,NO@HOU,HOU,NO,,,,,,RB/FLEX
94704-71845,RB,Miles,Miles Sanders,Sanders,7.319999694824219,5,5900,CAR@MIA,CAR,MIA,NA,Shoulder,,,,RB/FLEX
94704-94579,RB,Emari,Emari Demercado,Demercado,4.449999809265137,4,5900,ARI@LAR,ARI,LAR,,,,,,RB/FLEX
94704-39793,TE,George,George Kittle,Kittle,9.6,5,5900,SF@CLE,SF,CLE,,,,,,TE/FLEX
94704-28573,WR,Michael,Michael Thomas,Thomas,8.280000305175781,5,5900,NO@HOU,NO,HOU,,,,,,WR/FLEX
94704-69777,WR,Darnell,Darnell Mooney,Mooney,5.099999904632568,4,5800,MIN@CHI,CHI,MIN,,,,,,WR/FLEX
94704-129368,RB,Jahmyr,Jahmyr Gibbs,Gibbs,7.974999904632568,4,5800,DET@TB,DET,TB,O,Hamstring,,,,RB/FLEX
94704-41305,WR,Zay,Zay Jones,Jones,7.933333079020183,3,5800,IND@JAC,JAC,IND,NA,Knee,,,,WR/FLEX
94704-103187,RB,Roschon,Roschon Johnson,Johnson,5.9,5,5800,MIN@CHI,CHI,MIN,NA,Concussion,,,,RB/FLEX
94704-89230,RB,Cam,Cam Akers,Akers,5.933333079020183,3,5700,MIN@CHI,MIN,CHI,,,,,,RB/FLEX
94704-86229,WR,Jahan,Jahan Dotson,Dotson,5.7,5,5700,WAS@ATL,WAS,ATL,,,,,,WR/FLEX
94704-90428,RB,Tyler,Tyler Allgeier,Allgeier,7.8599998474121096,5,5700,WAS@ATL,ATL,WAS,,,,,,RB/FLEX
94704-80289,WR,Kendrick,Kendrick Bourne,Bourne,8.55999984741211,5,5700,NE@LV,NE,LV,,,,,,WR/FLEX
94704-129305,WR,Josh,Josh Downs,Downs,7.4,5,5600,IND@JAC,IND,JAC,,,,,,WR/FLEX
94704-92545,RB,Keaontay,Keaontay Ingram,Ingram,0.9333333174387614,3,5600,ARI@LAR,ARI,LAR,,,,,,RB/FLEX
94704-91578,RB,Zamir,Zamir White,White,0.9666666984558105,3,5600,NE@LV,LV,NE,,,,,,RB/FLEX
94704-88575,WR,Elijah,Elijah Moore,Moore,5.400000095367432,4,5600,SF@CLE,CLE,SF,,,,,,WR/FLEX
94704-40845,TE,Hunter,Hunter Henry,Henry,7.619999694824219,5,5600,NE@LV,NE,LV,,,,,,TE/FLEX
94704-111631,WR,Jameson,Jameson Williams,Williams,1.2000000476837158,1,5500,DET@TB,DET,TB,,,,,,WR/FLEX
94704-92413,RB,Elijah,Elijah Mitchell,Mitchell,3.450000047683716,2,5500,SF@CLE,SF,CLE,,,,,,RB/FLEX
94704-64905,WR,Trenton,Trenton Irwin,Irwin,6.099999904632568,2,5500,SEA@CIN,CIN,SEA,,,,,,WR/FLEX
94704-87467,RB,Chuba,Chuba Hubbard,Hubbard,5.420000076293945,5,5500,CAR@MIA,CAR,MIA,,,,,,RB/FLEX
94704-56809,WR,Allen,Allen Lazard,Lazard,6.540000152587891,5,5500,PHI@NYJ,NYJ,PHI,,,,,,WR/FLEX
94704-92976,WR,Tutu,Tutu Atwell,Atwell,10.919999694824218,5,5500,ARI@LAR,LAR,ARI,,,,,,WR/FLEX
94704-86875,RB,Jordan,Jordan Mason,Mason,5.599999745686849,3,5500,SF@CLE,SF,CLE,,,,,,RB/FLEX
94704-41872,TE,Evan,Evan Engram,Engram,8.1,5,5500,IND@JAC,JAC,IND,,,,,,TE/FLEX
94704-29685,WR,Robert,Robert Woods,Woods,6.519999694824219,5,5500,NO@HOU,HOU,NO,,,,,,WR/FLEX
94704-45229,RB,Kareem,Kareem Hunt,Hunt,2.8499999046325684,2,5400,SF@CLE,CLE,SF,,,,,,RB/FLEX
94704-170287,WR,Rashid,Rashid Shaheed,Shaheed,7.880000305175781,5,5400,NO@HOU,NO,HOU,,,,,,WR/FLEX
94704-26355,TE,Logan,Logan Thomas,Thomas,9.375,4,5400,WAS@ATL,WAS,ATL,,,,,,TE/FLEX
94704-38791,RB,Ezekiel,Ezekiel Elliott,Elliott,4.8599998474121096,5,5400,NE@LV,NE,LV,,,,,,RB/FLEX
94704-86080,TE,Kyle,Kyle Pitts,Pitts,5.8799999237060545,5,5300,WAS@ATL,ATL,WAS,,,,,,TE/FLEX
94704-89612,WR,Michael,Michael Wilson,Wilson,9,5,5300,ARI@LAR,ARI,LAR,,,,,,WR/FLEX
94704-57986,WR,Hunter,Hunter Renfrow,Renfrow,2.2249999046325684,4,5300,NE@LV,LV,NE,,,,,,WR/FLEX
94704-55987,WR,JuJu,JuJu Smith-Schuster,Smith-Schuster,3.1200000762939455,5,5300,NE@LV,NE,LV,O,Concussion,,,,WR/FLEX
94704-54140,RB,Dalvin,Dalvin Cook,Cook,3.220000076293945,5,5300,PHI@NYJ,NYJ,PHI,,,,,,RB/FLEX
94704-29780,TE,Zach,Zach Ertz,Ertz,6.320000076293946,5,5200,ARI@LAR,ARI,LAR,,,,,,TE/FLEX
94704-91426,WR,Donovan,Donovan Peoples-Jones,Peoples-Jones,2.625,4,5200,SF@CLE,CLE,SF,,,,,,WR/FLEX
94704-33260,WR,DeVante,DeVante Parker,Parker,4.724999904632568,4,5200,NE@LV,NE,LV,,,,,,WR/FLEX
94704-27229,RB,Ameer,Ameer Abdullah,Abdullah,1.6,5,5200,NE@LV,LV,NE,,,,,,RB/FLEX
94704-85672,WR,Terrace,Terrace Marshall Jr.,Marshall Jr.,6.466666539510091,3,5200,CAR@MIA,CAR,MIA,,,,,,WR/FLEX
94704-55042,TE,Dalton,Dalton Schultz,Schultz,7.180000305175781,5,5200,NO@HOU,HOU,NO,,,,,,TE/FLEX
94704-71705,TE,Noah,Noah Fant,Fant,7,3,5100,SEA@CIN,SEA,CIN,,,,,,TE/FLEX
94704-52345,WR,Brandon,Brandon Powell,Powell,1.2399999618530273,5,5100,MIN@CHI,MIN,CHI,,,,,,WR/FLEX
94704-61593,WR,Jauan,Jauan Jennings,Jennings,3.1500000953674316,4,5100,SF@CLE,SF,CLE,,,,,,WR/FLEX
94704-86312,WR,Alec,Alec Pierce,Pierce,3.279999923706055,5,5100,IND@JAC,IND,JAC,,,,,,WR/FLEX
94704-102902,WR,Trey,Trey Palmer,Palmer,4.800000190734863,4,5100,DET@TB,TB,DET,,,,,,WR/FLEX
94704-70422,WR,Kalif,Kalif Raymond,Raymond,6.6,5,5100,DET@TB,DET,TB,,,,,,WR/FLEX
94704-90933,RB,Antonio,Antonio Gibson,Gibson,4.1200000762939455,5,5100,WAS@ATL,WAS,ATL,,,,,,RB/FLEX
94704-48116,TE,Jonnu,Jonnu Smith,Smith,8.274999618530273,4,5100,WAS@ATL,ATL,WAS,,,,,,TE/FLEX
94704-55335,TE,David,David Njoku,Njoku,4.949999809265137,4,5000,SF@CLE,CLE,SF,,,,,,TE/FLEX
94704-55552,RB,Jeff,Jeff Wilson Jr.,Wilson Jr.,9.27058859432445,17,5000,CAR@MIA,MIA,CAR,IR,Ribs,,,,RB/FLEX
94704-12549,D,San Francisco,San Francisco 49ers,49ers,8.8,5,5000,SF@CLE,SF,CLE,,,,,,DEF
94704-73111,WR,Chase,Chase Claypool,Claypool,4.366666793823242,3,5000,CAR@MIA,MIA,CAR,NA,Coach's decision,,,,WR/FLEX
94704-102893,RB,Tyrion,Tyrion Davis-Price,Davis-Price,2.0999999046325684,1,5000,SF@CLE,SF,CLE,NA,Coach's decision,,,,RB/FLEX
94704-45565,TE,Taysom,Taysom Hill,Hill,3.2880001068115234,5,5000,NO@HOU,NO,HOU,,,,,,TE/FLEX
94704-45631,RB,Jamaal,Jamaal Williams,Williams,4.550000190734863,2,5000,NO@HOU,NO,HOU,IR,Hamstring,,,,RB/FLEX
94704-25267,WR,Mack,Mack Hollins,Hollins,3.7599998474121095,5,5000,WAS@ATL,ATL,WAS,,,,,,WR/FLEX
94704-52916,WR,Russell,Russell Gage,Gage,7.149999891008649,14,5000,DET@TB,TB,DET,IR,Knee,,,,WR/FLEX
94704-71352,WR,Mecole,Mecole Hardman Jr.,Hardman Jr.,1.100000023841858,1,5000,PHI@NYJ,NYJ,PHI,,,,,,WR/FLEX
94704-47870,TE,Tyler,Tyler Higbee,Higbee,6.1200000762939455,5,5000,ARI@LAR,LAR,ARI,,,,,,TE/FLEX
94704-90912,RB,Kenneth,Kenneth Gainwell,Gainwell,5.675000190734863,4,5000,PHI@NYJ,PHI,NYJ,,,,,,RB/FLEX
94704-60451,TE,Tyler,Tyler Conklin,Conklin,5.759999847412109,5,4900,PHI@NYJ,NYJ,PHI,,,,,,TE/FLEX
94704-12545,D,Philadelphia,Philadelphia Eagles,Eagles,8.6,5,4900,PHI@NYJ,PHI,NYJ,,,,,,DEF
94704-52495,WR,Braxton,Braxton Berrios,Berrios,6.1,5,4900,CAR@MIA,MIA,CAR,,,,,,WR/FLEX
94704-64031,TE,Hayden,Hayden Hurst,Hurst,4.5,5,4900,CAR@MIA,CAR,MIA,,,,,,TE/FLEX
94704-112192,WR,Jonathan,Jonathan Mingo,Mingo,4.425000190734863,4,4900,CAR@MIA,CAR,MIA,,,,,,WR/FLEX
94704-86811,TE,Cade,Cade Otton,Otton,5.224999904632568,4,4900,DET@TB,TB,DET,,,,,,TE/FLEX
94704-137059,RB,Sean,Sean Tucker,Tucker,1.3999999364217122,3,4900,DET@TB,TB,DET,,,,,,RB/FLEX
94704-104424,RB,Craig,Craig Reynolds,Reynolds,3.424999952316284,4,4900,DET@TB,DET,TB,,,,,,RB/FLEX
94704-42046,TE,Durham,Durham Smythe,Smythe,4.449999809265137,4,4800,CAR@MIA,MIA,CAR,,,,,,TE/FLEX
94704-40126,TE,Austin,Austin Hooper,Hooper,2.299999952316284,4,4800,NE@LV,LV,NE,,,,,,TE/FLEX
94704-93408,WR,Rondale,Rondale Moore,Moore,6.240000152587891,5,4800,ARI@LAR,ARI,LAR,,,,,,WR/FLEX
94704-12539,D,Miami,Miami Dolphins,Dolphins,5.6,5,4800,CAR@MIA,MIA,CAR,,,,,,DEF
94704-102696,WR,John,John Metchie III,Metchie III,2.549999952316284,4,4800,NO@HOU,HOU,NO,,,,,,WR/FLEX
94704-129458,WR,Jaxon,Jaxon Smith-Njigba,Smith-Njigba,3.049999952316284,4,4800,SEA@CIN,SEA,CIN,,,,,,WR/FLEX
94704-160306,RB,Pierre,Pierre Strong Jr.,Strong Jr.,4.566666603088379,3,4800,SF@CLE,CLE,SF,,,,,,RB/FLEX
94704-71444,RB,Travis,Travis Homer,Homer,4.387499809265137,8,4800,MIN@CHI,CHI,MIN,NA,Hamstring,,,,RB/FLEX
94704-40758,RB,Corey,Corey Clement,Clement,4.849999904632568,4,4800,ARI@LAR,ARI,LAR,,,,,,RB/FLEX
94704-103376,RB,Zach,Zach Charbonnet,Charbonnet,3.6500000953674316,4,4800,SEA@CIN,SEA,CIN,,,,,,RB/FLEX
94704-73687,WR,Quez,Quez Watkins,Watkins,2.049999952316284,2,4800,PHI@NYJ,PHI,NYJ,IR,Hamstring,,,,WR/FLEX
94704-62628,WR,DeAndre,DeAndre Carter,Carter,0.6800000190734863,5,4700,NE@LV,LV,NE,,,,,,WR/FLEX
94704-111876,WR,Demario,Demario Douglas,Douglas,3.5599998474121093,5,4700,NE@LV,NE,LV,O,Concussion,,,,WR/FLEX
94704-91401,WR,Ronnie,Ronnie Bell,Bell,3.5333334604899087,3,4700,SF@CLE,SF,CLE,,,,,,WR/FLEX
94704-94481,WR,Deven,Deven Thompkins,Thompkins,4.574999809265137,4,4700,DET@TB,TB,DET,,,,,,WR/FLEX
94704-85306,WR,KhaDarel,KhaDarel Hodge,Hodge,2.1666666666666665,3,4700,WAS@ATL,ATL,WAS,,,,,,WR/FLEX
94704-93539,RB,Michael,Michael Carter,Carter,2.4,5,4700,PHI@NYJ,NYJ,PHI,,,,,,RB/FLEX
94704-22103,WR,Marvin,Marvin Jones Jr.,Jones Jr.,1,3,4700,DET@TB,DET,TB,,,,,,WR/FLEX
94704-147049,TE,Drew,Drew Ogletree,Ogletree,4.75,4,4700,IND@JAC,IND,JAC,,,,,,TE/FLEX
94704-87859,WR,Laviska,Laviska Shenault Jr.,Shenault Jr.,2.0200000762939454,5,4700,CAR@MIA,CAR,MIA,,,,,,WR/FLEX
94704-120657,RB,Kendre,Kendre Miller,Miller,5.400000254313151,3,4700,NO@HOU,NO,HOU,,,,,,RB/FLEX
94704-14257,WR,Randall,Randall Cobb,Cobb,0.7,5,4700,PHI@NYJ,NYJ,PHI,,,,,,WR/FLEX
94704-56265,TE,Mike,Mike Gesicki,Gesicki,3.5200000762939454,5,4700,NE@LV,NE,LV,,,,,,TE/FLEX
94704-70603,RB,Devin,Devin Singletary,Singletary,3.647999954223633,5,4700,NO@HOU,HOU,NO,,,,,,RB/FLEX
94704-64581,WR,Van,Van Jefferson,Jefferson,3.799999952316284,4,4600,WAS@ATL,ATL,WAS,,,,,,WR/FLEX
94704-103619,WR,Tre,Tre Tucker,Tucker,2.5,2,4600,NE@LV,LV,NE,,,,,,WR/FLEX
94704-12542,D,New Orleans,New Orleans Saints,Saints,10.8,5,4600,NO@HOU,NO,HOU,,,,,,DEF
94704-60712,TE,Foster,Foster Moreau,Moreau,5.050000190734863,2,4600,NO@HOU,NO,HOU,,,,,,TE/FLEX
94704-64841,WR,Equanimeous,Equanimeous St. Brown,St. Brown,1.2999999523162842,2,4600,MIN@CHI,CHI,MIN,IR,Hamstring,,,,WR/FLEX
94704-22898,RB,Brandon,Brandon Bolden,Bolden,2.8499999046325684,8,4600,NE@LV,LV,NE,,,,,,RB/FLEX
94704-71143,TE,Kylen,Kylen Granson,Granson,4.55999984741211,5,4600,IND@JAC,IND,JAC,,,,,,TE/FLEX
94704-89588,TE,Colby,Colby Parkinson,Parkinson,2.924999952316284,4,4600,SEA@CIN,SEA,CIN,,,,,,TE/FLEX
94704-128693,RB,Tank,Tank Bigsby,Bigsby,3.5250000953674316,4,4600,IND@JAC,JAC,IND,,,,,,RB/FLEX
94704-91971,RB,Ronnie,Ronnie Rivers,Rivers,1.9249999523162842,4,4600,ARI@LAR,LAR,ARI,,,,,,RB/FLEX
94704-69581,WR,Cedrick,Cedrick Wilson Jr.,Wilson Jr.,4.650000095367432,2,4600,CAR@MIA,MIA,CAR,,,,,,WR/FLEX
94704-41997,WR,River,River Cracraft,Cracraft,5.900000254313151,3,4500,CAR@MIA,MIA,CAR,IR,Shoulder,,,,WR/FLEX
94704-30733,RB,Cordarrelle,Cordarrelle Patterson,Patterson,1.2000000476837158,1,4500,WAS@ATL,ATL,WAS,,,,,,RB/FLEX
94704-72725,TE,Irv,Irv Smith Jr.,Smith Jr.,2.5999999046325684,2,4500,SEA@CIN,CIN,SEA,,,,,,TE/FLEX
94704-79979,WR,Jamal,Jamal Agnew,Agnew,1.4500000476837158,4,4500,IND@JAC,JAC,IND,,,,,,WR/FLEX
94704-89209,RB,Trestan,Trestan Ebner,Ebner,0.5199999809265137,10,4500,MIN@CHI,CHI,MIN,Q,Concussion,,,,RB/FLEX
94704-129240,WR,Tyler,Tyler Scott,Scott,1.8000000317891438,3,4500,MIN@CHI,CHI,MIN,,,,,,WR/FLEX
94704-69860,RB,Trayveon,Trayveon Williams,Williams,0.6800000190734863,5,4500,SEA@CIN,CIN,SEA,,,,,,RB/FLEX
94704-12554,D,Jacksonville,Jacksonville Jaguars,Jaguars,8.6,5,4500,IND@JAC,JAC,IND,,,,,,DEF
94704-64808,TE,Juwan,Juwan Johnson,Johnson,3.2000001271565757,3,4500,NO@HOU,NO,HOU,NA,Calf,,,,TE/FLEX
94704-93538,WR,Dyami,Dyami Brown,Brown,2.924999952316284,4,4500,WAS@ATL,WAS,ATL,,,,,,WR/FLEX
94704-63907,TE,Josh,Josh Oliver,Oliver,3.5999999046325684,4,4500,MIN@CHI,MIN,CHI,,,,,,TE/FLEX
94704-43433,RB,Boston,Boston Scott,Scott,2.75,2,4500,PHI@NYJ,PHI,NYJ,,,,,,RB/FLEX
94704-69168,WR,N'Keal,N'Keal Harry,Harry,3.5166667302449546,6,4500,MIN@CHI,MIN,CHI,,,,,,WR/FLEX
94704-57909,RB,Marlon,Marlon Mack,Mack,4.899999891008649,7,4500,ARI@LAR,ARI,LAR,IR,Achilles,,,,RB/FLEX
94704-71246,WR,Marquez,Marquez Callaway,Callaway,2.9799999237060546,10,4500,NE@LV,LV,NE,,,,,,WR/FLEX
94704-63078,RB,Ke'Shawn,Ke'Shawn Vaughn,Vaughn,2.4000000953674316,1,4500,DET@TB,TB,DET,,,,,,RB/FLEX
94704-62055,WR,Ray-Ray,Ray-Ray McCloud III,McCloud III,0.7599999904632568,5,4500,SF@CLE,SF,CLE,,,,,,WR/FLEX
94704-56041,RB,Khari,Khari Blasingame,Blasingame,1.2999999523162842,2,4500,MIN@CHI,CHI,MIN,,,,,,RB/FLEX
94704-70383,RB,Darrynton,Darrynton Evans,Evans,3.3999999364217124,3,4500,MIN@CHI,CHI,MIN,,,,,,RB/FLEX
94704-138998,TE,Michael,Michael Mayer,Mayer,2.5333333015441895,3,4500,NE@LV,LV,NE,,,,,,TE/FLEX
94704-27441,RB,Damien,Damien Williams,Williams,0.20000000298023224,1,4500,ARI@LAR,ARI,LAR,,,,,,RB/FLEX
94704-112455,WR,Xavier,Xavier Gipson,Gipson,1.2399999618530273,5,4500,PHI@NYJ,NYJ,PHI,Q,Ankle,,,,WR/FLEX
94704-61273,WR,Scotty,Scotty Miller,Miller,1,2,4500,WAS@ATL,ATL,WAS,,,,,,WR/FLEX
94704-91046,TE,Brock,Brock Wright,Wright,2.9000000953674316,2,4500,DET@TB,DET,TB,,,,,,TE/FLEX
94704-93134,RB,Deon,Deon Jackson,Jackson,1.2999999523162842,1,4500,SF@CLE,CLE,SF,,,,,,RB/FLEX
94704-24533,TE,Mo,Mo Alie-Cox,Alie-Cox,3.549999952316284,4,4500,IND@JAC,IND,JAC,,,,,,TE/FLEX
94704-91101,TE,Tommy,Tommy Tremble,Tremble,4.300000190734863,2,4500,CAR@MIA,CAR,MIA,,,,,,TE/FLEX
94704-64496,WR,Olamide,Olamide Zaccheaus,Zaccheaus,7.199999809265137,2,4500,PHI@NYJ,PHI,NYJ,,,,,,WR/FLEX
94704-72705,TE,John,John Bates,Bates,3.075000047683716,4,4400,WAS@ATL,WAS,ATL,,,,,,TE/FLEX
94704-29734,RB,Ty,Ty Montgomery II,Montgomery II,1.1999999682108562,3,4400,NE@LV,NE,LV,,,,,,RB/FLEX
94704-53390,WR,Zach,Zach Pascal,Pascal,0.9750000238418579,4,4400,ARI@LAR,ARI,LAR,,,,,,WR/FLEX
94704-24755,WR,Jamison,Jamison Crowder,Crowder,0.7749999761581421,4,4400,WAS@ATL,WAS,ATL,,,,,,WR/FLEX
94704-83138,TE,Ross,Ross Dwelley,Dwelley,4.5,4,4400,SF@CLE,SF,CLE,,,,,,TE/FLEX
94704-12532,D,Detroit,Detroit Lions,Lions,8.4,5,4400,DET@TB,DET,TB,,,,,,DEF
94704-87371,RB,Ty,Ty Chandler,Chandler,1.8600000381469726,5,4400,MIN@CHI,MIN,CHI,,,,,,RB/FLEX
94704-89437,WR,Tim,Tim Jones,Jones,0.8333333333333334,3,4400,IND@JAC,JAC,IND,,,,,,WR/FLEX
94704-56708,TE,Will,Will Dissly,Dissly,3.8499999046325684,2,4400,SEA@CIN,SEA,CIN,,,,,,TE/FLEX
94704-89493,RB,Chase,Chase Brown,Brown,0.36666667461395264,3,4400,SEA@CIN,CIN,SEA,,,,,,RB/FLEX
94704-73121,RB,Tony,Tony Jones Jr.,Jones Jr.,7.700000127156575,3,4400,ARI@LAR,ARI,LAR,,,,,,RB/FLEX
94704-44449,WR,Willie,Willie Snead IV,Snead IV,1.399999976158142,1,4400,SF@CLE,SF,CLE,,,,,,WR/FLEX
94704-73176,TE,Luke,Luke Farrell,Farrell,1.6666666666666667,3,4400,IND@JAC,JAC,IND,,,,,,TE/FLEX
94704-80353,TE,Robert,Robert Tonyan,Tonyan,1.6000000635782878,3,4400,MIN@CHI,CHI,MIN,,,,,,TE/FLEX
94704-31207,TE,C.J.,C.J. Uzomah,Uzomah,3.3999999364217124,3,4400,PHI@NYJ,NYJ,PHI,,,,,,TE/FLEX
94704-32243,WR,Marquise,Marquise Goodwin,Goodwin,0.15000000596046448,4,4400,SF@CLE,CLE,SF,,,,,,WR/FLEX
94704-91750,TE,Trey,Trey McBride,McBride,2.3799999237060545,5,4400,ARI@LAR,ARI,LAR,,,,,,TE/FLEX
94704-94094,TE,Brevin,Brevin Jordan,Jordan,6,2,4400,NO@HOU,HOU,NO,,,,,,TE/FLEX
94704-70601,TE,Harrison,Harrison Bryant,Bryant,2.200000047683716,4,4400,SF@CLE,CLE,SF,,,,,,TE/FLEX
94704-93150,WR,Jake,Jake Bobo,Bobo,2.6000000635782876,3,4400,SEA@CIN,SEA,CIN,,,,,,WR/FLEX
94704-62505,TE,MyCole,MyCole Pruitt,Pruitt,1.3999999364217122,3,4300,WAS@ATL,ATL,WAS,,,,,,TE/FLEX
94704-94345,TE,Cole,Cole Turner,Turner,3.049999952316284,4,4300,WAS@ATL,WAS,ATL,,,,,,TE/FLEX
94704-12537,D,Las Vegas,Las Vegas Raiders,Raiders,3.6,5,4300,NE@LV,LV,NE,,,,,,DEF
94704-185593,WR,Andrei,Andrei Iosivas,Iosivas,1.399999976158142,1,4300,SEA@CIN,CIN,SEA,,,,,,WR/FLEX
94704-53639,WR,Isaiah,Isaiah McKenzie,McKenzie,0.7,5,4300,IND@JAC,IND,JAC,,,,,,WR/FLEX
94704-71105,WR,Ben,Ben Skowronek,Skowronek,0.8500000238418579,4,4300,ARI@LAR,LAR,ARI,,,,,,WR/FLEX
94704-57840,RB,Rashaad,Rashaad Penny,Penny,1.899999976158142,1,4300,PHI@NYJ,PHI,NYJ,,,,,,RB/FLEX
94704-38523,TE,Geoff,Geoff Swaim,Swaim,1.600000023841858,2,4300,ARI@LAR,ARI,LAR,,,,,,TE/FLEX
94704-26251,WR,Robbie,Robbie Chosen,Chosen,6.650000095367432,2,4300,CAR@MIA,MIA,CAR,,,,,,WR/FLEX
94704-69295,WR,Byron,Byron Pringle,Pringle,1.4666666984558105,3,4300,WAS@ATL,WAS,ATL,,,,,,WR/FLEX
94704-29411,TE,Pharaoh,Pharaoh Brown,Brown,14.100000381469727,1,4300,NE@LV,NE,LV,,,,,,TE/FLEX
94704-86780,RB,Salvon,Salvon Ahmed,Ahmed,3.3499999046325684,2,4300,CAR@MIA,MIA,CAR,,,,,,RB/FLEX
94704-72515,TE,Ian,Ian Thomas,Thomas,1.5333333015441895,3,4300,CAR@MIA,CAR,MIA,IR,Calf,,,,TE/FLEX
94704-69451,TE,Jack,Jack Stoll,Stoll,1,2,4300,PHI@NYJ,PHI,NYJ,,,,,,TE/FLEX
94704-93026,TE,Teagan,Teagan Quitoriano,Quitoriano,1.433333396911621,3,4300,NO@HOU,HOU,NO,,,,,,TE/FLEX
94704-94087,RB,DeeJay,DeeJay Dallas,Dallas,0.8999999761581421,4,4300,SEA@CIN,SEA,CIN,,,,,,RB/FLEX
94704-45997,WR,Keith,Keith Kirkwood,Kirkwood,0.15000000596046448,4,4300,NO@HOU,NO,HOU,,,,,,WR/FLEX
94704-70661,WR,Velus,Velus Jones Jr.,Jones Jr.,0.3499999940395355,2,4200,MIN@CHI,CHI,MIN,,,,,,WR/FLEX
94704-70663,WR,Frank,Frank Darby,Darby,2,1,4200,WAS@ATL,ATL,WAS,,,,,,WR/FLEX
94704-89157,RB,Caleb,Caleb Huntley,Huntley,3.6583334604899087,12,4200,WAS@ATL,ATL,WAS,Q,Achilles,,,,RB/FLEX
94704-68714,TE,Ko,Ko Kieft,Kieft,0,1,4200,DET@TB,TB,DET,,,,,,TE/FLEX
94704-79980,TE,Eric,Eric Saubert,Saubert,2.176923018235427,13,4200,CAR@MIA,MIA,CAR,,,,,,TE/FLEX
94704-83081,RB,Chase,Chase Edmonds,Edmonds,1,2,4200,DET@TB,TB,DET,IR,Knee - mcl,,,,RB/FLEX
94704-103587,TE,Brenton,Brenton Strange,Strange,0.8500000238418579,2,4200,IND@JAC,JAC,IND,,,,,,TE/FLEX
94704-83117,TE,Tanner,Tanner Hudson,Hudson,3.4000000953674316,2,4200,SEA@CIN,CIN,SEA,,,,,,TE/FLEX
94704-129219,RB,Israel,Israel Abanikanda,Abanikanda,,,4200,PHI@NYJ,NYJ,PHI,,,,,,RB/FLEX
94704-57543,RB,D'Ernest,D'Ernest Johnson,Johnson,0.7599999904632568,5,4200,IND@JAC,JAC,IND,,,,,,RB/FLEX
94704-63697,TE,Brycen,Brycen Hopkins,Hopkins,1.7999999523162842,2,4200,ARI@LAR,LAR,ARI,,,,,,TE/FLEX
94704-63717,RB,Alec,Alec Ingold,Ingold,2.3999999364217124,3,4200,CAR@MIA,MIA,CAR,,,,,,RB/FLEX
94704-12528,D,Cincinnati,Cincinnati Bengals,Bengals,9,5,4200,SEA@CIN,CIN,SEA,,,,,,DEF
94704-11512,TE,Jimmy,Jimmy Graham,Graham,3.6500000953674316,2,4200,NO@HOU,NO,HOU,,,,,,TE/FLEX
94704-131328,RB,Zach,Zach Evans,Evans,,,4200,ARI@LAR,LAR,ARI,,,,,,RB/FLEX
94704-149832,TE,Shane,Shane Zylstra,Zylstra,4.4375,8,4200,DET@TB,DET,TB,IR,Knee,,,,TE/FLEX
94704-93531,WR,Antoine,Antoine Green,Green,0.699999988079071,1,4200,DET@TB,DET,TB,,,,,,WR/FLEX
94704-56711,TE,Drew,Drew Sample,Sample,0.800000011920929,2,4200,SEA@CIN,CIN,SEA,,,,,,TE/FLEX
94704-138643,WR,Jason,Jason Brownlee,Brownlee,,,4200,PHI@NYJ,NYJ,PHI,,,,,,WR/FLEX
94704-73130,RB,Chris,Chris Evans,Evans,1.600000023841858,1,4200,SEA@CIN,CIN,SEA,,,,,,RB/FLEX
94704-40371,TE,Johnny,Johnny Mundt,Mundt,1.600000023841858,1,4200,MIN@CHI,MIN,CHI,,,,,,TE/FLEX
94704-34295,WR,Breshad,Breshad Perriman,Perriman,2.3499999046325684,8,4200,IND@JAC,IND,JAC,,,,,,WR/FLEX
94704-114180,WR,David,David Bell,Bell,2.0999999046325684,2,4200,SF@CLE,CLE,SF,,,,,,WR/FLEX
94704-73247,RB,Kene,Kene Nwangwu,Nwangwu,0.8076923076923077,13,4200,MIN@CHI,MIN,CHI,IR,Back,,,,RB/FLEX
94704-60977,RB,Ty'Son,Ty'Son Williams,Williams,1,1,4200,ARI@LAR,ARI,LAR,,,,,,RB/FLEX
94704-86646,RB,Trey,Trey Sermon,Sermon,1.649999976158142,2,4200,IND@JAC,IND,JAC,,,,,,RB/FLEX
94704-61072,WR,Stanley,Stanley Morgan,Morgan,0,1,4200,SEA@CIN,CIN,SEA,,,,,,WR/FLEX
94704-55970,RB,Royce,Royce Freeman,Freeman,4,4,4200,ARI@LAR,LAR,ARI,,,,,,RB/FLEX
94704-71351,TE,Charlie,Charlie Woerner,Woerner,0,2,4200,SF@CLE,SF,CLE,,,,,,TE/FLEX
94704-89785,RB,Spencer,Spencer Brown,Brown,3.1500000953674316,2,4200,CAR@MIA,CAR,MIA,,,,,,RB/FLEX
94704-58041,RB,Mike,Mike Boone,Boone,1.2333333492279053,3,4200,NO@HOU,HOU,NO,,,,,,RB/FLEX
94704-92859,WR,Jalen,Jalen Nailor,Nailor,5.679999923706054,5,4200,MIN@CHI,MIN,CHI,IR,Hamstring,,,,WR/FLEX
94704-65231,RB,Adam,Adam Prentice,Prentice,-0.5,1,4200,NO@HOU,NO,HOU,IR,Knee,,,,RB/FLEX
94704-72427,WR,Kwamie,Kwamie Lassiter II,Lassiter II,0.699999988079071,1,4200,SEA@CIN,CIN,SEA,,,,,,WR/FLEX
94704-87815,TE,Jeremy,Jeremy Ruckert,Ruckert,2.1500000953674316,2,4200,PHI@NYJ,NYJ,PHI,,,,,,TE/FLEX
94704-69383,WR,Dezmon,Dezmon Patmon,Patmon,3.4000000953674316,1,4200,CAR@MIA,CAR,MIA,,,,,,WR/FLEX
94704-103252,RB,Zonovan,Zonovan Knight,Knight,1.2999999523162842,2,4200,DET@TB,DET,TB,IR,Shoulder,,,,RB/FLEX
94704-136031,WR,Rakim,Rakim Jarrett,Jarrett,0.6666666666666666,3,4200,DET@TB,TB,DET,,,,,,WR/FLEX
94704-119653,WR,Kayshon,Kayshon Boutte,Boutte,0,1,4200,NE@LV,NE,LV,,,,,,WR/FLEX
94704-70501,RB,C.J.,C.J. Ham,Ham,1.4500000476837158,2,4200,MIN@CHI,MIN,CHI,,,,,,RB/FLEX
94704-94116,TE,Will,Will Mallory,Mallory,5.900000095367432,1,4200,IND@JAC,IND,JAC,,,,,,TE/FLEX
94704-69558,WR,Greg,Greg Dortch,Dortch,0,5,4200,ARI@LAR,ARI,LAR,,,,,,WR/FLEX
94704-56248,WR,Noah,Noah Brown,Brown,3.4000000953674316,1,4200,NO@HOU,HOU,NO,,,,,,WR/FLEX
94704-43973,RB,Keith,Keith Smith,Smith,3.299999952316284,1,4200,WAS@ATL,ATL,WAS,,,,,,RB/FLEX
94704-57338,TE,Jordan,Jordan Akins,Akins,1.1666666666666667,3,4200,SF@CLE,CLE,SF,,,,,,TE/FLEX
94704-72772,RB,Avery,Avery Williams,Williams,1.6176470588235294,17,4100,WAS@ATL,ATL,WAS,IR,Knee - acl,,,,RB/FLEX
94704-65607,TE,Jacob,Jacob Harris,Harris,1.100000023841858,1,4100,IND@JAC,JAC,IND,,,,,,TE/FLEX
94704-87112,WR,Josh,Josh Ali,Ali,0,1,4100,WAS@ATL,ATL,WAS,IR,Ankle,,,,WR/FLEX
94704-87127,RB,Chris,Chris Rodriguez Jr.,Rodriguez Jr.,0.3499999940395355,2,4100,WAS@ATL,WAS,ATL,,,,,,RB/FLEX
94704-86113,WR,Ihmir,Ihmir Smith-Marsette,Smith-Marsette,0,5,4100,CAR@MIA,CAR,MIA,,,,,,WR/FLEX
94704-46177,TE,David,David Wells,Wells,0,1,4100,DET@TB,TB,DET,,,,,,TE/FLEX
94704-79974,RB,Tarik,Tarik Cohen,Cohen,,,4100,CAR@MIA,CAR,MIA,,,,,,RB/FLEX
94704-79998,WR,Keelan,Keelan Cole Sr.,Cole Sr.,2.281818216497248,11,4100,NE@LV,LV,NE,,,,,,WR/FLEX
94704-58499,TE,Parker,Parker Hesse,Hesse,1.4888888465033636,9,4100,WAS@ATL,ATL,WAS,O,Undisclosed,,,,TE/FLEX
94704-89220,WR,Tyquan,Tyquan Thornton,Thornton,4.608333269755046,12,4100,NE@LV,NE,LV,Q,Shoulder,,,,WR/FLEX
94704-54426,TE,Andrew,Andrew Beck,Beck,2.066666603088379,3,4100,NO@HOU,HOU,NO,,,,,,TE/FLEX
94704-28827,RB,Dare,Dare Ogunbowale,Ogunbowale,0.4000000059604645,1,4100,NO@HOU,HOU,NO,NA,Coach's decision,,,,RB/FLEX
94704-65724,RB,JaMycal,JaMycal Hasty,Hasty,0,1,4100,IND@JAC,JAC,IND,NA,Coach's decision,,,,RB/FLEX
94704-70859,TE,Albert,Albert Okwuegbunam,Okwuegbunam,3.4166666666666665,6,4100,PHI@NYJ,PHI,NYJ,,,,,,TE/FLEX
94704-93391,TE,Payne,Payne Durham,Durham,,,4100,DET@TB,TB,DET,,,,,,TE/FLEX
94704-12525,D,Atlanta,Atlanta Falcons,Falcons,4,5,4100,WAS@ATL,ATL,WAS,,,,,,DEF
94704-12538,D,Los Angeles,Los Angeles Rams,Rams,3.6,5,4100,ARI@LAR,LAR,ARI,,,,,,DEF
94704-137516,WR,Parker,Parker Washington,Washington,0,1,4100,IND@JAC,JAC,IND,IR,Knee,,,,WR/FLEX
94704-102729,RB,Snoop,Snoop Conner,Conner,2.0399999618530273,5,4100,IND@JAC,JAC,IND,,,,,,RB/FLEX
94704-63839,TE,Tyler,Tyler Mabry,Mabry,7.199999809265137,1,4100,SEA@CIN,SEA,CIN,,,,,,TE/FLEX
94704-64864,TE,Noah,Noah Togiai,Togiai,0,1,4100,NE@LV,LV,NE,,,,,,TE/FLEX
94704-91488,RB,Chris,Chris Brooks,Brooks,6.599999904632568,1,4100,CAR@MIA,MIA,CAR,,,,,,RB/FLEX
94704-39286,TE,O.J.,O.J. Howard,Howard,2.8636363636363638,11,4100,NE@LV,LV,NE,,,,,,TE/FLEX
94704-110978,RB,Evan,Evan Hull,Hull,1.2000000476837158,1,4100,IND@JAC,IND,JAC,IR,Knee,,,,RB/FLEX
94704-87432,WR,Cedric,Cedric Tillman,Tillman,1,1,4100,SF@CLE,CLE,SF,NA,Hip,,,,WR/FLEX
94704-64907,WR,J.J.,J.J. Arcega-Whiteside,Arcega-Whiteside,,,4100,WAS@ATL,ATL,WAS,,,,,,WR/FLEX
94704-90522,TE,Cameron,Cameron Latu,Latu,,,4100,SF@CLE,SF,CLE,IR,Knee - meniscus,,,,TE/FLEX
94704-80294,TE,Anthony,Anthony Firkser,Firkser,1.8125,8,4100,DET@TB,DET,TB,,,,,,TE/FLEX
94704-87469,TE,Jelani,Jelani Woods,Woods,5.141666730244954,12,4100,IND@JAC,IND,JAC,IR,Hamstring,,,,TE/FLEX
94704-92590,RB,Raheem,Raheem Blackshear,Blackshear,2.923076923076923,13,4100,CAR@MIA,CAR,MIA,,,,,,RB/FLEX
94704-26038,TE,Tyler,Tyler Kroft,Kroft,1.9249999523162842,4,4100,CAR@MIA,MIA,CAR,NA,Coach's decision,,,,TE/FLEX
94704-103896,WR,Nsimba,Nsimba Webster,Webster,2.4000000953674316,1,4100,MIN@CHI,CHI,MIN,,,,,,WR/FLEX
94704-14820,RB,Nick,Nick Bellore,Bellore,0.30000001192092896,1,4100,SEA@CIN,SEA,CIN,,,,,,RB/FLEX
94704-72182,WR,Dee,Dee Eskridge,Eskridge,1.144444465637207,9,4100,SEA@CIN,SEA,CIN,IR,Suspension,,,,WR/FLEX
94704-185850,TE,Julian,Julian Hill,Hill,0,1,4100,CAR@MIA,MIA,CAR,,,,,,TE/FLEX
94704-60930,RB,Myles,Myles Gaskin,Gaskin,3.700000047683716,2,4100,MIN@CHI,MIN,CHI,,,,,,RB/FLEX
94704-39428,RB,Kyle,Kyle Juszczyk,Juszczyk,4.033333460489909,3,4100,SF@CLE,SF,CLE,,,,,,RB/FLEX
94704-86543,WR,Erik,Erik Ezukanma,Ezukanma,1.100000023841858,2,4100,CAR@MIA,MIA,CAR,IR,Neck,,,,WR/FLEX
94704-6672,TE,Marcedes,Marcedes Lewis,Lewis,1.2999999523162842,1,4100,MIN@CHI,CHI,MIN,,,,,,TE/FLEX
94704-88607,WR,Braylon,Braylon Sanders,Sanders,0.3499999940395355,2,4100,CAR@MIA,MIA,CAR,,,,,,WR/FLEX
94704-150090,WR,Cade,Cade Johnson,Johnson,2.8333333333333335,3,4100,SEA@CIN,SEA,CIN,,,,,,WR/FLEX
94704-88685,WR,Austin,Austin Trammell,Trammell,0,2,4100,ARI@LAR,LAR,ARI,,,,,,WR/FLEX
94704-61060,RB,Devine,Devine Ozigbo,Ozigbo,0.40000001589457196,3,4100,DET@TB,DET,TB,,,,,,RB/FLEX
94704-70282,WR,Demetric,Demetric Felton,Felton,0.27999999523162844,5,4100,SEA@CIN,CIN,SEA,,,,,,WR/FLEX
94704-64147,WR,Britain,Britain Covey,Covey,0,5,4100,PHI@NYJ,PHI,NYJ,,,,,,WR/FLEX
94704-110230,RB,Kenny,Kenny McIntosh,McIntosh,,,4100,SEA@CIN,SEA,CIN,IR,Knee,,,,RB/FLEX
94704-69276,WR,Bryan,Bryan Edwards,Edwards,0.75,4,4100,NO@HOU,NO,HOU,,,,,,WR/FLEX
94704-65182,TE,Mitchell,Mitchell Wilcox,Wilcox,1.600000023841858,2,4100,SEA@CIN,CIN,SEA,,,,,,TE/FLEX
94704-52897,RB,Darrel,Darrel Williams,Williams,3.8200000762939452,5,4100,NO@HOU,NO,HOU,,,,,,RB/FLEX
94704-88752,WR,Charlie,Charlie Jones,Jones,2.366666634877523,3,4100,SEA@CIN,CIN,SEA,IR,Thumb,,,,WR/FLEX
94704-72370,RB,J.J.,J.J. Taylor,Taylor,2.200000047683716,1,4100,NE@LV,NE,LV,,,,,,RB/FLEX
94704-30403,WR,Chris,Chris Conley,Conley,1.649999976158142,4,4100,SF@CLE,SF,CLE,,,,,,WR/FLEX
94704-53967,RB,Nick,Nick Bawden,Bawden,6.099999904632568,1,4100,PHI@NYJ,NYJ,PHI,Q,Calf,,,,RB/FLEX
94704-94936,RB,Larry,Larry Rountree III,Rountree III,2.1500000953674316,2,4100,NO@HOU,HOU,NO,,,,,,RB/FLEX
94704-104297,WR,Jason,Jason Moore,Moore,1,1,4100,DET@TB,DET,TB,,,,,,WR/FLEX
94704-89970,WR,Amari,Amari Rodgers,Rodgers,2.0733333587646485,15,4100,IND@JAC,IND,JAC,,,,,,WR/FLEX
94704-93075,TE,Hunter,Hunter Long,Long,0,1,4100,ARI@LAR,LAR,ARI,IR,Thigh,,,,TE/FLEX
94704-64403,WR,Irvin,Irvin Charles,Charles,,,4100,PHI@NYJ,NYJ,PHI,,,,,,WR/FLEX
94704-104388,WR,Tom,Tom Kennedy,Kennedy,3.0166667302449546,6,4100,DET@TB,DET,TB,Q,Arm,,,,WR/FLEX
94704-65477,TE,Giovanni,Giovanni Ricci,Ricci,0.699999988079071,1,4100,CAR@MIA,CAR,MIA,NA,Shoulder,,,,TE/FLEX
94704-56289,RB,Jason,Jason Cabinda,Cabinda,0,1,4100,DET@TB,DET,TB,IR,Knee,,,,RB/FLEX
94704-85986,TE,James,James Mitchell,Mitchell,2.8499999046325684,8,4100,DET@TB,DET,TB,O,Hamstring,,,,TE/FLEX
94704-119788,WR,Xavier,Xavier Hutchinson,Hutchinson,0.699999988079071,2,4100,NO@HOU,HOU,NO,,,,,,WR/FLEX
94704-63479,RB,John,John Kelly Jr.,Kelly Jr.,,,4100,SF@CLE,CLE,SF,,,,,,RB/FLEX
94704-193538,RB,Aaron,Aaron Dykes,Dykes,,,4000,MIN@CHI,MIN,CHI,,,,,,RB/FLEX
94704-92166,WR,Marcus,Marcus Jones,Jones,0,1,4000,NE@LV,NE,LV,IR,Shoulder,,,,WR/FLEX
94704-110603,RB,Titus,Titus Swen,Swen,,,4000,IND@JAC,IND,JAC,,,,,,RB/FLEX
94704-40977,TE,Ricky,Ricky Seals-Jones,Seals-Jones,,,4000,IND@JAC,IND,JAC,Q,Foot,,,,TE/FLEX
94704-69655,TE,Stephen,Stephen Sullivan,Sullivan,0.9333333174387614,6,4000,CAR@MIA,CAR,MIA,Q,Hip,,,,TE/FLEX
94704-28694,TE,Jesse,Jesse James,James,,,4000,NO@HOU,NO,HOU,,,,,,TE/FLEX
94704-110624,WR,C.J.,C.J. Johnson,Johnson,,,4000,SEA@CIN,SEA,CIN,,,,,,WR/FLEX
94704-56356,WR,Isaiah,Isaiah Ford,Ford,,,4000,MIN@CHI,CHI,MIN,Q,Undisclosed,,,,WR/FLEX
94704-133163,WR,Ra'Shaun,Ra'Shaun Henry,Henry,,,4000,SEA@CIN,SEA,CIN,Q,Undisclosed,,,,WR/FLEX
94704-63550,WR,Isaiah,Isaiah Zuber,Zuber,,,4000,NE@LV,LV,NE,Q,Undisclosed,,,,WR/FLEX
94704-64575,RB,Derrick,Derrick Gore,Gore,,,4000,WAS@ATL,WAS,ATL,,,,,,RB/FLEX
94704-59455,TE,Sammis,Sammis Reyes,Reyes,,,4000,IND@JAC,JAC,IND,IR,Concussion,,,,TE/FLEX
94704-174148,RB,Carlos,Carlos Washington Jr.,Washington Jr.,,,4000,WAS@ATL,ATL,WAS,,,,,,RB/FLEX
94704-91207,WR,Keytaon,Keytaon Thompson,Thompson,,,4000,DET@TB,DET,TB,,,,,,WR/FLEX
94704-165962,TE,Nikola,Nikola Kalinic,Kalinic,0,1,4000,ARI@LAR,LAR,ARI,,,,,,TE/FLEX
94704-27721,WR,Justin,Justin Hardee Sr.,Hardee Sr.,0,1,4000,PHI@NYJ,NYJ,PHI,IR,Hamstring,,,,WR/FLEX
94704-68686,WR,C.J.,C.J. Saunders,Saunders,,,4000,WAS@ATL,ATL,WAS,,,,,,WR/FLEX
94704-87122,WR,Lynn,Lynn Bowden Jr.,Bowden Jr.,0,1,4000,NO@HOU,NO,HOU,,,,,,WR/FLEX
94704-63576,WR,Kirk,Kirk Merritt,Merritt,,,4000,NO@HOU,NO,HOU,,,,,,WR/FLEX
94704-65627,WR,Maurice,Maurice Alexander,Alexander,0.40000001589457196,3,4000,DET@TB,DET,TB,,,,,,WR/FLEX
94704-24671,WR,Adam,Adam Humphries,Humphries,,,4000,NO@HOU,HOU,NO,,,,,,WR/FLEX
94704-92256,WR,Malik,Malik Knowles,Knowles,,,4000,MIN@CHI,MIN,CHI,IR,Undisclosed,,,,WR/FLEX
94704-68712,WR,Tyler,Tyler Johnson,Johnson,,,4000,ARI@LAR,LAR,ARI,,,,,,WR/FLEX
94704-94314,RB,Camerun,Camerun Peoples,Peoples,,,4000,CAR@MIA,CAR,MIA,,,,,,RB/FLEX
94704-86125,WR,Brandon,Brandon Smith,Smith,,,4000,ARI@LAR,ARI,LAR,,,,,,WR/FLEX
94704-79982,RB,Alex,Alex Armah,Armah,,,4000,WAS@ATL,WAS,ATL,,,,,,RB/FLEX
94704-79987,WR,David,David Moore,Moore,,,4000,DET@TB,TB,DET,,,,,,WR/FLEX
94704-64627,WR,Scotty,Scotty Washington,Washington,,,4000,NE@LV,NE,LV,,,,,,WR/FLEX
94704-63603,WR,Jared,Jared Pinkney,Pinkney,,,4000,MIN@CHI,CHI,MIN,Q,Undisclosed,,,,WR/FLEX
94704-55414,WR,Cody,Cody Thompson,Thompson,1.5,1,4000,SEA@CIN,SEA,CIN,,,,,,WR/FLEX
94704-64634,WR,Alex,Alex Bachman,Bachman,,,4000,NO@HOU,HOU,NO,Q,Oblique,,,,WR/FLEX
94704-89214,RB,Abram,Abram Smith,Smith,,,4000,MIN@CHI,MIN,CHI,,,,,,RB/FLEX
94704-71806,TE,Kaden,Kaden Smith,Smith,,,4000,WAS@ATL,WAS,ATL,IR,Undisclosed,,,,TE/FLEX
94704-84101,WR,Vyncint,Vyncint Smith,Smith,,,4000,IND@JAC,IND,JAC,,,,,,WR/FLEX
94704-95370,TE,Ryan,Ryan Miller,Miller,,,4000,DET@TB,TB,DET,,,,,,TE/FLEX
94704-71821,WR,Joe,Joe Reed,Reed,,,4000,MIN@CHI,CHI,MIN,IR,Undisclosed,,,,WR/FLEX
94704-83086,WR,Daurice,Daurice Fountain,Fountain,,,4000,DET@TB,DET,TB,,,,,,WR/FLEX
94704-94363,WR,Elijah,Elijah Cooks,Cooks,,,4000,IND@JAC,JAC,IND,,,,,,WR/FLEX
94704-72863,TE,Armani,Armani Rogers,Rogers,2.3,5,4000,WAS@ATL,WAS,ATL,IR,Achilles,,,,TE/FLEX
94704-89249,RB,Khalan,Khalan Laborn,Laborn,,,4000,SF@CLE,SF,CLE,,,,,,RB/FLEX
94704-86178,TE,Dominique,Dominique Dafney,Dafney,,,4000,DET@TB,TB,DET,Q,Undisclosed,,,,TE/FLEX
94704-92331,TE,Johnny,Johnny Lumpkin,Lumpkin,,,4000,IND@JAC,IND,JAC,,,,,,TE/FLEX
94704-89265,TE,Camren,Camren McDonald,McDonald,,,4000,ARI@LAR,LAR,ARI,,,,,,TE/FLEX
94704-105648,RB,Tyler,Tyler Goodson,Goodson,,,4000,IND@JAC,IND,JAC,,,,,,RB/FLEX
94704-86192,WR,KJ,KJ Hamler,Hamler,3.7166665395100913,6,4000,IND@JAC,IND,JAC,,,,,,WR/FLEX
94704-52409,RB,Jakob,Jakob Johnson,Johnson,1.7000000476837158,1,4000,NE@LV,LV,NE,,,,,,RB/FLEX
94704-151737,TE,E.J.,E.J. Jenkins,Jenkins,,,4000,PHI@NYJ,NYJ,PHI,,,,,,TE/FLEX
94704-86205,WR,Mac,Mac Hippenhammer,Hippenhammer,,,4000,SEA@CIN,CIN,SEA,,,,,,WR/FLEX
94704-65737,TE,Sam,Sam Tecklenburg,Tecklenburg,,,4000,CAR@MIA,CAR,MIA,,,,,,TE/FLEX
94704-149710,WR,Mike,Mike Strachan,Strachan,1.4800000190734863,5,4000,CAR@MIA,CAR,MIA,,,,,,WR/FLEX
94704-170188,TE,Tanner,Tanner Conner,Conner,0,2,4000,CAR@MIA,MIA,CAR,,,,,,TE/FLEX
94704-167117,WR,Tyler,Tyler Hudson,Hudson,,,4000,ARI@LAR,LAR,ARI,,,,,,WR/FLEX
94704-70868,RB,Damarea,Damarea Crockett,Crockett,,,4000,PHI@NYJ,NYJ,PHI,,,,,,RB/FLEX
94704-149727,TE,Bernhard,Bernhard Seikovits,Seikovits,,,4000,ARI@LAR,ARI,LAR,,,,,,TE/FLEX
94704-137439,WR,Zion,Zion Bowens,Bowens,,,4000,WAS@ATL,WAS,ATL,,,,,,WR/FLEX
94704-57565,RB,Austin,Austin Walter,Walter,,,4000,NE@LV,LV,NE,IR,Undisclosed,,,,RB/FLEX
94704-95455,WR,D.J.,D.J. Montgomery,Montgomery,,,4000,IND@JAC,IND,JAC,,,,,,WR/FLEX
94704-91358,WR,Oliver,Oliver Martin,Martin,,,4000,IND@JAC,JAC,IND,,,,,,WR/FLEX
94704-86238,TE,Zack,Zack Kuntz,Kuntz,,,4000,PHI@NYJ,NYJ,PHI,,,,,,TE/FLEX
94704-170208,WR,Kaden,Kaden Davis,Davis,,,4000,ARI@LAR,ARI,LAR,,,,,,WR/FLEX
94704-130275,WR,Kristian,Kristian Wilkerson,Wilkerson,,,4000,NE@LV,LV,NE,,,,,,WR/FLEX
94704-68835,RB,CJ,CJ Marable,Marable,,,4000,NE@LV,NE,LV,,,,,,RB/FLEX
94704-70889,RB,Benny,Benny Snell Jr.,Snell Jr.,2.9500001271565757,6,4000,DET@TB,DET,TB,,,,,,RB/FLEX
94704-92395,RB,Chris,Chris Smith,Smith,,,4000,SEA@CIN,SEA,CIN,,,,,,RB/FLEX
94704-91373,TE,Joel,Joel Honigford,Honigford,,,4000,ARI@LAR,ARI,LAR,,,,,,TE/FLEX
94704-86254,TE,Leonard,Leonard Taylor,Taylor,,,4000,IND@JAC,JAC,IND,IR,Undisclosed,,,,TE/FLEX
94704-52463,TE,Daniel,Daniel Helm,Helm,,,4000,DET@TB,DET,TB,,,,,,TE/FLEX
94704-90353,WR,Jesse,Jesse Matthews,Matthews,,,4000,NO@HOU,HOU,NO,IR,Knee - acl,,,,WR/FLEX
94704-94453,RB,Darwin,Darwin Thompson,Thompson,,,4000,NE@LV,LV,NE,,,,,,RB/FLEX
94704-88313,WR,Brian,Brian Cobbs,Cobbs,,,4000,ARI@LAR,ARI,LAR,,,,,,WR/FLEX
94704-12540,D,Minnesota,Minnesota Vikings,Vikings,5.6,5,4000,MIN@CHI,MIN,CHI,,,,,,DEF
94704-61693,TE,Danny,Danny Pinter,Pinter,,,4000,IND@JAC,IND,JAC,IR,Ankle,,,,TE/FLEX
94704-71935,WR,Kendric,Kendric Pryor,Pryor,,,4000,SEA@CIN,CIN,SEA,,,,,,WR/FLEX
94704-115971,WR,Shaq,Shaq Davis,Davis,,,4000,NO@HOU,NO,HOU,O,Undisclosed,,,,WR/FLEX
94704-12552,D,Washington,Washington Commanders,Commanders,4.6,5,4000,WAS@ATL,WAS,ATL,,,,,,DEF
94704-191760,RB,Toriano,Toriano Clinton,Clinton,,,4000,IND@JAC,IND,JAC,,,,,,RB/FLEX
94704-185627,WR,Jalen,Jalen Sample,Sample,,,4000,WAS@ATL,WAS,ATL,,,,,,WR/FLEX
94704-68901,RB,Gerrid,Gerrid Doaks,Doaks,,,4000,NO@HOU,HOU,NO,,,,,,RB/FLEX
94704-185639,WR,Keilahn,Keilahn Harris,Harris,,,4000,WAS@ATL,ATL,WAS,,,,,,WR/FLEX
94704-90408,WR,Dax,Dax Milne,Milne,0.8466666539510092,15,4000,WAS@ATL,WAS,ATL,IR,Groin,,,,WR/FLEX
94704-185646,WR,Zay,Zay Malone,Malone,,,4000,WAS@ATL,ATL,WAS,,,,,,WR/FLEX
94704-130350,WR,Jaylon,Jaylon Moore,Moore,,,4000,IND@JAC,JAC,IND,IR,Undisclosed,,,,WR/FLEX
94704-53562,RB,Nick,Nick Chubb,Chubb,10.550000190734863,2,4000,SF@CLE,CLE,SF,IR,Knee - acl + mcl,,,,RB/FLEX
94704-45371,WR,Darius,Darius Phillips,Phillips,,,4000,DET@TB,DET,TB,,,,,,WR/FLEX
94704-185660,WR,Malik,Malik Flowers,Flowers,,,4000,NE@LV,LV,NE,,,,,,WR/FLEX
94704-86341,RB,Xazavian,Xazavian Valladay,Valladay,,,4000,PHI@NYJ,NYJ,PHI,,,,,,RB/FLEX
94704-56648,RB,Jeremy,Jeremy McNichols,McNichols,,,4000,SF@CLE,SF,CLE,,,,,,RB/FLEX
94704-91467,TE,Jake,Jake Tonges,Tonges,0,1,4000,SF@CLE,SF,CLE,,,,,,TE/FLEX
94704-73046,WR,Tre,Tre Nixon,Nixon,,,4000,NE@LV,NE,LV,IR,Shoulder,,,,WR/FLEX
94704-90458,RB,Troy,Troy Hairston,Hairston,0.6285714421953473,7,4000,NO@HOU,HOU,NO,IR,Back,,,,RB/FLEX
94704-88421,WR,Daewood,Daewood Davis,Davis,,,4000,CAR@MIA,MIA,CAR,Q,Concussion,,,,WR/FLEX
94704-25957,TE,J.P.,J.P. Holtz,Holtz,,,4000,NO@HOU,NO,HOU,,,,,,TE/FLEX
94704-153957,TE,Zaire,Zaire Mitchell-Paden,Mitchell-Paden,,,4000,SF@CLE,CLE,SF,,,,,,TE/FLEX
94704-102762,RB,Kevin,Kevin Harris,Harris,2.2399999618530275,5,4000,NE@LV,NE,LV,,,,,,RB/FLEX
94704-68975,TE,Josh,Josh Pederson,Pederson,,,4000,IND@JAC,JAC,IND,,,,,,TE/FLEX
94704-88433,RB,Travis,Travis Dye,Dye,,,4000,PHI@NYJ,NYJ,PHI,,,,,,RB/FLEX
94704-91504,WR,Blake,Blake Proehl,Proehl,,,4000,MIN@CHI,MIN,CHI,,,,,,WR/FLEX
94704-90483,TE,Bernhard,Bernhard Raimann,Raimann,,,4000,IND@JAC,IND,JAC,,,,,,TE/FLEX
94704-60791,TE,Tommy,Tommy Hudson,Hudson,,,4000,NO@HOU,NO,HOU,,,,,,TE/FLEX
94704-38264,WR,Demarcus,Demarcus Robinson,Robinson,5.3941174675436585,17,4000,ARI@LAR,LAR,ARI,,,,,,WR/FLEX
94704-56698,WR,Dante,Dante Pettis,Pettis,3.7133333841959635,15,4000,MIN@CHI,CHI,MIN,Q,Undisclosed,,,,WR/FLEX
94704-45439,WR,Corey,Corey Davis,Davis,6.276922959547776,13,4000,PHI@NYJ,NYJ,PHI,IR,Personal,,,,WR/FLEX
94704-73089,TE,Devin,Devin Asiasi,Asiasi,0.375,4,4000,SF@CLE,CLE,SF,,,,,,TE/FLEX
94704-185728,TE,Patrick,Patrick Murtagh,Murtagh,,,4000,DET@TB,DET,TB,,,,,,TE/FLEX
94704-156039,WR,Shae,Shae Wyatt,Wyatt,,,4000,SF@CLE,SF,CLE,,,,,,WR/FLEX
94704-93577,WR,Dazz,Dazz Newsome,Newsome,,,4000,SF@CLE,SF,CLE,,,,,,WR/FLEX
94704-185742,WR,Braxton,Braxton Westfield,Westfield,,,4000,IND@JAC,IND,JAC,,,,,,WR/FLEX
94704-88463,WR,Johnny,Johnny Johnson III,Johnson III,,,4000,NO@HOU,HOU,NO,,,,,,WR/FLEX
94704-94606,WR,Taye,Taye Barber,Barber,,,4000,DET@TB,TB,DET,,,,,,WR/FLEX
94704-185744,WR,Johnny,Johnny King,King,,,4000,PHI@NYJ,PHI,NYJ,,,,,,WR/FLEX
94704-90518,WR,Slade,Slade Bolden,Bolden,,,4000,WAS@ATL,ATL,WAS,,,,,,WR/FLEX
94704-43416,WR,Trent,Trent Taylor,Taylor,0,3,4000,MIN@CHI,CHI,MIN,,,,,,WR/FLEX
94704-93592,WR,Sam,Sam James,James,,,4000,ARI@LAR,LAR,ARI,,,,,,WR/FLEX
94704-70043,TE,Cole,Cole Fotheringham,Fotheringham,,,4000,NE@LV,LV,NE,,,,,,TE/FLEX
94704-185753,WR,T.J.,T.J. Luther,Luther,,,4000,NE@LV,NE,LV,,,,,,WR/FLEX
94704-96673,WR,Garett,Garett Maag,Maag,,,4000,MIN@CHI,MIN,CHI,,,,,,WR/FLEX
94704-94625,WR,Jalen,Jalen Reagor,Reagor,1.2722222010294597,18,4000,NE@LV,NE,LV,,,,,,WR/FLEX
94704-111012,WR,Kaylon,Kaylon Geiger Sr.,Geiger Sr.,,,4000,DET@TB,TB,DET,,,,,,WR/FLEX
94704-60838,WR,Andre,Andre Baccellia,Baccellia,1.6,5,4000,ARI@LAR,ARI,LAR,,,,,,WR/FLEX
94704-40365,WR,Devon,Devon Allen,Allen,0,1,4000,PHI@NYJ,PHI,NYJ,,,,,,WR/FLEX
94704-102831,TE,Davis,Davis Allen,Allen,,,4000,ARI@LAR,LAR,ARI,,,,,,TE/FLEX
94704-185777,TE,Damien,Damien Caffrey,Caffrey,,,4000,MIN@CHI,CHI,MIN,,,,,,TE/FLEX
94704-185782,WR,Thyrick,Thyrick Pitts,Pitts,,,4000,NE@LV,NE,LV,,,,,,WR/FLEX
94704-102836,WR,Joseph,Joseph Ngata,Ngata,,,4000,PHI@NYJ,PHI,NYJ,,,,,,WR/FLEX
94704-73147,TE,Nick,Nick Eubanks,Eubanks,,,4000,IND@JAC,IND,JAC,,,,,,TE/FLEX
94704-47551,TE,Mason,Mason Schreck,Schreck,0.800000011920929,2,4000,NO@HOU,HOU,NO,,,,,,TE/FLEX
94704-69056,WR,Mathew,Mathew Sexton,Sexton,,,4000,WAS@ATL,ATL,WAS,,,,,,WR/FLEX
94704-185792,WR,Tyler,Tyler Adams,Adams,,,4000,IND@JAC,IND,JAC,,,,,,WR/FLEX
94704-72133,WR,Antoine,Antoine Wesley,Wesley,,,4000,NE@LV,LV,NE,,,,,,WR/FLEX
94704-55748,WR,James,James Washington,Washington,0,1,4000,IND@JAC,IND,JAC,,,,,,WR/FLEX
94704-55750,WR,Chris,Chris Lacy,Lacy,,,4000,NE@LV,LV,NE,Q,Undisclosed,,,,WR/FLEX
94704-73161,TE,Chase,Chase Allen,Allen,,,4000,MIN@CHI,CHI,MIN,Q,Undisclosed,,,,TE/FLEX
94704-113096,WR,Xavier,Xavier Smith,Smith,,,4000,ARI@LAR,LAR,ARI,,,,,,WR/FLEX
94704-88525,WR,Kawaan,Kawaan Baker,Baker,,,4000,NO@HOU,NO,HOU,,,,,,WR/FLEX
94704-117201,WR,Isaiah,Isaiah Winstead,Winstead,,,4000,SF@CLE,SF,CLE,,,,,,WR/FLEX
94704-31184,RB,Jonathan,Jonathan Williams,Williams,2.8375000953674316,8,4000,WAS@ATL,WAS,ATL,Q,Undisclosed,,,,RB/FLEX
94704-136663,RB,DeWayne,DeWayne McBride,McBride,,,4000,MIN@CHI,MIN,CHI,,,,,,RB/FLEX
94704-41430,WR,Devin,Devin Ross,Ross,,,4000,NE@LV,LV,NE,,,,,,WR/FLEX
94704-88536,WR,Cephus,Cephus Johnson III,Johnson III,,,4000,DET@TB,TB,DET,,,,,,WR/FLEX
94704-185822,TE,Thomas,Thomas Greaney,Greaney,,,4000,SF@CLE,CLE,SF,,,,,,TE/FLEX
94704-103901,WR,Davion,Davion Davis,Davis,,,4000,ARI@LAR,ARI,LAR,,,,,,WR/FLEX
94704-103900,TE,Brandon,Brandon Dillon,Dillon,,,4000,WAS@ATL,WAS,ATL,IR,Undisclosed,,,,TE/FLEX
94704-91612,WR,Matt,Matt Landers,Landers,,,4000,CAR@MIA,CAR,MIA,,,,,,WR/FLEX
94704-63967,WR,Lucky,Lucky Jackson,Jackson,,,4000,MIN@CHI,MIN,CHI,,,,,,WR/FLEX
94704-185827,RB,Jacob,Jacob Saylors,Saylors,,,4000,SEA@CIN,CIN,SEA,,,,,,RB/FLEX
94704-88547,WR,Jalen,Jalen Wayne,Wayne,,,4000,SF@CLE,CLE,SF,,,,,,WR/FLEX
94704-91618,TE,John,John FitzPatrick,FitzPatrick,,,4000,WAS@ATL,ATL,WAS,NA,Coach's decision,,,,TE/FLEX
94704-112101,WR,Jared,Jared Wayne,Wayne,,,4000,NO@HOU,HOU,NO,,,,,,WR/FLEX
94704-40434,WR,Greg,Greg Ward,Ward,,,4000,PHI@NYJ,PHI,NYJ,,,,,,WR/FLEX
94704-89586,TE,Tucker,Tucker Fisk,Fisk,,,4000,WAS@ATL,ATL,WAS,,,,,,TE/FLEX
94704-70133,RB,Jake,Jake Funk,Funk,2.700000047683716,1,4000,CAR@MIA,MIA,CAR,,,,,,RB/FLEX
94704-103930,WR,Derek,Derek Wright,Wright,,,4000,CAR@MIA,CAR,MIA,,,,,,WR/FLEX
94704-41469,TE,Darrell,Darrell Daniels,Daniels,,,4000,DET@TB,DET,TB,,,,,,TE/FLEX
94704-128515,RB,Ellis,Ellis Merriweather,Merriweather,,,4000,NO@HOU,NO,HOU,,,,,,RB/FLEX
94704-92677,WR,Zavier,Zavier Scott,Scott,,,4000,IND@JAC,IND,JAC,,,,,,WR/FLEX
94704-90628,TE,Griffin,Griffin Hebert,Hebert,,,4000,SEA@CIN,SEA,CIN,,,,,,TE/FLEX
94704-103943,WR,Trinity,Trinity Benson,Benson,,,4000,DET@TB,DET,TB,,,,,,WR/FLEX
94704-62994,WR,Steven,Steven Sims Jr.,Sims Jr.,2.0333333015441895,12,4000,NO@HOU,HOU,NO,,,,,,WR/FLEX
94704-154139,RB,Clint,Clint Ratkovich,Ratkovich,,,4000,WAS@ATL,ATL,WAS,,,,,,RB/FLEX
94704-89627,WR,Brycen,Brycen Tremayne,Tremayne,,,4000,WAS@ATL,WAS,ATL,,,,,,WR/FLEX
94704-185887,RB,Ronnie,Ronnie Brown,Brown,,,4000,DET@TB,TB,DET,,,,,,RB/FLEX
94704-185884,WR,John,John Hall,Hall,,,4000,SEA@CIN,SEA,CIN,,,,,,WR/FLEX
94704-91679,WR,Josh,Josh Vann,Vann,,,4000,CAR@MIA,CAR,MIA,,,,,,WR/FLEX
94704-54817,WR,Diontae,Diontae Spencer,Spencer,,,4000,PHI@NYJ,NYJ,PHI,Q,Undisclosed,,,,WR/FLEX
94704-185889,TE,Tanner,Tanner Taula,Taula,,,4000,DET@TB,TB,DET,,,,,,TE/FLEX
94704-14895,TE,Patrick,Patrick Scales,Scales,,,4000,MIN@CHI,CHI,MIN,,,,,,TE/FLEX
94704-185907,RB,Zach,Zach Ojile,Ojile,,,4000,MIN@CHI,MIN,CHI,,,,,,RB/FLEX
94704-60981,TE,Charlie,Charlie Heck,Heck,,,4000,NO@HOU,HOU,NO,NA,Foot,,,,TE/FLEX
94704-60984,TE,Jake,Jake Bargas,Bargas,,,4000,NO@HOU,NO,HOU,,,,,,TE/FLEX
94704-71228,WR,Marquez,Marquez Stevenson,Stevenson,,,4000,CAR@MIA,CAR,MIA,,,,,,WR/FLEX
94704-70206,RB,Jason,Jason Huntley,Huntley,,,4000,IND@JAC,IND,JAC,,,,,,RB/FLEX
94704-30272,TE,Colin,Colin Thompson,Thompson,,,4000,MIN@CHI,MIN,CHI,,,,,,TE/FLEX
94704-87621,WR,A.T.,A.T. Perry,Perry,,,4000,NO@HOU,NO,HOU,NA,Coach's decision,,,,WR/FLEX
94704-86601,RB,SaRodorick,SaRodorick Thompson Jr.,Thompson Jr.,,,4000,SEA@CIN,SEA,CIN,,,,,,RB/FLEX
94704-104008,TE,Stephen,Stephen Carlson,Carlson,,,4000,MIN@CHI,CHI,MIN,,,,,,TE/FLEX
94704-102986,WR,Elijah,Elijah Higgins,Higgins,,,4000,ARI@LAR,ARI,LAR,Q,Illness,,,,WR/FLEX
94704-104012,WR,Ashton,Ashton Dulin,Dulin,5,7,4000,IND@JAC,IND,JAC,IR,Knee - acl,,,,WR/FLEX
94704-87634,TE,Blake,Blake Whiteheart,Whiteheart,,,4000,ARI@LAR,ARI,LAR,,,,,,TE/FLEX
94704-86612,TE,Brayden,Brayden Willis,Willis,,,4000,SF@CLE,SF,CLE,NA,Coach's decision,,,,TE/FLEX
94704-63061,WR,Gary,Gary Jennings,Jennings,,,4000,CAR@MIA,CAR,MIA,,,,,,WR/FLEX
94704-104025,RB,John,John Lovett,Lovett,,,4000,CAR@MIA,MIA,CAR,Q,Undisclosed,,,,RB/FLEX
94704-62042,WR,Deon,Deon Cain,Cain,,,4000,PHI@NYJ,PHI,NYJ,,,,,,WR/FLEX
94704-64097,TE,La'Michael,La'Michael Pettway,Pettway,,,4000,IND@JAC,IND,JAC,Q,Undisclosed,,,,TE/FLEX
94704-87657,WR,Seth,Seth Williams,Williams,,,4000,IND@JAC,JAC,IND,,,,,,WR/FLEX
94704-86635,WR,Charleston,Charleston Rambo,Rambo,,,4000,PHI@NYJ,PHI,NYJ,Q,Undisclosed,,,,WR/FLEX
94704-66155,TE,Michael,Michael Jacobson,Jacobson,,,4000,NO@HOU,NO,HOU,,,,,,TE/FLEX
94704-186991,WR,Jerome,Jerome Kapp,Kapp,,,4000,PHI@NYJ,NYJ,PHI,,,,,,WR/FLEX
94704-139884,TE,Jordan,Jordan Murray,Murray,,,4000,IND@JAC,IND,JAC,,,,,,TE/FLEX
94704-87662,WR,Anthony,Anthony Schwartz,Schwartz,2.7999998728434243,6,4000,SF@CLE,CLE,SF,Q,Hamstring,,,,WR/FLEX
94704-87668,WR,Shedrick,Shedrick Jackson,Jackson,,,4000,SEA@CIN,CIN,SEA,,,,,,WR/FLEX
94704-104054,RB,Sincere,Sincere McCormick,McCormick,,,4000,NE@LV,LV,NE,,,,,,RB/FLEX
94704-86657,RB,Kennedy,Kennedy Brooks,Brooks,,,4000,PHI@NYJ,PHI,NYJ,,,,,,RB/FLEX
94704-93824,WR,Easop,Easop Winston Jr.,Winston Jr.,,,4000,SEA@CIN,SEA,CIN,,,,,,WR/FLEX
94704-55941,RB,Patrick,Patrick Laird,Laird,,,4000,DET@TB,TB,DET,,,,,,RB/FLEX
94704-87690,TE,Sal,Sal Cannella,Cannella,,,4000,SEA@CIN,SEA,CIN,,,,,,TE/FLEX
94704-94864,RB,Jashaun,Jashaun Corbin,Corbin,,,4000,CAR@MIA,CAR,MIA,,,,,,RB/FLEX
94704-93845,WR,Tay,Tay Martin,Martin,,,4000,SF@CLE,SF,CLE,,,,,,WR/FLEX
94704-90778,TE,Derrick,Derrick Deese Jr.,Deese Jr.,,,4000,DET@TB,DET,TB,,,,,,TE/FLEX
94704-86682,TE,Grant,Grant Calcaterra,Calcaterra,2.1200000762939455,5,4000,PHI@NYJ,PHI,NYJ,,,,,,TE/FLEX
94704-93853,WR,Thayer,Thayer Thomas,Thomas,,,4000,MIN@CHI,MIN,CHI,,,,,,WR/FLEX
94704-87711,TE,John Samuel,John Samuel Shenker,Shenker,,,4000,NE@LV,LV,NE,,,,,,TE/FLEX
94704-80546,TE,Dan,Dan Arnold,Arnold,1.8,10,4000,PHI@NYJ,PHI,NYJ,,,,,,TE/FLEX
94704-52902,WR,Trey,Trey Quinn,Quinn,,,4000,DET@TB,DET,TB,,,,,,WR/FLEX
94704-104102,TE,Leroy,Leroy Watson IV,Watson IV,,,4000,SF@CLE,SF,CLE,,,,,,TE/FLEX
94704-91823,RB,Ronald,Ronald Awatt,Awatt,,,4000,SF@CLE,SF,CLE,,,,,,RB/FLEX
94704-103086,WR,Jadon,Jadon Haselwood,Haselwood,,,4000,PHI@NYJ,PHI,NYJ,,,,,,WR/FLEX
94704-7856,WR,Matthew,Matthew Slater,Slater,,,4000,NE@LV,NE,LV,,,,,,WR/FLEX
94704-87731,WR,Dominique,Dominique Robinson,Robinson,,,4000,MIN@CHI,CHI,MIN,,,,,,WR/FLEX
94704-85687,WR,Jontre,Jontre Kirklin,Kirklin,,,4000,NO@HOU,NO,HOU,,,,,,WR/FLEX
94704-69303,WR,Freddie,Freddie Swain,Swain,3.133333206176758,3,4000,CAR@MIA,MIA,CAR,,,,,,WR/FLEX
94704-69302,TE,Feleipe,Feleipe Franks,Franks,0,2,4000,WAS@ATL,ATL,WAS,IR,Undisclosed,,,,TE/FLEX
94704-71359,WR,Javon,Javon Wims,Wims,,,4000,CAR@MIA,CAR,MIA,,,,,,WR/FLEX
94704-71372,WR,Tyrie,Tyrie Cleveland,Cleveland,1.2666666507720947,3,4000,PHI@NYJ,PHI,NYJ,,,,,,WR/FLEX
94704-63189,TE,Hunter,Hunter Thedford,Thedford,,,4000,SF@CLE,CLE,SF,,,,,,TE/FLEX
94704-89817,WR,Austin,Austin Watkins Jr.,Watkins Jr.,,,4000,SF@CLE,CLE,SF,,,,,,WR/FLEX
94704-88793,RB,Stevie,Stevie Scott,Scott,,,4000,ARI@LAR,ARI,LAR,,,,,,RB/FLEX
94704-85720,WR,Jaray,Jaray Jenkins,Jenkins,,,4000,IND@JAC,JAC,IND,Q,Undisclosed,,,,WR/FLEX
94704-86747,WR,Dylan,Dylan Drummond,Drummond,,,4000,DET@TB,DET,TB,,,,,,WR/FLEX
94704-71386,TE,Jordan,Jordan Thomas,Thomas,,,4000,CAR@MIA,CAR,MIA,,,,,,TE/FLEX
94704-90844,TE,Christian,Christian Trahan,Trahan,,,4000,SEA@CIN,CIN,SEA,,,,,,TE/FLEX
94704-64221,TE,Zach,Zach Gentry,Gentry,1.6214286259242467,14,4000,SEA@CIN,CIN,SEA,,,,,,TE/FLEX
94704-147168,WR,Chris,Chris Blair,Blair,,,4000,WAS@ATL,ATL,WAS,,,,,,WR/FLEX
94704-85731,WR,Racey,Racey McMath,McMath,1.350000023841858,4,4000,IND@JAC,IND,JAC,,,,,,WR/FLEX
94704-90861,RB,Derek,Derek Parish,Parish,,,4000,IND@JAC,JAC,IND,,,,,,RB/FLEX
94704-64242,WR,Keke,Keke Coutee,Coutee,0.07142857142857142,7,4000,CAR@MIA,MIA,CAR,,,,,,WR/FLEX
94704-54007,TE,Jacob,Jacob Hollister,Hollister,,,4000,NE@LV,LV,NE,Q,Undisclosed,,,,TE/FLEX
94704-91897,WR,Ethan,Ethan Fernea,Fernea,,,4000,IND@JAC,IND,JAC,Q,Undisclosed,,,,WR/FLEX
94704-54010,RB,Brian,Brian Hill,Hill,,,4000,SF@CLE,SF,CLE,,,,,,RB/FLEX
94704-85759,TE,Curtis,Curtis Hodges,Hodges,,,4000,WAS@ATL,WAS,ATL,NA,Coach's decision,,,,TE/FLEX
94704-152320,RB,Tiyon,Tiyon Evans,Evans,,,4000,CAR@MIA,CAR,MIA,,,,,,RB/FLEX
94704-85762,RB,Eno,Eno Benjamin,Benjamin,5.93076911339393,13,4000,NO@HOU,NO,HOU,IR,Achilles,,,,RB/FLEX
94704-174853,WR,Kody,Kody Case,Case,,,4000,IND@JAC,IND,JAC,,,,,,WR/FLEX
94704-136970,WR,Danny,Danny Gray,Gray,0.48000001907348633,5,4000,SF@CLE,SF,CLE,IR,Shoulder - ac joint,,,,WR/FLEX
94704-91923,WR,Kazmeir,Kazmeir Allen,Allen,,,4000,WAS@ATL,WAS,ATL,,,,,,WR/FLEX
94704-114465,TE,Christian,Christian Sims,Sims,,,4000,ARI@LAR,LAR,ARI,,,,,,TE/FLEX
94704-71459,RB,Brittain,Brittain Brown,Brown,,,4000,NE@LV,LV,NE,IR,Undisclosed,,,,RB/FLEX
94704-87844,TE,Brady,Brady Russell,Russell,,,4000,SEA@CIN,SEA,CIN,,,,,,TE/FLEX
94704-40746,TE,Troy,Troy Fumagalli,Fumagalli,,,4000,MIN@CHI,MIN,CHI,,,,,,TE/FLEX
94704-86826,WR,Malachi,Malachi Carter,Carter,,,4000,SEA@CIN,CIN,SEA,,,,,,WR/FLEX
94704-72493,WR,Trishton,Trishton Jackson,Jackson,,,4000,MIN@CHI,MIN,CHI,,,,,,WR/FLEX
94704-55088,WR,Malik,Malik Turner,Turner,,,4000,IND@JAC,IND,JAC,,,,,,WR/FLEX
94704-86839,TE,Jack,Jack Coco,Coco,,,4000,ARI@LAR,ARI,LAR,,,,,,TE/FLEX
94704-174907,WR,Sy,Sy Barnett,Barnett,,,4000,NO@HOU,NO,HOU,,,,,,WR/FLEX
94704-92984,WR,Justin,Justin Marshall,Marshall,,,4000,SEA@CIN,SEA,CIN,,,,,,WR/FLEX
94704-91960,WR,Chris,Chris Coleman,Coleman,,,4000,CAR@MIA,MIA,CAR,,,,,,WR/FLEX
94704-158520,WR,Daylen,Daylen Baldwin,Baldwin,3.5,1,4000,SF@CLE,CLE,SF,Q,Hamstring,,,,WR/FLEX
94704-92990,RB,Hassan,Hassan Hall,Hall,,,4000,SF@CLE,CLE,SF,,,,,,RB/FLEX
94704-90952,WR,Kade,Kade Warner,Warner,,,4000,DET@TB,TB,DET,,,,,,WR/FLEX
94704-90955,WR,Tyjon,Tyjon Lindsey,Lindsey,,,4000,SEA@CIN,SEA,CIN,,,,,,WR/FLEX
94704-93002,RB,Calvin,Calvin Tyler Jr.,Tyler Jr.,,,4000,SEA@CIN,CIN,SEA,,,,,,RB/FLEX
94704-73551,WR,Stantley,Stantley Thomas-Oliver III,Thomas-Oliver III,,,4000,CAR@MIA,CAR,MIA,Q,Hamstring,,,,WR/FLEX
94704-56142,WR,Juwann,Juwann Winfree,Winfree,0.7333333492279053,3,4000,IND@JAC,IND,JAC,,,,,,WR/FLEX
94704-88915,RB,Bryant,Bryant Koback,Koback,,,4000,PHI@NYJ,PHI,NYJ,,,,,,RB/FLEX
94704-64339,WR,Auden,Auden Tate,Tate,,,4000,ARI@LAR,ARI,LAR,,,,,,WR/FLEX
94704-91989,RB,Jordan,Jordan Mims,Mims,,,4000,NO@HOU,NO,HOU,,,,,,RB/FLEX
94704-93016,RB,B.J.,B.J. Baylor,Baylor,,,4000,WAS@ATL,ATL,WAS,,,,,,RB/FLEX
94704-63321,TE,Rashod,Rashod Berry,Berry,,,4000,IND@JAC,IND,JAC,IR,Suspension,,,,TE/FLEX
94704-93023,RB,Jermar,Jermar Jefferson,Jefferson,,,4000,DET@TB,DET,TB,,,,,,RB/FLEX
94704-64350,WR,Jeff,Jeff Smith,Smith,2.4857142312186107,7,4000,ARI@LAR,ARI,LAR,,,,,,WR/FLEX
94704-104289,WR,Malik,Malik Taylor,Taylor,,,4000,PHI@NYJ,NYJ,PHI,,,,,,WR/FLEX
94704-66402,TE,Jack,Jack Driscoll,Driscoll,,,4000,PHI@NYJ,PHI,NYJ,,,,,,TE/FLEX
94704-169834,WR,Dareke,Dareke Young,Young,2.5,2,4000,SEA@CIN,SEA,CIN,IR,Groin,,,,WR/FLEX
94704-85881,RB,Mohamed,Mohamed Ibrahim,Ibrahim,,,4000,DET@TB,DET,TB,Q,Undisclosed,,,,RB/FLEX
94704-41867,RB,Jordan,Jordan Wilkins,Wilkins,2.924999952316284,4,4000,SF@CLE,CLE,SF,,,,,,RB/FLEX
94704-23435,TE,Andrew,Andrew DePaola,DePaola,,,4000,MIN@CHI,MIN,CHI,,,,,,TE/FLEX
94704-89997,WR,Michael,Michael Woods II,Woods II,1.0833333333333333,6,4000,SF@CLE,CLE,SF,IR,Achilles,,,,WR/FLEX
94704-45964,WR,Marcus,Marcus Kemp,Kemp,1.7999999523162842,1,4000,WAS@ATL,WAS,ATL,,,,,,WR/FLEX
94704-69516,TE,Miller,Miller Forristall,Forristall,0,1,4000,ARI@LAR,LAR,ARI,,,,,,TE/FLEX
94704-128912,WR,Mitchell,Mitchell Tinsley,Tinsley,,,4000,WAS@ATL,WAS,ATL,NA,Coach's decision,,,,WR/FLEX
94704-94099,RB,Robert,Robert Burns,Burns,,,4000,MIN@CHI,CHI,MIN,,,,,,RB/FLEX
94704-141201,WR,Raleigh,Raleigh Webb,Webb,,,4000,CAR@MIA,MIA,CAR,,,,,,WR/FLEX
94704-87961,RB,Wayne,Wayne Taulapapa,Taulapapa,,,4000,SEA@CIN,SEA,CIN,,,,,,RB/FLEX
94704-64408,TE,Nick,Nick Bowers,Bowers,,,4000,CAR@MIA,MIA,CAR,,,,,,TE/FLEX
94704-92056,TE,Cal,Cal Adomitis,Adomitis,,,4000,SEA@CIN,CIN,SEA,,,,,,TE/FLEX
94704-94118,WR,Mike,Mike Harley Jr.,Harley Jr.,,,4000,SF@CLE,CLE,SF,,,,,,WR/FLEX
94704-91055,WR,Kevin,Kevin Austin Jr.,Austin Jr.,,,4000,IND@JAC,JAC,IND,,,,,,WR/FLEX
94704-85944,WR,Kyric,Kyric McGowan,McGowan,,,4000,WAS@ATL,WAS,ATL,Q,Undisclosed,,,,WR/FLEX
94704-92093,WR,Jaelon,Jaelon Darden,Darden,0.2923076886397142,13,4000,SF@CLE,CLE,SF,,,,,,WR/FLEX
94704-187324,WR,Ed,Ed Lee,Lee,,,4000,NE@LV,NE,LV,,,,,,WR/FLEX
94704-32703,WR,Jakeem,Jakeem Grant Sr.,Grant Sr.,,,4000,SF@CLE,CLE,SF,IR,Kneecap,,,,WR/FLEX
94704-89029,TE,Chris,Chris Pierce Jr.,Pierce Jr.,,,4000,ARI@LAR,ARI,LAR,,,,,,TE/FLEX
94704-91082,WR,Avery,Avery Davis,Davis,,,4000,DET@TB,DET,TB,,,,,,WR/FLEX
94704-41936,WR,Anthony,Anthony Miller,Miller,,,4000,IND@JAC,IND,JAC,,,,,,WR/FLEX
94704-169937,WR,Lance,Lance McCutcheon,McCutcheon,0,2,4000,NO@HOU,HOU,NO,,,,,,WR/FLEX
94704-30678,WR,Damiere,Damiere Byrd,Byrd,3.7749999364217124,12,4000,CAR@MIA,CAR,MIA,Q,Hamstring,,,,WR/FLEX
94704-63447,WR,Penny,Penny Hart,Hart,1.1666666666666667,3,4000,WAS@ATL,ATL,WAS,Q,Concussion,,,,WR/FLEX
94704-72665,TE,Kenny,Kenny Yeboah,Yeboah,,,4000,PHI@NYJ,NYJ,PHI,IR,Hamstring,,,,TE/FLEX
94704-54239,TE,Matt,Matt Sokol,Sokol,,,4000,NE@LV,NE,LV,,,,,,TE/FLEX
94704-96224,TE,Lachlan,Lachlan Pitts,Pitts,,,4000,MIN@CHI,CHI,MIN,,,,,,TE/FLEX
94704-41954,WR,Victor,Victor Bolden,Bolden,,,4000,NO@HOU,HOU,NO,,,,,,WR/FLEX
94704-104421,TE,Jesper,Jesper Horsted,Horsted,1.7000000476837158,2,4000,NE@LV,LV,NE,,,,,,TE/FLEX
94704-85994,TE,Dalton,Dalton Keene,Keene,,,4000,NO@HOU,HOU,NO,,,,,,TE/FLEX
94704-71661,WR,Tino,Tino Ellis,Ellis,,,4000,CAR@MIA,MIA,CAR,Q,Undisclosed,,,,WR/FLEX
94704-71662,WR,DJ,DJ Turner,Turner,0.8666666348775228,3,4000,NE@LV,LV,NE,Q,Undisclosed,,,,WR/FLEX
94704-88056,WR,Stanley,Stanley Berryhill,Berryhill,,,4000,DET@TB,DET,TB,,,,,,WR/FLEX
94704-96254,TE,Nick,Nick Muse,Muse,,,4000,MIN@CHI,MIN,CHI,NA,Coach's decision,,,,TE/FLEX
94704-12550,D,Seattle,Seattle Seahawks,Seahawks,11.75,4,3900,SEA@CIN,SEA,CIN,,,,,,DEF
94704-12529,D,Cleveland,Cleveland Browns,Browns,8,4,3800,SF@CLE,CLE,SF,,,,,,DEF
94704-12535,D,Indianapolis,Indianapolis Colts,Colts,7.2,5,3700,IND@JAC,IND,JAC,,,,,,DEF
94704-12556,D,Houston,Houston Texans,Texans,7.2,5,3700,NO@HOU,HOU,NO,,,,,,DEF
94704-12541,D,New England,New England Patriots,Patriots,4.8,5,3600,NE@LV,NE,LV,,,,,,DEF
94704-12544,D,New York,New York Jets,Jets,9.8,5,3500,PHI@NYJ,NYJ,PHI,,,,,,DEF
94704-12551,D,Tampa Bay,Tampa Bay Buccaneers,Buccaneers,11,4,3400,DET@TB,TB,DET,,,,,,DEF
94704-12546,D,Arizona,Arizona Cardinals,Cardinals,5.8,5,3300,ARI@LAR,ARI,LAR,,,,,,DEF
94704-12527,D,Chicago,Chicago Bears,Bears,2.6,5,3200,MIN@CHI,CHI,MIN,,,,,,DEF
94704-12553,D,Carolina,Carolina Panthers,Panthers,4.4,5,3000,CAR@MIA,CAR,MIA,,,,,,DEF