Id,Position,First Name,Nickname,Last Name,FPPG,Played,Salary,Game,Team,Opponent,Injury Indicator,Injury Details,Tier,,,Roster Position
80480-89675,RB,Jonathan,Jonathan Taylor,Taylor,25.5,1,10000,IND@JAC,IND,JAC,,,,,,RB/FLEX
80480-79970,WR,Cooper,Cooper Kupp,Kupp,25.29999924,1,9700,ATL@LAR,LAR,ATL,,,,,,WR/FLEX
80480-85671,WR,Justin,Justin Jefferson,Jefferson,34.90000153,1,9200,MIN@PHI,MIN,PHI,,,,,,WR/FLEX
80480-39280,RB,Derrick,Derrick Henry,Henry,8.199999809,1,9000,TEN@BUF,TEN,BUF,,,,,,RB/FLEX
80480-62239,QB,Josh,Josh Allen,Allen,33.47999954,1,9000,TEN@BUF,BUF,TEN,,,,,,QB
80480-55050,RB,Christian,Christian McCaffrey,McCaffrey,13.69999981,1,9000,CAR@NYG,CAR,NYG,,,,,,RB/FLEX
80480-57439,QB,Patrick,Patrick Mahomes,Mahomes,34.90000153,1,8800,LAC@KC,KC,LAC,,,,,,QB
80480-45889,WR,Davante,Davante Adams,Adams,25.10000038,1,8800,ARI@LV,LV,ARI,,,,,,WR/FLEX
80480-64401,RB,Saquon,Saquon Barkley,Barkley,30.39999962,1,8800,CAR@NYG,NYG,CAR,,,,,,RB/FLEX
80480-80001,RB,Austin,Austin Ekeler,Ekeler,9.199999809,1,8700,LAC@KC,LAC,KC,,,,,,RB/FLEX
80480-85701,WR,Ja'Marr,Ja'Marr Chase,Chase,23.89999962,1,8700,CIN@DAL,CIN,DAL,,,,,,WR/FLEX
80480-53562,RB,Nick,Nick Chubb,Chubb,14.80000019,1,8500,NYJ@CLE,CLE,NYJ,,,,,,RB/FLEX
80480-63484,QB,Kyler,Kyler Murray,Murray,20.62000084,1,8500,ARI@LV,ARI,LV,,,,,,QB
80480-33076,TE,Travis,Travis Kelce,Kelce,22.10000038,1,8400,LAC@KC,KC,LAC,,,,,,TE/FLEX
80480-69189,QB,Justin,Justin Herbert,Herbert,23.26000023,1,8400,LAC@KC,LAC,KC,,,,,,QB
80480-52442,RB,Joe,Joe Mixon,Mixon,18,1,8300,CIN@DAL,CIN,DAL,,,,,,RB/FLEX
80480-32384,WR,Mike,Mike Evans,Evans,15.60000038,1,8300,TB@NO,TB,NO,Q,Calf,,,,WR/FLEX
80480-69531,QB,Jalen,Jalen Hurts,Hurts,24.71999931,1,8300,MIN@PHI,PHI,MIN,,,,,,QB
80480-91598,RB,D'Andre,D'Andre Swift,Swift,25,1,8200,WAS@DET,DET,WAS,Q,Ankle,,,,RB/FLEX
80480-63115,QB,Lamar,Lamar Jackson,Jackson,21.21999931,1,8200,MIA@BAL,BAL,MIA,,,,,,QB
80480-25079,WR,Stefon,Stefon Diggs,Diggs,22.20000076,1,8100,TEN@BUF,BUF,TEN,,,,,,WR/FLEX
80480-6498,QB,Tom,Tom Brady,Brady,11.38000011,1,8000,TB@NO,TB,NO,,,,,,QB
80480-53681,WR,Tyreek,Tyreek Hill,Hill,14,1,8000,MIA@BAL,MIA,BAL,,,,,,WR/FLEX
80480-56018,WR,Deebo,Deebo Samuel,Samuel,11.60000038,1,8000,SEA@SF,SF,SEA,,,,,,WR/FLEX
80480-72846,WR,A.J.,A.J. Brown,Brown,20.5,1,8000,MIN@PHI,PHI,MIN,,,,,,WR/FLEX
80480-54140,RB,Dalvin,Dalvin Cook,Cook,12.30000019,1,7900,MIN@PHI,MIN,PHI,,,,,,RB/FLEX
80480-63336,QB,Joe,Joe Burrow,Burrow,22.21999931,1,7900,CIN@DAL,CIN,DAL,,,,,,QB
80480-69213,WR,Michael,Michael Pittman Jr.,Pittman Jr.,22.60000038,1,7800,IND@JAC,IND,JAC,Q,Quadriceps,,,,WR/FLEX
80480-52922,RB,Leonard,Leonard Fournette,Fournette,14.69999981,1,7800,TB@NO,TB,NO,Q,Hamstring,,,,RB/FLEX
80480-86631,WR,CeeDee,CeeDee Lamb,Lamb,3.900000095,1,7700,CIN@DAL,DAL,CIN,,,,,,WR/FLEX
80480-31716,QB,Dak,Dak Prescott,Prescott,5.460000038,1,7700,CIN@DAL,DAL,CIN,O,Thumb,,,,QB
80480-6654,QB,Matthew,Matthew Stafford,Stafford,10.80000019,1,7600,ATL@LAR,LAR,ATL,,,,,,QB
80480-22038,QB,Kirk,Kirk Cousins,Cousins,19.07999992,1,7600,MIN@PHI,MIN,PHI,,,,,,QB
80480-40687,RB,James,James Conner,Conner,14,1,7600,ARI@LV,ARI,LV,,,,,,RB/FLEX
80480-30733,RB,Cordarrelle,Cordarrelle Patterson,Patterson,21.10000038,1,7500,ATL@LAR,ATL,LAR,,,,,,RB/FLEX
80480-149696,QB,Trey,Trey Lance,Lance,10.96000004,1,7500,SEA@SF,SF,SEA,,,,,,QB
80480-6894,QB,Aaron,Aaron Rodgers,Rodgers,4.699999809,1,7500,CHI@GB,GB,CHI,,,,,,QB
80480-54604,QB,Jimmy,Jimmy Garoppolo,Garoppolo,14.79999966,18,7500,SEA@SF,SF,SEA,,,,,,QB
80480-22015,QB,Russell,Russell Wilson,Wilson,17.79999924,1,7500,HOU@DEN,DEN,HOU,,,,,,QB
80480-86687,WR,Marquise,Marquise Brown,Brown,12.30000019,1,7400,ARI@LV,ARI,LV,,,,,,WR/FLEX
80480-70324,QB,Carson,Carson Wentz,Wentz,29.71999931,1,7400,WAS@DET,WAS,DET,,,,,,QB
80480-90933,RB,Antonio,Antonio Gibson,Gibson,16.5,1,7400,WAS@DET,WAS,DET,,,,,,RB/FLEX
80480-52436,TE,Mark,Mark Andrews,Andrews,7.699999809,1,7400,MIA@BAL,BAL,MIA,,,,,,TE/FLEX
80480-29253,WR,Keenan,Keenan Allen,Allen,8.600000381,1,7300,LAC@KC,LAC,KC,O,Hamstring,,,,WR/FLEX
80480-29358,QB,Marcus,Marcus Mariota,Mariota,19.79999924,1,7300,ATL@LAR,ATL,LAR,,,,,,QB
80480-45859,QB,Derek,Derek Carr,Carr,16.79999924,1,7300,ARI@LV,LV,ARI,,,,,,QB
80480-56250,WR,Terry,Terry McLaurin,McLaurin,12.80000019,1,7300,WAS@DET,WAS,DET,,,,,,WR/FLEX
80480-93541,RB,Javonte,Javonte Williams,Williams,14.30000019,1,7300,HOU@DEN,DEN,HOU,,,,,,RB/FLEX
80480-24849,QB,Jameis,Jameis Winston,Winston,21.65999985,1,7200,TB@NO,NO,TB,Q,Back,,,,QB
80480-90573,WR,Jaylen,Jaylen Waddle,Waddle,15.69999981,1,7200,MIA@BAL,MIA,BAL,,,,,,WR/FLEX
80480-90575,RB,Najee,Najee Harris,Harris,9.600000381,1,7200,NE@PIT,PIT,NE,Q,Foot,,,,RB/FLEX
80480-42104,RB,Alvin,Alvin Kamara,Kamara,6.099999905,1,7200,TB@NO,NO,TB,Q,Ribs,,,,RB/FLEX
80480-63519,QB,Daniel,Daniel Jones,Jones,17.02000046,1,7100,CAR@NYG,NYG,CAR,,,,,,QB
80480-66008,WR,Diontae,Diontae Johnson,Johnson,9,1,7100,NE@PIT,PIT,NE,,,,,,WR/FLEX
80480-21948,QB,Ryan,Ryan Tannehill,Tannehill,19.34000015,1,7100,TEN@BUF,TEN,BUF,,,,,,QB
80480-38791,RB,Ezekiel,Ezekiel Elliott,Elliott,5.400000095,1,7100,CIN@DAL,DAL,CIN,,,,,,RB/FLEX
80480-71845,RB,Miles,Miles Sanders,Sanders,17.5,1,7000,MIN@PHI,PHI,MIN,,,,,,RB/FLEX
80480-45229,RB,Kareem,Kareem Hunt,Hunt,21,1,7000,NYJ@CLE,CLE,NYJ,,,,,,RB/FLEX
80480-94534,WR,Gabe,Gabe Davis,Davis,16.79999924,1,7000,TEN@BUF,BUF,TEN,,,,,,WR/FLEX
80480-55635,WR,Chris,Chris Godwin,Godwin,5,1,7000,TB@NO,TB,NO,Q,Hamstring,,,,WR/FLEX
80480-41535,QB,Baker,Baker Mayfield,Mayfield,19,1,7000,CAR@NYG,CAR,NYG,,,,,,QB
80480-89981,WR,Tee,Tee Higgins,Higgins,3.700000048,1,7000,CIN@DAL,CIN,DAL,Q,Concussion,,,,WR/FLEX
80480-28573,WR,Michael,Michael Thomas,Thomas,20.20000076,1,7000,TB@NO,NO,TB,,,,,,WR/FLEX
80480-92413,RB,Elijah,Elijah Mitchell,Mitchell,4.099999905,1,6900,SEA@SF,SF,SEA,IR,Knee - mcl,,,,RB/FLEX
80480-86997,WR,Amon-Ra,Amon-Ra St. Brown,St. Brown,16.39999962,1,6900,WAS@DET,DET,WAS,,,,,,WR/FLEX
80480-40442,RB,Aaron,Aaron Jones,Jones,9.100000381,1,6900,CHI@GB,GB,CHI,,,,,,RB/FLEX
80480-89951,QB,Trevor,Trevor Lawrence,Lawrence,14.39999962,1,6900,IND@JAC,JAC,IND,,,,,,QB
80480-57403,WR,Courtland,Courtland Sutton,Sutton,9.199999809,1,6800,HOU@DEN,DEN,HOU,,,,,,WR/FLEX
80480-25011,TE,Darren,Darren Waller,Waller,9.899999619,1,6800,ARI@LV,LV,ARI,,,,,,TE/FLEX
80480-90572,QB,Tua,Tua Tagovailoa,Tagovailoa,14.80000019,1,6800,MIA@BAL,MIA,BAL,,,,,,QB
80480-6616,QB,Matt,Matt Ryan,Ryan,16.28000069,1,6800,IND@JAC,IND,JAC,,,,,,QB
80480-130288,RB,James,James Robinson,Robinson,19.39999962,1,6800,IND@JAC,JAC,IND,,,,,,RB/FLEX
80480-73048,WR,DK,DK Metcalf,Metcalf,5.099999905,1,6800,SEA@SF,SEA,SF,,,,,,WR/FLEX
80480-85741,RB,Clyde,Clyde Edwards-Helaire,Edwards-Helaire,20.89999962,1,6800,LAC@KC,KC,LAC,,,,,,RB/FLEX
80480-29501,WR,Brandin,Brandin Cooks,Cooks,11.69999981,1,6700,HOU@DEN,HOU,DEN,,,,,,WR/FLEX
80480-39829,WR,Mike,Mike Williams,Williams,2,1,6700,LAC@KC,LAC,KC,,,,,,WR/FLEX
80480-93107,RB,AJ,AJ Dillon,Dillon,17.60000038,1,6700,CHI@GB,GB,CHI,,,,,,RB/FLEX
80480-91591,QB,Justin,Justin Fields,Fields,14.64000034,1,6700,CHI@GB,CHI,GB,,,,,,QB
80480-38435,QB,Jared,Jared Goff,Goff,16.5,1,6700,WAS@DET,DET,WAS,,,,,,QB
80480-72731,RB,Josh,Josh Jacobs,Jacobs,7.800000191,1,6600,ARI@LV,LV,ARI,,,,,,RB/FLEX
80480-30231,QB,Jacoby,Jacoby Brissett,Brissett,10.88000011,1,6600,NYJ@CLE,CLE,NYJ,,,,,,QB
80480-40669,WR,Tyler,Tyler Boyd,Boyd,11.30000019,1,6600,CIN@DAL,CIN,DAL,,,,,,WR/FLEX
80480-57840,RB,Rashaad,Rashaad Penny,Penny,7.699999809,1,6500,SEA@SF,SEA,SF,,,,,,RB/FLEX
80480-60858,WR,Christian,Christian Kirk,Kirk,14.69999981,1,6500,IND@JAC,JAC,IND,,,,,,WR/FLEX
80480-38628,QB,Mitch,Mitch Trubisky,Trubisky,12.65999985,1,6500,NE@PIT,PIT,NE,,,,,,QB
80480-90406,QB,Zach,Zach Wilson,Wilson,12.52769235,13,6400,NYJ@CLE,NYJ,CLE,O,Knee - meniscus,,,,QB
80480-90584,QB,Mac,Mac Jones,Jones,9.520000458,1,6400,NE@PIT,NE,PIT,Q,Illness,,,,QB
80480-6714,QB,Joe,Joe Flacco,Flacco,15.35999966,1,6400,NYJ@CLE,NYJ,CLE,,,,,,QB
80480-45631,RB,Jamaal,Jamaal Williams,Williams,15.5,1,6400,WAS@DET,DET,WAS,,,,,,RB/FLEX
80480-89628,QB,Davis,Davis Mills,Mills,15.5,1,6400,HOU@DEN,HOU,DEN,,,,,,QB
80480-73273,RB,David,David Montgomery,Montgomery,6.5,1,6400,CHI@GB,CHI,GB,,,,,,RB/FLEX
80480-40534,QB,Mike,Mike White,White,13.00500011,4,6400,NYJ@CLE,NYJ,CLE,,,,,,QB
80480-7872,QB,Brian,Brian Hoyer,Hoyer,2.455999947,5,6400,NE@PIT,NE,PIT,,,,,,QB
80480-85845,WR,Rashod,Rashod Bateman,Bateman,12.89999962,1,6400,MIA@BAL,BAL,MIA,,,,,,WR/FLEX
80480-55552,RB,Jeff,Jeff Wilson Jr.,Wilson Jr.,4,1,6300,SEA@SF,SF,SEA,,,,,,RB/FLEX
80480-31001,WR,Amari,Amari Cooper,Cooper,3.200000048,1,6300,NYJ@CLE,CLE,NYJ,,,,,,WR/FLEX
80480-90561,WR,Jerry,Jerry Jeudy,Jeudy,18.20000076,1,6300,HOU@DEN,DEN,HOU,,,,,,WR/FLEX
80480-64051,QB,Drew,Drew Lock,Lock,8.896666845,6,6300,SEA@SF,SEA,SF,,,,,,QB
80480-26483,QB,Geno,Geno Smith,Smith,17.20000076,1,6300,SEA@SF,SEA,SF,,,,,,QB
80480-63589,QB,Sam,Sam Darnold,Darnold,14.1899999,12,6200,CAR@NYG,CAR,NYG,IR,Ankle,,,,QB
80480-27050,WR,Tyler,Tyler Lockett,Lockett,4.300000191,1,6200,SEA@SF,SEA,SF,,,,,,WR/FLEX
80480-33259,QB,Teddy,Teddy Bridgewater,Bridgewater,14.97714233,14,6200,MIA@BAL,MIA,BAL,,,,,,QB
80480-45565,TE,Taysom,Taysom Hill,Hill,14.80000019,1,6200,TB@NO,NO,TB,,,,,,TE/FLEX
80480-70157,RB,Darrell,Darrell Henderson Jr.,Henderson Jr.,9.800000191,1,6200,ATL@LAR,LAR,ATL,,,,,,RB/FLEX
80480-55987,WR,JuJu,JuJu Smith-Schuster,Smith-Schuster,8.899999619,1,6200,LAC@KC,KC,LAC,,,,,,WR/FLEX
80480-63043,WR,DJ,DJ Moore,Moore,6.5,1,6200,CAR@NYG,CAR,NYG,,,,,,WR/FLEX
80480-14194,QB,Blaine,Blaine Gabbert,Gabbert,0.330000003,6,6200,TB@NO,TB,NO,,,,,,QB
80480-92020,QB,Kenny,Kenny Pickett,Pickett,,,6200,NE@PIT,PIT,NE,,,,,,QB
80480-14377,QB,Tyrod,Tyrod Taylor,Taylor,14.45666631,6,6100,CAR@NYG,NYG,CAR,,,,,,QB
80480-53331,QB,Taylor,Taylor Heinicke,Heinicke,14.83500004,16,6100,WAS@DET,WAS,DET,,,,,,QB
80480-69777,WR,Darnell,Darnell Mooney,Mooney,1.299999952,1,6100,CHI@GB,CHI,GB,,,,,,WR/FLEX
80480-86278,QB,Desmond,Desmond Ridder,Ridder,,,6100,ATL@LAR,ATL,LAR,,,,,,QB
80480-61798,QB,Gardner,Gardner Minshew II,Minshew II,11.55333328,3,6100,MIN@PHI,PHI,MIN,,,,,,QB
80480-70051,QB,Tyler,Tyler Huntley,Huntley,12.37714277,7,6100,MIA@BAL,BAL,MIA,,,,,,QB
80480-41562,QB,Nick,Nick Mullens,Mullens,9.880000114,1,6100,MIN@PHI,MIN,PHI,,,,,,QB
80480-8803,QB,Chase,Chase Daniel,Daniel,-0.200000003,1,6100,LAC@KC,LAC,KC,,,,,,QB
80480-31394,WR,Jarvis,Jarvis Landry,Landry,14.89999962,1,6100,TB@NO,NO,TB,,,,,,WR/FLEX
80480-39793,TE,George,George Kittle,Kittle,10.75294136,17,6100,SEA@SF,SF,SEA,Q,Groin,,,,TE/FLEX
80480-56192,QB,John,John Wolford,Wolford,-0.449999988,2,6100,ATL@LAR,LAR,ATL,,,,,,QB
80480-11500,QB,Colt,Colt McCoy,McCoy,6.042857034,7,6100,ARI@LV,ARI,LV,IR,Calf,,,,QB
80480-27986,QB,C.J.,C.J. Beathard,Beathard,0.75999999,2,6100,IND@JAC,JAC,IND,,,,,,QB
80480-69017,QB,Jordan,Jordan Love,Love,2.599999905,1,6100,CHI@GB,GB,CHI,,,,,,QB
80480-40407,QB,Joshua,Joshua Dobbs,Dobbs,,,6100,NYJ@CLE,CLE,NYJ,,,,,,QB
80480-22027,QB,Nick,Nick Foles,Foles,16.79999924,1,6100,IND@JAC,IND,JAC,,,,,,QB
80480-60947,QB,Jarrett,Jarrett Stidham,Stidham,,,6100,ARI@LV,LV,ARI,,,,,,QB
80480-40482,QB,Tim,Tim Boyle,Boyle,7.585000038,4,6100,WAS@DET,DET,WAS,,,,,,QB
80480-87691,QB,Malik,Malik Willis,Willis,,,6100,TEN@BUF,TEN,BUF,,,,,,QB
80480-7844,QB,Chad,Chad Henne,Henne,0,1,6100,LAC@KC,KC,LAC,,,,,,QB
80480-44715,QB,Cooper,Cooper Rush,Rush,2.559999943,1,6100,CIN@DAL,DAL,CIN,,,,,,QB
80480-52916,WR,Russell,Russell Gage,Gage,2.299999952,1,6100,TB@NO,TB,NO,Q,Hamstring,,,,WR/FLEX
80480-61157,QB,Brett,Brett Rypien,Rypien,0,1,6100,HOU@DEN,DEN,HOU,,,,,,QB
80480-28434,QB,Trevor,Trevor Siemian,Siemian,15.52666728,6,6100,CHI@GB,CHI,GB,,,,,,QB
80480-53095,QB,Kyle,Kyle Allen,Allen,3.950000048,2,6100,HOU@DEN,HOU,DEN,,,,,,QB
80480-14225,QB,Andy,Andy Dalton,Dalton,11.64999962,8,6100,TB@NO,NO,TB,,,,,,QB
80480-71710,QB,Nate,Nate Stanley,Stanley,,,6000,MIN@PHI,MIN,PHI,,,,,,QB
80480-30761,QB,Nathan,Nathan Peterman,Peterman,0.200000003,1,6000,CHI@GB,CHI,GB,,,,,,QB
80480-39034,QB,Kurt,Kurt Benkert,Benkert,-0.100000001,1,6000,CHI@GB,GB,CHI,,,,,,QB
80480-104576,QB,Sam,Sam Howell,Howell,,,6000,WAS@DET,WAS,DET,,,,,,QB
80480-94396,QB,Carson,Carson Strong,Strong,,,6000,MIN@PHI,PHI,MIN,,,,,,QB
80480-69833,QB,Shane,Shane Buechele,Buechele,,,6000,LAC@KC,KC,LAC,,,,,,QB
80480-45259,QB,Logan,Logan Woodside,Woodside,-0.150000006,4,6000,TEN@BUF,TEN,BUF,,,,,,QB
80480-92362,QB,Levi,Levi Lewis,Lewis,,,6000,SEA@SF,SEA,SF,,,,,,QB
80480-28900,RB,Melvin,Melvin Gordon III,Gordon III,6.199999809,1,6000,HOU@DEN,DEN,HOU,,,,,,RB/FLEX
80480-170252,QB,Felix,Felix Harper,Harper,,,6000,NYJ@CLE,CLE,NYJ,,,,,,QB
80480-61751,QB,Josh,Josh Thomas,Thomas,,,6000,ARI@LV,ARI,LV,,,,,,QB
80480-84287,QB,Luis,Luis Perez,Perez,,,6000,ATL@LAR,LAR,ATL,,,,,,QB
80480-69956,WR,Michael,Michael Gallup,Gallup,8.222222222,9,6000,CIN@DAL,DAL,CIN,D,Knee - acl,,,,WR/FLEX
80480-92560,QB,Sam,Sam Ehlinger,Ehlinger,0.299999992,3,6000,IND@JAC,IND,JAC,,,,,,QB
80480-31170,QB,Brandon,Brandon Allen,Allen,2.771999931,5,6000,CIN@DAL,CIN,DAL,,,,,,QB
80480-22994,QB,Case,Case Keenum,Keenum,5.936000061,5,6000,TEN@BUF,BUF,TEN,,,,,,QB
80480-53729,QB,Mason,Mason Rudolph,Rudolph,9.68999958,2,6000,NE@PIT,PIT,NE,,,,,,QB
80480-72241,QB,Drew,Drew Plitt,Plitt,,,6000,CIN@DAL,CIN,DAL,,,,,,QB
80480-88630,QB,Matt,Matt Corral,Corral,,,6000,CAR@NYG,CAR,NYG,IR,Foot,,,,QB
80480-94797,QB,Kellen,Kellen Mond,Mond,0.200000003,1,6000,NYJ@CLE,CLE,NYJ,,,,,,QB
80480-139985,QB,Bailey,Bailey Zappe,Zappe,,,6000,NE@PIT,NE,PIT,,,,,,QB
80480-29445,QB,Sean,Sean Mannion,Mannion,12.96000004,1,6000,SEA@SF,SEA,SF,,,,,,QB
80480-95026,QB,Dustin,Dustin Crum,Crum,,,6000,LAC@KC,KC,LAC,,,,,,QB
80480-41827,QB,P.J.,P.J. Walker,Walker,3.356000137,5,6000,CAR@NYG,CAR,NYG,,,,,,QB
80480-33647,QB,Kyle,Kyle Sloter,Sloter,,,6000,IND@JAC,JAC,IND,,,,,,QB
80480-39795,QB,Davis,Davis Webb,Webb,-0.300000012,1,6000,CAR@NYG,NYG,CAR,,,,,,QB
80480-62364,QB,Josh,Josh Rosen,Rosen,-0.413333337,3,6000,NYJ@CLE,CLE,NYJ,,,,,,QB
80480-29605,QB,Matt,Matt Barkley,Barkley,,,6000,TEN@BUF,BUF,TEN,,,,,,QB
80480-33702,QB,Ryan,Ryan Griffin,Griffin,,,6000,TB@NO,TB,NO,,,,,,QB
80480-93103,QB,E.J.,E.J. Perry,Perry,,,6000,IND@JAC,JAC,IND,,,,,,QB
80480-56286,QB,Trace,Trace McSorley,McSorley,2.480000019,1,6000,ARI@LV,ARI,LV,,,,,,QB
80480-29715,QB,Kevin,Kevin Hogan,Hogan,,,6000,HOU@DEN,HOU,DEN,,,,,,QB
80480-64576,RB,Damien,Damien Harris,Harris,6.800000191,1,6000,NE@PIT,NE,PIT,,,,,,RB/FLEX
80480-62566,QB,Travis,Travis Jonsen,Jonsen,,,6000,TB@NO,TB,NO,,,,,,QB
80480-52342,QB,Will,Will Grier,Grier,,,6000,CIN@DAL,DAL,CIN,,,,,,QB
80480-64637,QB,Brian,Brian Lewerke,Lewerke,,,6000,CAR@NYG,NYG,CAR,,,,,,QB
80480-68741,QB,Brandon,Brandon Peters,Peters,,,6000,LAC@KC,LAC,KC,,,,,,QB
80480-83081,RB,Chase,Chase Edmonds,Edmonds,8.5,1,6000,MIA@BAL,MIA,BAL,,,,,,RB/FLEX
80480-27801,QB,Nate,Nate Sudfeld,Sudfeld,,,6000,WAS@DET,DET,WAS,,,,,,QB
80480-72863,QB,Armani,Armani Rogers,Rogers,2.799999952,1,6000,WAS@DET,WAS,DET,,,,,,QB
80480-29915,QB,Brett,Brett Hundley,Hundley,,,6000,MIA@BAL,BAL,MIA,,,,,,QB
80480-130269,QB,Reid,Reid Sinnett,Sinnett,,,6000,MIN@PHI,PHI,MIN,,,,,,QB
80480-52451,RB,Samaje,Samaje Perine,Perine,5.199999809,1,6000,CIN@DAL,CIN,DAL,,,,,,RB/FLEX
80480-91468,QB,Chase,Chase Garbers,Garbers,,,6000,ARI@LV,LV,ARI,,,,,,QB
80480-60787,QB,Bryce,Bryce Perkins,Perkins,,,6000,ATL@LAR,LAR,ATL,,,,,,QB
80480-52606,QB,David,David Blough,Blough,0.600000024,1,6000,MIN@PHI,MIN,PHI,,,,,,QB
80480-103824,QB,Easton,Easton Stick,Stick,,,6000,LAC@KC,LAC,KC,,,,,,QB
80480-73111,WR,Chase,Chase Claypool,Claypool,7.400000095,1,6000,NE@PIT,PIT,NE,,,,,,WR/FLEX
80480-73118,QB,Ian,Ian Book,Book,4,1,6000,MIN@PHI,PHI,MIN,,,,,,QB
80480-71077,QB,Cole,Cole Kelley,Kelley,,,6000,WAS@DET,WAS,DET,,,,,,QB
80480-60840,QB,Jake,Jake Browning,Browning,,,6000,CIN@DAL,CIN,DAL,,,,,,QB
80480-56809,WR,Allen,Allen Lazard,Lazard,8.239999898,15,6000,CHI@GB,GB,CHI,Q,Ankle,,,,WR/FLEX
80480-30253,QB,Jeff,Jeff Driskel,Driskel,0.5,1,6000,HOU@DEN,HOU,DEN,,,,,,QB
80480-89658,QB,Jack,Jack Coan,Coan,,,6000,IND@JAC,IND,JAC,,,,,,QB
80480-71232,QB,D'Eriq,D'Eriq King,King,,,6000,NE@PIT,NE,PIT,,,,,,QB
80480-71242,QB,Jarrett,Jarrett Guarantano,Guarantano,,,6000,ARI@LV,ARI,LV,,,,,,QB
80480-54879,QB,Deshaun,Deshaun Watson,Watson,,,6000,NYJ@CLE,CLE,NYJ,IR,Suspension,,,,QB
80480-85607,QB,Brock,Brock Purdy,Purdy,,,6000,SEA@SF,SF,SEA,,,,,,QB
80480-69294,QB,Skylar,Skylar Thompson,Thompson,,,6000,MIA@BAL,MIA,BAL,,,,,,QB
80480-69302,QB,Feleipe,Feleipe Franks,Franks,-0.133333335,3,6000,ATL@LAR,ATL,LAR,,,,,,QB
80480-73398,QB,Chris,Chris Oladokun,Oladokun,,,6000,LAC@KC,KC,LAC,,,,,,QB
80480-69304,QB,Kyle,Kyle Trask,Trask,,,6000,TB@NO,TB,NO,,,,,,QB
80480-52929,QB,Jake,Jake Luton,Luton,,,6000,TB@NO,NO,TB,,,,,,QB
80480-69333,QB,Jacob,Jacob Eason,Eason,0,1,6000,CAR@NYG,CAR,NYG,,,,,,QB
80480-87787,RB,J.K.,J.K. Dobbins,Dobbins,,,6000,MIA@BAL,BAL,MIA,Q,Knee - acl,,,,RB/FLEX
80480-8023,QB,Josh,Josh Johnson,Johnson,12.07999992,4,6000,HOU@DEN,DEN,HOU,,,,,,QB
80480-38767,QB,Chris,Chris Streveler,Streveler,1.019999981,2,6000,NYJ@CLE,NYJ,CLE,,,,,,QB
80480-169852,QB,Davis,Davis Cheek,Cheek,,,6000,CAR@NYG,CAR,NYG,,,,,,QB
80480-38837,QB,Danny,Danny Etling,Etling,,,6000,CHI@GB,GB,CHI,,,,,,QB
80480-69597,QB,Anthony,Anthony Brown,Brown,,,6000,MIA@BAL,BAL,MIA,,,,,,QB
80480-63469,QB,Ben,Ben DiNucci,DiNucci,,,6000,CIN@DAL,DAL,CIN,,,,,,QB
80480-71672,QB,K.J.,K.J. Costello,Costello,,,6000,TB@NO,NO,TB,,,,,,QB
80480-86080,TE,Kyle,Kyle Pitts,Pitts,2.900000095,1,5900,ATL@LAR,ATL,LAR,,,,,,TE/FLEX
80480-45439,WR,Corey,Corey Davis,Davis,10.69999981,1,5900,NYJ@CLE,NYJ,CLE,,,,,,WR/FLEX
80480-103064,RB,Breece,Breece Hall,Hall,7.099999905,1,5900,NYJ@CLE,NYJ,CLE,,,,,,RB/FLEX
80480-39716,WR,Adam,Adam Thielen,Thielen,5.099999905,1,5900,MIN@PHI,MIN,PHI,,,,,,WR/FLEX
80480-93539,RB,Michael,Michael Carter,Carter,13.5,1,5900,NYJ@CLE,NYJ,CLE,,,,,,RB/FLEX
80480-71032,WR,Devin,Devin Duvernay,Duvernay,19.39999962,1,5900,MIA@BAL,BAL,MIA,,,,,,WR/FLEX
80480-52808,RB,Dontrell,Dontrell Hilliard,Hilliard,20.39999962,1,5900,TEN@BUF,TEN,BUF,,,,,,RB/FLEX
80480-26251,WR,Robbie,Robbie Anderson,Anderson,18.70000076,1,5900,CAR@NYG,CAR,NYG,,,,,,WR/FLEX
80480-88575,WR,Elijah,Elijah Moore,Moore,7.400000095,1,5800,NYJ@CLE,NYJ,CLE,,,,,,WR/FLEX
80480-27338,RB,Rex,Rex Burkhead,Burkhead,9.5,1,5800,HOU@DEN,HOU,DEN,,,,,,RB/FLEX
80480-27477,WR,Sterling,Sterling Shepard,Shepard,14.10000038,1,5800,CAR@NYG,NYG,CAR,,,,,,WR/FLEX
80480-83074,TE,Dallas,Dallas Goedert,Goedert,7.5,1,5800,MIN@PHI,PHI,MIN,,,,,,TE/FLEX
80480-91426,WR,Donovan,Donovan Peoples-Jones,Peoples-Jones,9,1,5800,NYJ@CLE,CLE,NYJ,,,,,,WR/FLEX
80480-89956,RB,Travis,Travis Etienne Jr.,Etienne Jr.,7.5,1,5800,IND@JAC,JAC,IND,,,,,,RB/FLEX
80480-71706,TE,T.J.,T.J. Hockenson,Hockenson,5.800000191,1,5700,WAS@DET,DET,WAS,,,,,,TE/FLEX
80480-63759,RB,Tony,Tony Pollard,Pollard,3.200000048,1,5700,CIN@DAL,DAL,CIN,,,,,,RB/FLEX
80480-137902,RB,Rachaad,Rachaad White,White,3.099999905,1,5700,TB@NO,TB,NO,,,,,,RB/FLEX
80480-72412,RB,Khalil,Khalil Herbert,Herbert,10.80000019,1,5700,CHI@GB,CHI,GB,,,,,,RB/FLEX
80480-52613,WR,Curtis,Curtis Samuel,Samuel,15.19999981,1,5700,WAS@DET,WAS,DET,,,,,,WR/FLEX
80480-52917,WR,DJ,DJ Chark Jr.,Chark Jr.,13.19999981,1,5700,WAS@DET,DET,WAS,,,,,,WR/FLEX
80480-85798,WR,Brandon,Brandon Aiyuk,Aiyuk,5.699999809,1,5700,SEA@SF,SF,SEA,,,,,,WR/FLEX
80480-14190,WR,Julio,Julio Jones,Jones,10.10000038,1,5700,TB@NO,TB,NO,Q,Knee,,,,WR/FLEX
80480-94087,RB,DeeJay,DeeJay Dallas,Dallas,0,1,5700,SEA@SF,SEA,SF,,,,,,RB/FLEX
80480-28643,WR,Allen,Allen Robinson II,Robinson II,1.700000048,1,5700,ATL@LAR,LAR,ATL,,,,,,WR/FLEX
80480-86055,RB,Dameon,Dameon Pierce,Pierce,4.400000095,1,5600,HOU@DEN,HOU,DEN,,,,,,RB/FLEX
80480-112745,WR,Drake,Drake London,London,9.899999619,1,5600,ATL@LAR,ATL,LAR,,,,,,WR/FLEX
80480-30989,RB,Kenyan,Kenyan Drake,Drake,5.099999905,1,5600,MIA@BAL,BAL,MIA,,,,,,RB/FLEX
80480-90576,WR,DeVonta,DeVonta Smith,Smith,0,1,5600,MIN@PHI,PHI,MIN,,,,,,WR/FLEX
80480-57986,WR,Hunter,Hunter Renfrow,Renfrow,3.599999905,1,5600,ARI@LV,LV,ARI,,,,,,WR/FLEX
80480-111540,RB,Rhamondre,Rhamondre Stevenson,Stevenson,3.700000048,1,5600,NE@PIT,NE,PIT,,,,,,RB/FLEX
80480-70603,RB,Devin,Devin Singletary,Singletary,7.199999809,1,5600,TEN@BUF,BUF,TEN,,,,,,RB/FLEX
80480-62628,WR,DeAndre,DeAndre Carter,Carter,13.89999962,1,5600,LAC@KC,LAC,KC,,,,,,WR/FLEX
80480-40647,WR,Marquez,Marquez Valdes-Scantling,Valdes-Scantling,6.099999905,1,5600,LAC@KC,KC,LAC,,,,,,WR/FLEX
80480-55042,TE,Dalton,Dalton Schultz,Schultz,9.699999809,1,5600,CIN@DAL,DAL,CIN,,,,,,TE/FLEX
80480-63625,RB,Nyheim,Nyheim Hines,Hines,8.399999619,1,5500,IND@JAC,IND,JAC,,,,,,RB/FLEX
80480-63634,WR,Jakobi,Jakobi Meyers,Meyers,8.199999809,1,5500,NE@PIT,NE,PIT,,,,,,WR/FLEX
80480-86229,WR,Jahan,Jahan Dotson,Dotson,16.5,1,5500,WAS@DET,WAS,DET,,,,,,WR/FLEX
80480-53498,WR,Richie,Richie James Jr.,James Jr.,8.600000381,1,5500,CAR@NYG,NYG,CAR,,,,,,WR/FLEX
80480-41305,WR,Zay,Zay Jones,Jones,9.5,1,5500,IND@JAC,JAC,IND,,,,,,WR/FLEX
80480-33260,WR,DeVante,DeVante Parker,Parker,1.399999976,1,5500,NE@PIT,NE,PIT,,,,,,WR/FLEX
80480-103342,RB,Kenneth,Kenneth Walker III,Walker III,,,5500,SEA@SF,SEA,SF,,,,,,RB/FLEX
80480-64585,TE,Dawson,Dawson Knox,Knox,1,1,5500,TEN@BUF,BUF,TEN,,,,,,TE/FLEX
80480-89230,RB,Cam,Cam Akers,Akers,0,1,5500,ATL@LAR,LAR,ATL,,,,,,RB/FLEX
80480-112057,RB,Jaylen,Jaylen Warren,Warren,0.699999988,1,5500,NE@PIT,PIT,NE,,,,,,RB/FLEX
80480-110259,WR,Treylon,Treylon Burks,Burks,7,1,5500,TEN@BUF,TEN,BUF,,,,,,WR/FLEX
80480-71352,WR,Mecole,Mecole Hardman,Hardman,9.100000381,1,5500,LAC@KC,KC,LAC,,,,,,WR/FLEX
80480-69558,WR,Greg,Greg Dortch,Dortch,9.800000191,1,5500,ARI@LV,ARI,LV,,,,,,WR/FLEX
80480-57299,TE,Gerald,Gerald Everett,Everett,12.89999962,1,5500,LAC@KC,LAC,KC,,,,,,TE/FLEX
80480-170214,WR,Dennis,Dennis Houston,Houston,2.599999905,1,5400,CIN@DAL,DAL,CIN,,,,,,WR/FLEX
80480-86244,TE,Pat,Pat Freiermuth,Freiermuth,10,1,5400,NE@PIT,PIT,NE,,,,,,TE/FLEX
80480-53639,WR,Isaiah,Isaiah McKenzie,McKenzie,8.899999619,1,5400,TEN@BUF,BUF,TEN,,,,,,WR/FLEX
80480-90912,RB,Kenneth,Kenneth Gainwell,Gainwell,10.19999981,1,5400,MIN@PHI,PHI,MIN,,,,,,RB/FLEX
80480-54244,WR,Kenny,Kenny Golladay,Golladay,3.200000048,1,5400,CAR@NYG,NYG,CAR,,,,,,WR/FLEX
80480-29685,WR,Robert,Robert Woods,Woods,1.799999952,1,5400,TEN@BUF,TEN,BUF,,,,,,WR/FLEX
80480-103564,WR,Garrett,Garrett Wilson,Wilson,7.199999809,1,5400,NYJ@CLE,NYJ,CLE,,,,,,WR/FLEX
80480-22103,WR,Marvin,Marvin Jones Jr.,Jones Jr.,5.800000191,1,5400,IND@JAC,JAC,IND,,,,,,WR/FLEX
80480-63078,RB,Ke'Shawn,Ke'Shawn Vaughn,Vaughn,6.82857132,7,5400,TB@NO,TB,NO,,,,,,RB/FLEX
80480-71444,RB,Travis,Travis Homer,Homer,0.200000003,1,5400,SEA@SF,SEA,SF,,,,,,RB/FLEX
80480-169776,WR,Christian,Christian Watson,Watson,5.099999905,1,5400,CHI@GB,GB,CHI,,,,,,WR/FLEX
80480-14187,WR,A.J.,A.J. Green,Green,2.299999952,1,5400,ARI@LV,ARI,LV,,,,,,WR/FLEX
80480-24641,WR,Sammy,Sammy Watkins,Watkins,3.299999952,1,5300,CHI@GB,GB,CHI,,,,,,WR/FLEX
80480-28744,RB,Raheem,Raheem Mostert,Mostert,3.700000048,1,5300,MIA@BAL,MIA,BAL,,,,,,RB/FLEX
80480-61593,WR,Jauan,Jauan Jennings,Jennings,8.199999809,1,5300,SEA@SF,SF,SEA,,,,,,WR/FLEX
80480-55694,WR,Mike,Mike Thomas,Thomas,3,1,5300,CIN@DAL,CIN,DAL,,,,,,WR/FLEX
80480-92575,RB,Isiah,Isiah Pacheco,Pacheco,12.19999981,1,5300,LAC@KC,KC,LAC,,,,,,RB/FLEX
80480-64031,TE,Hayden,Hayden Hurst,Hurst,7.099999905,1,5300,CIN@DAL,CIN,DAL,,,,,,TE/FLEX
80480-47870,TE,Tyler,Tyler Higbee,Higbee,6.400000095,1,5300,ATL@LAR,LAR,ATL,,,,,,TE/FLEX
80480-93408,WR,Rondale,Rondale Moore,Moore,5.853333537,15,5300,ARI@LV,ARI,LV,Q,Hamstring,,,,WR/FLEX
80480-70889,RB,Benny,Benny Snell Jr.,Snell Jr.,1.157142912,14,5300,NE@PIT,PIT,NE,,,,,,RB/FLEX
80480-56698,WR,Dante,Dante Pettis,Pettis,11.60000038,1,5300,CHI@GB,CHI,GB,,,,,,WR/FLEX
80480-87770,WR,Chris,Chris Olave,Olave,7.599999905,1,5300,TB@NO,NO,TB,,,,,,WR/FLEX
80480-91902,WR,Kyle,Kyle Philips,Philips,7.599999905,1,5300,TEN@BUF,TEN,BUF,,,,,,WR/FLEX
80480-14211,RB,Mark,Mark Ingram II,Ingram II,0.800000012,1,5300,TB@NO,NO,TB,Q,Ankle,,,,RB/FLEX
80480-94370,WR,Romeo,Romeo Doubs,Doubs,6.800000191,1,5200,CHI@GB,GB,CHI,,,,,,WR/FLEX
80480-43334,RB,J.D.,J.D. McKissic,McKissic,6.300000191,1,5200,WAS@DET,WAS,DET,,,,,,RB/FLEX
80480-63855,WR,K.J.,K.J. Osborn,Osborn,2.900000095,1,5200,MIN@PHI,MIN,PHI,,,,,,WR/FLEX
80480-25290,RB,Giovani,Giovani Bernard,Bernard,5.366666794,12,5200,TB@NO,TB,NO,,,,,,RB/FLEX
80480-56248,WR,Noah,Noah Brown,Brown,9.300000191,1,5200,CIN@DAL,DAL,CIN,,,,,,WR/FLEX
80480-56265,TE,Mike,Mike Gesicki,Gesicki,0.600000024,1,5200,MIA@BAL,MIA,BAL,,,,,,TE/FLEX
80480-64496,WR,Olamide,Olamide Zaccheaus,Zaccheaus,4.900000095,1,5200,ATL@LAR,ATL,LAR,,,,,,WR/FLEX
80480-72776,RB,Alexander,Alexander Mattison,Mattison,3.599999905,1,5200,MIN@PHI,MIN,PHI,,,,,,RB/FLEX
80480-29780,TE,Zach,Zach Ertz,Ertz,10.39999962,1,5200,ARI@LV,ARI,LV,Q,Calf,,,,TE/FLEX
80480-64841,WR,Equanimeous,Equanimeous St. Brown,St. Brown,8.300000191,1,5200,CHI@GB,CHI,GB,,,,,,WR/FLEX
80480-104012,WR,Ashton,Ashton Dulin,Dulin,6.099999905,1,5200,IND@JAC,IND,JAC,,,,,,WR/FLEX
80480-91872,RB,Joshua,Joshua Kelley,Kelley,4.5,1,5200,LAC@KC,LAC,KC,,,,,,RB/FLEX
80480-26355,TE,Logan,Logan Thomas,Thomas,6,1,5200,WAS@DET,WAS,DET,,,,,,TE/FLEX
80480-86052,WR,Kadarius,Kadarius Toney,Toney,2.299999952,1,5100,CAR@NYG,NYG,CAR,,,,,,WR/FLEX
80480-53303,RB,Matt,Matt Breida,Breida,2.400000095,1,5100,CAR@NYG,NYG,CAR,,,,,,RB/FLEX
80480-86192,WR,KJ,KJ Hamler,Hamler,0,1,5100,HOU@DEN,DEN,HOU,Q,Knee,,,,WR/FLEX
80480-70027,RB,Zack,Zack Moss,Moss,4.599999905,1,5100,TEN@BUF,BUF,TEN,,,,,,RB/FLEX
80480-56262,WR,Parris,Parris Campbell,Campbell,5.199999809,1,5100,IND@JAC,IND,JAC,,,,,,WR/FLEX
80480-29683,WR,Nelson,Nelson Agholor,Agholor,2.299999952,1,5100,NE@PIT,NE,PIT,,,,,,WR/FLEX
80480-60451,TE,Tyler,Tyler Conklin,Conklin,9.600000381,1,5100,NYJ@CLE,NYJ,CLE,,,,,,TE/FLEX
80480-70859,TE,Albert,Albert Okwuegbunam,Okwuegbunam,5.800000191,1,5100,HOU@DEN,DEN,HOU,,,,,,TE/FLEX
80480-91419,WR,Nico,Nico Collins,Collins,3.599999905,1,5100,HOU@DEN,HOU,DEN,,,,,,WR/FLEX
80480-54608,RB,Jerick,Jerick McKinnon,McKinnon,6.400000095,1,5100,LAC@KC,KC,LAC,,,,,,RB/FLEX
80480-38264,WR,Demarcus,Demarcus Robinson,Robinson,2.900000095,1,5100,MIA@BAL,BAL,MIA,,,,,,WR/FLEX
80480-87418,WR,Joshua,Joshua Palmer,Palmer,2.400000095,1,5100,LAC@KC,LAC,KC,,,,,,WR/FLEX
80480-71105,WR,Ben,Ben Skowronek,Skowronek,4.5,1,5100,ATL@LAR,LAR,ATL,,,,,,WR/FLEX
80480-40845,TE,Hunter,Hunter Henry,Henry,3,1,5100,NE@PIT,NE,PIT,,,,,,TE/FLEX
80480-30635,RB,Mike,Mike Davis,Davis,1.100000024,1,5100,MIA@BAL,BAL,MIA,,,,,,RB/FLEX
80480-69581,WR,Cedrick,Cedrick Wilson Jr.,Wilson Jr.,3.799999952,1,5100,MIA@BAL,MIA,BAL,Q,Toe,,,,WR/FLEX
80480-71705,TE,Noah,Noah Fant,Fant,3.099999905,1,5000,SEA@SF,SEA,SF,,,,,,TE/FLEX
80480-24755,WR,Jamison,Jamison Crowder,Crowder,4.300000191,1,5000,TEN@BUF,BUF,TEN,,,,,,WR/FLEX
80480-88277,RB,Anthony,Anthony McFarland Jr.,McFarland Jr.,0.949999988,2,5000,NE@PIT,PIT,NE,,,,,,RB/FLEX
80480-16606,WR,DeAndre,DeAndre Hopkins,Hopkins,12.61999969,10,5000,ARI@LV,ARI,LV,IR,Suspension,,,,WR/FLEX
80480-12526,D,Buffalo,Buffalo Bills,Bills,17,1,5000,TEN@BUF,BUF,TEN,,,,,,DEF
80480-12547,D,Pittsburgh,Pittsburgh Steelers,Steelers,26,1,5000,NE@PIT,PIT,NE,,,,,,DEF
80480-33047,WR,Chris,Chris Moore,Moore,4.599999905,1,5000,HOU@DEN,HOU,DEN,,,,,,WR/FLEX
80480-63819,WR,Darius,Darius Slayton,Slayton,4.27692296,13,5000,CAR@NYG,NYG,CAR,,,,,,WR/FLEX
80480-39286,TE,O.J.,O.J. Howard,Howard,16.79999924,1,5000,HOU@DEN,HOU,DEN,,,,,,TE/FLEX
80480-80289,WR,Kendrick,Kendrick Bourne,Bourne,4.599999905,1,5000,NE@PIT,NE,PIT,,,,,,WR/FLEX
80480-43433,RB,Boston,Boston Scott,Scott,7,1,5000,MIN@PHI,PHI,MIN,,,,,,RB/FLEX
80480-55748,WR,James,James Washington,Washington,4.03125,16,5000,CIN@DAL,DAL,CIN,IR,Foot,,,,WR/FLEX
80480-88548,WR,Jalen,Jalen Tolbert,Tolbert,,,5000,CIN@DAL,DAL,CIN,,,,,,WR/FLEX
80480-102893,RB,Tyrion,Tyrion Davis-Price,Davis-Price,,,5000,SEA@SF,SF,SEA,,,,,,RB/FLEX
80480-72182,WR,Dee,Dee Eskridge,Eskridge,0.5,1,5000,SEA@SF,SEA,SF,,,,,,WR/FLEX
80480-64389,WR,Nick,Nick Westbrook-Ikhine,Westbrook-Ikhine,1.799999952,1,5000,TEN@BUF,TEN,BUF,,,,,,WR/FLEX
80480-72725,TE,Irv,Irv Smith Jr.,Smith Jr.,0,1,5000,MIN@PHI,MIN,PHI,,,,,,TE/FLEX
80480-64581,WR,Van,Van Jefferson,Jefferson,7.5904759,21,5000,ATL@LAR,LAR,ATL,Q,Knee,,,,WR/FLEX
80480-40167,RB,Gus,Gus Edwards,Edwards,,,5000,MIA@BAL,BAL,MIA,NA,Knee - acl,,,,RB/FLEX
80480-85306,WR,KhaDarel,KhaDarel Hodge,Hodge,5.300000191,1,5000,ATL@LAR,ATL,LAR,,,,,,WR/FLEX
80480-64843,WR,Jalen,Jalen Guyton,Guyton,0,1,5000,LAC@KC,LAC,KC,,,,,,WR/FLEX
80480-73130,RB,Chris,Chris Evans,Evans,3.415384733,13,5000,CIN@DAL,CIN,DAL,,,,,,RB/FLEX
80480-91677,WR,Shi,Shi Smith,Smith,1.700000048,1,5000,CAR@NYG,CAR,NYG,,,,,,WR/FLEX
80480-110246,WR,George,George Pickens,Pickens,0.800000012,1,5000,NE@PIT,PIT,NE,,,,,,WR/FLEX
80480-69295,WR,Byron,Byron Pringle,Pringle,2.700000048,1,5000,CHI@GB,CHI,GB,,,,,,WR/FLEX
80480-55335,TE,David,David Njoku,Njoku,1.200000048,1,4900,NYJ@CLE,CLE,NYJ,,,,,,TE/FLEX
80480-53390,WR,Zach,Zach Pascal,Pascal,1.200000048,1,4900,MIN@PHI,PHI,MIN,,,,,,WR/FLEX
80480-149710,WR,Mike,Mike Strachan,Strachan,4.599999905,1,4900,IND@JAC,IND,JAC,,,,,,WR/FLEX
80480-12549,D,San Francisco,San Francisco 49ers,49ers,5,1,4900,SEA@SF,SF,SEA,,,,,,DEF
80480-22898,RB,Brandon,Brandon Bolden,Bolden,9.800000191,1,4900,ARI@LV,LV,ARI,Q,Hamstring,,,,RB/FLEX
80480-53640,RB,Sony,Sony Michel,Michel,1.200000048,1,4900,LAC@KC,LAC,KC,,,,,,RB/FLEX
80480-80353,TE,Robert,Robert Tonyan,Tonyan,5.099999905,1,4900,CHI@GB,GB,CHI,,,,,,TE/FLEX
80480-41872,TE,Evan,Evan Engram,Engram,4.800000191,1,4900,IND@JAC,JAC,IND,,,,,,TE/FLEX
80480-29734,RB,Ty,Ty Montgomery,Montgomery,8.800000191,1,4900,NE@PIT,NE,PIT,IR,Knee,,,,RB/FLEX
80480-52495,WR,Braxton,Braxton Berrios,Berrios,6.199999809,1,4900,NYJ@CLE,NYJ,CLE,Q,Heel,,,,WR/FLEX
80480-54782,TE,Cameron,Cameron Brate,Brate,1.200000048,1,4900,TB@NO,TB,NO,,,,,,TE/FLEX
80480-89613,WR,Simi,Simi Fehoko,Fehoko,2.200000048,1,4900,CIN@DAL,DAL,CIN,,,,,,WR/FLEX
80480-87662,WR,Anthony,Anthony Schwartz,Schwartz,4.400000095,1,4900,NYJ@CLE,CLE,NYJ,,,,,,WR/FLEX
80480-85762,RB,Eno,Eno Benjamin,Benjamin,7.599999905,1,4900,ARI@LV,ARI,LV,,,,,,RB/FLEX
80480-71521,RB,Justice,Justice Hill,Hill,2.099999905,1,4900,MIA@BAL,BAL,MIA,,,,,,RB/FLEX
80480-53097,WR,Josh,Josh Reynolds,Reynolds,3.299999952,1,4900,WAS@DET,DET,WAS,,,,,,WR/FLEX
80480-14257,WR,Randall,Randall Cobb,Cobb,2.400000095,1,4900,CHI@GB,GB,CHI,,,,,,WR/FLEX
80480-12531,D,Denver,Denver Broncos,Broncos,5,1,4800,HOU@DEN,DEN,HOU,,,,,,DEF
80480-86312,WR,Alec,Alec Pierce,Pierce,0,1,4800,IND@JAC,IND,JAC,Q,Concussion,,,,WR/FLEX
80480-62055,WR,Ray-Ray,Ray-Ray McCloud III,McCloud III,2.5,1,4800,SEA@SF,SF,SEA,,,,,,WR/FLEX
80480-25267,WR,Mack,Mack Hollins,Hollins,2.099999905,1,4800,ARI@LV,LV,ARI,,,,,,WR/FLEX
80480-27441,RB,Damien,Damien Williams,Williams,0.200000003,1,4800,ATL@LAR,ATL,LAR,Q,Ribs,,,,RB/FLEX
80480-91047,TE,Cole,Cole Kmet,Kmet,0,1,4800,CHI@GB,CHI,GB,,,,,,TE/FLEX
80480-40126,TE,Austin,Austin Hooper,Hooper,1.100000024,1,4800,TEN@BUF,TEN,BUF,,,,,,TE/FLEX
80480-114180,WR,David,David Bell,Bell,,,4800,NYJ@CLE,CLE,NYJ,,,,,,WR/FLEX
80480-69276,WR,Bryan,Bryan Edwards,Edwards,0,1,4800,ATL@LAR,ATL,LAR,,,,,,WR/FLEX
80480-104176,WR,Deonte,Deonte Harty,Harty,0.899999976,1,4800,TB@NO,NO,TB,,,,,,WR/FLEX
80480-61273,WR,Scotty,Scotty Miller,Miller,3.075000048,8,4800,TB@NO,TB,NO,,,,,,WR/FLEX
80480-63419,WR,Andy,Andy Isabella,Isabella,1.5,1,4800,ARI@LV,ARI,LV,Q,Back,,,,WR/FLEX
80480-24533,TE,Mo,Mo Alie-Cox,Alie-Cox,3.599999905,1,4800,IND@JAC,IND,JAC,,,,,,TE/FLEX
80480-73687,WR,Quez,Quez Watkins,Watkins,0,1,4800,MIN@PHI,PHI,MIN,,,,,,WR/FLEX
80480-63447,WR,Penny,Penny Hart,Hart,1.044444402,9,4800,SEA@SF,SEA,SF,,,,,,WR/FLEX
80480-86113,WR,Ihmir,Ihmir Smith-Marsette,Smith-Marsette,4.350000064,6,4700,CHI@GB,CHI,GB,,,,,,WR/FLEX
80480-79979,WR,Jamal,Jamal Agnew,Agnew,1.700000048,1,4700,IND@JAC,JAC,IND,,,,,,WR/FLEX
80480-79998,WR,Keelan,Keelan Cole,Cole,4.635714395,14,4700,ARI@LV,LV,ARI,,,,,,WR/FLEX
80480-12529,D,Cleveland,Cleveland Browns,Browns,6,1,4700,NYJ@CLE,CLE,NYJ,,,,,,DEF
80480-55830,RB,D'Onta,D'Onta Foreman,Foreman,0.5,1,4700,CAR@NYG,CAR,NYG,,,,,,RB/FLEX
80480-53913,WR,Cody,Cody Hollister,Hollister,2.700000048,1,4700,TEN@BUF,TEN,BUF,,,,,,WR/FLEX
80480-45791,WR,Rashard,Rashard Higgins,Higgins,3.791666667,12,4700,CAR@NYG,CAR,NYG,,,,,,WR/FLEX
80480-70383,RB,Darrynton,Darrynton Evans,Evans,2.799999952,1,4700,CHI@GB,CHI,GB,,,,,,RB/FLEX
80480-56059,WR,Trent,Trent Sherfield,Sherfield,1.299999952,1,4700,MIA@BAL,MIA,BAL,,,,,,WR/FLEX
80480-70422,WR,Kalif,Kalif Raymond,Raymond,0,1,4700,WAS@DET,DET,WAS,,,,,,WR/FLEX
80480-92976,WR,Tutu,Tutu Atwell,Atwell,0,1,4700,ATL@LAR,LAR,ATL,,,,,,WR/FLEX
80480-70601,TE,Harrison,Harrison Bryant,Bryant,2.799999952,1,4700,NYJ@CLE,CLE,NYJ,,,,,,TE/FLEX
80480-48116,TE,Jonnu,Jonnu Smith,Smith,4.800000191,1,4700,NE@PIT,NE,PIT,,,,,,TE/FLEX
80480-72772,RB,Avery,Avery Williams,Williams,2,1,4700,ATL@LAR,ATL,LAR,,,,,,RB/FLEX
80480-68712,WR,Tyler,Tyler Johnson,Johnson,3.588235294,17,4700,HOU@DEN,HOU,DEN,,,,,,WR/FLEX
80480-52345,WR,Brandon,Brandon Powell,Powell,1.799999952,1,4700,ATL@LAR,LAR,ATL,,,,,,WR/FLEX
80480-27776,RB,Tevin,Tevin Coleman,Coleman,4.181818182,11,4700,NYJ@CLE,NYJ,CLE,,,,,,RB/FLEX
80480-83083,WR,Justin,Justin Watson,Watson,0,1,4700,LAC@KC,KC,LAC,,,,,,WR/FLEX
80480-87467,RB,Chuba,Chuba Hubbard,Hubbard,0.300000012,1,4700,CAR@NYG,CAR,NYG,,,,,,RB/FLEX
80480-40371,TE,Johnny,Johnny Mundt,Mundt,3.200000048,1,4700,MIN@PHI,MIN,PHI,,,,,,TE/FLEX
80480-71143,TE,Kylen,Kylen Granson,Granson,3.700000048,1,4700,IND@JAC,IND,JAC,,,,,,TE/FLEX
80480-91626,RB,James,James Cook,Cook,-1.799999952,1,4700,TEN@BUF,BUF,TEN,,,,,,RB/FLEX
80480-32243,WR,Marquise,Marquise Goodwin,Goodwin,3.200000048,1,4700,SEA@SF,SEA,SF,,,,,,WR/FLEX
80480-34295,WR,Breshad,Breshad Perriman,Perriman,-0.699999988,1,4700,TB@NO,TB,NO,Q,Knee,,,,WR/FLEX
80480-60957,WR,KaVontae,KaVontae Turpin,Turpin,0,1,4700,CIN@DAL,DAL,CIN,,,,,,WR/FLEX
80480-71246,WR,Marquez,Marquez Callaway,Callaway,7.576470768,17,4700,TB@NO,NO,TB,,,,,,WR/FLEX
80480-61042,WR,Kendall,Kendall Hinton,Hinton,2.821818265,11,4700,HOU@DEN,DEN,HOU,,,,,,WR/FLEX
80480-61072,WR,Stanley,Stanley Morgan,Morgan,0.600000024,4,4700,CIN@DAL,CIN,DAL,,,,,,WR/FLEX
80480-30403,WR,Chris,Chris Conley,Conley,0,1,4700,HOU@DEN,HOU,DEN,,,,,,WR/FLEX
80480-63186,WR,James,James Proche II,Proche II,4.028571538,7,4700,MIA@BAL,BAL,MIA,Q,Groin,,,,WR/FLEX
80480-87859,WR,Laviska,Laviska Shenault Jr.,Shenault Jr.,5.96875,16,4700,CAR@NYG,CAR,NYG,,,,,,WR/FLEX
80480-94094,TE,Brevin,Brevin Jordan,Jordan,1,1,4700,HOU@DEN,HOU,DEN,Q,Ankle,,,,TE/FLEX
80480-71723,WR,Dez,Dez Fitzpatrick,Fitzpatrick,4.46666654,3,4600,TEN@BUF,TEN,BUF,,,,,,WR/FLEX
80480-88109,RB,Gary,Gary Brightwell,Brightwell,0,1,4600,CAR@NYG,NYG,CAR,,,,,,RB/FLEX
80480-79920,WR,Cyril,Cyril Grayson Jr.,Grayson Jr.,13.19999949,3,4600,TB@NO,TB,NO,Q,Undisclosed,,,,WR/FLEX
80480-63591,RB,Ronald,Ronald Jones II,Jones II,4.946666463,15,4600,LAC@KC,KC,LAC,,,,,,RB/FLEX
80480-28827,RB,Dare,Dare Ogunbowale,Ogunbowale,4.359999847,10,4600,HOU@DEN,HOU,DEN,,,,,,RB/FLEX
80480-57543,RB,D'Ernest,D'Ernest Johnson,Johnson,7.883333206,12,4600,NYJ@CLE,CLE,NYJ,,,,,,RB/FLEX
80480-57565,RB,Austin,Austin Walter,Walter,4.5,4,4600,ARI@LV,LV,ARI,,,,,,RB/FLEX
80480-149742,RB,Nate,Nate McCrary,McCrary,-0.100000001,1,4600,MIA@BAL,BAL,MIA,,,,,,RB/FLEX
80480-12538,D,Los Angeles,Los Angeles Rams,Rams,9,1,4600,ATL@LAR,LAR,ATL,,,,,,DEF
80480-71957,WR,Quintez,Quintez Cephus,Cephus,8.380000305,5,4600,WAS@DET,DET,WAS,,,,,,WR/FLEX
80480-90408,WR,Dax,Dax Milne,Milne,0,1,4600,WAS@DET,WAS,DET,,,,,,WR/FLEX
80480-90428,RB,Tyler,Tyler Allgeier,Allgeier,,,4600,ATL@LAR,ATL,LAR,,,,,,RB/FLEX
80480-94625,WR,Jalen,Jalen Reagor,Reagor,0,1,4600,MIN@PHI,MIN,PHI,,,,,,WR/FLEX
80480-47523,WR,Tajae,Tajae Sharpe,Sharpe,2.535714286,14,4600,CHI@GB,CHI,GB,Q,Ribs,,,,WR/FLEX
80480-90533,RB,Jerome,Jerome Ford,Ford,0,1,4600,NYJ@CLE,CLE,NYJ,,,,,,RB/FLEX
80480-92606,WR,Bo,Bo Melton,Melton,,,4600,SEA@SF,SEA,SF,,,,,,WR/FLEX
80480-90562,RB,Brian,Brian Robinson Jr.,Robinson Jr.,,,4600,WAS@DET,WAS,DET,IR,Knee,,,,RB/FLEX
80480-72133,WR,Antoine,Antoine Wesley,Wesley,5.588888804,9,4600,ARI@LV,ARI,LV,IR,Hip,,,,WR/FLEX
80480-41426,RB,Phillip,Phillip Lindsay,Lindsay,3.100000109,14,4600,IND@JAC,IND,JAC,,,,,,RB/FLEX
80480-31207,TE,C.J.,C.J. Uzomah,Uzomah,6.594999695,20,4600,NYJ@CLE,NYJ,CLE,,,,,,TE/FLEX
80480-86518,WR,Khalil,Khalil Shakir,Shakir,,,4600,TEN@BUF,BUF,TEN,,,,,,WR/FLEX
80480-72297,RB,Rico,Rico Dowdle,Dowdle,,,4600,CIN@DAL,DAL,CIN,,,,,,RB/FLEX
80480-88699,RB,Jaret,Jaret Patterson,Patterson,3.635714395,14,4600,WAS@DET,WAS,DET,,,,,,RB/FLEX
80480-70282,WR,Demetric,Demetric Felton,Felton,0,1,4600,NYJ@CLE,CLE,NYJ,,,,,,WR/FLEX
80480-55970,RB,Royce,Royce Freeman,Freeman,2.690909126,11,4600,HOU@DEN,HOU,DEN,,,,,,RB/FLEX
80480-94887,RB,Tyler,Tyler Badie,Badie,,,4600,MIA@BAL,BAL,MIA,,,,,,RB/FLEX
80480-72370,RB,J.J.,J.J. Taylor,Taylor,3.3,5,4600,NE@PIT,NE,PIT,,,,,,RB/FLEX
80480-58041,RB,Mike,Mike Boone,Boone,0.699999988,1,4600,HOU@DEN,DEN,HOU,,,,,,RB/FLEX
80480-94936,RB,Larry,Larry Rountree III,Rountree III,1.67777782,9,4600,LAC@KC,LAC,KC,,,,,,RB/FLEX
80480-70372,WR,Chester,Chester Rogers,Rogers,2.988235249,17,4600,NYJ@CLE,CLE,NYJ,,,,,,WR/FLEX
80480-72453,WR,Denzel,Denzel Mims,Mims,1.729999924,10,4600,NYJ@CLE,NYJ,CLE,,,,,,WR/FLEX
80480-82731,WR,Brandon,Brandon Zylstra,Zylstra,4.444444444,9,4600,CAR@NYG,CAR,NYG,,,,,,WR/FLEX
80480-72515,TE,Ian,Ian Thomas,Thomas,6.300000191,1,4600,CAR@NYG,CAR,NYG,,,,,,TE/FLEX
80480-56142,WR,Juwann,Juwann Winfree,Winfree,2.200000048,1,4600,CHI@GB,GB,CHI,,,,,,WR/FLEX
80480-64339,WR,Auden,Auden Tate,Tate,2.849999905,4,4600,MIN@PHI,PHI,MIN,,,,,,WR/FLEX
80480-64350,WR,Jeff,Jeff Smith,Smith,1.899999976,8,4600,NYJ@CLE,NYJ,CLE,,,,,,WR/FLEX
80480-93023,RB,Jermar,Jermar Jefferson,Jefferson,5.925000191,4,4600,WAS@DET,DET,WAS,,,,,,RB/FLEX
80480-72627,RB,Patrick,Patrick Taylor,Taylor,4.050000191,4,4600,CHI@GB,GB,CHI,,,,,,RB/FLEX
80480-87122,WR,Lynn,Lynn Bowden Jr.,Bowden Jr.,,,4600,NE@PIT,NE,PIT,,,,,,WR/FLEX
80480-91225,RB,Kylin,Kylin Hill,Hill,0.425000012,8,4600,CHI@GB,GB,CHI,NA,Knee - acl,,,,RB/FLEX
80480-103539,WR,Wan'Dale,Wan'Dale Robinson,Robinson,1,1,4600,CAR@NYG,NYG,CAR,Q,Knee,,,,WR/FLEX
80480-89220,WR,Tyquan,Tyquan Thornton,Thornton,,,4600,NE@PIT,NE,PIT,IR,Collarbone,,,,WR/FLEX
80480-54472,WR,Cam,Cam Sims,Sims,0,1,4600,WAS@DET,WAS,DET,,,,,,WR/FLEX
80480-25813,WR,Phillip,Phillip Dorsett II,Dorsett II,0,1,4600,HOU@DEN,HOU,DEN,,,,,,WR/FLEX
80480-93404,RB,Zander,Zander Horvath,Horvath,7.800000191,1,4600,LAC@KC,LAC,KC,,,,,,RB/FLEX
80480-130270,TE,Adam,Adam Trautman,Trautman,4.527272658,11,4600,TB@NO,NO,TB,,,,,,TE/FLEX
80480-91361,RB,Hassan,Hassan Haskins,Haskins,,,4600,TEN@BUF,TEN,BUF,,,,,,RB/FLEX
80480-29949,WR,Marvin,Marvin Hall,Hall,1.5,1,4600,IND@JAC,JAC,IND,,,,,,WR/FLEX
80480-64786,RB,Ryquell,Ryquell Armstead,Armstead,5.550000191,2,4600,IND@JAC,JAC,IND,,,,,,RB/FLEX
80480-64827,WR,Miles,Miles Boykin,Boykin,0,1,4600,NE@PIT,PIT,NE,,,,,,WR/FLEX
80480-93538,WR,Dyami,Dyami Brown,Brown,2.455555598,9,4600,WAS@DET,WAS,DET,,,,,,WR/FLEX
80480-93577,WR,Dazz,Dazz Newsome,Newsome,1.099999984,3,4600,CHI@GB,CHI,GB,,,,,,WR/FLEX
80480-73121,RB,Tony,Tony Jones Jr.,Jones Jr.,1.960000038,10,4600,TB@NO,NO,TB,,,,,,RB/FLEX
80480-64949,WR,Ja'Marcus,Ja'Marcus Bradley,Bradley,2.799999873,3,4600,NYJ@CLE,CLE,NYJ,,,,,,WR/FLEX
80480-114100,RB,Isaiah,Isaiah Spiller,Spiller,,,4600,LAC@KC,LAC,KC,,,,,,RB/FLEX
80480-91578,RB,Zamir,Zamir White,White,,,4600,ARI@LV,LV,ARI,,,,,,RB/FLEX
80480-112062,WR,Skyy,Skyy Moore,Moore,3.5,1,4600,LAC@KC,KC,LAC,,,,,,WR/FLEX
80480-87515,WR,Tylan,Tylan Wallace,Wallace,0,1,4600,MIA@BAL,BAL,MIA,,,,,,WR/FLEX
80480-62967,WR,Preston,Preston Williams,Williams,1.800000032,6,4600,CAR@NYG,CAR,NYG,,,,,,WR/FLEX
80480-73247,RB,Kene,Kene Nwangwu,Nwangwu,0,1,4600,MIN@PHI,MIN,PHI,,,,,,RB/FLEX
80480-60977,RB,Ty'Son,Ty'Son Williams,Williams,5.342857361,7,4600,IND@JAC,IND,JAC,,,,,,RB/FLEX
80480-87657,WR,Seth,Seth Williams,Williams,3.900000095,1,4600,IND@JAC,JAC,IND,,,,,,WR/FLEX
80480-95854,WR,Montrell,Montrell Washington,Washington,0,1,4600,HOU@DEN,DEN,HOU,,,,,,WR/FLEX
80480-38523,TE,Geoff,Geoff Swaim,Swaim,3.400000095,1,4600,TEN@BUF,TEN,BUF,,,,,,TE/FLEX
80480-52897,RB,Darrel,Darrel Williams,Williams,9.494444105,18,4600,ARI@LV,ARI,LV,,,,,,RB/FLEX
80480-85672,WR,Terrace,Terrace Marshall Jr.,Marshall Jr.,2.024999936,12,4600,CAR@NYG,CAR,NYG,,,,,,WR/FLEX
80480-69303,WR,Freddie,Freddie Swain,Swain,4.352941176,17,4600,MIA@BAL,MIA,BAL,,,,,,WR/FLEX
80480-85731,WR,Racey,Racey McMath,McMath,-0.040000001,5,4600,TEN@BUF,TEN,BUF,IR,Undisclosed,,,,WR/FLEX
80480-26458,WR,Tavon,Tavon Austin,Austin,3.28333346,12,4600,TEN@BUF,BUF,TEN,,,,,,WR/FLEX
80480-89970,WR,Amari,Amari Rodgers,Rodgers,0,1,4600,CHI@GB,GB,CHI,,,,,,WR/FLEX
80480-92093,WR,Jaelon,Jaelon Darden,Darden,0.200000003,1,4600,TB@NO,TB,NO,,,,,,WR/FLEX
80480-30678,WR,Damiere,Damiere Byrd,Byrd,4.718181957,11,4600,ATL@LAR,ATL,LAR,,,,,,WR/FLEX
80480-104424,RB,Craig,Craig Reynolds,Reynolds,6.340000153,5,4600,WAS@DET,DET,WAS,,,,,,RB/FLEX
80480-57342,WR,Tre'Quan,Tre'Quan Smith,Smith,7.169999695,10,4600,TB@NO,NO,TB,Q,Shoulder,,,,WR/FLEX
80480-169990,WR,Cyrus,Cyrus Holder,Holder,,,4500,CHI@GB,CHI,GB,,,,,,WR/FLEX
80480-169991,WR,Landon,Landon Lenoir,Lenoir,,,4500,CHI@GB,CHI,GB,,,,,,WR/FLEX
80480-169989,WR,Henry,Henry Litwin,Litwin,,,4500,CHI@GB,CHI,GB,,,,,,WR/FLEX
80480-40977,TE,Ricky,Ricky Seals-Jones,Seals-Jones,4.918181679,11,4500,CAR@NYG,NYG,CAR,Q,Toe,,,,TE/FLEX
80480-170000,WR,Shemar,Shemar Bridges,Bridges,,,4500,MIA@BAL,BAL,MIA,Q,Undisclosed,,,,WR/FLEX
80480-55323,RB,Jaylen,Jaylen Samuels,Samuels,1.266666651,3,4500,ARI@LV,ARI,LV,,,,,,RB/FLEX
80480-86047,RB,Malik,Malik Davis,Davis,,,4500,CIN@DAL,DAL,CIN,,,,,,RB/FLEX
80480-133163,WR,Ra'Shaun,Ra'Shaun Henry,Henry,,,4500,CAR@NYG,CAR,NYG,,,,,,WR/FLEX
80480-63550,WR,Isaiah,Isaiah Zuber,Zuber,,,4500,ARI@LV,LV,ARI,,,,,,WR/FLEX
80480-94277,WR,Thomas,Thomas Hennigan,Hennigan,,,4500,MIN@PHI,MIN,PHI,IR,Undisclosed,,,,WR/FLEX
80480-55366,RB,Qadree,Qadree Ollison,Ollison,2.950000127,6,4500,CIN@DAL,DAL,CIN,,,,,,RB/FLEX
80480-71756,WR,Aaron,Aaron Fuller,Fuller,,,4500,SEA@SF,SEA,SF,,,,,,WR/FLEX
80480-41042,WR,Marcell,Marcell Ateman,Ateman,,,4500,ARI@LV,ARI,LV,,,,,,WR/FLEX
80480-57432,WR,Cameron,Cameron Batson,Batson,2.5,4,4500,ATL@LAR,ATL,LAR,,,,,,WR/FLEX
80480-63576,WR,Kirk,Kirk Merritt,Merritt,1.799999952,1,4500,TB@NO,NO,TB,,,,,,WR/FLEX
80480-65627,WR,Maurice,Maurice Alexander,Alexander,,,4500,WAS@DET,DET,WAS,,,,,,WR/FLEX
80480-94310,WR,Malik,Malik Williams,Williams,,,4500,TEN@BUF,BUF,TEN,,,,,,WR/FLEX
80480-86125,WR,Brandon,Brandon Smith,Smith,,,4500,CIN@DAL,DAL,CIN,,,,,,WR/FLEX
80480-79982,RB,Alex,Alex Armah,Armah,1.449999968,6,4500,WAS@DET,WAS,DET,Q,Undisclosed,,,,RB/FLEX
80480-79987,WR,David,David Moore,Moore,0,2,4500,CHI@GB,CHI,GB,IR,Lower leg,,,,WR/FLEX
80480-61555,WR,David,David Sills V,Sills V,0.675000012,4,4500,CAR@NYG,NYG,CAR,,,,,,WR/FLEX
80480-63603,WR,Jared,Jared Pinkney,Pinkney,,,4500,ATL@LAR,LAR,ATL,,,,,,WR/FLEX
80480-30837,WR,Jordan,Jordan Matthews,Matthews,,,4500,SEA@SF,SF,SEA,IR,Knee - acl,,,,WR/FLEX
80480-55414,WR,Cody,Cody Thompson,Thompson,,,4500,SEA@SF,SEA,SF,IR,Shoulder,,,,WR/FLEX
80480-69752,WR,Jalen,Jalen Virgil,Virgil,,,4500,HOU@DEN,DEN,HOU,,,,,,WR/FLEX
80480-104577,WR,Gunner,Gunner Olszewski,Olszewski,0,1,4500,NE@PIT,PIT,NE,,,,,,WR/FLEX
80480-84101,WR,Vyncint,Vyncint Smith,Smith,0,1,4500,HOU@DEN,DEN,HOU,,,,,,WR/FLEX
80480-69769,RB,Darius,Darius Bradwell,Bradwell,0,1,4500,CAR@NYG,CAR,NYG,,,,,,RB/FLEX
80480-71821,WR,Joe,Joe Reed,Reed,,,4500,LAC@KC,LAC,KC,,,,,,WR/FLEX
80480-112790,WR,Trevon,Trevon Clark,Clark,,,4500,MIA@BAL,BAL,MIA,,,,,,WR/FLEX
80480-86173,RB,Mekhi,Mekhi Sargent,Sargent,0.275000006,4,4500,IND@JAC,JAC,IND,,,,,,RB/FLEX
80480-63646,WR,Lawrence,Lawrence Cager,Cager,0,1,4500,NYJ@CLE,NYJ,CLE,,,,,,WR/FLEX
80480-84137,WR,Deontez,Deontez Alexander,Alexander,,,4500,SEA@SF,SEA,SF,,,,,,WR/FLEX
80480-61610,RB,Jacques,Jacques Patrick,Patrick,1.200000048,1,4500,CIN@DAL,CIN,DAL,,,,,,RB/FLEX
80480-65724,RB,JaMycal,JaMycal Hasty,Hasty,2.792857034,14,4500,IND@JAC,JAC,IND,,,,,,RB/FLEX
80480-61631,WR,Bisi,Bisi Johnson,Johnson,,,4500,MIN@PHI,MIN,PHI,IR,Knee - acl,,,,WR/FLEX
80480-170184,RB,Julius,Julius Chestnut,Chestnut,,,4500,TEN@BUF,TEN,BUF,,,,,,RB/FLEX
80480-170190,WR,Isaiah,Isaiah Weston,Weston,,,4500,NYJ@CLE,CLE,NYJ,IR,Knee,,,,WR/FLEX
80480-69836,WR,Collin,Collin Johnson,Johnson,2.285714286,7,4500,CAR@NYG,NYG,CAR,IR,Achilles,,,,WR/FLEX
80480-149717,RB,JaQuan,JaQuan Hardy,Hardy,4.449999809,2,4500,HOU@DEN,DEN,HOU,,,,,,RB/FLEX
80480-28890,RB,Derek,Derek Watt,Watt,0.619999981,5,4500,NE@PIT,PIT,NE,,,,,,RB/FLEX
80480-170208,WR,Kaden,Kaden Davis,Davis,,,4500,HOU@DEN,DEN,HOU,,,,,,WR/FLEX
80480-170209,WR,Tyreik,Tyreik McAllister,McAllister,,,4500,HOU@DEN,DEN,HOU,Q,Hamstring,,,,WR/FLEX
80480-63717,RB,Alec,Alec Ingold,Ingold,1.5,1,4500,MIA@BAL,MIA,BAL,,,,,,RB/FLEX
80480-69860,RB,Trayveon,Trayveon Williams,Williams,3,2,4500,CIN@DAL,CIN,DAL,,,,,,RB/FLEX
80480-170213,RB,Aaron,Aaron Shampklin,Shampklin,,,4500,CIN@DAL,DAL,CIN,Q,Ankle,,,,RB/FLEX
80480-170219,WR,Kevin,Kevin Kassis,Kassis,,,4500,SEA@SF,SEA,SF,,,,,,WR/FLEX
80480-28907,WR,Alex,Alex Erickson,Erickson,0.583333333,12,4500,WAS@DET,WAS,DET,,,,,,WR/FLEX
80480-88307,RB,Tayon,Tayon Fleet-Davis,Fleet-Davis,,,4500,LAC@KC,KC,LAC,,,,,,RB/FLEX
80480-94453,RB,Darwin,Darwin Thompson,Thompson,,,4500,SEA@SF,SEA,SF,,,,,,RB/FLEX
80480-12533,D,Green Bay,Green Bay Packers,Packers,1,1,4500,CHI@GB,GB,CHI,,,,,,DEF
80480-45307,WR,Rodney,Rodney Adams,Adams,0,1,4500,NYJ@CLE,NYJ,CLE,IR,Illness,,,,WR/FLEX
80480-69884,RB,Darius,Darius Anderson,Anderson,,,4500,HOU@DEN,HOU,DEN,IR,Knee,,,,RB/FLEX
80480-71935,WR,Kendric,Kendric Pryor,Pryor,,,4500,IND@JAC,JAC,IND,,,,,,WR/FLEX
80480-94468,WR,Savon,Savon Scarver,Scarver,,,4500,CHI@GB,CHI,GB,,,,,,WR/FLEX
80480-12555,D,Baltimore,Baltimore Ravens,Ravens,11,1,4500,MIA@BAL,BAL,MIA,,,,,,DEF
80480-90380,WR,Neil,Neil Pau'u,Pau'u,,,4500,TEN@BUF,BUF,TEN,,,,,,WR/FLEX
80480-94481,WR,Deven,Deven Thompkins,Thompkins,,,4500,TB@NO,TB,NO,,,,,,WR/FLEX
80480-102696,WR,John,John Metchie III,Metchie III,,,4500,HOU@DEN,HOU,DEN,IR,Illness,,,,WR/FLEX
80480-170287,WR,Rashid,Rashid Shaheed,Shaheed,,,4500,TB@NO,NO,TB,,,,,,WR/FLEX
80480-57651,WR,Travis,Travis Fulgham,Fulgham,,,4500,CHI@GB,GB,CHI,,,,,,WR/FLEX
80480-45371,WR,Darius,Darius Phillips,Phillips,-0.363636364,11,4500,HOU@DEN,DEN,HOU,,,,,,WR/FLEX
80480-102721,WR,Dontario,Dontario Drummond,Drummond,,,4500,CIN@DAL,DAL,CIN,,,,,,WR/FLEX
80480-102729,RB,Snoop,Snoop Conner,Conner,,,4500,IND@JAC,JAC,IND,,,,,,RB/FLEX
80480-90458,RB,Troy,Troy Hairston,Hairston,1,1,4500,HOU@DEN,HOU,DEN,,,,,,RB/FLEX
80480-102762,RB,Kevin,Kevin Harris,Harris,,,4500,NE@PIT,NE,PIT,,,,,,RB/FLEX
80480-88430,RB,CJ,CJ Verdell,Verdell,,,4500,IND@JAC,IND,JAC,,,,,,RB/FLEX
80480-90487,WR,Kalil,Kalil Pimpleton,Pimpleton,,,4500,CAR@NYG,NYG,CAR,,,,,,WR/FLEX
80480-92545,RB,Keaontay,Keaontay Ingram,Ingram,,,4500,ARI@LV,ARI,LV,,,,,,RB/FLEX
80480-70023,WR,Cornell,Cornell Powell,Powell,,,4500,LAC@KC,KC,LAC,,,,,,WR/FLEX
80480-47501,WR,Marken,Marken Michel,Michel,,,4500,WAS@DET,WAS,DET,,,,,,WR/FLEX
80480-53646,WR,Austin,Austin Proehl,Proehl,,,4500,CAR@NYG,NYG,CAR,Q,Undisclosed,,,,WR/FLEX
80480-88463,WR,Johnny,Johnny Johnson III,Johnson III,,,4500,HOU@DEN,HOU,DEN,,,,,,WR/FLEX
80480-102802,WR,Makai,Makai Polk,Polk,,,4500,MIA@BAL,BAL,MIA,,,,,,WR/FLEX
80480-90518,WR,Slade,Slade Bolden,Bolden,,,4500,MIA@BAL,BAL,MIA,IR,Undisclosed,,,,WR/FLEX
80480-43416,WR,Trent,Trent Taylor,Taylor,0,1,4500,CIN@DAL,CIN,DAL,Q,Hamstring,,,,WR/FLEX
80480-80281,WR,C.J.,C.J. Board,Board,1.283333302,6,4500,CAR@NYG,NYG,CAR,,,,,,WR/FLEX
80480-72091,RB,Raymond,Raymond Calais,Calais,,,4500,ATL@LAR,LAR,ATL,,,,,,RB/FLEX
80480-111012,WR,Kaylon,Kaylon Geiger Sr.,Geiger Sr.,,,4500,TB@NO,TB,NO,,,,,,WR/FLEX
80480-72103,RB,Trey,Trey Ragas,Ragas,2.5,1,4500,ATL@LAR,LAR,ATL,,,,,,RB/FLEX
80480-80299,RB,Patrick,Patrick Ricard,Ricard,1.200000048,1,4500,MIA@BAL,BAL,MIA,Q,Calf,,,,RB/FLEX
80480-63919,WR,Bailey,Bailey Gaither,Gaither,,,4500,CAR@NYG,NYG,CAR,,,,,,WR/FLEX
80480-92590,RB,Raheem,Raheem Blackshear,Blackshear,,,4500,TEN@BUF,BUF,TEN,,,,,,RB/FLEX
80480-72122,WR,Jake,Jake Herslow,Herslow,,,4500,SEA@SF,SEA,SF,,,,,,WR/FLEX
80480-55750,WR,Chris,Chris Lacy,Lacy,,,4500,ARI@LV,LV,ARI,,,,,,WR/FLEX
80480-72135,WR,T.J.,T.J. Vasher,Vasher,,,4500,CIN@DAL,DAL,CIN,,,,,,WR/FLEX
80480-86472,WR,John,John Hightower,Hightower,0,1,4500,MIN@PHI,PHI,MIN,,,,,,WR/FLEX
80480-96714,WR,Travis,Travis Toivonen,Toivonen,,,4500,MIN@PHI,MIN,PHI,,,,,,WR/FLEX
80480-88525,WR,Kawaan,Kawaan Baker,Baker,,,4500,TB@NO,NO,TB,IR,Suspension,,,,WR/FLEX
80480-31184,RB,Jonathan,Jonathan Williams,Williams,3.740000153,5,4500,WAS@DET,WAS,DET,,,,,,RB/FLEX
80480-109015,WR,Keric,Keric Wheatfall,Wheatfall,,,4500,MIN@PHI,PHI,MIN,Q,Undisclosed,,,,WR/FLEX
80480-14820,RB,Nick,Nick Bellore,Bellore,0.899999976,1,4500,SEA@SF,SEA,SF,,,,,,RB/FLEX
80480-152042,WR,Drew,Drew Estrada,Estrada,,,4500,HOU@DEN,HOU,DEN,Q,Leg,,,,WR/FLEX
80480-72174,WR,Andrew,Andrew Parchment,Parchment,,,4500,CAR@NYG,CAR,NYG,Q,Undisclosed,,,,WR/FLEX
80480-113138,WR,Talolo,Talolo Limu-Jones,Limu-Jones,,,4500,CAR@NYG,CAR,NYG,,,,,,WR/FLEX
80480-70133,RB,Jake,Jake Funk,Funk,0.2,5,4500,ATL@LAR,LAR,ATL,,,,,,RB/FLEX
80480-39428,RB,Kyle,Kyle Juszczyk,Juszczyk,0,1,4500,SEA@SF,SF,SEA,,,,,,RB/FLEX
80480-86543,WR,Erik,Erik Ezukanma,Ezukanma,,,4500,MIA@BAL,MIA,BAL,,,,,,WR/FLEX
80480-88590,RB,Scottie,Scottie Phillips,Phillips,1.600000024,2,4500,HOU@DEN,HOU,DEN,,,,,,RB/FLEX
80480-88607,WR,Braylon,Braylon Sanders,Sanders,,,4500,MIA@BAL,MIA,BAL,,,,,,WR/FLEX
80480-96798,RB,Josh,Josh Johnson,Johnson,,,4500,SEA@SF,SEA,SF,Q,Undisclosed,,,,RB/FLEX
80480-72235,WR,Damon,Damon Hazelton,Hazelton,,,4500,HOU@DEN,HOU,DEN,,,,,,WR/FLEX
80480-160306,RB,Pierre,Pierre Strong Jr.,Strong Jr.,,,4500,NE@PIT,NE,PIT,Q,Shoulder,,,,RB/FLEX
80480-57909,RB,Marlon,Marlon Mack,Mack,2.379999924,5,4500,SEA@SF,SF,SEA,,,,,,RB/FLEX
80480-70206,RB,Jason,Jason Huntley,Huntley,5.099999905,1,4500,NE@PIT,PIT,NE,,,,,,RB/FLEX
80480-150090,WR,Cade,Cade Johnson,Johnson,,,4500,SEA@SF,SEA,SF,,,,,,WR/FLEX
80480-86614,RB,Jeremiah,Jeremiah Hall,Hall,,,4500,CAR@NYG,NYG,CAR,,,,,,RB/FLEX
80480-62042,WR,Deon,Deon Cain,Cain,,,4500,MIN@PHI,PHI,MIN,,,,,,WR/FLEX
80480-27229,RB,Ameer,Ameer Abdullah,Abdullah,0,1,4500,ARI@LV,LV,ARI,,,,,,RB/FLEX
80480-86635,WR,Charleston,Charleston Rambo,Rambo,,,4500,CAR@NYG,CAR,NYG,,,,,,WR/FLEX
80480-86634,RB,TJ,TJ Pledger,Pledger,,,4500,ARI@LV,ARI,LV,,,,,,RB/FLEX
80480-88685,WR,Austin,Austin Trammell,Trammell,,,4500,ATL@LAR,LAR,ATL,,,,,,WR/FLEX
80480-86646,RB,Trey,Trey Sermon,Sermon,5.359999847,5,4500,MIN@PHI,PHI,MIN,,,,,,RB/FLEX
80480-86657,RB,Kennedy,Kennedy Brooks,Brooks,,,4500,MIN@PHI,PHI,MIN,,,,,,RB/FLEX
80480-88707,RB,Kevin,Kevin Marks Jr.,Marks Jr.,,,4500,LAC@KC,LAC,KC,,,,,,RB/FLEX
80480-55941,RB,Patrick,Patrick Laird,Laird,1.199999968,3,4500,TB@NO,TB,NO,,,,,,RB/FLEX
80480-27273,RB,Andy,Andy Janovich,Janovich,2.079999924,5,4500,HOU@DEN,HOU,DEN,,,,,,RB/FLEX
80480-94864,RB,Jashaun,Jashaun Corbin,Corbin,,,4500,CAR@NYG,NYG,CAR,,,,,,RB/FLEX
80480-64147,WR,Britain,Britain Covey,Covey,0,1,4500,MIN@PHI,PHI,MIN,,,,,,WR/FLEX
80480-23194,WR,Josh,Josh Gordon,Gordon,1.299999979,9,4500,TEN@BUF,TEN,BUF,,,,,,WR/FLEX
80480-29357,RB,Kenjon,Kenjon Barner,Barner,0,3,4500,TB@NO,TB,NO,IR,Undisclosed,,,,RB/FLEX
80480-96942,WR,Keelan,Keelan Doss,Doss,,,4500,CAR@NYG,NYG,CAR,,,,,,WR/FLEX
80480-92859,WR,Jalen,Jalen Nailor,Nailor,,,4500,MIN@PHI,MIN,PHI,,,,,,WR/FLEX
80480-72382,RB,Gabe,Gabe Nabers,Nabers,0.8,5,4500,LAC@KC,LAC,KC,,,,,,RB/FLEX
80480-139971,WR,Jerreth,Jerreth Sterns,Sterns,,,4500,TB@NO,TB,NO,,,,,,WR/FLEX
80480-80584,WR,Lance,Lance Lenoir,Lenoir,,,4500,MIN@PHI,PHI,MIN,Q,Undisclosed,,,,WR/FLEX
80480-88776,WR,Ty,Ty Fryfogle,Fryfogle,,,4500,CIN@DAL,DAL,CIN,Q,Undisclosed,,,,WR/FLEX
80480-53967,RB,Nick,Nick Bawden,Bawden,2.5,1,4500,NYJ@CLE,NYJ,CLE,IR,Undisclosed,,,,RB/FLEX
80480-88793,RB,Stevie,Stevie Scott III,Scott III,,,4500,HOU@DEN,DEN,HOU,,,,,,RB/FLEX
80480-92890,WR,Cody,Cody White,White,1.933333397,3,4500,NE@PIT,PIT,NE,,,,,,WR/FLEX
80480-64222,RB,Jordan,Jordan Glasgow,Glasgow,,,4500,IND@JAC,IND,JAC,Q,Undisclosed,,,,RB/FLEX
80480-56041,RB,Khari,Khari Blasingame,Blasingame,0,4,4500,CHI@GB,CHI,GB,,,,,,RB/FLEX
80480-72427,WR,Kwamie,Kwamie Lassiter II,Lassiter II,,,4500,CIN@DAL,CIN,DAL,,,,,,WR/FLEX
80480-64242,WR,Keke,Keke Coutee,Coutee,1,1,4500,IND@JAC,IND,JAC,,,,,,WR/FLEX
80480-90870,WR,Calvin,Calvin Austin III,Austin III,,,4500,NE@PIT,PIT,NE,IR,Foot,,,,WR/FLEX
80480-86780,RB,Salvon,Salvon Ahmed,Ahmed,2.963636225,11,4500,MIA@BAL,MIA,BAL,Q,Heel,,,,RB/FLEX
80480-94975,WR,Stephon,Stephon Robinson Jr.,Robinson Jr.,,,4500,ARI@LV,ARI,LV,,,,,,WR/FLEX
80480-41741,WR,DaeSean,DaeSean Hamilton,Hamilton,,,4500,HOU@DEN,HOU,DEN,Q,Knee,,,,WR/FLEX
80480-94993,RB,Pooka,Pooka Williams Jr.,Williams Jr.,0,1,4500,CIN@DAL,CIN,DAL,,,,,,RB/FLEX
80480-111377,RB,De'Montre,De'Montre Tuggle,Tuggle,,,4500,CHI@GB,CHI,GB,,,,,,RB/FLEX
80480-31524,WR,Cody,Cody Core,Core,,,4500,MIA@BAL,MIA,BAL,Q,Undisclosed,,,,WR/FLEX
80480-72493,WR,Trishton,Trishton Jackson,Jackson,,,4500,MIN@PHI,MIN,PHI,,,,,,WR/FLEX
80480-158520,WR,Daylen,Daylen Baldwin,Baldwin,,,4500,NYJ@CLE,CLE,NYJ,,,,,,WR/FLEX
80480-41806,WR,Laquon,Laquon Treadwell,Treadwell,5.491666794,12,4500,NE@PIT,NE,PIT,,,,,,WR/FLEX
80480-72531,WR,Taysir,Taysir Mack,Mack,,,4500,SEA@SF,SF,SEA,,,,,,WR/FLEX
80480-88915,RB,Bryant,Bryant Koback,Koback,,,4500,MIN@PHI,MIN,PHI,,,,,,RB/FLEX
80480-103252,RB,Zonovan,Zonovan Knight,Knight,,,4500,NYJ@CLE,NYJ,CLE,,,,,,RB/FLEX
80480-93016,RB,B.J.,B.J. Baylor,Baylor,,,4500,ATL@LAR,ATL,LAR,,,,,,RB/FLEX
80480-86875,RB,Jordan,Jordan Mason,Mason,,,4500,SEA@SF,SF,SEA,,,,,,RB/FLEX
80480-70501,RB,C.J.,C.J. Ham,Ham,1.100000024,1,4500,MIN@PHI,MIN,PHI,,,,,,RB/FLEX
80480-95092,WR,Tyler,Tyler Snead,Snead,,,4500,NE@PIT,PIT,NE,,,,,,WR/FLEX
80480-93055,WR,Isaiah,Isaiah Hodgins,Hodgins,,,4500,TEN@BUF,BUF,TEN,,,,,,WR/FLEX
80480-70531,WR,Jack,Jack Sorenson,Sorenson,,,4500,CIN@DAL,CIN,DAL,,,,,,WR/FLEX
80480-91012,RB,Greg,Greg Bell,Bell,,,4500,WAS@DET,DET,WAS,IR,Hamstring,,,,RB/FLEX
80480-43912,WR,Chad,Chad Beebe,Beebe,,,4500,HOU@DEN,HOU,DEN,,,,,,WR/FLEX
80480-41867,RB,Jordan,Jordan Wilkins,Wilkins,0,1,4500,TEN@BUF,TEN,BUF,,,,,,RB/FLEX
80480-45964,WR,Marcus,Marcus Kemp,Kemp,0.680000019,5,4500,CAR@NYG,NYG,CAR,Q,Hamstring,,,,WR/FLEX
80480-64403,WR,Irvin,Irvin Charles,Charles,,,4500,NYJ@CLE,NYJ,CLE,,,,,,WR/FLEX
80480-64405,WR,Dan,Dan Chisena,Chisena,,,4500,MIN@PHI,MIN,PHI,Q,Lower leg,,,,WR/FLEX
80480-88995,WR,Reggie,Reggie Roberson Jr.,Roberson Jr.,,,4500,TEN@BUF,TEN,BUF,,,,,,WR/FLEX
80480-91046,TE,Brock,Brock Wright,Wright,4.242857252,7,4500,WAS@DET,DET,WAS,,,,,,TE/FLEX
80480-45997,WR,Keith,Keith Kirkwood,Kirkwood,1.066666683,3,4500,CAR@NYG,CAR,NYG,,,,,,WR/FLEX
80480-91055,WR,Kevin,Kevin Austin Jr.,Austin Jr.,,,4500,IND@JAC,JAC,IND,,,,,,WR/FLEX
80480-93112,RB,Mataeo,Mataeo Durant,Durant,,,4500,NE@PIT,PIT,NE,,,,,,RB/FLEX
80480-103352,RB,Christian,Christian Wade,Wade,,,4500,TEN@BUF,BUF,TEN,,,,,,RB/FLEX
80480-43973,RB,Keith,Keith Smith,Smith,1.199999983,11,4500,ATL@LAR,ATL,LAR,,,,,,RB/FLEX
80480-86984,WR,Devon,Devon Williams,Williams,,,4500,MIA@BAL,BAL,MIA,,,,,,WR/FLEX
80480-91085,WR,Michael,Michael Young Jr.,Young Jr.,,,4500,IND@JAC,IND,JAC,,,,,,WR/FLEX
80480-93134,RB,Deon,Deon Jackson,Jackson,3.03333346,3,4500,IND@JAC,IND,JAC,,,,,,RB/FLEX
80480-138189,WR,Changa,Changa Hodge,Hodge,,,4500,ARI@LV,ARI,LV,,,,,,WR/FLEX
80480-41936,WR,Anthony,Anthony Miller,Miller,3.833333333,3,4500,NE@PIT,PIT,NE,IR,Shoulder,,,,WR/FLEX
80480-91101,TE,Tommy,Tommy Tremble,Tremble,0.600000024,1,4500,CAR@NYG,CAR,NYG,,,,,,TE/FLEX
80480-56289,RB,Jason,Jason Cabinda,Cabinda,1.699999946,7,4500,WAS@DET,DET,WAS,NA,Ankle,,,,RB/FLEX
80480-41954,WR,Victor,Victor Bolden Jr.,Bolden Jr.,,,4500,ARI@LV,ARI,LV,O,Undisclosed,,,,WR/FLEX
80480-31732,WR,Corey,Corey Coleman,Coleman,,,4500,LAC@KC,KC,LAC,,,,,,WR/FLEX
80480-93187,RB,D'vonte,D'vonte Price,Price,,,4500,IND@JAC,IND,JAC,,,,,,RB/FLEX
80480-70661,WR,Velus,Velus Jones Jr.,Jones Jr.,,,4500,CHI@GB,CHI,GB,Q,Hamstring,,,,WR/FLEX
80480-70663,WR,Frank,Frank Darby,Darby,0.949999988,2,4500,ATL@LAR,ATL,LAR,,,,,,WR/FLEX
80480-70662,WR,Tyler,Tyler Vaughns,Vaughns,,,4500,NE@PIT,PIT,NE,,,,,,WR/FLEX
80480-41997,WR,River,River Cracraft,Cracraft,,,4500,MIA@BAL,MIA,BAL,,,,,,WR/FLEX
80480-111631,WR,Jameson,Jameson Williams,Williams,,,4500,WAS@DET,DET,WAS,IR,Knee - acl,,,,WR/FLEX
80480-27671,WR,Jake,Jake Kumerow,Kumerow,0.75999999,5,4500,TEN@BUF,BUF,TEN,,,,,,WR/FLEX
80480-70680,WR,Jalen,Jalen Camp,Camp,,,4500,HOU@DEN,HOU,DEN,,,,,,WR/FLEX
80480-56356,WR,Isaiah,Isaiah Ford,Ford,3.409999847,10,4500,IND@JAC,IND,JAC,,,,,,WR/FLEX
80480-89127,WR,Justin,Justin Hall,Hall,,,4500,ARI@LV,LV,ARI,,,,,,WR/FLEX
80480-154661,WR,Michael,Michael Bandy,Bandy,0,1,4500,LAC@KC,LAC,KC,,,,,,WR/FLEX
80480-64555,WR,Calvin,Calvin Ridley,Ridley,11.11999969,5,4500,ATL@LAR,ATL,LAR,IR,Suspension,,,,WR/FLEX
80480-152631,WR,Samori,Samori Toure,Toure,,,4500,CHI@GB,GB,CHI,,,,,,WR/FLEX
80480-42046,TE,Durham,Durham Smythe,Smythe,1.899999976,1,4500,MIA@BAL,MIA,BAL,,,,,,TE/FLEX
80480-64575,RB,Derrick,Derrick Gore,Gore,5.822222392,9,4500,LAC@KC,KC,LAC,Q,Thumb,,,,RB/FLEX
80480-89157,RB,Caleb,Caleb Huntley,Huntley,,,4500,ATL@LAR,ATL,LAR,,,,,,RB/FLEX
80480-27721,WR,Justin,Justin Hardee Sr.,Hardee Sr.,,,4500,NYJ@CLE,NYJ,CLE,,,,,,WR/FLEX
80480-87112,WR,Josh,Josh Ali,Ali,,,4500,ATL@LAR,ATL,LAR,,,,,,WR/FLEX
80480-68685,WR,Austin,Austin Mack,Mack,,,4500,SEA@SF,SF,SEA,Q,Hamstring,,,,WR/FLEX
80480-72780,RB,Josh,Josh Hokit,Hokit,,,4500,ARI@LV,ARI,LV,,,,,,RB/FLEX
80480-68686,WR,C.J.,C.J. Saunders,Saunders,2.099999905,1,4500,CAR@NYG,CAR,NYG,,,,,,WR/FLEX
80480-89172,RB,John,John Lovett,Lovett,,,4500,CAR@NYG,CAR,NYG,,,,,,RB/FLEX
80480-68694,RB,Antonio,Antonio Williams,Williams,,,4500,CAR@NYG,NYG,CAR,,,,,,RB/FLEX
80480-64627,WR,Scotty,Scotty Washington,Washington,,,4500,CIN@DAL,CIN,DAL,,,,,,WR/FLEX
80480-89209,RB,Trestan,Trestan Ebner,Ebner,0,1,4500,CHI@GB,CHI,GB,,,,,,RB/FLEX
80480-64634,WR,Alex,Alex Bachman,Bachman,-0.300000012,1,4500,CAR@NYG,NYG,CAR,,,,,,WR/FLEX
80480-42107,WR,Robert,Robert Foster,Foster,,,4500,CAR@NYG,NYG,CAR,Q,Hamstring,,,,WR/FLEX
80480-89214,RB,Abram,Abram Smith,Smith,,,4500,TB@NO,NO,TB,,,,,,RB/FLEX
80480-111756,WR,JaVonta,JaVonta Payton,Payton,,,4500,ARI@LV,ARI,LV,,,,,,WR/FLEX
80480-83086,WR,Daurice,Daurice Fountain,Fountain,,,4500,LAC@KC,KC,LAC,,,,,,WR/FLEX
80480-83091,RB,Trenton,Trenton Cannon,Cannon,0,1,4500,TEN@BUF,TEN,BUF,,,,,,RB/FLEX
80480-105648,RB,Tyler,Tyler Goodson,Goodson,,,4500,CHI@GB,GB,CHI,,,,,,RB/FLEX
80480-52409,RB,Jakob,Jakob Johnson,Johnson,0.600000024,1,4500,ARI@LV,LV,ARI,,,,,,RB/FLEX
80480-89272,RB,ZaQuandre,ZaQuandre White,White,,,4500,MIA@BAL,MIA,BAL,,,,,,RB/FLEX
80480-52410,WR,Josh,Josh Malone,Malone,,,4500,TEN@BUF,TEN,BUF,,,,,,WR/FLEX
80480-40148,WR,Ishmael,Ishmael Hyman,Hyman,,,4500,CHI@GB,GB,CHI,Q,Undisclosed,,,,WR/FLEX
80480-70868,RB,Damarea,Damarea Crockett,Crockett,0.699999988,1,4500,HOU@DEN,DEN,HOU,IR,Knee - acl,,,,RB/FLEX
80480-48344,WR,Albert,Albert Wilson,Wilson,3.55,10,4500,MIN@PHI,MIN,PHI,,,,,,WR/FLEX
80480-130265,WR,John,John Hurst,Hurst,,,4500,IND@JAC,IND,JAC,Q,Ankle,,,,WR/FLEX
80480-95455,WR,D.J.,D.J. Montgomery,Montgomery,5.099999905,1,4500,IND@JAC,IND,JAC,,,,,,WR/FLEX
80480-130275,WR,Kristian,Kristian Wilkerson,Wilkerson,18.20000076,1,4500,NE@PIT,NE,PIT,IR,Concussion,,,,WR/FLEX
80480-130274,WR,Isaiah,Isaiah Coulter,Coulter,0,1,4500,CHI@GB,CHI,GB,,,,,,WR/FLEX
80480-130276,WR,Mason,Mason Kinsey,Kinsey,,,4500,TEN@BUF,TEN,BUF,,,,,,WR/FLEX
80480-130279,WR,Matt,Matt Cole,Cole,,,4500,WAS@DET,WAS,DET,,,,,,WR/FLEX
80480-25837,RB,Duke,Duke Johnson,Johnson,11.41999969,5,4500,TEN@BUF,BUF,TEN,,,,,,RB/FLEX
80480-70892,RB,A.J.,A.J. Rose Jr.,Rose Jr.,,,4500,ATL@LAR,LAR,ATL,,,,,,RB/FLEX
80480-101614,WR,Brandon,Brandon Lewis,Lewis,,,4500,TEN@BUF,TEN,BUF,,,,,,WR/FLEX
80480-11504,WR,Andre,Andre Roberts,Roberts,0,1,4500,CAR@NYG,CAR,NYG,IR,Knee - pcl,,,,WR/FLEX
80480-56580,WR,Christian,Christian Blake,Blake,0.642857143,7,4500,NE@PIT,PIT,NE,,,,,,WR/FLEX
80480-130309,WR,J.J.,J.J. Koski,Koski,-0.666666667,3,4500,ATL@LAR,LAR,ATL,IR,Shoulder,,,,WR/FLEX
80480-130317,WR,Juwan,Juwan Green,Green,,,4500,TEN@BUF,TEN,BUF,,,,,,WR/FLEX
80480-130320,WR,Aaron,Aaron Parker,Parker,,,4500,LAC@KC,KC,LAC,,,,,,WR/FLEX
80480-68890,WR,Devin,Devin Gray,Gray,,,4500,LAC@KC,KC,LAC,,,,,,WR/FLEX
80480-60704,WR,Derrick,Derrick Dillon,Dillon,,,4500,NYJ@CLE,CLE,NYJ,,,,,,WR/FLEX
80480-60705,WR,Tyron,Tyron Johnson,Johnson,0.324999988,8,4500,ARI@LV,LV,ARI,,,,,,WR/FLEX
80480-130336,RB,Sandro,Sandro Platzgummer,Platzgummer,,,4500,CAR@NYG,NYG,CAR,,,,,,RB/FLEX
80480-130338,WR,Rysen,Rysen John,John,,,4500,CHI@GB,CHI,GB,,,,,,WR/FLEX
80480-68901,RB,Gerrid,Gerrid Doaks,Doaks,,,4500,HOU@DEN,HOU,DEN,,,,,,RB/FLEX
80480-91428,WR,Tarik,Tarik Black,Black,1.5,1,4500,NYJ@CLE,NYJ,CLE,,,,,,WR/FLEX
80480-46374,WR,Tanner,Tanner Gentry,Gentry,,,4500,TEN@BUF,BUF,TEN,,,,,,WR/FLEX
80480-91431,RB,Ben,Ben Mason,Mason,,,4500,MIA@BAL,BAL,MIA,,,,,,RB/FLEX
80480-130343,WR,Jeff,Jeff Cotton Jr.,Cotton Jr.,,,4500,ARI@LV,ARI,LV,,,,,,WR/FLEX
80480-64808,TE,Juwan,Juwan Johnson,Johnson,5.300000191,1,4500,TB@NO,NO,TB,,,,,,TE/FLEX
80480-89384,WR,DeMichael,DeMichael Harris,Harris,,,4500,IND@JAC,IND,JAC,,,,,,WR/FLEX
80480-87338,WR,Jaivon,Jaivon Heiligh,Heiligh,,,4500,CIN@DAL,CIN,DAL,,,,,,WR/FLEX
80480-111917,WR,Keshunn,Keshunn Abram,Abram,,,4500,NYJ@CLE,NYJ,CLE,,,,,,WR/FLEX
80480-130350,WR,Jaylon,Jaylon Moore,Moore,,,4500,IND@JAC,JAC,IND,,,,,,WR/FLEX
80480-64828,WR,Chris,Chris Finke,Finke,,,4500,CHI@GB,CHI,GB,,,,,,WR/FLEX
80480-64835,RB,Dexter,Dexter Williams,Williams,,,4500,CHI@GB,GB,CHI,,,,,,RB/FLEX
80480-56648,RB,Jeremy,Jeremy McNichols,McNichols,4.584615267,13,4500,NE@PIT,PIT,NE,IR,Shoulder,,,,RB/FLEX
80480-87371,RB,Ty,Ty Chandler,Chandler,,,4500,MIN@PHI,MIN,PHI,,,,,,RB/FLEX
80480-52560,WR,Geronimo,Geronimo Allison,Allison,0,1,4500,ATL@LAR,ATL,LAR,,,,,,WR/FLEX
80480-103764,WR,Jared,Jared Smart,Smart,,,4500,ARI@LV,ARI,LV,,,,,,WR/FLEX
80480-73046,WR,Tre,Tre Nixon,Nixon,,,4500,NE@PIT,NE,PIT,,,,,,WR/FLEX
80480-89437,WR,Tim,Tim Jones,Jones,,,4500,IND@JAC,JAC,IND,,,,,,WR/FLEX
80480-91504,WR,Blake,Blake Proehl,Proehl,,,4500,MIN@PHI,MIN,PHI,NA,Knee - acl,,,,WR/FLEX
80480-71031,WR,Lil'Jordan,Lil'Jordan Humphrey,Humphrey,6.200000218,7,4500,NE@PIT,NE,PIT,,,,,,WR/FLEX
80480-71039,WR,Kelvin,Kelvin Harmon,Harmon,,,4500,WAS@DET,WAS,DET,,,,,,WR/FLEX
80480-73088,WR,Kekoa,Kekoa Crawford,Crawford,,,4500,IND@JAC,IND,JAC,,,,,,WR/FLEX
80480-73095,WR,Samson,Samson Nacua,Nacua,,,4500,IND@JAC,IND,JAC,,,,,,WR/FLEX
80480-64905,WR,Trenton,Trenton Irwin,Irwin,1.100000024,4,4500,CIN@DAL,CIN,DAL,,,,,,WR/FLEX
80480-64907,WR,J.J.,J.J. Arcega-Whiteside,Arcega-Whiteside,1.149999976,4,4500,SEA@SF,SEA,SF,,,,,,WR/FLEX
80480-56716,WR,Brayden,Brayden Lenius,Lenius,,,4500,ATL@LAR,ATL,LAR,,,,,,WR/FLEX
80480-93594,RB,Leddie,Leddie Brown,Brown,,,4500,LAC@KC,LAC,KC,,,,,,RB/FLEX
80480-73116,WR,Javon,Javon McKinley,McKinley,,,4500,NE@PIT,PIT,NE,Q,Undisclosed,,,,WR/FLEX
80480-64926,WR,Michael,Michael Jacquet III,Jacquet III,,,4500,LAC@KC,LAC,KC,,,,,,WR/FLEX
80480-44449,WR,Willie,Willie Snead IV,Snead IV,0.828571456,7,4500,SEA@SF,SF,SEA,,,,,,WR/FLEX
80480-60838,WR,Andre,Andre Baccellia,Baccellia,,,4500,ARI@LV,ARI,LV,,,,,,WR/FLEX
80480-62891,WR,Omar,Omar Bayless,Bayless,,,4500,LAC@KC,KC,LAC,,,,,,WR/FLEX
80480-40365,WR,Devon,Devon Allen,Allen,,,4500,MIN@PHI,PHI,MIN,,,,,,WR/FLEX
80480-60849,WR,Blake,Blake Lynch,Lynch,,,4500,MIN@PHI,MIN,PHI,,,,,,WR/FLEX
80480-69056,WR,Mathew,Mathew Sexton,Sexton,,,4500,LAC@KC,KC,LAC,Q,Undisclosed,,,,WR/FLEX
80480-26057,RB,Michael,Michael Burton,Burton,1.236363671,11,4500,LAC@KC,KC,LAC,,,,,,RB/FLEX
80480-69068,RB,Jonathan,Jonathan Ward,Ward,1.366666635,6,4500,ARI@LV,ARI,LV,,,,,,RB/FLEX
80480-103896,WR,Nsimba,Nsimba Webster,Webster,0,3,4500,CHI@GB,CHI,GB,,,,,,WR/FLEX
80480-112088,RB,Jerrion,Jerrion Ealy,Ealy,,,4500,LAC@KC,KC,LAC,,,,,,RB/FLEX
80480-103901,WR,Davion,Davion Davis,Davis,1.100000024,2,4500,HOU@DEN,HOU,DEN,Q,Hamstring,,,,WR/FLEX
80480-73180,WR,Binjimen,Binjimen Victor,Victor,,,4500,MIA@BAL,BAL,MIA,,,,,,WR/FLEX
80480-32234,RB,Malcolm,Malcolm Brown,Brown,3.5,6,4500,TB@NO,NO,TB,,,,,,RB/FLEX
80480-32235,WR,Marcus,Marcus Johnson,Johnson,2.899999891,7,4500,CAR@NYG,NYG,CAR,,,,,,WR/FLEX
80480-40434,WR,Greg,Greg Ward,Ward,3.453333325,9,4500,MIN@PHI,PHI,MIN,Q,Toe,,,,WR/FLEX
80480-103930,WR,Derek,Derek Wright,Wright,,,4500,CAR@NYG,CAR,NYG,,,,,,WR/FLEX
80480-22018,WR,Mohamed,Mohamed Sanu Sr.,Sanu Sr.,3.150000095,8,4500,MIA@BAL,MIA,BAL,,,,,,WR/FLEX
80480-60930,RB,Myles,Myles Gaskin,Gaskin,8.770588594,17,4500,MIA@BAL,MIA,BAL,,,,,,RB/FLEX
80480-103943,WR,Trinity,Trinity Benson,Benson,2.185714313,7,4500,WAS@DET,DET,WAS,Q,Undisclosed,,,,WR/FLEX
80480-62994,WR,Steven,Steven Sims Jr.,Sims Jr.,,,4500,NE@PIT,PIT,NE,,,,,,WR/FLEX
80480-69150,WR,Jordan,Jordan Veasy,Veasy,0,1,4500,ARI@LV,LV,ARI,,,,,,WR/FLEX
80480-54817,WR,Diontae,Diontae Spencer,Spencer,-0.25333333,15,4500,NYJ@CLE,NYJ,CLE,,,,,,WR/FLEX
80480-89632,WR,Connor,Connor Wedington,Wedington,,,4500,SEA@SF,SF,SEA,,,,,,WR/FLEX
80480-63025,RB,Nathan,Nathan Cottrell,Cottrell,0.300000012,1,4500,IND@JAC,JAC,IND,Q,Undisclosed,,,,RB/FLEX
80480-69168,WR,N'Keal,N'Keal Harry,Harry,2.239999962,10,4500,CHI@GB,CHI,GB,IR,Ankle,,,,WR/FLEX
80480-128566,WR,Kameron,Kameron Brown,Brown,,,4500,TB@NO,TB,NO,,,,,,WR/FLEX
80480-71228,WR,Marquez,Marquez Stevenson,Stevenson,0,5,4500,TEN@BUF,BUF,TEN,IR,Foot,,,,WR/FLEX
80480-89663,WR,Danny,Danny Davis,Davis,,,4500,CHI@GB,GB,CHI,Q,Ankle,,,,WR/FLEX
80480-128574,RB,Shermari,Shermari Jones,Jones,,,4500,CIN@DAL,CIN,DAL,,,,,,RB/FLEX
80480-87617,WR,Sage,Sage Surratt,Surratt,,,4500,LAC@KC,LAC,KC,Q,Undisclosed,,,,WR/FLEX
80480-93767,WR,Calvin,Calvin Jackson Jr.,Jackson Jr.,,,4500,NYJ@CLE,NYJ,CLE,,,,,,WR/FLEX
80480-71241,WR,Brandon,Brandon Johnson,Johnson,,,4500,HOU@DEN,DEN,HOU,Q,Ankle,,,,WR/FLEX
80480-63050,RB,Ty,Ty Johnson,Johnson,6.666666667,15,4500,NYJ@CLE,NYJ,CLE,,,,,,RB/FLEX
80480-54863,WR,C.J.,C.J. Goodwin,Goodwin,2.099999905,1,4500,CIN@DAL,DAL,CIN,,,,,,WR/FLEX
80480-69205,WR,Trevon,Trevon Bradford,Bradford,,,4500,LAC@KC,LAC,KC,,,,,,WR/FLEX
80480-63061,WR,Gary,Gary Jennings,Jennings,,,4500,LAC@KC,KC,LAC,Q,Concussion,,,,WR/FLEX
80480-93782,WR,Travell,Travell Harris,Harris,,,4500,NYJ@CLE,CLE,NYJ,,,,,,WR/FLEX
80480-104025,RB,John,John Lovett,Lovett,,,4500,MIA@BAL,MIA,BAL,IR,Undisclosed,,,,RB/FLEX
80480-87649,WR,Jaquarii,Jaquarii Roberson,Roberson,,,4500,NE@PIT,PIT,NE,,,,,,WR/FLEX
80480-104041,WR,Myron,Myron Mitchell,Mitchell,,,4500,MIN@PHI,MIN,PHI,,,,,,WR/FLEX
80480-38514,WR,Kevin,Kevin White,White,1.433333397,3,4500,TB@NO,NO,TB,Q,Undisclosed,,,,WR/FLEX
80480-93814,RB,Max,Max Borghi,Borghi,,,4500,NE@PIT,PIT,NE,,,,,,RB/FLEX
80480-104054,RB,Sincere,Sincere McCormick,McCormick,,,4500,ARI@LV,LV,ARI,IR,Undisclosed,,,,RB/FLEX
80480-93824,WR,Easop,Easop Winston,Winston,0.333333333,3,4500,NYJ@CLE,CLE,NYJ,,,,,,WR/FLEX
80480-61060,RB,Devine,Devine Ozigbo,Ozigbo,0.899999976,1,4500,HOU@DEN,DEN,HOU,,,,,,RB/FLEX
80480-85636,WR,Josh,Josh Johnson,Johnson,,,4500,WAS@DET,DET,WAS,Q,Undisclosed,,,,WR/FLEX
80480-91783,WR,Warren,Warren Jackson,Jackson,,,4500,ATL@LAR,LAR,ATL,Q,Undisclosed,,,,WR/FLEX
80480-93845,WR,Tay,Tay Martin,Martin,,,4500,SEA@SF,SF,SEA,,,,,,WR/FLEX
80480-52902,WR,Trey,Trey Quinn,Quinn,,,4500,HOU@DEN,DEN,HOU,,,,,,WR/FLEX
80480-93864,RB,Ricky,Ricky Person Jr.,Person Jr.,,,4500,MIA@BAL,BAL,MIA,IR,Undisclosed,,,,RB/FLEX
80480-7856,WR,Matthew,Matthew Slater,Slater,,,4500,NE@PIT,NE,PIT,,,,,,WR/FLEX
80480-69296,WR,Corey,Corey Sutton,Sutton,,,4500,WAS@DET,DET,WAS,,,,,,WR/FLEX
80480-87731,WR,Dominique,Dominique Robinson,Robinson,,,4500,CHI@GB,CHI,GB,,,,,,WR/FLEX
80480-85687,WR,Jontre,Jontre Kirklin,Kirklin,,,4500,ARI@LV,ARI,LV,,,,,,WR/FLEX
80480-89785,RB,Spencer,Spencer Brown,Brown,,,4500,CAR@NYG,CAR,NYG,Q,Ankle,,,,RB/FLEX
80480-71355,RB,Elijah,Elijah Holyfield,Holyfield,,,4500,CIN@DAL,CIN,DAL,IR,Knee,,,,RB/FLEX
80480-104124,WR,Darrius,Darrius Shepherd,Shepherd,,,4500,HOU@DEN,DEN,HOU,,,,,,WR/FLEX
80480-71359,WR,Javon,Javon Wims,Wims,,,4500,NYJ@CLE,CLE,NYJ,,,,,,WR/FLEX
80480-69310,WR,Josh,Josh Hammond,Hammond,,,4500,NE@PIT,NE,PIT,,,,,,WR/FLEX
80480-71367,RB,La'Mical,La'Mical Perine,Perine,1.549999952,2,4500,MIN@PHI,PHI,MIN,,,,,,RB/FLEX
80480-71372,WR,Tyrie,Tyrie Cleveland,Cleveland,0,1,4500,HOU@DEN,DEN,HOU,,,,,,WR/FLEX
80480-65231,RB,Adam,Adam Prentice,Prentice,0.899999976,4,4500,TB@NO,NO,TB,,,,,,RB/FLEX
80480-81616,WR,Rashard,Rashard Davis,Davis,,,4500,NYJ@CLE,NYJ,CLE,,,,,,WR/FLEX
80480-85714,RB,Tory,Tory Carter,Carter,0,1,4500,TEN@BUF,TEN,BUF,,,,,,RB/FLEX
80480-71382,WR,Osirus,Osirus Mitchell,Mitchell,,,4500,CHI@GB,GB,CHI,IR,Quadriceps,,,,WR/FLEX
80480-69343,WR,Landen,Landen Akers,Akers,,,4500,ATL@LAR,LAR,ATL,,,,,,WR/FLEX
80480-63201,RB,Xavier,Xavier Jones,Jones,,,4500,ATL@LAR,LAR,ATL,Q,Achilles,,,,RB/FLEX
80480-57064,RB,Ryan,Ryan Nall,Nall,0.649999976,2,4500,CIN@DAL,DAL,CIN,Q,Shoulder,,,,RB/FLEX
80480-91897,WR,Ethan,Ethan Fernea,Fernea,,,4500,IND@JAC,IND,JAC,,,,,,WR/FLEX
80480-57091,WR,Tim,Tim Patrick,Patrick,8.118749619,16,4500,HOU@DEN,DEN,HOU,IR,Knee - acl,,,,WR/FLEX
80480-87813,RB,Master,Master Teague III,Teague III,,,4500,NE@PIT,PIT,NE,Q,Ankle,,,,RB/FLEX
80480-69383,WR,Dezmon,Dezmon Patmon,Patmon,2.275000095,4,4500,IND@JAC,IND,JAC,,,,,,WR/FLEX
80480-136970,WR,Danny,Danny Gray,Gray,,,4500,SEA@SF,SF,SEA,,,,,,WR/FLEX
80480-26384,RB,Trey,Trey Edmunds,Edmunds,,,4500,NE@PIT,PIT,NE,,,,,,RB/FLEX
80480-61200,WR,Jaylinn,Jaylinn Hawkins,Hawkins,,,4500,ATL@LAR,ATL,LAR,,,,,,WR/FLEX
80480-40726,RB,Godwin,Godwin Igwebuike,Igwebuike,1.792307634,13,4500,WAS@DET,DET,WAS,,,,,,RB/FLEX
80480-71459,RB,Brittain,Brittain Brown,Brown,,,4500,ARI@LV,LV,ARI,,,,,,RB/FLEX
80480-55088,WR,Malik,Malik Turner,Turner,5,8,4500,SEA@SF,SF,SEA,,,,,,WR/FLEX
80480-71477,WR,Maurice,Maurice Ffrench,Ffrench,0.300000012,1,4500,LAC@KC,LAC,KC,,,,,,WR/FLEX
80480-40758,RB,Corey,Corey Clement,Clement,3.699999946,7,4500,MIA@BAL,BAL,MIA,,,,,,RB/FLEX
80480-38721,RB,Johnny,Johnny Stanton IV,Stanton IV,2.73333327,3,4500,NYJ@CLE,CLE,NYJ,,,,,,RB/FLEX
80480-91971,RB,Ronnie,Ronnie Rivers,Rivers,,,4500,SEA@SF,SEA,SF,,,,,,RB/FLEX
80480-73551,WR,Stantley,Stantley Thomas-Oliver III,Thomas-Oliver III,,,4500,CAR@NYG,CAR,NYG,,,,,,WR/FLEX
80480-71519,WR,Dillon,Dillon Stoner,Stoner,,,4500,ARI@LV,LV,ARI,,,,,,WR/FLEX
80480-104289,WR,Malik,Malik Taylor,Taylor,0.080000001,5,4500,CHI@GB,GB,CHI,IR,Undisclosed,,,,WR/FLEX
80480-104297,WR,Jason,Jason Moore Jr.,Moore Jr.,7.099999905,1,4500,LAC@KC,LAC,KC,,,,,,WR/FLEX
80480-169834,WR,Dareke,Dareke Young,Young,,,4500,SEA@SF,SEA,SF,,,,,,WR/FLEX
80480-89964,WR,Justyn,Justyn Ross,Ross,,,4500,LAC@KC,KC,LAC,IR,Foot,,,,WR/FLEX
80480-57208,WR,KeeSean,KeeSean Johnson,Johnson,,,4500,ATL@LAR,ATL,LAR,,,,,,WR/FLEX
80480-55165,RB,Justin,Justin Jackson,Jackson,5.78461515,13,4500,WAS@DET,DET,WAS,,,,,,RB/FLEX
80480-89997,WR,Michael,Michael Woods II,Woods II,,,4500,NYJ@CLE,CLE,NYJ,Q,Illness,,,,WR/FLEX
80480-73616,WR,Willie,Willie Johnson,Johnson,,,4500,IND@JAC,JAC,IND,IR,Undisclosed,,,,WR/FLEX
80480-141201,WR,Raleigh,Raleigh Webb,Webb,,,4500,MIA@BAL,BAL,MIA,,,,,,WR/FLEX
80480-63387,WR,Jayson,Jayson Stanley,Stanley,,,4500,CHI@GB,CHI,GB,Q,Knee,,,,WR/FLEX
80480-14237,TE,Kyle,Kyle Rudolph,Rudolph,3.113333384,15,4500,TB@NO,TB,NO,,,,,,TE/FLEX
80480-169890,WR,LuJuan,LuJuan Winningham,Winningham,,,4500,IND@JAC,JAC,IND,,,,,,WR/FLEX
80480-63399,WR,Terry,Terry Godwin,Godwin,,,4500,TEN@BUF,TEN,BUF,,,,,,WR/FLEX
80480-94118,WR,Mike,Mike Harley Jr.,Harley Jr.,,,4500,NYJ@CLE,CLE,NYJ,,,,,,WR/FLEX
80480-169898,WR,Jequez,Jequez Ezzard,Ezzard,,,4500,WAS@DET,WAS,DET,Q,Undisclosed,,,,WR/FLEX
80480-34729,RB,Dwayne,Dwayne Washington,Washington,0.949999988,4,4500,TB@NO,NO,TB,Q,Hamstring,,,,RB/FLEX
80480-169900,WR,Jared,Jared Bernhardt,Bernhardt,,,4500,ATL@LAR,ATL,LAR,,,,,,WR/FLEX
80480-169901,WR,Tyshaun,Tyshaun James,James,,,4500,ATL@LAR,ATL,LAR,,,,,,WR/FLEX
80480-169908,WR,Dai'Jean,Dai'Jean Dixon,Dixon,,,4500,TB@NO,NO,TB,,,,,,WR/FLEX
80480-55224,RB,Reggie,Reggie Bonnafon,Bonnafon,2.599999905,1,4500,WAS@DET,WAS,DET,,,,,,RB/FLEX
80480-85944,WR,Kyric,Kyric McGowan,McGowan,,,4500,WAS@DET,WAS,DET,,,,,,WR/FLEX
80480-71613,WR,Demetris,Demetris Robertson,Robertson,,,4500,SEA@SF,SEA,SF,,,,,,WR/FLEX
80480-32703,WR,Jakeem,Jakeem Grant Sr.,Grant Sr.,2.266666667,15,4500,NYJ@CLE,CLE,NYJ,IR,Achilles,,,,WR/FLEX
80480-104388,WR,Tom,Tom Kennedy,Kennedy,2.566666603,6,4500,WAS@DET,DET,WAS,,,,,,WR/FLEX
80480-88016,WR,Ryan,Ryan McDaniel,McDaniel,,,4500,IND@JAC,JAC,IND,,,,,,WR/FLEX
80480-169937,WR,Lance,Lance McCutcheon,McCutcheon,,,4500,ATL@LAR,LAR,ATL,,,,,,WR/FLEX
80480-94185,WR,Kevin,Kevin Shaa,Shaa,,,4500,CHI@GB,CHI,GB,,,,,,WR/FLEX
80480-71661,WR,Tino,Tino Ellis,Ellis,,,4500,MIA@BAL,MIA,BAL,Q,Undisclosed,,,,WR/FLEX
80480-14319,RB,Taiwan,Taiwan Jones,Jones,0,1,4500,TEN@BUF,BUF,TEN,,,,,,RB/FLEX
80480-71662,WR,DJ,DJ Turner,Turner,,,4500,ARI@LV,LV,ARI,IR,Ankle,,,,WR/FLEX
80480-104433,RB,Kyren,Kyren Williams,Williams,,,4500,ATL@LAR,LAR,ATL,IR,Ankle,,,,RB/FLEX
80480-92146,RB,DeAndre,DeAndre Torrey,Torrey,,,4500,MIN@PHI,PHI,MIN,,,,,,RB/FLEX
80480-86007,WR,Tre,Tre Turner,Turner,,,4500,ARI@LV,LV,ARI,,,,,,WR/FLEX
80480-63479,RB,John,John Kelly Jr.,Kelly Jr.,1.299999952,1,4500,NYJ@CLE,CLE,NYJ,,,,,,RB/FLEX
80480-88056,WR,Stanley,Stanley Berryhill,Berryhill,,,4500,ATL@LAR,ATL,LAR,,,,,,WR/FLEX
80480-96250,WR,DeVonte,DeVonte Dedmon,Dedmon,,,4500,MIA@BAL,MIA,BAL,,,,,,WR/FLEX
80480-104447,TE,Jody,Jody Fortson,Fortson,6.599999905,1,4500,LAC@KC,KC,LAC,,,,,,TE/FLEX
80480-12527,D,Chicago,Chicago Bears,Bears,10,1,4400,CHI@GB,CHI,GB,,,,,,DEF
80480-12530,D,Dallas,Dallas Cowboys,Cowboys,5,1,4400,CIN@DAL,DAL,CIN,,,,,,DEF
80480-80294,TE,Anthony,Anthony Firkser,Firkser,1.100000024,1,4400,ATL@LAR,ATL,LAR,,,,,,TE/FLEX
80480-64221,TE,Zach,Zach Gentry,Gentry,5,1,4400,NE@PIT,PIT,NE,,,,,,TE/FLEX
80480-89283,TE,Tre',Tre' McKitty,McKitty,3.900000095,1,4400,LAC@KC,LAC,KC,,,,,,TE/FLEX
80480-56947,TE,Chris,Chris Myarick,Myarick,6.599999905,1,4400,CAR@NYG,NYG,CAR,,,,,,TE/FLEX
80480-90307,TE,Daniel,Daniel Bellinger,Bellinger,,,4300,CAR@NYG,NYG,CAR,,,,,,TE/FLEX
80480-88297,TE,Chig,Chig Okonkwo,Okonkwo,1.200000048,1,4300,TEN@BUF,TEN,BUF,,,,,,TE/FLEX
80480-12535,D,Indianapolis,Indianapolis Colts,Colts,6,1,4300,IND@JAC,IND,JAC,,,,,,DEF
80480-12540,D,Minnesota,Minnesota Vikings,Vikings,12,1,4300,MIN@PHI,MIN,PHI,,,,,,DEF
80480-29411,TE,Pharaoh,Pharaoh Brown,Brown,2.200000048,1,4300,HOU@DEN,HOU,DEN,,,,,,TE/FLEX
80480-72705,TE,John,John Bates,Bates,0,1,4300,WAS@DET,WAS,DET,,,,,,TE/FLEX
80480-60712,TE,Foster,Foster Moreau,Moreau,5.407692542,13,4300,ARI@LV,LV,ARI,,,,,,TE/FLEX
80480-26038,TE,Tyler,Tyler Kroft,Kroft,1.399999976,1,4300,SEA@SF,SF,SEA,,,,,,TE/FLEX
80480-61112,TE,Josiah,Josiah Deguara,Deguara,3.799999952,1,4300,CHI@GB,GB,CHI,,,,,,TE/FLEX
80480-12551,D,Tampa Bay,Tampa Bay Buccaneers,Buccaneers,13,1,4200,TB@NO,TB,NO,,,,,,DEF
80480-12553,D,Carolina,Carolina Panthers,Panthers,1,1,4200,CAR@NYG,CAR,NYG,,,,,,DEF
80480-149832,TE,Shane,Shane Zylstra,Zylstra,2.450000048,2,4200,WAS@DET,DET,WAS,,,,,,TE/FLEX
80480-55895,TE,Kendall,Kendall Blanton,Blanton,3.78333346,6,4200,LAC@KC,KC,LAC,,,,,,TE/FLEX
80480-80546,TE,Dan,Dan Arnold,Arnold,5.829999924,10,4200,IND@JAC,JAC,IND,,,,,,TE/FLEX
80480-54007,TE,Jacob,Jacob Hollister,Hollister,2.666666667,6,4200,ARI@LV,LV,ARI,Q,Undisclosed,,,,TE/FLEX
80480-62508,TE,James,James O'Shaughnessy,O'Shaughnessy,5.485714504,7,4200,CHI@GB,CHI,GB,Q,Illness,,,,TE/FLEX
80480-58499,TE,Parker,Parker Hesse,Hesse,1,1,4200,ATL@LAR,ATL,LAR,,,,,,TE/FLEX
80480-83138,TE,Ross,Ross Dwelley,Dwelley,1.600000024,1,4200,SEA@SF,SF,SEA,,,,,,TE/FLEX
80480-130286,TE,Ben,Ben Ellefson,Ellefson,0.699999988,1,4200,MIN@PHI,MIN,PHI,,,,,,TE/FLEX
80480-56708,TE,Will,Will Dissly,Dissly,11.80000019,1,4200,SEA@SF,SEA,SF,,,,,,TE/FLEX
80480-56711,TE,Drew,Drew Sample,Sample,0.699999988,1,4200,CIN@DAL,CIN,DAL,,,,,,TE/FLEX
80480-28080,TE,Devin,Devin Funchess,Funchess,,,4200,WAS@DET,DET,WAS,,,,,,TE/FLEX
80480-89680,TE,Jake,Jake Ferguson,Ferguson,,,4200,CIN@DAL,DAL,CIN,,,,,,TE/FLEX
80480-18009,TE,Chris,Chris Manhertz,Manhertz,2.012500048,8,4200,IND@JAC,JAC,IND,,,,,,TE/FLEX
80480-91750,TE,Trey,Trey McBride,McBride,,,4200,ARI@LV,ARI,LV,,,,,,TE/FLEX
80480-61172,TE,Tyler,Tyler Davis,Davis,0.800000012,1,4200,CHI@GB,GB,CHI,,,,,,TE/FLEX
80480-91931,TE,Greg,Greg Dulcich,Dulcich,,,4200,HOU@DEN,DEN,HOU,IR,Hamstring,,,,TE/FLEX
80480-104278,TE,Donald,Donald Parham Jr.,Parham Jr.,4.083333333,12,4200,LAC@KC,LAC,KC,O,Hamstring,,,,TE/FLEX
80480-69655,TE,Stephen,Stephen Sullivan,Sullivan,0,1,4100,CAR@NYG,CAR,NYG,,,,,,TE/FLEX
80480-79980,TE,Eric,Eric Saubert,Saubert,0,1,4100,HOU@DEN,DEN,HOU,,,,,,TE/FLEX
80480-80011,TE,Antony,Antony Auclair,Auclair,3.299999952,4,4100,HOU@DEN,HOU,DEN,Q,Knee,,,,TE/FLEX
80480-63697,TE,Brycen,Brycen Hopkins,Hopkins,4.050000191,2,4100,ATL@LAR,LAR,ATL,,,,,,TE/FLEX
80480-12543,D,New York,New York Giants,Giants,4,1,4100,CAR@NYG,NYG,CAR,,,,,,DEF
80480-6672,TE,Marcedes,Marcedes Lewis,Lewis,2.242857116,14,4100,CHI@GB,GB,CHI,,,,,,TE/FLEX
80480-29277,TE,Stephen,Stephen Anderson,Anderson,2.772727273,11,4100,ARI@LV,ARI,LV,,,,,,TE/FLEX
80480-29314,TE,Richard,Richard Rodgers,Rodgers,0,1,4100,LAC@KC,LAC,KC,,,,,,TE/FLEX
80480-86811,TE,Cade,Cade Otton,Otton,,,4100,TB@NO,TB,NO,,,,,,TE/FLEX
80480-93075,TE,Hunter,Hunter Long,Long,0.433333317,3,4100,MIA@BAL,MIA,BAL,,,,,,TE/FLEX
80480-56212,TE,Tommy,Tommy Sweeney,Sweeney,2.128571374,7,4100,TEN@BUF,BUF,TEN,,,,,,TE/FLEX
80480-93143,TE,Noah,Noah Gray,Gray,1.5,1,4100,LAC@KC,KC,LAC,,,,,,TE/FLEX
80480-62510,TE,Nick,Nick Boyle,Boyle,0.349999994,2,4100,MIA@BAL,BAL,MIA,,,,,,TE/FLEX
80480-68730,TE,Sean,Sean McKeon,McKeon,2.674999952,4,4100,CIN@DAL,DAL,CIN,Q,Ankle,,,,TE/FLEX
80480-87260,TE,Isaiah,Isaiah Likely,Likely,0,1,4100,MIA@BAL,BAL,MIA,,,,,,TE/FLEX
80480-34073,TE,Ryan,Ryan Griffin,Griffin,0,1,4100,CHI@GB,CHI,GB,,,,,,TE/FLEX
80480-87469,TE,Jelani,Jelani Woods,Woods,,,4100,IND@JAC,IND,JAC,,,,,,TE/FLEX
80480-73176,TE,Luke,Luke Farrell,Farrell,1.137500048,8,4100,IND@JAC,JAC,IND,,,,,,TE/FLEX
80480-89588,TE,Colby,Colby Parkinson,Parkinson,11.30000019,1,4100,SEA@SF,SEA,SF,,,,,,TE/FLEX
80480-62998,TE,Jace,Jace Sternberger,Sternberger,,,4100,NE@PIT,PIT,NE,,,,,,TE/FLEX
80480-147049,TE,Drew,Drew Ogletree,Ogletree,,,4100,IND@JAC,IND,JAC,IR,Knee - acl,,,,TE/FLEX
80480-85635,TE,Charlie,Charlie Kolar,Kolar,,,4100,MIA@BAL,BAL,MIA,IR,Sports hernia,,,,TE/FLEX
80480-65182,TE,Mitchell,Mitchell Wilcox,Wilcox,3.099999905,1,4100,CIN@DAL,CIN,DAL,,,,,,TE/FLEX
80480-71351,TE,Charlie,Charlie Woerner,Woerner,1.539999962,5,4100,SEA@SF,SF,SEA,,,,,,TE/FLEX
80480-28346,TE,Maxx,Maxx Williams,Williams,6.659999847,5,4100,ARI@LV,ARI,LV,,,,,,TE/FLEX
80480-87815,TE,Jeremy,Jeremy Ruckert,Ruckert,,,4100,NYJ@CLE,NYJ,CLE,,,,,,TE/FLEX
80480-69451,TE,Jack,Jack Stoll,Stoll,1.049999952,4,4100,MIN@PHI,PHI,MIN,,,,,,TE/FLEX
80480-69516,TE,Miller,Miller Forristall,Forristall,,,4100,NYJ@CLE,CLE,NYJ,,,,,,TE/FLEX
80480-28570,TE,Nick,Nick Vannett,Vannett,3.399999891,7,4100,TB@NO,NO,TB,,,,,,TE/FLEX
80480-85986,TE,James,James Mitchell,Mitchell,,,4100,WAS@DET,DET,WAS,,,,,,TE/FLEX
80480-104421,TE,Jesper,Jesper Horsted,Horsted,5.03333346,3,4100,ARI@LV,LV,ARI,,,,,,TE/FLEX
80480-57338,TE,Jordan,Jordan Akins,Akins,2.475000064,12,4100,HOU@DEN,HOU,DEN,,,,,,TE/FLEX
80480-90123,TE,Quintin,Quintin Morris,Morris,,,4000,TEN@BUF,BUF,TEN,Q,Hamstring,,,,TE/FLEX
80480-71697,TE,Shaun,Shaun Beyer,Beyer,,,4000,CHI@GB,GB,CHI,,,,,,TE/FLEX
80480-28694,TE,Jesse,Jesse James,James,3.924999952,4,4000,NYJ@CLE,CLE,NYJ,,,,,,TE/FLEX
80480-137249,TE,Briley,Briley Moore,Moore,,,4000,TEN@BUF,TEN,BUF,,,,,,TE/FLEX
80480-55336,TE,Chris,Chris Herndon,Herndon,2.4,5,4000,TB@NO,NO,TB,,,,,,TE/FLEX
80480-69676,TE,Jamal,Jamal Pettigrew,Pettigrew,,,4000,ATL@LAR,LAR,ATL,,,,,,TE/FLEX
80480-69686,TE,Dylan,Dylan Parham,Parham,,,4000,HOU@DEN,DEN,HOU,,,,,,TE/FLEX
80480-86075,TE,Lucas,Lucas Krull,Krull,,,4000,TB@NO,NO,TB,,,,,,TE/FLEX
80480-59455,TE,Sammis,Sammis Reyes,Reyes,,,4000,WAS@DET,WAS,DET,Q,Undisclosed,,,,TE/FLEX
80480-30787,TE,Alex,Alex Ellis,Ellis,,,4000,ARI@LV,ARI,LV,Q,Undisclosed,,,,TE/FLEX
80480-65607,TE,Jacob,Jacob Harris,Harris,,,4000,ATL@LAR,LAR,ATL,,,,,,TE/FLEX
80480-69705,TE,Garrett,Garrett Walston,Walston,,,4000,SEA@SF,SF,SEA,,,,,,TE/FLEX
80480-165962,TE,Nikola,Nikola Kalinic,Kalinic,,,4000,IND@JAC,IND,JAC,,,,,,TE/FLEX
80480-79967,TE,Adam,Adam Shaheen,Shaheen,2.428571429,7,4000,MIA@BAL,MIA,BAL,IR,Knee,,,,TE/FLEX
80480-94345,TE,Cole,Cole Turner,Turner,,,4000,WAS@DET,WAS,DET,,,,,,TE/FLEX
80480-86178,TE,Dominique,Dominique Dafney,Dafney,0.880000019,5,4000,HOU@DEN,DEN,HOU,,,,,,TE/FLEX
80480-32957,TE,Eric,Eric Tomlinson,Tomlinson,0,1,4000,HOU@DEN,DEN,HOU,,,,,,TE/FLEX
80480-65737,TE,Sam,Sam Tecklenburg,Tecklenburg,,,4000,CAR@NYG,CAR,NYG,,,,,,TE/FLEX
80480-170191,TE,Ben,Ben Beise,Beise,,,4000,TB@NO,TB,NO,,,,,,TE/FLEX
80480-149708,TE,Zach,Zach Davidson,Davidson,,,4000,TEN@BUF,BUF,TEN,,,,,,TE/FLEX
80480-170188,TE,Tanner,Tanner Conner,Conner,,,4000,MIA@BAL,MIA,BAL,Q,Knee,,,,TE/FLEX
80480-170206,TE,Rodney,Rodney Williams II,Williams II,,,4000,NE@PIT,PIT,NE,,,,,,TE/FLEX
80480-149727,TE,Bernhard,Bernhard Seikovits,Seikovits,,,4000,ARI@LV,ARI,LV,,,,,,TE/FLEX
80480-12539,D,Miami,Miami Dolphins,Dolphins,18,1,4000,MIA@BAL,MIA,BAL,,,,,,DEF
80480-61693,TE,Danny,Danny Pinter,Pinter,6.699999809,1,4000,IND@JAC,IND,JAC,,,,,,TE/FLEX
80480-12542,D,New Orleans,New Orleans Saints,Saints,6,1,4000,TB@NO,NO,TB,,,,,,DEF
80480-12552,D,Washington,Washington Commanders,Commanders,4,1,4000,WAS@DET,WAS,DET,,,,,,DEF
80480-90398,TE,Matt,Matt Bushman,Bushman,,,4000,LAC@KC,KC,LAC,Q,Collarbone,,,,TE/FLEX
80480-170282,TE,JJ,JJ Howland,Howland,,,4000,TB@NO,TB,NO,,,,,,TE/FLEX
80480-65839,TE,Kahale,Kahale Warring,Warring,,,4000,TB@NO,NO,TB,,,,,,TE/FLEX
80480-170290,TE,Andre,Andre Miller,Miller,,,4000,CAR@NYG,NYG,CAR,Q,Wrist,,,,TE/FLEX
80480-55609,TE,Ryan,Ryan Izzo,Izzo,,,4000,CAR@NYG,CAR,NYG,,,,,,TE/FLEX
80480-86359,TE,Jared,Jared Scott,Scott,,,4000,IND@JAC,IND,JAC,,,,,,TE/FLEX
80480-63839,TE,Tyler,Tyler Mabry,Mabry,,,4000,SEA@SF,SEA,SF,,,,,,TE/FLEX
80480-153957,TE,Zaire,Zaire Mitchell-Paden,Mitchell-Paden,,,4000,NYJ@CLE,CLE,NYJ,,,,,,TE/FLEX
80480-63851,TE,Tyree,Tyree Jackson,Jackson,3.23333327,3,4000,MIN@PHI,PHI,MIN,NA,Knee - acl,,,,TE/FLEX
80480-90483,TE,Bernhard,Bernhard Raimann,Raimann,,,4000,IND@JAC,IND,JAC,,,,,,TE/FLEX
80480-92530,TE,Cade,Cade Brewer,Brewer,,,4000,SEA@SF,SEA,SF,,,,,,TE/FLEX
80480-70043,TE,Cole,Cole Fotheringham,Fotheringham,,,4000,ARI@LV,LV,ARI,,,,,,TE/FLEX
80480-45472,TE,Garrett,Garrett Griffin,Griffin,2.950000048,2,4000,WAS@DET,DET,WAS,,,,,,TE/FLEX
80480-63907,TE,Josh,Josh Oliver,Oliver,1.110000038,10,4000,MIA@BAL,BAL,MIA,,,,,,TE/FLEX
80480-72110,TE,John,John Mitchell,Mitchell,,,4000,SEA@SF,SEA,SF,,,,,,TE/FLEX
80480-47551,TE,Mason,Mason Schreck,Schreck,,,4000,HOU@DEN,HOU,DEN,,,,,,TE/FLEX
80480-31169,TE,Jeremy,Jeremy Sprinkle,Sprinkle,2.299999952,2,4000,CIN@DAL,DAL,CIN,Q,Achilles,,,,TE/FLEX
80480-84440,TE,Jaeden,Jaeden Graham,Graham,,,4000,MIN@PHI,PHI,MIN,Q,Undisclosed,,,,TE/FLEX
80480-41469,TE,Darrell,Darrell Daniels,Daniels,0.34000001,5,4000,HOU@DEN,HOU,DEN,,,,,,TE/FLEX
80480-64023,TE,Kyle,Kyle Markway,Markway,,,4000,ATL@LAR,LAR,ATL,Q,Undisclosed,,,,TE/FLEX
80480-14895,TE,Patrick,Patrick Scales,Scales,,,4000,CHI@GB,CHI,GB,,,,,,TE/FLEX
80480-72246,TE,Nolan,Nolan Givan,Givan,,,4000,WAS@DET,DET,WAS,,,,,,TE/FLEX
80480-68155,TE,Codey,Codey McElroy,McElroy,0.25,2,4000,TB@NO,TB,NO,Q,Foot,,,,TE/FLEX
80480-66155,TE,Michael,Michael Jacobson,Jacobson,,,4000,IND@JAC,IND,JAC,,,,,,TE/FLEX
80480-101007,TE,Mark,Mark Vital,Vital,,,4000,LAC@KC,KC,LAC,,,,,,TE/FLEX
80480-86682,TE,Grant,Grant Calcaterra,Calcaterra,,,4000,MIN@PHI,PHI,MIN,,,,,,TE/FLEX
80480-90778,TE,Derrick,Derrick Deese Jr.,Deese Jr.,,,4000,WAS@DET,DET,WAS,,,,,,TE/FLEX
80480-86692,TE,Thomas,Thomas Odukoya,Odukoya,,,4000,TEN@BUF,TEN,BUF,,,,,,TE/FLEX
80480-47788,TE,Deon,Deon Yelder,Yelder,0.5,1,4000,ARI@LV,ARI,LV,,,,,,TE/FLEX
80480-92882,TE,Connor,Connor Heyward,Heyward,,,4000,NE@PIT,PIT,NE,,,,,,TE/FLEX
80480-88816,TE,Peyton,Peyton Hendershot,Hendershot,,,4000,CIN@DAL,DAL,CIN,,,,,,TE/FLEX
80480-27403,TE,Blake,Blake Bell,Bell,1.25,12,4000,LAC@KC,KC,LAC,IR,Hip,,,,TE/FLEX
80480-70426,TE,Reggie,Reggie Gilliam,Gilliam,0.850000024,8,4000,TEN@BUF,BUF,TEN,,,,,,TE/FLEX
80480-86839,TE,Jack,Jack Coco,Coco,,,4000,CHI@GB,GB,CHI,,,,,,TE/FLEX
80480-90971,TE,Austin,Austin Allen,Allen,,,4000,CAR@NYG,NYG,CAR,,,,,,TE/FLEX
80480-66402,TE,Jack,Jack Driscoll,Driscoll,,,4000,MIN@PHI,PHI,MIN,,,,,,TE/FLEX
80480-93026,TE,Teagan,Teagan Quitoriano,Quitoriano,,,4000,HOU@DEN,HOU,DEN,IR,Knee,,,,TE/FLEX
80480-23435,TE,Andrew,Andrew DePaola,DePaola,,,4000,MIN@PHI,MIN,PHI,,,,,,TE/FLEX
80480-64408,TE,Nick,Nick Bowers,Bowers,,,4000,CIN@DAL,CIN,DAL,,,,,,TE/FLEX
80480-89029,TE,Chris,Chris Pierce Jr.,Pierce Jr.,,,4000,ARI@LV,ARI,LV,Q,Undisclosed,,,,TE/FLEX
80480-70604,TE,John,John Raine,Raine,,,4000,ATL@LAR,ATL,LAR,Q,Undisclosed,,,,TE/FLEX
80480-72665,TE,Kenny,Kenny Yeboah,Yeboah,2.299999952,2,4000,NYJ@CLE,NYJ,CLE,,,,,,TE/FLEX
80480-54239,TE,Matt,Matt Sokol,Sokol,,,4000,NE@PIT,NE,PIT,,,,,,TE/FLEX
80480-87013,TE,Erik,Erik Krommenhoek,Krommenhoek,,,4000,LAC@KC,LAC,KC,,,,,,TE/FLEX
80480-62505,TE,MyCole,MyCole Pruitt,Pruitt,3.772727273,11,4000,ATL@LAR,ATL,LAR,,,,,,TE/FLEX
80480-70705,TE,Trevon,Trevon Wesco,Wesco,1.25,4,4000,CHI@GB,CHI,GB,,,,,,TE/FLEX
80480-42077,TE,James,James Winchester,Winchester,,,4000,LAC@KC,KC,LAC,,,,,,TE/FLEX
80480-46177,TE,David,David Wells,Wells,,,4000,TB@NO,TB,NO,,,,,,TE/FLEX
80480-68708,TE,Seth,Seth Green,Green,,,4000,HOU@DEN,HOU,DEN,,,,,,TE/FLEX
80480-68714,TE,Ko,Ko Kieft,Kieft,,,4000,TB@NO,TB,NO,,,,,,TE/FLEX
80480-46200,TE,Daniel,Daniel Brunskill,Brunskill,,,4000,SEA@SF,SF,SEA,Q,Hamstring,,,,TE/FLEX
80480-54426,TE,Andrew,Andrew Beck,Beck,6.199999809,1,4000,HOU@DEN,DEN,HOU,,,,,,TE/FLEX
80480-93343,TE,Roger,Roger Carter Jr.,Carter Jr.,,,4000,ATL@LAR,LAR,ATL,,,,,,TE/FLEX
80480-83117,TE,Tanner,Tanner Hudson,Hudson,,,4000,CAR@NYG,NYG,CAR,,,,,,TE/FLEX
80480-9409,TE,Clark,Clark Harris,Harris,,,4000,CIN@DAL,CIN,DAL,IR,Biceps,,,,TE/FLEX
80480-70881,TE,Justin,Justin Rigg,Rigg,,,4000,NE@PIT,PIT,NE,,,,,,TE/FLEX
80480-52468,TE,Ethan,Ethan Wolf,Wolf,1.799999952,1,4000,TB@NO,NO,TB,,,,,,TE/FLEX
80480-64762,TE,Nakia,Nakia Griffin-Stewart,Griffin-Stewart,,,4000,NYJ@CLE,CLE,NYJ,,,,,,TE/FLEX
80480-97537,TE,Naz,Naz Bohannon,Bohannon,,,4000,IND@JAC,JAC,IND,,,,,,TE/FLEX
80480-83226,TE,Kevin,Kevin Rader,Rader,0.899999976,2,4000,TEN@BUF,TEN,BUF,,,,,,TE/FLEX
80480-64833,TE,Alize,Alize Mack,Mack,,,4000,CHI@GB,GB,CHI,Q,Undisclosed,,,,TE/FLEX
80480-91467,TE,Jake,Jake Tonges,Tonges,,,4000,CHI@GB,CHI,GB,,,,,,TE/FLEX
80480-64864,TE,Noah,Noah Togiai,Togiai,0,1,4000,MIN@PHI,PHI,MIN,,,,,,TE/FLEX
80480-25957,TE,J.P.,J.P. Holtz,Holtz,,,4000,TB@NO,NO,TB,,,,,,TE/FLEX
80480-60788,TE,Nick,Nick Ralston,Ralston,,,4000,CIN@DAL,DAL,CIN,,,,,,TE/FLEX
80480-60791,TE,Tommy,Tommy Hudson,Hudson,1.149999976,4,4000,TEN@BUF,TEN,BUF,IR,Undisclosed,,,,TE/FLEX
80480-73089,TE,Devin,Devin Asiasi,Asiasi,,,4000,CIN@DAL,CIN,DAL,Q,Quadriceps,,,,TE/FLEX
80480-71048,TE,Thaddeus,Thaddeus Moss,Moss,,,4000,CIN@DAL,CIN,DAL,,,,,,TE/FLEX
80480-71058,TE,Grayson,Grayson Gunter,Gunter,,,4000,IND@JAC,JAC,IND,,,,,,TE/FLEX
80480-73147,TE,Nick,Nick Eubanks,Eubanks,,,4000,CIN@DAL,CIN,DAL,,,,,,TE/FLEX
80480-114112,TE,Jalen,Jalen Wydermyer,Wydermyer,,,4000,NE@PIT,NE,PIT,,,,,,TE/FLEX
80480-73161,TE,Chase,Chase Allen,Allen,,,4000,CHI@GB,CHI,GB,,,,,,TE/FLEX
80480-69069,TE,Tony,Tony Poljan,Poljan,,,4000,MIA@BAL,BAL,MIA,,,,,,TE/FLEX
80480-73172,TE,Jake,Jake Hausmann,Hausmann,,,4000,WAS@DET,WAS,DET,,,,,,TE/FLEX
80480-54746,TE,Tyler,Tyler Ott,Ott,,,4000,SEA@SF,SEA,SF,IR,Shoulder,,,,TE/FLEX
80480-103900,TE,Brandon,Brandon Dillon,Dillon,,,4000,TB@NO,NO,TB,,,,,,TE/FLEX
80480-91618,TE,John,John FitzPatrick,FitzPatrick,,,4000,ATL@LAR,ATL,LAR,IR,Undisclosed,,,,TE/FLEX
80480-97771,TE,Marcus,Marcus Santos-Silva,Santos-Silva,,,4000,NYJ@CLE,CLE,NYJ,,,,,,TE/FLEX
80480-89586,TE,Tucker,Tucker Fisk,Fisk,,,4000,ATL@LAR,ATL,LAR,,,,,,TE/FLEX
80480-62981,TE,Eli,Eli Wolf,Wolf,,,4000,WAS@DET,WAS,DET,IR,Undisclosed,,,,TE/FLEX
80480-103966,TE,Stone,Stone Smartt,Smartt,,,4000,LAC@KC,LAC,KC,IR,Undisclosed,,,,TE/FLEX
80480-73266,TE,Dylan,Dylan Soehner,Soehner,,,4000,TB@NO,NO,TB,NA,Undisclosed,,,,TE/FLEX
80480-46644,TE,Paul,Paul Quessenberry,Quessenberry,,,4000,HOU@DEN,HOU,DEN,,,,,,TE/FLEX
80480-69173,TE,Hunter,Hunter Kampmoyer,Kampmoyer,,,4000,LAC@KC,LAC,KC,,,,,,TE/FLEX
80480-60981,TE,Charlie,Charlie Heck,Heck,,,4000,HOU@DEN,HOU,DEN,,,,,,TE/FLEX
80480-60984,TE,Jake,Jake Bargas,Bargas,,,4000,CHI@GB,CHI,GB,,,,,,TE/FLEX
80480-30272,TE,Colin,Colin Thompson,Thompson,0,1,4000,CAR@NYG,CAR,NYG,Q,Calf,,,,TE/FLEX
80480-104019,TE,Matt,Matt Orzech,Orzech,0,1,4000,ATL@LAR,LAR,ATL,Q,Calf,,,,TE/FLEX
80480-87690,TE,Sal,Sal Cannella,Cannella,,,4000,CHI@GB,GB,CHI,,,,,,TE/FLEX
80480-89814,TE,Gerrit,Gerrit Prince,Prince,,,4000,IND@JAC,JAC,IND,,,,,,TE/FLEX
80480-38636,TE,Bug,Bug Howard,Howard,,,4000,TB@NO,TB,NO,Q,Undisclosed,,,,TE/FLEX
80480-85759,TE,Curtis,Curtis Hodges,Hodges,,,4000,WAS@DET,WAS,DET,IR,Thigh,,,,TE/FLEX
80480-40746,TE,Troy,Troy Fumagalli,Fumagalli,,,4000,SEA@SF,SF,SEA,,,,,,TE/FLEX
80480-55099,TE,Ian,Ian Bunting,Bunting,,,4000,CIN@DAL,DAL,CIN,IR,Neck,,,,TE/FLEX
80480-38722,TE,Cethan,Cethan Carter,Carter,1.299999952,2,4000,MIA@BAL,MIA,BAL,Q,Concussion,,,,TE/FLEX
80480-63321,TE,Rashod,Rashod Berry,Berry,,,4000,IND@JAC,JAC,IND,,,,,,TE/FLEX
80480-169853,TE,Josh,Josh Babicz,Babicz,,,4000,CAR@NYG,CAR,NYG,,,,,,TE/FLEX
80480-92056,TE,Cal,Cal Adomitis,Adomitis,,,4000,CIN@DAL,CIN,DAL,,,,,,TE/FLEX
80480-55209,TE,Nate,Nate Becker,Becker,,,4000,CHI@GB,GB,CHI,Q,Undisclosed,,,,TE/FLEX
80480-65477,TE,Giovanni,Giovanni Ricci,Ricci,0,2,4000,CAR@NYG,CAR,NYG,,,,,,TE/FLEX
80480-112601,TE,Travis,Travis Koontz,Koontz,,,4000,ARI@LV,LV,ARI,,,,,,TE/FLEX
80480-85994,TE,Dalton,Dalton Keene,Keene,,,4000,MIN@PHI,PHI,MIN,,,,,,TE/FLEX
80480-57325,TE,Jordan,Jordan Franks,Franks,,,4000,LAC@KC,KC,LAC,,,,,,TE/FLEX
80480-96254,TE,Nick,Nick Muse,Muse,,,4000,MIN@PHI,MIN,PHI,,,,,,TE/FLEX
80480-12528,D,Cincinnati,Cincinnati Bengals,Bengals,2,1,3900,CIN@DAL,CIN,DAL,,,,,,DEF
80480-12537,D,Las Vegas,Las Vegas Raiders,Raiders,0,1,3800,ARI@LV,LV,ARI,,,,,,DEF
80480-12548,D,Los Angeles,Los Angeles Chargers,Chargers,13,1,3800,LAC@KC,LAC,KC,,,,,,DEF
80480-12541,D,New England,New England Patriots,Patriots,4,1,3700,NE@PIT,NE,PIT,,,,,,DEF
80480-12536,D,Kansas City,Kansas City Chiefs,Chiefs,3,1,3600,LAC@KC,KC,LAC,,,,,,DEF
80480-12545,D,Philadelphia,Philadelphia Eagles,Eagles,5,1,3600,MIN@PHI,PHI,MIN,,,,,,DEF
80480-12546,D,Arizona,Arizona Cardinals,Cardinals,-2,1,3600,ARI@LV,ARI,LV,,,,,,DEF
80480-12532,D,Detroit,Detroit Lions,Lions,0,1,3500,WAS@DET,DET,WAS,,,,,,DEF
80480-12534,D,Tennessee,Tennessee Titans,Titans,9,1,3400,TEN@BUF,TEN,BUF,,,,,,DEF
80480-12544,D,New York,New York Jets,Jets,4,1,3400,NYJ@CLE,NYJ,CLE,,,,,,DEF
80480-12556,D,Houston,Houston Texans,Texans,7,1,3300,HOU@DEN,HOU,DEN,,,,,,DEF
80480-12525,D,Atlanta,Atlanta Falcons,Falcons,6,1,3200,ATL@LAR,ATL,LAR,,,,,,DEF
80480-12550,D,Seattle,Seattle Seahawks,Seahawks,7,1,3100,SEA@SF,SEA,SF,,,,,,DEF
80480-12554,D,Jacksonville,Jacksonville Jaguars,Jaguars,6,1,3000,IND@JAC,JAC,IND,,,,,,DEF
