Id,Position,First Name,Nickname,Last Name,FPPG,Played,Salary,Game,Team,Opponent,Injury Indicator,Injury Details,Tier,,,Roster Position
84056-53562,RB,Nick,Nick Chubb,Chubb,18.1454551003196,11,9600,CLE@HOU,CLE,HOU,,,,,,RB/FLEX
84056-72731,RB,Josh,Josh Jacobs,Jacobs,20.21818126331676,11,9500,LAC@LV,LV,LAC,Q,Calf,,,,RB/FLEX
84056-80001,RB,Austin,Austin Ekeler,Ekeler,19.55454600941051,11,9200,LAC@LV,LAC,LV,,,,,,RB/FLEX
84056-57439,QB,Patrick,Patrick Mahomes,Mahomes,26.25454434481534,11,9000,KC@CIN,KC,CIN,,,,,,QB
84056-53681,WR,Tyreek,Tyreek Hill,Hill,17.618182095614348,11,9000,MIA@SF,MIA,SF,,,,,,WR/FLEX
84056-85701,WR,Ja'Marr,Ja'Marr Chase,Chase,16.885713849748885,7,8900,KC@CIN,CIN,KC,Q,Hip,,,,WR/FLEX
84056-39280,RB,Derrick,Derrick Henry,Henry,18.84181768243963,11,8800,TEN@PHI,TEN,PHI,,,,,,RB/FLEX
84056-69531,QB,Jalen,Jalen Hurts,Hurts,24.827273282137785,11,8800,TEN@PHI,PHI,TEN,,,,,,QB
84056-85671,WR,Justin,Justin Jefferson,Jefferson,18.578181873668324,11,8700,NYJ@MIN,MIN,NYJ,,,,,,WR/FLEX
84056-45889,WR,Davante,Davante Adams,Adams,17.754545731977984,11,8600,LAC@LV,LV,LAC,,,,,,WR/FLEX
84056-64401,RB,Saquon,Saquon Barkley,Barkley,16.636363636363637,11,8600,WAS@NYG,NYG,WAS,,,,,,RB/FLEX
84056-52442,RB,Joe,Joe Mixon,Mixon,16.039999389648436,10,8500,KC@CIN,CIN,KC,Q,Concussion,,,,RB/FLEX
84056-91591,QB,Justin,Justin Fields,Fields,21.37090925736861,11,8500,GB@CHI,CHI,GB,,,,,,QB
84056-33076,TE,Travis,Travis Kelce,Kelce,18.381817904385652,11,8400,KC@CIN,KC,CIN,,,,,,TE/FLEX
84056-63336,QB,Joe,Joe Burrow,Burrow,22.9272724498402,11,8300,KC@CIN,CIN,KC,,,,,,QB
84056-89981,WR,Tee,Tee Higgins,Higgins,13.510000610351563,10,8300,KC@CIN,CIN,KC,,,,,,WR/FLEX
84056-63115,QB,Lamar,Lamar Jackson,Jackson,21.976364135742188,11,8200,DEN@BAL,BAL,DEN,,,,,,QB
84056-55050,RB,Christian,Christian McCaffrey,McCaffrey,16.51454578746449,11,8200,MIA@SF,SF,MIA,,,,,,RB/FLEX
84056-103342,RB,Kenneth,Kenneth Walker III,Walker III,13.639999389648438,10,8100,SEA@LAR,SEA,LAR,,,,,,RB/FLEX
84056-72846,WR,A.J.,A.J. Brown,Brown,13.418182373046875,11,8100,TEN@PHI,PHI,TEN,,,,,,WR/FLEX
84056-69189,QB,Justin,Justin Herbert,Herbert,18.17818242853338,11,8100,LAC@LV,LAC,LV,,,,,,QB
84056-86997,WR,Amon-Ra,Amon-Ra St. Brown,St. Brown,13.61999969482422,10,8000,JAC@DET,DET,JAC,,,,,,WR/FLEX
84056-54879,QB,Deshaun,Deshaun Watson,Watson,,,8000,CLE@HOU,CLE,HOU,,,,,,QB
84056-89956,RB,Travis,Travis Etienne Jr.,Etienne Jr.,11.636363636363637,11,8000,JAC@DET,JAC,DET,Q,Foot,,,,RB/FLEX
84056-90573,WR,Jaylen,Jaylen Waddle,Waddle,14.545454545454545,11,7900,MIA@SF,MIA,SF,,,,,,WR/FLEX
84056-31001,WR,Amari,Amari Cooper,Cooper,13.51818154074929,11,7800,CLE@HOU,CLE,HOU,,,,,,WR/FLEX
84056-90572,QB,Tua,Tua Tagovailoa,Tagovailoa,19.895555284288193,9,7800,MIA@SF,MIA,SF,,,,,,QB
84056-29253,WR,Keenan,Keenan Allen,Allen,8.5,4,7700,LAC@LV,LAC,LV,,,,,,WR/FLEX
84056-54140,RB,Dalvin,Dalvin Cook,Cook,13.918182373046875,11,7600,NYJ@MIN,MIN,NYJ,,,,,,RB/FLEX
84056-73048,WR,DK,DK Metcalf,Metcalf,10.599999861283736,11,7600,SEA@LAR,SEA,LAR,,,,,,WR/FLEX
84056-26483,QB,Geno,Geno Smith,Smith,18.825454711914062,11,7600,SEA@LAR,SEA,LAR,,,,,,QB
84056-45631,RB,Jamaal,Jamaal Williams,Williams,14.509091463955967,11,7500,JAC@DET,DET,JAC,,,,,,RB/FLEX
84056-60858,WR,Christian,Christian Kirk,Kirk,12.836363358931107,11,7500,JAC@DET,JAC,DET,,,,,,WR/FLEX
84056-89951,QB,Trevor,Trevor Lawrence,Lawrence,17.46363691850142,11,7500,JAC@DET,JAC,DET,,,,,,QB
84056-27050,WR,Tyler,Tyler Lockett,Lockett,11.936363913796164,11,7400,SEA@LAR,SEA,LAR,,,,,,WR/FLEX
84056-40442,RB,Aaron,Aaron Jones,Jones,14.166666666666666,12,7400,GB@CHI,GB,CHI,,,,,,RB/FLEX
84056-22038,QB,Kirk,Kirk Cousins,Cousins,16.936363913796164,11,7400,NYJ@MIN,MIN,NYJ,,,,,,QB
84056-90575,RB,Najee,Najee Harris,Harris,11.03272732821378,11,7300,PIT@ATL,PIT,ATL,,,,,,RB/FLEX
84056-45859,QB,Derek,Derek Carr,Carr,16.53636308149858,11,7300,LAC@LV,LV,LAC,,,,,,QB
84056-63519,QB,Daniel,Daniel Jones,Jones,17.245454268022016,11,7200,WAS@NYG,NYG,WAS,,,,,,QB
84056-57403,WR,Courtland,Courtland Sutton,Sutton,9.209091186523438,11,7200,DEN@BAL,DEN,BAL,Q,Illness,,,,WR/FLEX
84056-71845,RB,Miles,Miles Sanders,Sanders,13.772727272727273,11,7200,TEN@PHI,PHI,TEN,,,,,,RB/FLEX
84056-6894,QB,Aaron,Aaron Rodgers,Rodgers,15.21500015258789,12,7100,GB@CHI,GB,CHI,,,,,,QB
84056-52436,TE,Mark,Mark Andrews,Andrews,11.88000030517578,10,7100,DEN@BAL,BAL,DEN,,,,,,TE/FLEX
84056-52451,RB,Samaje,Samaje Perine,Perine,7.854545593261719,11,7100,KC@CIN,CIN,KC,,,,,,RB/FLEX
84056-92575,RB,Isiah,Isiah Pacheco,Pacheco,5.5,11,7000,KC@CIN,KC,CIN,,,,,,RB/FLEX
84056-39829,WR,Mike,Mike Williams,Williams,11,8,7000,LAC@LV,LAC,LV,O,Ankle,,,,WR/FLEX
84056-54604,QB,Jimmy,Jimmy Garoppolo,Garoppolo,16.65399932861328,10,7000,MIA@SF,SF,MIA,,,,,,QB
84056-73273,RB,David,David Montgomery,Montgomery,9.845454822887074,11,7000,GB@CHI,CHI,GB,,,,,,RB/FLEX
84056-55987,WR,JuJu,JuJu Smith-Schuster,Smith-Schuster,9.980000305175782,10,6900,KC@CIN,KC,CIN,,,,,,WR/FLEX
84056-93107,RB,AJ,AJ Dillon,Dillon,7.366666793823242,12,6900,GB@CHI,GB,CHI,,,,,,RB/FLEX
84056-56250,WR,Terry,Terry McLaurin,McLaurin,10.391666412353516,12,6900,WAS@NYG,WAS,NYG,,,,,,WR/FLEX
84056-40534,QB,Mike,Mike White,White,24.799999237060547,1,6900,NYJ@MIN,NYJ,MIN,,,,,,QB
84056-55552,RB,Jeff,Jeff Wilson Jr.,Wilson Jr.,10.599999861283736,11,6800,MIA@SF,MIA,SF,,,,,,RB/FLEX
84056-90576,WR,DeVonta,DeVonta Smith,Smith,9.5363637750799,11,6800,TEN@PHI,PHI,TEN,,,,,,WR/FLEX
84056-29358,QB,Marcus,Marcus Mariota,Mariota,16.181666056315105,12,6800,PIT@ATL,ATL,PIT,,,,,,QB
84056-56018,WR,Deebo,Deebo Samuel,Samuel,11.530000305175781,10,6800,MIA@SF,SF,MIA,Q,Quadriceps,,,,WR/FLEX
84056-38435,QB,Jared,Jared Goff,Goff,15.58909052068537,11,6800,JAC@DET,DET,JAC,,,,,,QB
84056-40167,RB,Gus,Gus Edwards,Edwards,11.433333079020182,3,6700,DEN@BAL,BAL,DEN,,,,,,RB/FLEX
84056-110246,WR,George,George Pickens,Pickens,8.309091047807174,11,6700,PIT@ATL,PIT,ATL,,,,,,WR/FLEX
84056-85798,WR,Brandon,Brandon Aiyuk,Aiyuk,11.400000138716264,11,6700,MIA@SF,SF,MIA,,,,,,WR/FLEX
84056-92020,QB,Kenny,Kenny Pickett,Pickett,13.1875,8,6700,PIT@ATL,PIT,ATL,,,,,,QB
84056-90562,RB,Brian,Brian Robinson Jr.,Robinson Jr.,8.800000190734863,8,6600,WAS@NYG,WAS,NYG,,,,,,RB/FLEX
84056-103564,WR,Garrett,Garrett Wilson,Wilson,10.154545177112926,11,6600,NYJ@MIN,NYJ,MIN,,,,,,WR/FLEX
84056-87418,WR,Joshua,Joshua Palmer,Palmer,9.859999847412109,10,6600,LAC@LV,LAC,LV,,,,,,WR/FLEX
84056-21948,QB,Ryan,Ryan Tannehill,Tannehill,13.748888651529947,9,6600,TEN@PHI,TEN,PHI,,,,,,QB
84056-86055,RB,Dameon,Dameon Pierce,Pierce,11.690909645774148,11,6500,CLE@HOU,HOU,CLE,,,,,,RB/FLEX
84056-53331,QB,Taylor,Taylor Heinicke,Heinicke,13.31000010172526,6,6500,WAS@NYG,WAS,NYG,,,,,,QB
84056-65724,RB,JaMycal,JaMycal Hasty,Hasty,4.333333333333333,9,6500,JAC@DET,JAC,DET,,,,,,RB/FLEX
84056-90561,WR,Jerry,Jerry Jeudy,Jeudy,8.666666666666666,9,6500,DEN@BAL,DEN,BAL,Q,Ankle,,,,WR/FLEX
84056-66008,WR,Diontae,Diontae Johnson,Johnson,7.527273004705256,11,6500,PIT@ATL,PIT,ATL,,,,,,WR/FLEX
84056-70324,QB,Carson,Carson Wentz,Wentz,17.24333318074544,6,6500,WAS@NYG,WAS,NYG,IR,Finger,,,,QB
84056-22015,QB,Russell,Russell Wilson,Wilson,14.005999755859374,10,6500,DEN@BAL,DEN,BAL,,,,,,QB
84056-169776,WR,Christian,Christian Watson,Watson,10.055555555555555,9,6500,GB@CHI,GB,CHI,,,,,,WR/FLEX
84056-28643,WR,Allen,Allen Robinson II,Robinson II,6.840000152587891,10,6500,SEA@LAR,LAR,SEA,IR,Foot,,,,WR/FLEX
84056-30733,RB,Cordarrelle,Cordarrelle Patterson,Patterson,12.074999809265137,8,6400,PIT@ATL,ATL,PIT,,,,,,RB/FLEX
84056-71706,TE,T.J.,T.J. Hockenson,Hockenson,10.063636086203836,11,6400,NYJ@MIN,MIN,NYJ,,,,,,TE/FLEX
84056-90406,QB,Zach,Zach Wilson,Wilson,11.751428876604352,7,6400,NYJ@MIN,NYJ,MIN,,,,,,QB
84056-41305,WR,Zay,Zay Jones,Jones,9.530000305175781,10,6400,JAC@DET,JAC,DET,Q,Chest,,,,WR/FLEX
84056-6654,QB,Matthew,Matthew Stafford,Stafford,12.93111080593533,9,6400,SEA@LAR,LAR,SEA,IR,Neck,,,,QB
84056-56192,QB,John,John Wolford,Wolford,9.779999732971191,1,6400,SEA@LAR,LAR,SEA,,,,,,QB
84056-60787,QB,Bryce,Bryce Perkins,Perkins,5.7133331298828125,3,6400,SEA@LAR,LAR,SEA,,,,,,QB
84056-91598,RB,D'Andre,D'Andre Swift,Swift,11.475000381469727,8,6400,JAC@DET,DET,JAC,,,,,,RB/FLEX
84056-56809,WR,Allen,Allen Lazard,Lazard,10.530000305175781,10,6400,GB@CHI,GB,CHI,,,,,,WR/FLEX
84056-30231,QB,Jacoby,Jacoby Brissett,Brissett,15.829090465198863,11,6400,CLE@HOU,CLE,HOU,,,,,,QB
84056-34331,RB,Latavius,Latavius Murray,Murray,10.471429007393974,7,6400,DEN@BAL,DEN,BAL,,,,,,RB/FLEX
84056-30761,QB,Nathan,Nathan Peterman,Peterman,0.20000000298023224,1,6300,GB@CHI,CHI,GB,,,,,,QB
84056-39716,WR,Adam,Adam Thielen,Thielen,9.30000027743253,11,6300,NYJ@MIN,MIN,NYJ,,,,,,WR/FLEX
84056-29501,WR,Brandin,Brandin Cooks,Cooks,8.069999694824219,10,6300,CLE@HOU,HOU,CLE,O,Calf,,,,WR/FLEX
84056-130288,RB,James,James Robinson,Robinson,8.20999984741211,10,6300,NYJ@MIN,NYJ,MIN,,,,,,RB/FLEX
84056-93539,RB,Michael,Michael Carter,Carter,8.172727411443537,11,6300,NYJ@MIN,NYJ,MIN,D,Ankle,,,,RB/FLEX
84056-40669,WR,Tyler,Tyler Boyd,Boyd,9.719999833540482,11,6300,KC@CIN,CIN,KC,,,,,,WR/FLEX
84056-28434,QB,Trevor,Trevor Siemian,Siemian,5.579999923706055,2,6300,GB@CHI,CHI,GB,IR,Oblique,,,,QB
84056-63819,WR,Darius,Darius Slayton,Slayton,9.137499809265137,8,6200,WAS@NYG,NYG,WAS,Q,Illness,,,,WR/FLEX
84056-39793,TE,George,George Kittle,Kittle,9.444444444444445,9,6200,MIA@SF,SF,MIA,,,,,,TE/FLEX
84056-89230,RB,Cam,Cam Akers,Akers,3.8000000847710504,9,6200,SEA@LAR,LAR,SEA,,,,,,RB/FLEX
84056-62628,WR,DeAndre,DeAndre Carter,Carter,7.245454268022017,11,6200,LAC@LV,LAC,LV,,,,,,WR/FLEX
84056-89628,QB,Davis,Davis Mills,Mills,12.655999755859375,10,6200,CLE@HOU,HOU,CLE,,,,,,QB
84056-53095,QB,Kyle,Kyle Allen,Allen,11.800000190734863,1,6200,CLE@HOU,HOU,CLE,,,,,,QB
84056-14377,QB,Tyrod,Tyrod Taylor,Taylor,2.440000057220459,1,6100,WAS@NYG,NYG,WAS,,,,,,QB
84056-39034,QB,Kurt,Kurt Benkert,Benkert,-0.10000000149011612,1,6100,MIA@SF,SF,MIA,,,,,,QB
84056-86278,QB,Desmond,Desmond Ridder,Ridder,,,6100,PIT@ATL,ATL,PIT,,,,,,QB
84056-61798,QB,Gardner,Gardner Minshew II,Minshew II,0.8199999928474426,1,6100,TEN@PHI,PHI,TEN,,,,,,QB
84056-70051,QB,Tyler,Tyler Huntley,Huntley,12.377142769949776,7,6100,DEN@BAL,BAL,DEN,,,,,,QB
84056-31170,QB,Brandon,Brandon Allen,Allen,0.7799999713897705,1,6100,KC@CIN,CIN,KC,,,,,,QB
84056-33259,QB,Teddy,Teddy Bridgewater,Bridgewater,7.994999885559082,4,6100,MIA@SF,MIA,SF,Q,Knee,,,,QB
84056-64051,QB,Drew,Drew Lock,Lock,8.896666844685873,6,6100,SEA@LAR,SEA,LAR,,,,,,QB
84056-6714,QB,Joe,Joe Flacco,Flacco,15.879999796549479,3,6100,NYJ@MIN,NYJ,MIN,,,,,,QB
84056-41562,QB,Nick,Nick Mullens,Mullens,1.0199999809265137,2,6100,NYJ@MIN,MIN,NYJ,,,,,,QB
84056-8803,QB,Chase,Chase Daniel,Daniel,0,1,6100,LAC@LV,LAC,LV,,,,,,QB
84056-90933,RB,Antonio,Antonio Gibson,Gibson,10.683333079020182,12,6100,WAS@NYG,WAS,NYG,Q,Foot,,,,RB/FLEX
84056-91426,WR,Donovan,Donovan Peoples-Jones,Peoples-Jones,7.681818181818182,11,6100,CLE@HOU,CLE,HOU,,,,,,WR/FLEX
84056-27986,QB,C.J.,C.J. Beathard,Beathard,-0.10000000149011612,1,6100,JAC@DET,JAC,DET,,,,,,QB
84056-69017,QB,Jordan,Jordan Love,Love,3.8133331934611,3,6100,GB@CHI,GB,CHI,,,,,,QB
84056-40407,QB,Joshua,Joshua Dobbs,Dobbs,,,6100,CLE@HOU,CLE,HOU,,,,,,QB
84056-60947,QB,Jarrett,Jarrett Stidham,Stidham,2.880000114440918,1,6100,LAC@LV,LV,LAC,,,,,,QB
84056-40482,QB,Tim,Tim Boyle,Boyle,7.585000038146973,4,6100,GB@CHI,CHI,GB,,,,,,QB
84056-87691,QB,Malik,Malik Willis,Willis,1.7599999904632568,4,6100,TEN@PHI,TEN,PHI,,,,,,QB
84056-69294,QB,Skylar,Skylar Thompson,Thompson,1.8799999952316284,4,6100,MIA@SF,MIA,SF,,,,,,QB
84056-110259,WR,Treylon,Treylon Burks,Burks,7.514285496303013,7,6100,TEN@PHI,TEN,PHI,,,,,,WR/FLEX
84056-38628,QB,Mitch,Mitch Trubisky,Trubisky,10.555999755859375,5,6100,PIT@ATL,PIT,ATL,,,,,,QB
84056-61157,QB,Brett,Brett Rypien,Rypien,8.899999618530273,1,6100,DEN@BAL,DEN,BAL,,,,,,QB
84056-71710,QB,Nate,Nate Stanley,Stanley,,,6000,NYJ@MIN,MIN,NYJ,,,,,,QB
84056-86052,WR,Kadarius,Kadarius Toney,Toney,4.5,5,6000,KC@CIN,KC,CIN,O,Hamstring,,,,WR/FLEX
84056-28744,RB,Raheem,Raheem Mostert,Mostert,9.86999969482422,10,6000,MIA@SF,MIA,SF,,,,,,RB/FLEX
84056-104576,QB,Sam,Sam Howell,Howell,,,6000,WAS@NYG,WAS,NYG,,,,,,QB
84056-94396,QB,Carson,Carson Strong,Strong,,,6000,TEN@PHI,PHI,TEN,,,,,,QB
84056-149696,QB,Trey,Trey Lance,Lance,6.730000019073486,2,6000,MIA@SF,SF,MIA,IR,Ankle,,,,QB
84056-69833,QB,Shane,Shane Buechele,Buechele,,,6000,KC@CIN,KC,CIN,,,,,,QB
84056-45259,QB,Logan,Logan Woodside,Woodside,-0.15000000596046448,4,6000,TEN@PHI,TEN,PHI,,,,,,QB
84056-92362,QB,Levi,Levi Lewis,Lewis,,,6000,SEA@LAR,SEA,LAR,,,,,,QB
84056-92413,RB,Elijah,Elijah Mitchell,Mitchell,6.150000095367432,4,6000,MIA@SF,SF,MIA,IR,Knee - mcl,,,,RB/FLEX
84056-170252,QB,Felix,Felix Harper,Harper,,,6000,CLE@HOU,CLE,HOU,,,,,,QB
84056-84287,QB,Luis,Luis Perez,Perez,,,6000,SEA@LAR,LAR,SEA,,,,,,QB
84056-53729,QB,Mason,Mason Rudolph,Rudolph,9.6899995803833,2,6000,PIT@ATL,PIT,ATL,,,,,,QB
84056-72241,QB,Drew,Drew Plitt,Plitt,,,6000,KC@CIN,CIN,KC,,,,,,QB
84056-94797,QB,Kellen,Kellen Mond,Mond,0.20000000298023224,1,6000,CLE@HOU,CLE,HOU,,,,,,QB
84056-29445,QB,Sean,Sean Mannion,Mannion,12.960000038146973,1,6000,SEA@LAR,SEA,LAR,,,,,,QB
84056-90912,RB,Kenneth,Kenneth Gainwell,Gainwell,4.681818181818182,11,6000,TEN@PHI,PHI,TEN,,,,,,RB/FLEX
84056-95026,QB,Dustin,Dustin Crum,Crum,,,6000,KC@CIN,KC,CIN,,,,,,QB
84056-33647,QB,Kyle,Kyle Sloter,Sloter,,,6000,JAC@DET,JAC,DET,,,,,,QB
84056-39795,QB,Davis,Davis Webb,Webb,-0.30000001192092896,1,6000,WAS@NYG,NYG,WAS,,,,,,QB
84056-62364,QB,Josh,Josh Rosen,Rosen,-0.41333333651224774,3,6000,CLE@HOU,CLE,HOU,,,,,,QB
84056-93103,QB,E.J.,E.J. Perry,Perry,,,6000,JAC@DET,JAC,DET,,,,,,QB
84056-29715,QB,Kevin,Kevin Hogan,Hogan,,,6000,CLE@HOU,HOU,CLE,,,,,,QB
84056-64637,QB,Brian,Brian Lewerke,Lewerke,,,6000,WAS@NYG,NYG,WAS,,,,,,QB
84056-68741,QB,Brandon,Brandon Peters,Peters,,,6000,LAC@LV,LAC,LV,,,,,,QB
84056-27801,QB,Nate,Nate Sudfeld,Sudfeld,,,6000,JAC@DET,DET,JAC,,,,,,QB
84056-130269,QB,Reid,Reid Sinnett,Sinnett,,,6000,MIA@SF,MIA,SF,,,,,,QB
84056-130337,QB,Case,Case Cookus,Cookus,,,6000,SEA@LAR,LAR,SEA,,,,,,QB
84056-91468,QB,Chase,Chase Garbers,Garbers,,,6000,LAC@LV,LV,LAC,,,,,,QB
84056-52606,QB,David,David Blough,Blough,0.6000000238418579,1,6000,NYJ@MIN,MIN,NYJ,,,,,,QB
84056-52613,WR,Curtis,Curtis Samuel,Samuel,9.316666920979818,12,6000,WAS@NYG,WAS,NYG,,,,,,WR/FLEX
84056-103824,QB,Easton,Easton Stick,Stick,,,6000,LAC@LV,LAC,LV,,,,,,QB
84056-73118,QB,Ian,Ian Book,Book,4,1,6000,TEN@PHI,PHI,TEN,,,,,,QB
84056-71077,QB,Cole,Cole Kelley,Kelley,,,6000,WAS@NYG,WAS,NYG,,,,,,QB
84056-60840,QB,Jake,Jake Browning,Browning,,,6000,KC@CIN,CIN,KC,,,,,,QB
84056-91639,QB,Jake,Jake Fromm,Fromm,4.633333206176758,3,6000,WAS@NYG,WAS,NYG,,,,,,QB
84056-30253,QB,Jeff,Jeff Driskel,Driskel,0.75,2,6000,CLE@HOU,HOU,CLE,,,,,,QB
84056-85607,QB,Brock,Brock Purdy,Purdy,0.646666685740153,3,6000,MIA@SF,SF,MIA,,,,,,QB
84056-7844,QB,Chad,Chad Henne,Henne,-0.15000000596046448,2,6000,KC@CIN,KC,CIN,,,,,,QB
84056-69302,QB,Feleipe,Feleipe Franks,Franks,0,1,6000,PIT@ATL,ATL,PIT,,,,,,QB
84056-73398,QB,Chris,Chris Oladokun,Oladokun,,,6000,KC@CIN,KC,CIN,,,,,,QB
84056-69333,QB,Jacob,Jacob Eason,Eason,1.3600000143051147,1,6000,MIA@SF,SF,MIA,,,,,,QB
84056-87787,RB,J.K.,J.K. Dobbins,Dobbins,7.800000190734863,4,6000,DEN@BAL,BAL,DEN,IR,Knee,,,,RB/FLEX
84056-85741,RB,Clyde,Clyde Edwards-Helaire,Edwards-Helaire,8.980000305175782,10,6000,KC@CIN,KC,CIN,IR,Ankle,,,,RB/FLEX
84056-8023,QB,Josh,Josh Johnson,Johnson,12.079999923706055,4,6000,DEN@BAL,DEN,BAL,,,,,,QB
84056-38767,QB,Chris,Chris Streveler,Streveler,1.0199999809265137,2,6000,NYJ@MIN,NYJ,MIN,,,,,,QB
84056-38837,QB,Danny,Danny Etling,Etling,,,6000,GB@CHI,GB,CHI,,,,,,QB
84056-69597,QB,Anthony,Anthony Brown,Brown,,,6000,DEN@BAL,BAL,DEN,,,,,,QB
84056-112745,WR,Drake,Drake London,London,7.358333587646484,12,5900,PIT@ATL,ATL,PIT,,,,,,WR/FLEX
84056-86244,TE,Pat,Pat Freiermuth,Freiermuth,8.15999984741211,10,5900,PIT@ATL,PIT,ATL,,,,,,TE/FLEX
84056-90428,RB,Tyler,Tyler Allgeier,Allgeier,7.354545593261719,11,5900,PIT@ATL,ATL,PIT,,,,,,RB/FLEX
84056-25267,WR,Mack,Mack Hollins,Hollins,8.296363830566406,11,5900,LAC@LV,LV,LAC,,,,,,WR/FLEX
84056-64581,WR,Van,Van Jefferson,Jefferson,6.550000190734863,4,5900,SEA@LAR,LAR,SEA,,,,,,WR/FLEX
84056-55335,TE,David,David Njoku,Njoku,8.477778116861979,9,5800,CLE@HOU,CLE,HOU,O,Knee,,,,TE/FLEX
84056-69777,WR,Darnell,Darnell Mooney,Mooney,7.409090909090909,11,5800,GB@CHI,CHI,GB,IR,Ankle,,,,WR/FLEX
84056-61593,WR,Jauan,Jauan Jennings,Jennings,4.490000152587891,10,5800,MIA@SF,SF,MIA,,,,,,WR/FLEX
84056-45229,RB,Kareem,Kareem Hunt,Hunt,7.918181679465554,11,5800,CLE@HOU,CLE,HOU,,,,,,RB/FLEX
84056-103252,RB,Zonovan,Zonovan Knight,Knight,11.800000190734863,1,5800,NYJ@MIN,NYJ,MIN,,,,,,RB/FLEX
84056-91419,WR,Nico,Nico Collins,Collins,7.511110941569011,9,5800,CLE@HOU,HOU,CLE,,,,,,WR/FLEX
84056-40647,WR,Marquez,Marquez Valdes-Scantling,Valdes-Scantling,6.609090631658381,11,5800,KC@CIN,KC,CIN,,,,,,WR/FLEX
84056-30989,RB,Kenyan,Kenyan Drake,Drake,8.211111280653212,9,5700,DEN@BAL,BAL,DEN,,,,,,RB/FLEX
84056-88575,WR,Elijah,Elijah Moore,Moore,5.449999809265137,8,5700,NYJ@MIN,NYJ,MIN,,,,,,WR/FLEX
84056-38264,WR,Demarcus,Demarcus Robinson,Robinson,4.8700000762939455,10,5700,DEN@BAL,BAL,DEN,,,,,,WR/FLEX
84056-63050,RB,Ty,Ty Johnson,Johnson,2.4124999046325684,8,5700,NYJ@MIN,NYJ,MIN,,,,,,RB/FLEX
84056-86229,WR,Jahan,Jahan Dotson,Dotson,7.171428680419922,7,5600,WAS@NYG,WAS,NYG,,,,,,WR/FLEX
84056-53498,WR,Richie,Richie James Jr.,James Jr.,4.8599998474121096,10,5600,WAS@NYG,NYG,WAS,Q,Knee,,,,WR/FLEX
84056-43433,RB,Boston,Boston Scott,Scott,2.0999999576144748,9,5600,TEN@PHI,PHI,TEN,,,,,,RB/FLEX
84056-29685,WR,Robert,Robert Woods,Woods,5.009090770374645,11,5600,TEN@PHI,TEN,PHI,,,,,,WR/FLEX
84056-22103,WR,Marvin,Marvin Jones Jr.,Jones Jr.,6.430000305175781,10,5600,JAC@DET,JAC,DET,,,,,,WR/FLEX
84056-73687,WR,Quez,Quez Watkins,Watkins,4.55454531582919,11,5600,TEN@PHI,PHI,TEN,,,,,,WR/FLEX
84056-86080,TE,Kyle,Kyle Pitts,Pitts,6.159999847412109,10,5500,PIT@ATL,ATL,PIT,IR,Knee - mcl,,,,TE/FLEX
84056-94370,WR,Romeo,Romeo Doubs,Doubs,7.111111111111111,9,5500,GB@CHI,GB,CHI,Q,Ankle,,,,WR/FLEX
84056-45439,WR,Corey,Corey Davis,Davis,7.25,8,5500,NYJ@MIN,NYJ,MIN,,,,,,WR/FLEX
84056-70157,RB,Darrell,Darrell Henderson Jr.,Henderson Jr.,6.5,10,5500,JAC@DET,JAC,DET,Q,Illness,,,,RB/FLEX
84056-64496,WR,Olamide,Olamide Zaccheaus,Zaccheaus,6.016666412353516,12,5500,PIT@ATL,ATL,PIT,,,,,,WR/FLEX
84056-60712,TE,Foster,Foster Moreau,Moreau,6.324999809265137,8,5500,LAC@LV,LV,LAC,,,,,,TE/FLEX
84056-71032,WR,Devin,Devin Duvernay,Duvernay,7.854545593261719,11,5500,DEN@BAL,BAL,DEN,,,,,,WR/FLEX
84056-73111,WR,Chase,Chase Claypool,Claypool,6.236666361490886,12,5500,GB@CHI,CHI,GB,,,,,,WR/FLEX
84056-71352,WR,Mecole,Mecole Hardman,Hardman,10.162500381469727,8,5500,KC@CIN,KC,CIN,IR,Abdomen,,,,WR/FLEX
84056-53097,WR,Josh,Josh Reynolds,Reynolds,8.671428680419922,7,5500,JAC@DET,DET,JAC,,,,,,WR/FLEX
84056-104433,RB,Kyren,Kyren Williams,Williams,5.933333079020183,3,5500,SEA@LAR,LAR,SEA,,,,,,RB/FLEX
84056-28827,RB,Dare,Dare Ogunbowale,Ogunbowale,4.1,5,5400,CLE@HOU,HOU,CLE,,,,,,RB/FLEX
84056-63855,WR,K.J.,K.J. Osborn,Osborn,4.645454406738281,11,5400,NYJ@MIN,MIN,NYJ,,,,,,WR/FLEX
84056-70422,WR,Kalif,Kalif Raymond,Raymond,4.818181818181818,11,5400,JAC@DET,DET,JAC,,,,,,WR/FLEX
84056-86875,RB,Jordan,Jordan Mason,Mason,1.5333333015441895,3,5400,MIA@SF,SF,MIA,,,,,,RB/FLEX
84056-64389,WR,Nick,Nick Westbrook-Ikhine,Westbrook-Ikhine,6.144444359673394,9,5400,TEN@PHI,TEN,PHI,,,,,,WR/FLEX
84056-61042,WR,Kendall,Kendall Hinton,Hinton,4.5625,8,5400,DEN@BAL,DEN,BAL,,,,,,WR/FLEX
84056-14257,WR,Randall,Randall Cobb,Cobb,6.737500190734863,8,5400,GB@CHI,GB,CHI,,,,,,WR/FLEX
84056-57299,TE,Gerald,Gerald Everett,Everett,7.119999694824219,10,5400,LAC@LV,LAC,LV,,,,,,TE/FLEX
84056-79979,WR,Jamal,Jamal Agnew,Agnew,4.477777693006727,9,5300,JAC@DET,JAC,DET,,,,,,WR/FLEX
84056-64031,TE,Hayden,Hayden Hurst,Hurst,6.7090911865234375,11,5300,KC@CIN,CIN,KC,,,,,,TE/FLEX
84056-47870,TE,Tyler,Tyler Higbee,Higbee,6.7,10,5300,SEA@LAR,LAR,SEA,,,,,,TE/FLEX
84056-112062,WR,Skyy,Skyy Moore,Moore,2.090909090909091,11,5300,KC@CIN,KC,CIN,,,,,,WR/FLEX
84056-32243,WR,Marquise,Marquise Goodwin,Goodwin,6.837500095367432,8,5300,SEA@LAR,SEA,LAR,,,,,,WR/FLEX
84056-60930,RB,Myles,Myles Gaskin,Gaskin,3.700000047683716,2,5300,MIA@SF,MIA,SF,Q,Shoulder,,,,RB/FLEX
84056-52917,WR,DJ,DJ Chark Jr.,Chark Jr.,5.579999923706055,5,5300,JAC@DET,DET,JAC,,,,,,WR/FLEX
84056-33047,WR,Chris,Chris Moore,Moore,5.6999999152289496,9,5200,CLE@HOU,HOU,CLE,,,,,,WR/FLEX
84056-27229,RB,Ameer,Ameer Abdullah,Abdullah,2.8090908744118432,11,5200,LAC@LV,LV,LAC,,,,,,RB/FLEX
84056-92976,WR,Tutu,Tutu Atwell,Atwell,3.7999998728434243,6,5200,SEA@LAR,LAR,SEA,,,,,,WR/FLEX
84056-93055,WR,Isaiah,Isaiah Hodgins,Hodgins,4.550000190734863,4,5200,WAS@NYG,NYG,WAS,,,,,,WR/FLEX
84056-62994,WR,Steven,Steven Sims Jr.,Sims Jr.,1.0500000317891438,6,5200,PIT@ATL,PIT,ATL,,,,,,WR/FLEX
84056-91931,TE,Greg,Greg Dulcich,Dulcich,6.483333587646484,6,5200,DEN@BAL,DEN,BAL,,,,,,TE/FLEX
84056-71705,TE,Noah,Noah Fant,Fant,5.136363636363637,11,5100,SEA@LAR,SEA,LAR,,,,,,TE/FLEX
84056-53390,WR,Zach,Zach Pascal,Pascal,2.9749999046325684,8,5100,TEN@PHI,PHI,TEN,,,,,,WR/FLEX
84056-62055,WR,Ray-Ray,Ray-Ray McCloud III,McCloud III,2.627272692593661,11,5100,MIA@SF,SF,MIA,,,,,,WR/FLEX
84056-70383,RB,Darrynton,Darrynton Evans,Evans,7.199999809265137,1,5100,GB@CHI,CHI,GB,,,,,,RB/FLEX
84056-56059,WR,Trent,Trent Sherfield,Sherfield,4.181818181818182,11,5100,MIA@SF,MIA,SF,,,,,,WR/FLEX
84056-71105,WR,Ben,Ben Skowronek,Skowronek,4.327272588556463,11,5100,SEA@LAR,LAR,SEA,,,,,,WR/FLEX
84056-55165,RB,Justin,Justin Jackson,Jackson,2.9333332909478083,9,5100,JAC@DET,DET,JAC,,,,,,RB/FLEX
84056-88109,RB,Gary,Gary Brightwell,Brightwell,1.5333333545260959,9,5000,WAS@NYG,NYG,WAS,Q,Illness,,,,RB/FLEX
84056-24641,WR,Sammy,Sammy Watkins,Watkins,3.8714286259242465,7,5000,GB@CHI,GB,CHI,,,,,,WR/FLEX
84056-79970,WR,Cooper,Cooper Kupp,Kupp,18.211110432942707,9,5000,SEA@LAR,LAR,SEA,IR,Ankle,,,,WR/FLEX
84056-86192,WR,KJ,KJ Hamler,Hamler,3.7166665395100913,6,5000,DEN@BAL,DEN,BAL,IR,Hamstring,,,,WR/FLEX
84056-28900,RB,Melvin,Melvin Gordon III,Gordon III,7.459999847412109,10,5000,KC@CIN,KC,CIN,,,,,,RB/FLEX
84056-12529,D,Cleveland,Cleveland Browns,Browns,3.8181818181818183,11,5000,CLE@HOU,CLE,HOU,,,,,,DEF
84056-102729,RB,Snoop,Snoop Conner,Conner,1.100000023841858,1,5000,JAC@DET,JAC,DET,,,,,,RB/FLEX
84056-102893,RB,Tyrion,Tyrion Davis-Price,Davis-Price,1.850000023841858,2,5000,MIA@SF,SF,MIA,,,,,,RB/FLEX
84056-57909,RB,Marlon,Marlon Mack,Mack,0.8500000238418579,2,5000,DEN@BAL,DEN,BAL,,,,,,RB/FLEX
84056-6739,WR,DeSean,DeSean Jackson,Jackson,5.25,2,5000,DEN@BAL,BAL,DEN,,,,,,WR/FLEX
84056-57986,WR,Hunter,Hunter Renfrow,Renfrow,4.616666793823242,6,5000,LAC@LV,LV,LAC,IR,Oblique,,,,WR/FLEX
84056-72412,RB,Khalil,Khalil Herbert,Herbert,10.35,10,5000,GB@CHI,CHI,GB,IR,Hip,,,,RB/FLEX
84056-86780,RB,Salvon,Salvon Ahmed,Ahmed,0.6499999761581421,2,5000,MIA@SF,MIA,SF,,,,,,RB/FLEX
84056-72453,WR,Denzel,Denzel Mims,Mims,3.459999847412109,5,5000,NYJ@MIN,NYJ,MIN,,,,,,WR/FLEX
84056-27441,RB,Damien,Damien Williams,Williams,0.20000000298023224,1,5000,PIT@ATL,ATL,PIT,IR,Ribs,,,,RB/FLEX
84056-91047,TE,Cole,Cole Kmet,Kmet,6.583333333333333,12,5000,GB@CHI,CHI,GB,,,,,,TE/FLEX
84056-72627,RB,Patrick,Patrick Taylor,Taylor,4.050000190734863,4,5000,GB@CHI,GB,CHI,,,,,,RB/FLEX
84056-54244,WR,Kenny,Kenny Golladay,Golladay,1.4199999809265136,5,5000,WAS@NYG,NYG,WAS,Q,Illness,,,,WR/FLEX
84056-60451,TE,Tyler,Tyler Conklin,Conklin,6.836363358931108,11,5000,NYJ@MIN,NYJ,MIN,,,,,,TE/FLEX
84056-72776,RB,Alexander,Alexander Mattison,Mattison,4.263636502352628,11,5000,NYJ@MIN,MIN,NYJ,,,,,,RB/FLEX
84056-52345,WR,Brandon,Brandon Powell,Powell,1.5818181471391157,11,5000,SEA@LAR,LAR,SEA,,,,,,WR/FLEX
84056-83074,TE,Dallas,Dallas Goedert,Goedert,10.211111280653212,9,5000,TEN@PHI,PHI,TEN,IR,Shoulder,,,,TE/FLEX
84056-40126,TE,Austin,Austin Hooper,Hooper,4.51818188753995,11,5000,TEN@PHI,TEN,PHI,,,,,,TE/FLEX
84056-64905,WR,Trenton,Trenton Irwin,Irwin,5.125,4,5000,KC@CIN,CIN,KC,,,,,,WR/FLEX
84056-112057,RB,Jaylen,Jaylen Warren,Warren,4.070000076293946,10,5000,PIT@ATL,PIT,ATL,Q,Hamstring,,,,RB/FLEX
84056-114180,WR,David,David Bell,Bell,2.6899999618530273,10,5000,CLE@HOU,CLE,HOU,,,,,,WR/FLEX
84056-52808,RB,Dontrell,Dontrell Hilliard,Hilliard,6.409999847412109,10,5000,TEN@PHI,TEN,PHI,,,,,,RB/FLEX
84056-61060,RB,Devine,Devine Ozigbo,Ozigbo,0.5,2,5000,DEN@BAL,DEN,BAL,,,,,,RB/FLEX
84056-69295,WR,Byron,Byron Pringle,Pringle,3.549999952316284,4,5000,GB@CHI,CHI,GB,,,,,,WR/FLEX
84056-26355,TE,Logan,Logan Thomas,Thomas,4.4375,8,5000,WAS@NYG,WAS,NYG,,,,,,TE/FLEX
84056-85762,RB,Eno,Eno Benjamin,Benjamin,7.430000305175781,10,5000,CLE@HOU,HOU,CLE,,,,,,RB/FLEX
84056-71444,RB,Travis,Travis Homer,Homer,4.616666793823242,6,5000,SEA@LAR,SEA,LAR,O,Illness,,,,RB/FLEX
84056-30678,WR,Damiere,Damiere Byrd,Byrd,5.628571646554129,7,5000,PIT@ATL,ATL,PIT,,,,,,WR/FLEX
84056-53303,RB,Matt,Matt Breida,Breida,2.6454545801336113,11,4900,WAS@NYG,NYG,WAS,,,,,,RB/FLEX
84056-104577,WR,Gunner,Gunner Olszewski,Olszewski,0.8125,8,4900,PIT@ATL,PIT,ATL,,,,,,WR/FLEX
84056-69860,RB,Trayveon,Trayveon Williams,Williams,2.700000047683716,2,4900,KC@CIN,CIN,KC,,,,,,RB/FLEX
84056-94625,WR,Jalen,Jalen Reagor,Reagor,1.3727273074063389,11,4900,NYJ@MIN,MIN,NYJ,,,,,,WR/FLEX
84056-80353,TE,Robert,Robert Tonyan,Tonyan,5.349999745686849,12,4900,GB@CHI,GB,CHI,,,,,,TE/FLEX
84056-41997,WR,River,River Cracraft,Cracraft,3.633333206176758,6,4900,MIA@SF,MIA,SF,,,,,,WR/FLEX
84056-62505,TE,MyCole,MyCole Pruitt,Pruitt,3.8,5,4900,PIT@ATL,ATL,PIT,,,,,,TE/FLEX
84056-89209,RB,Trestan,Trestan Ebner,Ebner,0.7428571156093052,7,4900,GB@CHI,CHI,GB,,,,,,RB/FLEX
84056-83083,WR,Justin,Justin Watson,Watson,3.509090770374645,11,4900,KC@CIN,KC,CIN,,,,,,WR/FLEX
84056-25813,WR,Phillip,Phillip Dorsett II,Dorsett II,3.0222223069932728,9,4900,CLE@HOU,HOU,CLE,,,,,,WR/FLEX
84056-85306,WR,KhaDarel,KhaDarel Hodge,Hodge,4.814285823277065,7,4900,PIT@ATL,ATL,PIT,,,,,,WR/FLEX
84056-64841,WR,Equanimeous,Equanimeous St. Brown,St. Brown,3.1499999364217124,12,4900,GB@CHI,CHI,GB,,,,,,WR/FLEX
84056-54608,RB,Jerick,Jerick McKinnon,McKinnon,5.200000069358132,11,4900,KC@CIN,KC,CIN,,,,,,RB/FLEX
84056-93538,WR,Dyami,Dyami Brown,Brown,4.799999872843425,6,4900,WAS@NYG,WAS,NYG,,,,,,WR/FLEX
84056-71241,WR,Brandon,Brandon Johnson,Johnson,4.349999904632568,2,4900,DEN@BAL,DEN,BAL,,,,,,WR/FLEX
84056-87662,WR,Anthony,Anthony Schwartz,Schwartz,3.3,5,4900,CLE@HOU,CLE,HOU,,,,,,WR/FLEX
84056-63186,WR,James,James Proche II,Proche II,2.075000047683716,4,4900,DEN@BAL,BAL,DEN,,,,,,WR/FLEX
84056-57338,TE,Jordan,Jordan Akins,Akins,5.611111111111111,9,4900,CLE@HOU,HOU,CLE,,,,,,TE/FLEX
84056-63591,RB,Ronald,Ronald Jones II,Jones II,3.9000000953674316,1,4800,KC@CIN,KC,CIN,,,,,,RB/FLEX
84056-79998,WR,Keelan,Keelan Cole,Cole,1.5,7,4800,LAC@LV,LV,LAC,,,,,,WR/FLEX
84056-88277,RB,Anthony,Anthony McFarland Jr.,McFarland Jr.,5.099999904632568,1,4800,PIT@ATL,PIT,ATL,,,,,,RB/FLEX
84056-12550,D,Seattle,Seattle Seahawks,Seahawks,7.363636363636363,11,4800,SEA@LAR,SEA,LAR,,,,,,DEF
84056-43334,RB,J.D.,J.D. McKissic,McKissic,5.287499904632568,8,4800,WAS@NYG,WAS,NYG,IR,Neck,,,,RB/FLEX
84056-27338,RB,Rex,Rex Burkhead,Burkhead,4.470000076293945,10,4800,CLE@HOU,HOU,CLE,Q,Concussion,,,,RB/FLEX
84056-41872,TE,Evan,Evan Engram,Engram,5.645454406738281,11,4800,JAC@DET,JAC,DET,,,,,,TE/FLEX
84056-56265,TE,Mike,Mike Gesicki,Gesicki,5.718181956898082,11,4800,MIA@SF,MIA,SF,,,,,,TE/FLEX
84056-89157,RB,Caleb,Caleb Huntley,Huntley,4.2,10,4800,PIT@ATL,ATL,PIT,,,,,,RB/FLEX
84056-54472,WR,Cam,Cam Sims,Sims,1.1666666666666667,9,4800,WAS@NYG,WAS,NYG,,,,,,WR/FLEX
84056-52495,WR,Braxton,Braxton Berrios,Berrios,3.5436363220214844,11,4800,NYJ@MIN,NYJ,MIN,,,,,,WR/FLEX
84056-56698,WR,Dante,Dante Pettis,Pettis,4.1,10,4800,GB@CHI,CHI,GB,,,,,,WR/FLEX
84056-73130,RB,Chris,Chris Evans,Evans,0.5714285714285714,7,4800,KC@CIN,CIN,KC,,,,,,RB/FLEX
84056-91872,RB,Joshua,Joshua Kelley,Kelley,4.75,6,4800,LAC@LV,LAC,LV,,,,,,RB/FLEX
84056-71521,RB,Justice,Justice Hill,Hill,3.0888888041178384,9,4800,DEN@BAL,BAL,DEN,,,,,,RB/FLEX
84056-69581,WR,Cedrick,Cedrick Wilson Jr.,Wilson Jr.,1.8624999523162842,8,4800,MIA@SF,MIA,SF,,,,,,WR/FLEX
84056-69752,WR,Jalen,Jalen Virgil,Virgil,5.550000190734863,2,4700,DEN@BAL,DEN,BAL,,,,,,WR/FLEX
84056-90307,TE,Daniel,Daniel Bellinger,Bellinger,6.900000254313151,6,4700,WAS@NYG,NYG,WAS,Q,Eye,,,,TE/FLEX
84056-88297,TE,Chig,Chig Okonkwo,Okonkwo,3.533333248562283,9,4700,TEN@PHI,TEN,PHI,,,,,,TE/FLEX
84056-12533,D,Green Bay,Green Bay Packers,Packers,5.083333333333333,12,4700,GB@CHI,GB,CHI,,,,,,DEF
84056-43416,WR,Trent,Trent Taylor,Taylor,0.5099999904632568,10,4700,KC@CIN,CIN,KC,,,,,,WR/FLEX
84056-63907,TE,Josh,Josh Oliver,Oliver,3.8125,8,4700,DEN@BAL,BAL,DEN,,,,,,TE/FLEX
84056-31184,RB,Jonathan,Jonathan Williams,Williams,1.899999976158142,4,4700,WAS@NYG,WAS,NYG,,,,,,RB/FLEX
84056-70601,TE,Harrison,Harrison Bryant,Bryant,3.933333502875434,9,4700,CLE@HOU,CLE,HOU,,,,,,TE/FLEX
84056-152631,WR,Samori,Samori Toure,Toure,5.166666666666667,3,4700,GB@CHI,GB,CHI,,,,,,WR/FLEX
84056-70889,RB,Benny,Benny Snell Jr.,Snell Jr.,4.433333396911621,3,4700,PIT@ATL,PIT,ATL,,,,,,RB/FLEX
84056-64827,WR,Miles,Miles Boykin,Boykin,0.800000011920929,2,4700,PIT@ATL,PIT,ATL,,,,,,WR/FLEX
84056-114100,RB,Isaiah,Isaiah Spiller,Spiller,1.3800000190734862,5,4700,LAC@LV,LAC,LV,,,,,,RB/FLEX
84056-91578,RB,Zamir,Zamir White,White,0.6714285441807338,7,4700,LAC@LV,LV,LAC,,,,,,RB/FLEX
84056-69451,TE,Jack,Jack Stoll,Stoll,1.1571429116385323,7,4700,TEN@PHI,PHI,TEN,,,,,,TE/FLEX
84056-94087,RB,DeeJay,DeeJay Dallas,Dallas,1.2181817835027522,11,4700,SEA@LAR,SEA,LAR,,,,,,RB/FLEX
84056-61555,WR,David,David Sills V,Sills V,2.3000000544956754,7,4600,WAS@NYG,NYG,WAS,,,,,,WR/FLEX
84056-57543,RB,D'Ernest,D'Ernest Johnson,Johnson,0.9750000238418579,4,4600,CLE@HOU,CLE,HOU,,,,,,RB/FLEX
84056-63717,RB,Alec,Alec Ingold,Ingold,3.7714285169328963,7,4600,MIA@SF,MIA,SF,,,,,,RB/FLEX
84056-12545,D,Philadelphia,Philadelphia Eagles,Eagles,9.363636363636363,11,4600,TEN@PHI,PHI,TEN,,,,,,DEF
84056-90408,WR,Dax,Dax Milne,Milne,1.1545454372059216,11,4600,WAS@NYG,WAS,NYG,O,Foot,,,,WR/FLEX
84056-22898,RB,Brandon,Brandon Bolden,Bolden,3.2666667302449546,6,4600,LAC@LV,LV,LAC,Q,Calf,,,,RB/FLEX
84056-53640,RB,Sony,Sony Michel,Michel,2.0399999618530273,10,4600,LAC@LV,LAC,LV,,,,,,RB/FLEX
84056-55694,WR,Mike,Mike Thomas,Thomas,1.7000000476837158,4,4600,KC@CIN,CIN,KC,,,,,,WR/FLEX
84056-72182,WR,Dee,Dee Eskridge,Eskridge,1.144444465637207,9,4600,SEA@LAR,SEA,LAR,IR,Hand,,,,WR/FLEX
84056-39428,RB,Kyle,Kyle Juszczyk,Juszczyk,3.2666666242811413,9,4600,MIA@SF,SF,MIA,,,,,,RB/FLEX
84056-88607,WR,Braylon,Braylon Sanders,Sanders,0.699999988079071,1,4600,MIA@SF,MIA,SF,,,,,,WR/FLEX
84056-53913,WR,Cody,Cody Hollister,Hollister,1.725000023841858,4,4600,TEN@PHI,TEN,PHI,O,Neck,,,,WR/FLEX
84056-58041,RB,Mike,Mike Boone,Boone,2.883333206176758,6,4600,DEN@BAL,DEN,BAL,,,,,,RB/FLEX
84056-92859,WR,Jalen,Jalen Nailor,Nailor,1.899999976158142,2,4600,NYJ@MIN,MIN,NYJ,,,,,,WR/FLEX
84056-70372,WR,Chester,Chester Rogers,Rogers,-0.6666666666666666,3,4600,CLE@HOU,CLE,HOU,,,,,,WR/FLEX
84056-56142,WR,Juwann,Juwann Winfree,Winfree,0.7333333492279053,3,4600,GB@CHI,GB,CHI,,,,,,WR/FLEX
84056-64339,WR,Auden,Auden Tate,Tate,2.8499999046325684,4,4600,TEN@PHI,PHI,TEN,,,,,,WR/FLEX
84056-64350,WR,Jeff,Jeff Smith,Smith,1.2833333015441895,6,4600,NYJ@MIN,NYJ,MIN,,,,,,WR/FLEX
84056-72705,TE,John,John Bates,Bates,2.644444359673394,9,4600,WAS@NYG,WAS,NYG,,,,,,TE/FLEX
84056-70661,WR,Velus,Velus Jones Jr.,Jones Jr.,1.7666667302449544,6,4600,GB@CHI,CHI,GB,,,,,,WR/FLEX
84056-70680,WR,Jalen,Jalen Camp,Camp,1.2000000476837158,1,4600,CLE@HOU,HOU,CLE,,,,,,WR/FLEX
84056-154661,WR,Michael,Michael Bandy,Bandy,1.6999999455043249,7,4600,LAC@LV,LAC,LV,,,,,,WR/FLEX
84056-72772,RB,Avery,Avery Williams,Williams,1.6499999364217122,12,4600,PIT@ATL,ATL,PIT,,,,,,RB/FLEX
84056-83081,RB,Chase,Chase Edmonds,Edmonds,4.659999847412109,10,4600,DEN@BAL,DEN,BAL,IR,Ankle,,,,RB/FLEX
84056-93404,RB,Zander,Zander Horvath,Horvath,2.012500047683716,8,4600,LAC@LV,LAC,LV,,,,,,RB/FLEX
84056-91361,RB,Hassan,Hassan Haskins,Haskins,0.800000011920929,8,4600,TEN@PHI,TEN,PHI,O,Hip,,,,RB/FLEX
84056-29949,WR,Marvin,Marvin Hall,Hall,1.5,1,4600,JAC@DET,JAC,DET,,,,,,WR/FLEX
84056-60705,WR,Tyron,Tyron Johnson,Johnson,0.6499999761581421,2,4600,KC@CIN,CIN,KC,,,,,,WR/FLEX
84056-89437,WR,Tim,Tim Jones,Jones,1.2333333492279053,3,4600,JAC@DET,JAC,DET,,,,,,WR/FLEX
84056-56708,TE,Will,Will Dissly,Dissly,5.409090909090909,11,4600,SEA@LAR,SEA,LAR,,,,,,TE/FLEX
84056-87515,WR,Tylan,Tylan Wallace,Wallace,0.8999999761581421,4,4600,DEN@BAL,BAL,DEN,IR,Hamstring,,,,WR/FLEX
84056-32234,RB,Malcolm,Malcolm Brown,Brown,2.2333332697550454,3,4600,SEA@LAR,LAR,SEA,,,,,,RB/FLEX
84056-32235,WR,Marcus,Marcus Johnson,Johnson,2.325000047683716,4,4600,WAS@NYG,NYG,WAS,,,,,,WR/FLEX
84056-60910,WR,Dede,Dede Westbrook,Westbrook,0.9833333492279053,12,4600,GB@CHI,GB,CHI,,,,,,WR/FLEX
84056-73247,RB,Kene,Kene Nwangwu,Nwangwu,0.7888888782925076,9,4600,NYJ@MIN,MIN,NYJ,,,,,,RB/FLEX
84056-69168,WR,N'Keal,N'Keal Harry,Harry,4.133333206176758,3,4600,GB@CHI,CHI,GB,,,,,,WR/FLEX
84056-95854,WR,Montrell,Montrell Washington,Washington,0.29999999566511676,11,4600,DEN@BAL,DEN,BAL,,,,,,WR/FLEX
84056-69276,WR,Bryan,Bryan Edwards,Edwards,0.75,4,4600,KC@CIN,KC,CIN,,,,,,WR/FLEX
84056-91902,WR,Kyle,Kyle Philips,Philips,1.9500000476837158,4,4600,TEN@PHI,TEN,PHI,IR,Hamstring,,,,WR/FLEX
84056-104297,WR,Jason,Jason Moore Jr.,Moore Jr.,1,1,4600,LAC@LV,LAC,LV,,,,,,WR/FLEX
84056-89970,WR,Amari,Amari Rodgers,Rodgers,0.3,10,4600,CLE@HOU,HOU,CLE,,,,,,WR/FLEX
84056-89997,WR,Michael,Michael Woods II,Woods II,1.0333333015441895,3,4600,CLE@HOU,CLE,HOU,,,,,,WR/FLEX
84056-30635,RB,Mike,Mike Davis,Davis,0.6400000095367432,5,4600,DEN@BAL,BAL,DEN,,,,,,RB/FLEX
84056-63419,WR,Andy,Andy Isabella,Isabella,1.5499999523162842,2,4600,DEN@BAL,BAL,DEN,,,,,,WR/FLEX
84056-104388,WR,Tom,Tom Kennedy,Kennedy,3.0166667302449546,6,4600,JAC@DET,DET,JAC,,,,,,WR/FLEX
84056-63447,WR,Penny,Penny Hart,Hart,2,1,4600,SEA@LAR,SEA,LAR,,,,,,WR/FLEX
84056-104424,RB,Craig,Craig Reynolds,Reynolds,4.383333206176758,6,4600,JAC@DET,DET,JAC,IR,Ribs,,,,RB/FLEX
84056-104447,TE,Jody,Jody Fortson,Fortson,3.4571429661342075,7,4600,KC@CIN,KC,CIN,,,,,,TE/FLEX
84056-169990,WR,Cyrus,Cyrus Holder,Holder,,,4500,GB@CHI,CHI,GB,,,,,,WR/FLEX
84056-169991,WR,Landon,Landon Lenoir,Lenoir,,,4500,GB@CHI,CHI,GB,,,,,,WR/FLEX
84056-169989,WR,Henry,Henry Litwin,Litwin,,,4500,GB@CHI,CHI,GB,,,,,,WR/FLEX
84056-170000,WR,Shemar,Shemar Bridges,Bridges,,,4500,DEN@BAL,BAL,DEN,,,,,,WR/FLEX
84056-133163,WR,Ra'Shaun,Ra'Shaun Henry,Henry,,,4500,PIT@ATL,ATL,PIT,,,,,,WR/FLEX
84056-71723,WR,Dez,Dez Fitzpatrick,Fitzpatrick,4.466666539510091,3,4500,TEN@PHI,TEN,PHI,,,,,,WR/FLEX
84056-79920,WR,Cyril,Cyril Grayson Jr.,Grayson Jr.,13.199999491373697,3,4500,CLE@HOU,CLE,HOU,,,,,,WR/FLEX
84056-63550,WR,Isaiah,Isaiah Zuber,Zuber,,,4500,LAC@LV,LV,LAC,,,,,,WR/FLEX
84056-94277,WR,Thomas,Thomas Hennigan,Hennigan,,,4500,NYJ@MIN,MIN,NYJ,IR,Undisclosed,,,,WR/FLEX
84056-71756,WR,Aaron,Aaron Fuller,Fuller,,,4500,SEA@LAR,SEA,LAR,,,,,,WR/FLEX
84056-57432,WR,Cameron,Cameron Batson,Batson,2.5,4,4500,PIT@ATL,ATL,PIT,,,,,,WR/FLEX
84056-65627,WR,Maurice,Maurice Alexander,Alexander,0.40000001589457196,3,4500,JAC@DET,DET,JAC,Q,Ankle,,,,WR/FLEX
84056-86113,WR,Ihmir,Ihmir Smith-Marsette,Smith-Marsette,-0.02500000037252903,4,4500,KC@CIN,KC,CIN,,,,,,WR/FLEX
84056-79982,RB,Alex,Alex Armah,Armah,1.4499999682108562,6,4500,WAS@NYG,WAS,NYG,,,,,,RB/FLEX
84056-79987,WR,David,David Moore,Moore,0,2,4500,GB@CHI,CHI,GB,Q,Lower leg,,,,WR/FLEX
84056-63603,WR,Jared,Jared Pinkney,Pinkney,,,4500,SEA@LAR,LAR,SEA,,,,,,WR/FLEX
84056-30837,WR,Jordan,Jordan Matthews,Matthews,,,4500,MIA@SF,SF,MIA,IR,Knee - acl,,,,WR/FLEX
84056-55414,WR,Cody,Cody Thompson,Thompson,,,4500,SEA@LAR,SEA,LAR,IR,Shoulder,,,,WR/FLEX
84056-71821,WR,Joe,Joe Reed,Reed,,,4500,LAC@LV,LAC,LV,,,,,,WR/FLEX
84056-112790,WR,Trevon,Trevon Clark,Clark,,,4500,DEN@BAL,BAL,DEN,,,,,,WR/FLEX
84056-86173,RB,Mekhi,Mekhi Sargent,Sargent,0.2750000059604645,4,4500,JAC@DET,JAC,DET,,,,,,RB/FLEX
84056-63646,TE,Lawrence,Lawrence Cager,Cager,2.6799999237060548,5,4500,WAS@NYG,NYG,WAS,,,,,,TE/FLEX
84056-84137,WR,Deontez,Deontez Alexander,Alexander,,,4500,SEA@LAR,SEA,LAR,,,,,,WR/FLEX
84056-61610,RB,Jacques,Jacques Patrick,Patrick,1.2000000476837158,1,4500,KC@CIN,CIN,KC,,,,,,RB/FLEX
84056-61631,WR,Bisi,Bisi Johnson,Johnson,,,4500,NYJ@MIN,MIN,NYJ,IR,Knee - acl,,,,WR/FLEX
84056-170184,RB,Julius,Julius Chestnut,Chestnut,,,4500,TEN@PHI,TEN,PHI,,,,,,RB/FLEX
84056-170190,WR,Isaiah,Isaiah Weston,Weston,,,4500,CLE@HOU,CLE,HOU,IR,Knee,,,,WR/FLEX
84056-69836,WR,Collin,Collin Johnson,Johnson,2.2857142857142856,7,4500,WAS@NYG,NYG,WAS,IR,Achilles,,,,WR/FLEX
84056-63697,TE,Brycen,Brycen Hopkins,Hopkins,1.099999984105428,3,4500,SEA@LAR,LAR,SEA,,,,,,TE/FLEX
84056-149717,RB,JaQuan,JaQuan Hardy,Hardy,4.449999809265137,2,4500,DEN@BAL,DEN,BAL,,,,,,RB/FLEX
84056-28890,RB,Derek,Derek Watt,Watt,1.9799999237060546,5,4500,PIT@ATL,PIT,ATL,,,,,,RB/FLEX
84056-57565,RB,Austin,Austin Walter,Walter,4.5,4,4500,LAC@LV,LV,LAC,,,,,,RB/FLEX
84056-170208,WR,Kaden,Kaden Davis,Davis,,,4500,DEN@BAL,DEN,BAL,,,,,,WR/FLEX
84056-170209,WR,Tyreik,Tyreik McAllister,McAllister,,,4500,DEN@BAL,DEN,BAL,,,,,,WR/FLEX
84056-170219,WR,Kevin,Kevin Kassis,Kassis,,,4500,SEA@LAR,SEA,LAR,,,,,,WR/FLEX
84056-28907,WR,Alex,Alex Erickson,Erickson,0.5833333333333334,12,4500,WAS@NYG,WAS,NYG,,,,,,WR/FLEX
84056-88307,RB,Tayon,Tayon Fleet-Davis,Fleet-Davis,,,4500,KC@CIN,KC,CIN,,,,,,RB/FLEX
84056-94453,RB,Darwin,Darwin Thompson,Thompson,,,4500,SEA@LAR,SEA,LAR,,,,,,RB/FLEX
84056-45307,WR,Rodney,Rodney Adams,Adams,0,1,4500,NYJ@MIN,NYJ,MIN,IR,Illness,,,,WR/FLEX
84056-69884,RB,Darius,Darius Anderson,Anderson,,,4500,CLE@HOU,HOU,CLE,IR,Knee,,,,RB/FLEX
84056-71935,WR,Kendric,Kendric Pryor,Pryor,,,4500,JAC@DET,JAC,DET,,,,,,WR/FLEX
84056-94468,WR,Savon,Savon Scarver,Scarver,,,4500,GB@CHI,CHI,GB,,,,,,WR/FLEX
84056-12555,D,Baltimore,Baltimore Ravens,Ravens,8.636363636363637,11,4500,DEN@BAL,BAL,DEN,,,,,,DEF
84056-71957,WR,Quintez,Quintez Cephus,Cephus,2.5,1,4500,JAC@DET,DET,JAC,IR,Foot,,,,WR/FLEX
84056-102696,WR,John,John Metchie III,Metchie III,,,4500,CLE@HOU,HOU,CLE,IR,Illness,,,,WR/FLEX
84056-57651,WR,Travis,Travis Fulgham,Fulgham,,,4500,GB@CHI,GB,CHI,,,,,,WR/FLEX
84056-45371,WR,Darius,Darius Phillips,Phillips,-0.36363636363636365,11,4500,DEN@BAL,DEN,BAL,,,,,,WR/FLEX
84056-90458,RB,Troy,Troy Hairston,Hairston,0.9000000158945719,3,4500,CLE@HOU,HOU,CLE,,,,,,RB/FLEX
84056-63851,TE,Tyree,Tyree Jackson,Jackson,3.2333332697550454,3,4500,TEN@PHI,PHI,TEN,,,,,,TE/FLEX
84056-90487,WR,Kalil,Kalil Pimpleton,Pimpleton,,,4500,WAS@NYG,NYG,WAS,,,,,,WR/FLEX
84056-70023,WR,Cornell,Cornell Powell,Powell,,,4500,KC@CIN,KC,CIN,,,,,,WR/FLEX
84056-47501,WR,Marken,Marken Michel,Michel,,,4500,WAS@NYG,WAS,NYG,,,,,,WR/FLEX
84056-53646,WR,Austin,Austin Proehl,Proehl,,,4500,WAS@NYG,NYG,WAS,Q,Undisclosed,,,,WR/FLEX
84056-88463,WR,Johnny,Johnny Johnson III,Johnson III,,,4500,CLE@HOU,HOU,CLE,,,,,,WR/FLEX
84056-102802,WR,Makai,Makai Polk,Polk,,,4500,WAS@NYG,NYG,WAS,,,,,,WR/FLEX
84056-90518,WR,Slade,Slade Bolden,Bolden,,,4500,DEN@BAL,BAL,DEN,Q,Undisclosed,,,,WR/FLEX
84056-80281,WR,C.J.,C.J. Board,Board,0,3,4500,TEN@PHI,TEN,PHI,,,,,,WR/FLEX
84056-72091,RB,Raymond,Raymond Calais,Calais,,,4500,SEA@LAR,LAR,SEA,,,,,,RB/FLEX
84056-47523,WR,Tajae,Tajae Sharpe,Sharpe,2.5357142857142856,14,4500,MIA@SF,SF,MIA,Q,Undisclosed,,,,WR/FLEX
84056-90533,RB,Jerome,Jerome Ford,Ford,0,7,4500,CLE@HOU,CLE,HOU,,,,,,RB/FLEX
84056-72103,RB,Trey,Trey Ragas,Ragas,2.5,1,4500,SEA@LAR,LAR,SEA,Q,Undisclosed,,,,RB/FLEX
84056-80299,RB,Patrick,Patrick Ricard,Ricard,1.5333333545260959,9,4500,DEN@BAL,BAL,DEN,,,,,,RB/FLEX
84056-63919,WR,Bailey,Bailey Gaither,Gaither,,,4500,DEN@BAL,BAL,DEN,,,,,,WR/FLEX
84056-25011,TE,Darren,Darren Waller,Waller,7.875,4,4500,LAC@LV,LV,LAC,IR,Hamstring,,,,TE/FLEX
84056-72122,WR,Jake,Jake Herslow,Herslow,,,4500,SEA@LAR,SEA,LAR,,,,,,WR/FLEX
84056-92606,WR,Bo,Bo Melton,Melton,,,4500,SEA@LAR,SEA,LAR,,,,,,WR/FLEX
84056-55750,WR,Chris,Chris Lacy,Lacy,,,4500,LAC@LV,LV,LAC,,,,,,WR/FLEX
84056-86472,WR,John,John Hightower,Hightower,0,1,4500,LAC@LV,LAC,LV,,,,,,WR/FLEX
84056-96714,WR,Travis,Travis Toivonen,Toivonen,,,4500,NYJ@MIN,MIN,NYJ,,,,,,WR/FLEX
84056-88525,WR,Kawaan,Kawaan Baker,Baker,,,4500,TEN@PHI,PHI,TEN,,,,,,WR/FLEX
84056-109015,WR,Keric,Keric Wheatfall,Wheatfall,,,4500,TEN@PHI,PHI,TEN,Q,Undisclosed,,,,WR/FLEX
84056-14820,RB,Nick,Nick Bellore,Bellore,0.8999999761581421,1,4500,SEA@LAR,SEA,LAR,,,,,,RB/FLEX
84056-31207,TE,C.J.,C.J. Uzomah,Uzomah,2.3428570883614674,7,4500,NYJ@MIN,NYJ,MIN,,,,,,TE/FLEX
84056-152042,WR,Drew,Drew Estrada,Estrada,,,4500,CLE@HOU,HOU,CLE,O,Achilles,,,,WR/FLEX
84056-57840,RB,Rashaad,Rashaad Penny,Penny,10.04000015258789,5,4500,SEA@LAR,SEA,LAR,IR,Ankle,,,,RB/FLEX
84056-86543,WR,Erik,Erik Ezukanma,Ezukanma,,,4500,MIA@SF,MIA,SF,,,,,,WR/FLEX
84056-88590,RB,Scottie,Scottie Phillips,Phillips,1.600000023841858,2,4500,CLE@HOU,HOU,CLE,,,,,,RB/FLEX
84056-96798,RB,Josh,Josh Johnson,Johnson,,,4500,SEA@LAR,SEA,LAR,Q,Undisclosed,,,,RB/FLEX
84056-72235,WR,Damon,Damon Hazelton,Hazelton,,,4500,CLE@HOU,HOU,CLE,,,,,,WR/FLEX
84056-70206,RB,Jason,Jason Huntley,Huntley,5.099999904632568,1,4500,PIT@ATL,PIT,ATL,,,,,,RB/FLEX
84056-150090,WR,Cade,Cade Johnson,Johnson,,,4500,SEA@LAR,SEA,LAR,,,,,,WR/FLEX
84056-86614,RB,Jeremiah,Jeremiah Hall,Hall,,,4500,WAS@NYG,NYG,WAS,,,,,,RB/FLEX
84056-62042,WR,Deon,Deon Cain,Cain,,,4500,TEN@PHI,PHI,TEN,,,,,,WR/FLEX
84056-88685,WR,Austin,Austin Trammell,Trammell,,,4500,SEA@LAR,LAR,SEA,,,,,,WR/FLEX
84056-86646,RB,Trey,Trey Sermon,Sermon,1.899999976158142,1,4500,TEN@PHI,PHI,TEN,,,,,,RB/FLEX
84056-88699,RB,Jaret,Jaret Patterson,Patterson,3.6357143947056363,14,4500,WAS@NYG,WAS,NYG,,,,,,RB/FLEX
84056-86657,RB,Kennedy,Kennedy Brooks,Brooks,,,4500,TEN@PHI,PHI,TEN,,,,,,RB/FLEX
84056-88707,RB,Kevin,Kevin Marks Jr.,Marks Jr.,,,4500,LAC@LV,LAC,LV,,,,,,RB/FLEX
84056-27273,RB,Andy,Andy Janovich,Janovich,2.0799999237060547,5,4500,CLE@HOU,HOU,CLE,,,,,,RB/FLEX
84056-70282,WR,Demetric,Demetric Felton,Felton,0.13333333532015482,3,4500,CLE@HOU,CLE,HOU,,,,,,WR/FLEX
84056-94864,RB,Jashaun,Jashaun Corbin,Corbin,,,4500,WAS@NYG,NYG,WAS,,,,,,RB/FLEX
84056-64147,WR,Britain,Britain Covey,Covey,0,10,4500,TEN@PHI,PHI,TEN,,,,,,WR/FLEX
84056-103064,RB,Breece,Breece Hall,Hall,15.085714067731585,7,4500,NYJ@MIN,NYJ,MIN,IR,Knee - acl,,,,RB/FLEX
84056-23194,WR,Josh,Josh Gordon,Gordon,0,1,4500,TEN@PHI,TEN,PHI,,,,,,WR/FLEX
84056-55970,RB,Royce,Royce Freeman,Freeman,2.6909091255881568,11,4500,CLE@HOU,HOU,CLE,,,,,,RB/FLEX
84056-94887,RB,Tyler,Tyler Badie,Badie,,,4500,DEN@BAL,BAL,DEN,,,,,,RB/FLEX
84056-96942,WR,Keelan,Keelan Doss,Doss,,,4500,LAC@LV,LAC,LV,,,,,,WR/FLEX
84056-72382,RB,Gabe,Gabe Nabers,Nabers,0.8,5,4500,LAC@LV,LAC,LV,,,,,,RB/FLEX
84056-80584,WR,Lance,Lance Lenoir,Lenoir,,,4500,TEN@PHI,PHI,TEN,Q,Undisclosed,,,,WR/FLEX
84056-53967,RB,Nick,Nick Bawden,Bawden,2.5,1,4500,NYJ@MIN,NYJ,MIN,IR,Undisclosed,,,,RB/FLEX
84056-88793,RB,Stevie,Stevie Scott III,Scott III,,,4500,DEN@BAL,DEN,BAL,,,,,,RB/FLEX
84056-94936,RB,Larry,Larry Rountree III,Rountree III,1.677777820163303,9,4500,LAC@LV,LAC,LV,,,,,,RB/FLEX
84056-92890,WR,Cody,Cody White,White,0.699999988079071,1,4500,PIT@ATL,PIT,ATL,,,,,,WR/FLEX
84056-56041,RB,Khari,Khari Blasingame,Blasingame,0,1,4500,GB@CHI,CHI,GB,,,,,,RB/FLEX
84056-72427,WR,Kwamie,Kwamie Lassiter II,Lassiter II,,,4500,KC@CIN,CIN,KC,,,,,,WR/FLEX
84056-90870,WR,Calvin,Calvin Austin III,Austin III,,,4500,PIT@ATL,PIT,ATL,IR,Foot,,,,WR/FLEX
84056-41741,WR,DaeSean,DaeSean Hamilton,Hamilton,,,4500,CLE@HOU,HOU,CLE,Q,Knee,,,,WR/FLEX
84056-94993,RB,Pooka,Pooka Williams Jr.,Williams Jr.,0,1,4500,KC@CIN,CIN,KC,,,,,,RB/FLEX
84056-111377,RB,De'Montre,De'Montre Tuggle,Tuggle,,,4500,GB@CHI,CHI,GB,,,,,,RB/FLEX
84056-56099,RB,Cullen,Cullen Gillaspia,Gillaspia,,,4500,SEA@LAR,SEA,LAR,IR,Knee,,,,RB/FLEX
84056-31524,WR,Cody,Cody Core,Core,,,4500,MIA@SF,MIA,SF,Q,Undisclosed,,,,WR/FLEX
84056-82731,WR,Brandon,Brandon Zylstra,Zylstra,0,1,4500,JAC@DET,DET,JAC,,,,,,WR/FLEX
84056-72493,WR,Trishton,Trishton Jackson,Jackson,,,4500,NYJ@MIN,MIN,NYJ,,,,,,WR/FLEX
84056-158520,WR,Daylen,Daylen Baldwin,Baldwin,,,4500,CLE@HOU,CLE,HOU,,,,,,WR/FLEX
84056-41806,WR,Laquon,Laquon Treadwell,Treadwell,5.491666793823242,12,4500,SEA@LAR,SEA,LAR,,,,,,WR/FLEX
84056-72531,WR,Taysir,Taysir Mack,Mack,,,4500,MIA@SF,SF,MIA,,,,,,WR/FLEX
84056-88915,RB,Bryant,Bryant Koback,Koback,,,4500,NYJ@MIN,MIN,NYJ,,,,,,RB/FLEX
84056-27477,WR,Sterling,Sterling Shepard,Shepard,9.299999872843424,3,4500,WAS@NYG,NYG,WAS,IR,Knee - acl,,,,WR/FLEX
84056-93016,RB,B.J.,B.J. Baylor,Baylor,,,4500,PIT@ATL,ATL,PIT,,,,,,RB/FLEX
84056-93023,RB,Jermar,Jermar Jefferson,Jefferson,5.925000190734863,4,4500,JAC@DET,DET,JAC,,,,,,RB/FLEX
84056-70501,RB,C.J.,C.J. Ham,Ham,2.0399999618530273,5,4500,NYJ@MIN,MIN,NYJ,,,,,,RB/FLEX
84056-95092,WR,Tyler,Tyler Snead,Snead,,,4500,PIT@ATL,PIT,ATL,,,,,,WR/FLEX
84056-70531,WR,Jack,Jack Sorenson,Sorenson,,,4500,KC@CIN,CIN,KC,,,,,,WR/FLEX
84056-91012,RB,Greg,Greg Bell,Bell,,,4500,JAC@DET,DET,JAC,IR,Hamstring,,,,RB/FLEX
84056-43912,WR,Chad,Chad Beebe,Beebe,,,4500,CLE@HOU,HOU,CLE,,,,,,WR/FLEX
84056-39818,RB,Wayne,Wayne Gallman Jr.,Gallman Jr.,1.8571428571428572,7,4500,KC@CIN,KC,CIN,,,,,,RB/FLEX
84056-45964,WR,Marcus,Marcus Kemp,Kemp,0.6800000190734863,5,4500,KC@CIN,KC,CIN,,,,,,WR/FLEX
84056-64403,WR,Irvin,Irvin Charles,Charles,,,4500,NYJ@MIN,NYJ,MIN,,,,,,WR/FLEX
84056-64405,WR,Dan,Dan Chisena,Chisena,,,4500,NYJ@MIN,MIN,NYJ,,,,,,WR/FLEX
84056-88995,WR,Reggie,Reggie Roberson Jr.,Roberson Jr.,,,4500,TEN@PHI,TEN,PHI,,,,,,WR/FLEX
84056-91055,WR,Kevin,Kevin Austin Jr.,Austin Jr.,,,4500,JAC@DET,JAC,DET,,,,,,WR/FLEX
84056-93112,RB,Mataeo,Mataeo Durant,Durant,,,4500,PIT@ATL,PIT,ATL,,,,,,RB/FLEX
84056-43973,RB,Keith,Keith Smith,Smith,0.5,3,4500,PIT@ATL,ATL,PIT,,,,,,RB/FLEX
84056-86984,WR,Devon,Devon Williams,Williams,,,4500,DEN@BAL,BAL,DEN,,,,,,WR/FLEX
84056-91085,WR,Michael,Michael Young Jr.,Young Jr.,,,4500,CLE@HOU,HOU,CLE,,,,,,WR/FLEX
84056-41936,WR,Anthony,Anthony Miller,Miller,3.8333333333333335,3,4500,PIT@ATL,PIT,ATL,IR,Shoulder,,,,WR/FLEX
84056-56289,RB,Jason,Jason Cabinda,Cabinda,0,1,4500,JAC@DET,DET,JAC,,,,,,RB/FLEX
84056-41954,WR,Victor,Victor Bolden Jr.,Bolden Jr.,,,4500,DEN@BAL,DEN,BAL,,,,,,WR/FLEX
84056-31732,WR,Corey,Corey Coleman,Coleman,,,4500,KC@CIN,KC,CIN,,,,,,WR/FLEX
84056-70663,WR,Frank,Frank Darby,Darby,0.949999988079071,2,4500,PIT@ATL,ATL,PIT,,,,,,WR/FLEX
84056-70662,WR,Tyler,Tyler Vaughns,Vaughns,,,4500,PIT@ATL,PIT,ATL,,,,,,WR/FLEX
84056-111631,WR,Jameson,Jameson Williams,Williams,,,4500,JAC@DET,DET,JAC,,,,,,WR/FLEX
84056-72725,TE,Irv,Irv Smith Jr.,Smith Jr.,5.685714176722935,7,4500,NYJ@MIN,MIN,NYJ,IR,Ankle,,,,TE/FLEX
84056-89127,WR,Justin,Justin Hall,Hall,,,4500,LAC@LV,LV,LAC,,,,,,WR/FLEX
84056-64555,WR,Calvin,Calvin Ridley,Ridley,11.11999969482422,5,4500,JAC@DET,JAC,DET,IR,Suspension,,,,WR/FLEX
84056-42046,TE,Durham,Durham Smythe,Smythe,3,7,4500,MIA@SF,MIA,SF,,,,,,TE/FLEX
84056-27721,WR,Justin,Justin Hardee Sr.,Hardee Sr.,0,1,4500,NYJ@MIN,NYJ,MIN,,,,,,WR/FLEX
84056-87112,WR,Josh,Josh Ali,Ali,,,4500,PIT@ATL,ATL,PIT,,,,,,WR/FLEX
84056-68685,WR,Austin,Austin Mack,Mack,,,4500,MIA@SF,SF,MIA,,,,,,WR/FLEX
84056-68694,RB,Antonio,Antonio Williams,Williams,,,4500,WAS@NYG,NYG,WAS,,,,,,RB/FLEX
84056-91225,RB,Kylin,Kylin Hill,Hill,0.699999988079071,1,4500,GB@CHI,GB,CHI,,,,,,RB/FLEX
84056-103539,WR,Wan'Dale,Wan'Dale Robinson,Robinson,6.683333079020183,6,4500,WAS@NYG,NYG,WAS,IR,Knee - acl,,,,WR/FLEX
84056-64634,WR,Alex,Alex Bachman,Bachman,-0.30000001192092896,1,4500,CLE@HOU,HOU,CLE,,,,,,WR/FLEX
84056-42107,WR,Robert,Robert Foster,Foster,,,4500,WAS@NYG,NYG,WAS,,,,,,WR/FLEX
84056-27776,RB,Tevin,Tevin Coleman,Coleman,10.25,2,4500,MIA@SF,SF,MIA,,,,,,RB/FLEX
84056-83086,WR,Daurice,Daurice Fountain,Fountain,,,4500,GB@CHI,CHI,GB,,,,,,WR/FLEX
84056-83091,RB,Trenton,Trenton Cannon,Cannon,0,1,4500,TEN@PHI,TEN,PHI,IR,Knee,,,,RB/FLEX
84056-105648,RB,Tyler,Tyler Goodson,Goodson,,,4500,GB@CHI,GB,CHI,,,,,,RB/FLEX
84056-52409,RB,Jakob,Jakob Johnson,Johnson,0.5249999761581421,4,4500,LAC@LV,LV,LAC,,,,,,RB/FLEX
84056-89272,RB,ZaQuandre,ZaQuandre White,White,,,4500,MIA@SF,MIA,SF,,,,,,RB/FLEX
84056-52410,WR,Josh,Josh Malone,Malone,,,4500,PIT@ATL,PIT,ATL,,,,,,WR/FLEX
84056-89283,TE,Tre',Tre' McKitty,McKitty,1.6799999237060548,5,4500,LAC@LV,LAC,LV,,,,,,TE/FLEX
84056-40148,WR,Ishmael,Ishmael Hyman,Hyman,,,4500,GB@CHI,GB,CHI,Q,Undisclosed,,,,WR/FLEX
84056-70868,RB,Damarea,Damarea Crockett,Crockett,0.699999988079071,1,4500,DEN@BAL,DEN,BAL,IR,Knee - acl,,,,RB/FLEX
84056-48344,WR,Albert,Albert Wilson,Wilson,3.55,10,4500,LAC@LV,LV,LAC,,,,,,WR/FLEX
84056-87260,TE,Isaiah,Isaiah Likely,Likely,4.622222052680121,9,4500,DEN@BAL,BAL,DEN,,,,,,TE/FLEX
84056-130276,WR,Mason,Mason Kinsey,Kinsey,0.800000011920929,1,4500,TEN@PHI,TEN,PHI,,,,,,WR/FLEX
84056-130279,WR,Matt,Matt Cole,Cole,,,4500,WAS@NYG,WAS,NYG,,,,,,WR/FLEX
84056-70892,RB,A.J.,A.J. Rose Jr.,Rose Jr.,,,4500,SEA@LAR,LAR,SEA,,,,,,RB/FLEX
84056-101614,WR,Brandon,Brandon Lewis,Lewis,,,4500,TEN@PHI,TEN,PHI,,,,,,WR/FLEX
84056-56580,WR,Christian,Christian Blake,Blake,0.6428571428571429,7,4500,PIT@ATL,PIT,ATL,,,,,,WR/FLEX
84056-130309,WR,J.J.,J.J. Koski,Koski,-0.6666666666666666,3,4500,SEA@LAR,LAR,SEA,IR,Shoulder,,,,WR/FLEX
84056-130317,WR,Juwan,Juwan Green,Green,,,4500,TEN@PHI,TEN,PHI,,,,,,WR/FLEX
84056-130320,WR,Aaron,Aaron Parker,Parker,,,4500,KC@CIN,KC,CIN,,,,,,WR/FLEX
84056-64786,RB,Ryquell,Ryquell Armstead,Armstead,5.550000190734863,2,4500,JAC@DET,JAC,DET,,,,,,RB/FLEX
84056-68890,WR,Devin,Devin Gray,Gray,,,4500,KC@CIN,KC,CIN,,,,,,WR/FLEX
84056-60704,WR,Derrick,Derrick Dillon,Dillon,,,4500,CLE@HOU,CLE,HOU,,,,,,WR/FLEX
84056-130336,RB,Sandro,Sandro Platzgummer,Platzgummer,,,4500,WAS@NYG,NYG,WAS,,,,,,RB/FLEX
84056-130338,WR,Rysen,Rysen John,John,,,4500,GB@CHI,CHI,GB,,,,,,WR/FLEX
84056-68901,RB,Gerrid,Gerrid Doaks,Doaks,,,4500,CLE@HOU,HOU,CLE,,,,,,RB/FLEX
84056-91428,WR,Tarik,Tarik Black,Black,1.5,1,4500,NYJ@MIN,NYJ,MIN,,,,,,WR/FLEX
84056-91431,RB,Ben,Ben Mason,Mason,,,4500,DEN@BAL,BAL,DEN,,,,,,RB/FLEX
84056-130343,WR,Jeff,Jeff Cotton Jr.,Cotton Jr.,,,4500,GB@CHI,GB,CHI,,,,,,WR/FLEX
84056-87338,WR,Jaivon,Jaivon Heiligh,Heiligh,,,4500,KC@CIN,CIN,KC,,,,,,WR/FLEX
84056-111917,WR,Keshunn,Keshunn Abram,Abram,,,4500,NYJ@MIN,NYJ,MIN,,,,,,WR/FLEX
84056-130350,WR,Jaylon,Jaylon Moore,Moore,,,4500,JAC@DET,JAC,DET,,,,,,WR/FLEX
84056-64828,WR,Chris,Chris Finke,Finke,,,4500,GB@CHI,CHI,GB,,,,,,WR/FLEX
84056-64835,RB,Dexter,Dexter Williams,Williams,,,4500,GB@CHI,GB,CHI,,,,,,RB/FLEX
84056-56648,RB,Jeremy,Jeremy McNichols,McNichols,4.584615267240084,13,4500,PIT@ATL,PIT,ATL,IR,Shoulder,,,,RB/FLEX
84056-87371,RB,Ty,Ty Chandler,Chandler,,,4500,NYJ@MIN,MIN,NYJ,IR,Thumb,,,,RB/FLEX
84056-64843,WR,Jalen,Jalen Guyton,Guyton,3.700000047683716,2,4500,LAC@LV,LAC,LV,IR,Knee - acl,,,,WR/FLEX
84056-52560,WR,Geronimo,Geronimo Allison,Allison,0,1,4500,PIT@ATL,ATL,PIT,,,,,,WR/FLEX
84056-93541,RB,Javonte,Javonte Williams,Williams,8.5,4,4500,DEN@BAL,DEN,BAL,IR,Knee - acl,,,,RB/FLEX
84056-91504,WR,Blake,Blake Proehl,Proehl,,,4500,NYJ@MIN,MIN,NYJ,,,,,,WR/FLEX
84056-71039,WR,Kelvin,Kelvin Harmon,Harmon,,,4500,WAS@NYG,WAS,NYG,,,,,,WR/FLEX
84056-93577,WR,Dazz,Dazz Newsome,Newsome,1.099999984105428,3,4500,MIA@SF,SF,MIA,,,,,,WR/FLEX
84056-64907,WR,J.J.,J.J. Arcega-Whiteside,Arcega-Whiteside,1.149999976158142,4,4500,SEA@LAR,SEA,LAR,,,,,,WR/FLEX
84056-56716,WR,Brayden,Brayden Lenius,Lenius,,,4500,PIT@ATL,ATL,PIT,,,,,,WR/FLEX
84056-93594,RB,Leddie,Leddie Brown,Brown,,,4500,LAC@LV,LAC,LV,,,,,,RB/FLEX
84056-73116,WR,Javon,Javon McKinley,McKinley,,,4500,PIT@ATL,PIT,ATL,,,,,,WR/FLEX
84056-64926,WR,Michael,Michael Jacquet III,Jacquet III,,,4500,LAC@LV,LAC,LV,,,,,,WR/FLEX
84056-73121,RB,Tony,Tony Jones Jr.,Jones Jr.,3,1,4500,SEA@LAR,SEA,LAR,,,,,,RB/FLEX
84056-44449,WR,Willie,Willie Snead IV,Snead IV,0.8285714558192662,7,4500,MIA@SF,SF,MIA,,,,,,WR/FLEX
84056-62891,WR,Omar,Omar Bayless,Bayless,,,4500,KC@CIN,KC,CIN,,,,,,WR/FLEX
84056-40365,WR,Devon,Devon Allen,Allen,,,4500,TEN@PHI,PHI,TEN,,,,,,WR/FLEX
84056-64949,WR,Ja'Marcus,Ja'Marcus Bradley,Bradley,2.7999998728434243,3,4500,PIT@ATL,PIT,ATL,,,,,,WR/FLEX
84056-69056,WR,Mathew,Mathew Sexton,Sexton,,,4500,KC@CIN,KC,CIN,Q,Undisclosed,,,,WR/FLEX
84056-26057,RB,Michael,Michael Burton,Burton,0.4666666587193807,6,4500,KC@CIN,KC,CIN,,,,,,RB/FLEX
84056-103896,WR,Nsimba,Nsimba Webster,Webster,0,3,4500,GB@CHI,CHI,GB,,,,,,WR/FLEX
84056-112088,RB,Jerrion,Jerrion Ealy,Ealy,,,4500,KC@CIN,KC,CIN,,,,,,RB/FLEX
84056-103901,WR,Davion,Davion Davis,Davis,1.100000023841858,2,4500,CLE@HOU,HOU,CLE,,,,,,WR/FLEX
84056-73180,WR,Binjimen,Binjimen Victor,Victor,,,4500,DEN@BAL,BAL,DEN,,,,,,WR/FLEX
84056-40434,WR,Greg,Greg Ward,Ward,3.4533333248562283,9,4500,TEN@PHI,PHI,TEN,,,,,,WR/FLEX
84056-22018,WR,Mohamed,Mohamed Sanu Sr.,Sanu Sr.,3.1500000953674316,8,4500,MIA@SF,MIA,SF,,,,,,WR/FLEX
84056-103943,WR,Trinity,Trinity Benson,Benson,2.1857143129621233,7,4500,JAC@DET,DET,JAC,IR,Knee,,,,WR/FLEX
84056-69150,WR,Jordan,Jordan Veasy,Veasy,0,1,4500,LAC@LV,LV,LAC,,,,,,WR/FLEX
84056-54817,WR,Diontae,Diontae Spencer,Spencer,-0.25333333015441895,15,4500,NYJ@MIN,NYJ,MIN,,,,,,WR/FLEX
84056-89632,WR,Connor,Connor Wedington,Wedington,,,4500,MIA@SF,SF,MIA,,,,,,WR/FLEX
84056-63025,RB,Nathan,Nathan Cottrell,Cottrell,0.30000001192092896,1,4500,JAC@DET,JAC,DET,Q,Undisclosed,,,,RB/FLEX
84056-89663,WR,Danny,Danny Davis,Davis,,,4500,GB@CHI,GB,CHI,,,,,,WR/FLEX
84056-128574,RB,Shermari,Shermari Jones,Jones,,,4500,KC@CIN,CIN,KC,,,,,,RB/FLEX
84056-87617,WR,Sage,Sage Surratt,Surratt,,,4500,LAC@LV,LAC,LV,Q,Undisclosed,,,,WR/FLEX
84056-93767,WR,Calvin,Calvin Jackson Jr.,Jackson Jr.,,,4500,MIA@SF,MIA,SF,,,,,,WR/FLEX
84056-69205,WR,Trevon,Trevon Bradford,Bradford,,,4500,LAC@LV,LAC,LV,,,,,,WR/FLEX
84056-63061,WR,Gary,Gary Jennings,Jennings,,,4500,KC@CIN,KC,CIN,Q,Concussion,,,,WR/FLEX
84056-93782,WR,Travell,Travell Harris,Harris,,,4500,CLE@HOU,CLE,HOU,,,,,,WR/FLEX
84056-104025,RB,John,John Lovett,Lovett,,,4500,MIA@SF,MIA,SF,IR,Undisclosed,,,,RB/FLEX
84056-87657,WR,Seth,Seth Williams,Williams,3.9000000953674316,1,4500,JAC@DET,JAC,DET,,,,,,WR/FLEX
84056-104041,WR,Myron,Myron Mitchell,Mitchell,,,4500,NYJ@MIN,MIN,NYJ,,,,,,WR/FLEX
84056-93814,RB,Max,Max Borghi,Borghi,,,4500,PIT@ATL,PIT,ATL,,,,,,RB/FLEX
84056-104054,RB,Sincere,Sincere McCormick,McCormick,,,4500,LAC@LV,LV,LAC,IR,Undisclosed,,,,RB/FLEX
84056-93824,WR,Easop,Easop Winston,Winston,0.3333333333333333,3,4500,SEA@LAR,SEA,LAR,,,,,,WR/FLEX
84056-85636,WR,Josh,Josh Johnson,Johnson,,,4500,JAC@DET,DET,JAC,,,,,,WR/FLEX
84056-91783,WR,Warren,Warren Jackson,Jackson,,,4500,SEA@LAR,LAR,SEA,Q,Undisclosed,,,,WR/FLEX
84056-61072,WR,Stanley,Stanley Morgan,Morgan,0,1,4500,KC@CIN,CIN,KC,,,,,,WR/FLEX
84056-93845,WR,Tay,Tay Martin,Martin,,,4500,MIA@SF,SF,MIA,,,,,,WR/FLEX
84056-52902,WR,Trey,Trey Quinn,Quinn,,,4500,DEN@BAL,DEN,BAL,,,,,,WR/FLEX
84056-93864,RB,Ricky,Ricky Person Jr.,Person Jr.,,,4500,DEN@BAL,BAL,DEN,IR,Undisclosed,,,,RB/FLEX
84056-69296,WR,Corey,Corey Sutton,Sutton,,,4500,JAC@DET,DET,JAC,,,,,,WR/FLEX
84056-87731,WR,Dominique,Dominique Robinson,Robinson,,,4500,GB@CHI,CHI,GB,,,,,,WR/FLEX
84056-69303,WR,Freddie,Freddie Swain,Swain,4.352941176470588,17,4500,MIA@SF,MIA,SF,,,,,,WR/FLEX
84056-61112,TE,Josiah,Josiah Deguara,Deguara,2.683333396911621,6,4500,GB@CHI,GB,CHI,,,,,,TE/FLEX
84056-71355,RB,Elijah,Elijah Holyfield,Holyfield,,,4500,KC@CIN,CIN,KC,IR,Knee,,,,RB/FLEX
84056-104124,WR,Darrius,Darrius Shepherd,Shepherd,,,4500,DEN@BAL,DEN,BAL,,,,,,WR/FLEX
84056-30403,WR,Chris,Chris Conley,Conley,0,2,4500,TEN@PHI,TEN,PHI,,,,,,WR/FLEX
84056-71367,RB,La'Mical,La'Mical Perine,Perine,1.5499999523162842,2,4500,MIA@SF,MIA,SF,,,,,,RB/FLEX
84056-71372,WR,Tyrie,Tyrie Cleveland,Cleveland,1.2666666507720947,3,4500,DEN@BAL,DEN,BAL,,,,,,WR/FLEX
84056-81616,WR,Rashard,Rashard Davis,Davis,,,4500,NYJ@MIN,NYJ,MIN,,,,,,WR/FLEX
84056-85714,RB,Tory,Tory Carter,Carter,0,1,4500,TEN@PHI,TEN,PHI,,,,,,RB/FLEX
84056-71382,WR,Osirus,Osirus Mitchell,Mitchell,,,4500,GB@CHI,GB,CHI,Q,Quadriceps,,,,WR/FLEX
84056-69343,WR,Landen,Landen Akers,Akers,,,4500,SEA@LAR,LAR,SEA,,,,,,WR/FLEX
84056-63201,RB,Xavier,Xavier Jones,Jones,,,4500,SEA@LAR,LAR,SEA,Q,Achilles,,,,RB/FLEX
84056-85731,WR,Racey,Racey McMath,McMath,-0.04000000059604645,5,4500,TEN@PHI,TEN,PHI,IR,Undisclosed,,,,WR/FLEX
84056-93926,WR,Emeka,Emeka Emezie,Emezie,,,4500,PIT@ATL,ATL,PIT,,,,,,WR/FLEX
84056-57091,WR,Tim,Tim Patrick,Patrick,8.118749618530273,16,4500,DEN@BAL,DEN,BAL,IR,Knee - acl,,,,WR/FLEX
84056-87813,RB,Master,Master Teague III,Teague III,,,4500,PIT@ATL,PIT,ATL,,,,,,RB/FLEX
84056-136970,WR,Danny,Danny Gray,Gray,0,3,4500,MIA@SF,SF,MIA,,,,,,WR/FLEX
84056-26384,RB,Trey,Trey Edmunds,Edmunds,,,4500,PIT@ATL,PIT,ATL,,,,,,RB/FLEX
84056-61200,WR,Jaylinn,Jaylinn Hawkins,Hawkins,6,1,4500,PIT@ATL,ATL,PIT,,,,,,WR/FLEX
84056-40726,RB,Godwin,Godwin Igwebuike,Igwebuike,1.792307633620042,13,4500,SEA@LAR,SEA,LAR,,,,,,RB/FLEX
84056-71459,RB,Brittain,Brittain Brown,Brown,,,4500,LAC@LV,LV,LAC,,,,,,RB/FLEX
84056-55088,WR,Malik,Malik Turner,Turner,5,8,4500,LAC@LV,LV,LAC,,,,,,WR/FLEX
84056-71477,WR,Maurice,Maurice Ffrench,Ffrench,0.30000001192092896,1,4500,LAC@LV,LAC,LV,,,,,,WR/FLEX
84056-38721,RB,Johnny,Johnny Stanton IV,Stanton IV,2.7333332697550454,3,4500,CLE@HOU,CLE,HOU,,,,,,RB/FLEX
84056-91971,RB,Ronnie,Ronnie Rivers,Rivers,3.75,2,4500,SEA@LAR,LAR,SEA,,,,,,RB/FLEX
84056-85845,WR,Rashod,Rashod Bateman,Bateman,7.666666666666667,6,4500,DEN@BAL,BAL,DEN,IR,Foot,,,,WR/FLEX
84056-71519,WR,Dillon,Dillon Stoner,Stoner,,,4500,LAC@LV,LV,LAC,O,Undisclosed,,,,WR/FLEX
84056-104289,WR,Malik,Malik Taylor,Taylor,0.0800000011920929,5,4500,GB@CHI,GB,CHI,,,,,,WR/FLEX
84056-169834,WR,Dareke,Dareke Young,Young,,,4500,SEA@LAR,SEA,LAR,,,,,,WR/FLEX
84056-89964,WR,Justyn,Justyn Ross,Ross,,,4500,KC@CIN,KC,CIN,IR,Foot,,,,WR/FLEX
84056-73616,WR,Willie,Willie Johnson,Johnson,,,4500,JAC@DET,JAC,DET,IR,Undisclosed,,,,WR/FLEX
84056-63387,WR,Jayson,Jayson Stanley,Stanley,,,4500,GB@CHI,CHI,GB,Q,Knee,,,,WR/FLEX
84056-169890,WR,LuJuan,LuJuan Winningham,Winningham,,,4500,JAC@DET,JAC,DET,,,,,,WR/FLEX
84056-63399,WR,Terry,Terry Godwin II,Godwin II,,,4500,TEN@PHI,TEN,PHI,,,,,,WR/FLEX
84056-94118,WR,Mike,Mike Harley Jr.,Harley Jr.,,,4500,CLE@HOU,CLE,HOU,,,,,,WR/FLEX
84056-169898,WR,Jequez,Jequez Ezzard,Ezzard,,,4500,WAS@NYG,WAS,NYG,Q,Undisclosed,,,,WR/FLEX
84056-169900,WR,Jared,Jared Bernhardt,Bernhardt,,,4500,PIT@ATL,ATL,PIT,IR,Groin,,,,WR/FLEX
84056-169901,WR,Tyshaun,Tyshaun James,James,,,4500,PIT@ATL,ATL,PIT,,,,,,WR/FLEX
84056-55224,RB,Reggie,Reggie Bonnafon,Bonnafon,2.5999999046325684,1,4500,WAS@NYG,WAS,NYG,,,,,,RB/FLEX
84056-85944,WR,Kyric,Kyric McGowan,McGowan,,,4500,WAS@NYG,WAS,NYG,,,,,,WR/FLEX
84056-71613,WR,Demetris,Demetris Robertson,Robertson,,,4500,SEA@LAR,SEA,LAR,,,,,,WR/FLEX
84056-32703,WR,Jakeem,Jakeem Grant Sr.,Grant Sr.,2.2666666666666666,15,4500,CLE@HOU,CLE,HOU,IR,Achilles,,,,WR/FLEX
84056-88016,WR,Ryan,Ryan McDaniel,McDaniel,,,4500,JAC@DET,JAC,DET,,,,,,WR/FLEX
84056-169937,WR,Lance,Lance McCutcheon,McCutcheon,0,1,4500,SEA@LAR,LAR,SEA,O,Shoulder,,,,WR/FLEX
84056-94185,WR,Kevin,Kevin Shaa,Shaa,,,4500,GB@CHI,CHI,GB,,,,,,WR/FLEX
84056-71661,WR,Tino,Tino Ellis,Ellis,,,4500,MIA@SF,MIA,SF,,,,,,WR/FLEX
84056-71662,WR,DJ,DJ Turner,Turner,1,2,4500,LAC@LV,LV,LAC,,,,,,WR/FLEX
84056-92146,RB,DeAndre,DeAndre Torrey,Torrey,,,4500,TEN@PHI,PHI,TEN,,,,,,RB/FLEX
84056-86007,WR,Tre,Tre Turner,Turner,,,4500,LAC@LV,LV,LAC,,,,,,WR/FLEX
84056-63479,RB,John,John Kelly Jr.,Kelly Jr.,1.2999999523162842,1,4500,CLE@HOU,CLE,HOU,,,,,,RB/FLEX
84056-88056,WR,Stanley,Stanley Berryhill,Berryhill,,,4500,JAC@DET,DET,JAC,,,,,,WR/FLEX
84056-96250,WR,DeVonte,DeVonte Dedmon,Dedmon,,,4500,MIA@SF,MIA,SF,,,,,,WR/FLEX
84056-12540,D,Minnesota,Minnesota Vikings,Vikings,7.2727272727272725,11,4400,NYJ@MIN,MIN,NYJ,,,,,,DEF
84056-80294,TE,Anthony,Anthony Firkser,Firkser,1.875,4,4400,PIT@ATL,ATL,PIT,,,,,,TE/FLEX
84056-64221,TE,Zach,Zach Gentry,Gentry,1.9000000423855252,9,4400,PIT@ATL,PIT,ATL,,,,,,TE/FLEX
84056-93026,TE,Teagan,Teagan Quitoriano,Quitoriano,3.2333332697550454,3,4400,CLE@HOU,HOU,CLE,,,,,,TE/FLEX
84056-91046,TE,Brock,Brock Wright,Wright,3.3000000544956754,7,4400,JAC@DET,DET,JAC,,,,,,TE/FLEX
84056-93143,TE,Noah,Noah Gray,Gray,3.5,11,4400,KC@CIN,KC,CIN,,,,,,TE/FLEX
84056-40371,TE,Johnny,Johnny Mundt,Mundt,2.45,10,4400,NYJ@MIN,MIN,NYJ,,,,,,TE/FLEX
84056-89588,TE,Colby,Colby Parkinson,Parkinson,3.7125000953674316,8,4400,SEA@LAR,SEA,LAR,,,,,,TE/FLEX
84056-79980,TE,Eric,Eric Saubert,Saubert,2.4555555979410806,9,4300,DEN@BAL,DEN,BAL,,,,,,TE/FLEX
84056-12549,D,San Francisco,San Francisco 49ers,49ers,9.181818181818182,11,4300,MIA@SF,SF,MIA,,,,,,DEF
84056-39286,TE,O.J.,O.J. Howard,Howard,2.839999961853027,10,4300,CLE@HOU,HOU,CLE,,,,,,TE/FLEX
84056-6672,TE,Marcedes,Marcedes Lewis,Lewis,3.1666666666666665,3,4300,GB@CHI,GB,CHI,,,,,,TE/FLEX
84056-29314,TE,Richard,Richard Rodgers,Rodgers,0.29999999205271405,3,4300,LAC@LV,LAC,LV,,,,,,TE/FLEX
84056-86682,TE,Grant,Grant Calcaterra,Calcaterra,2.4000000953674316,2,4300,TEN@PHI,PHI,TEN,,,,,,TE/FLEX
84056-80546,TE,Dan,Dan Arnold,Arnold,2.114285741533552,7,4300,JAC@DET,JAC,DET,,,,,,TE/FLEX
84056-92882,TE,Connor,Connor Heyward,Heyward,2.7750000953674316,4,4300,PIT@ATL,PIT,ATL,,,,,,TE/FLEX
84056-58499,TE,Parker,Parker Hesse,Hesse,1.4833332697550456,6,4300,PIT@ATL,ATL,PIT,,,,,,TE/FLEX
84056-83117,TE,Tanner,Tanner Hudson,Hudson,3.0333334604899087,6,4300,WAS@NYG,NYG,WAS,,,,,,TE/FLEX
84056-32957,TE,Eric,Eric Tomlinson,Tomlinson,1.0399999618530273,5,4200,DEN@BAL,DEN,BAL,,,,,,TE/FLEX
84056-12547,D,Pittsburgh,Pittsburgh Steelers,Steelers,5.7272727272727275,11,4200,PIT@ATL,PIT,ATL,,,,,,DEF
84056-55895,TE,Kendall,Kendall Blanton,Blanton,2.25,2,4200,KC@CIN,KC,CIN,,,,,,TE/FLEX
84056-29411,TE,Pharaoh,Pharaoh Brown,Brown,2.683333396911621,6,4200,CLE@HOU,CLE,HOU,,,,,,TE/FLEX
84056-70705,TE,Trevon,Trevon Wesco,Wesco,1.399999976158142,4,4200,GB@CHI,CHI,GB,,,,,,TE/FLEX
84056-72863,TE,Armani,Armani Rogers,Rogers,2.825000047683716,4,4200,WAS@NYG,WAS,NYG,IR,Knee,,,,TE/FLEX
84056-83138,TE,Ross,Ross Dwelley,Dwelley,4.5,4,4200,MIA@SF,SF,MIA,,,,,,TE/FLEX
84056-18009,TE,Chris,Chris Manhertz,Manhertz,1.149999976158142,4,4200,JAC@DET,JAC,DET,,,,,,TE/FLEX
84056-56947,TE,Chris,Chris Myarick,Myarick,2.2857142857142856,7,4200,WAS@NYG,NYG,WAS,,,,,,TE/FLEX
84056-38523,TE,Geoff,Geoff Swaim,Swaim,2.085714340209961,7,4200,TEN@PHI,TEN,PHI,,,,,,TE/FLEX
84056-65182,TE,Mitchell,Mitchell Wilcox,Wilcox,1.5399999618530273,5,4200,KC@CIN,CIN,KC,,,,,,TE/FLEX
84056-104278,TE,Donald,Donald Parham Jr.,Parham Jr.,3.4000000953674316,2,4200,LAC@LV,LAC,LV,IR,Hamstring,,,,TE/FLEX
84056-94094,TE,Brevin,Brevin Jordan,Jordan,1.2399999618530273,5,4200,CLE@HOU,HOU,CLE,,,,,,TE/FLEX
84056-85986,TE,James,James Mitchell,Mitchell,3.325000047683716,4,4200,JAC@DET,DET,JAC,,,,,,TE/FLEX
84056-104421,TE,Jesper,Jesper Horsted,Horsted,1.7000000476837158,2,4200,LAC@LV,LV,LAC,O,Concussion,,,,TE/FLEX
84056-94345,TE,Cole,Cole Turner,Turner,0.6599999904632569,5,4100,WAS@NYG,WAS,NYG,,,,,,TE/FLEX
84056-86178,TE,Dominique,Dominique Dafney,Dafney,0.8800000190734864,5,4100,DEN@BAL,DEN,BAL,,,,,,TE/FLEX
84056-12552,D,Washington,Washington Commanders,Commanders,7.333333333333333,12,4100,WAS@NYG,WAS,NYG,,,,,,DEF
84056-149832,TE,Shane,Shane Zylstra,Zylstra,3.299999952316284,2,4100,JAC@DET,DET,JAC,,,,,,TE/FLEX
84056-47551,TE,Mason,Mason Schreck,Schreck,0.800000011920929,2,4100,CLE@HOU,HOU,CLE,,,,,,TE/FLEX
84056-54007,TE,Jacob,Jacob Hollister,Hollister,2.6666666666666665,6,4100,LAC@LV,LV,LAC,,,,,,TE/FLEX
84056-93075,TE,Hunter,Hunter Long,Long,0.4333333174387614,3,4100,MIA@SF,MIA,SF,,,,,,TE/FLEX
84056-62508,TE,James,James O'Shaughnessy,O'Shaughnessy,5.485714503696987,7,4100,NYJ@MIN,MIN,NYJ,,,,,,TE/FLEX
84056-62510,TE,Nick,Nick Boyle,Boyle,0,1,4100,DEN@BAL,BAL,DEN,,,,,,TE/FLEX
84056-70859,TE,Albert,Albert Okwuegbunam,Okwuegbunam,2.125,4,4100,DEN@BAL,DEN,BAL,,,,,,TE/FLEX
84056-130286,TE,Ben,Ben Ellefson,Ellefson,2.049999952316284,2,4100,NYJ@MIN,MIN,NYJ,O,Groin,,,,TE/FLEX
84056-34073,TE,Ryan,Ryan Griffin,Griffin,0.7800000190734864,5,4100,GB@CHI,CHI,GB,,,,,,TE/FLEX
84056-73089,TE,Devin,Devin Asiasi,Asiasi,0,3,4100,KC@CIN,CIN,KC,,,,,,TE/FLEX
84056-56711,TE,Drew,Drew Sample,Sample,0.4000000059604645,2,4100,KC@CIN,CIN,KC,IR,Knee - mcl,,,,TE/FLEX
84056-26038,TE,Tyler,Tyler Kroft,Kroft,1.25,2,4100,MIA@SF,SF,MIA,,,,,,TE/FLEX
84056-73176,TE,Luke,Luke Farrell,Farrell,1.7999999523162842,2,4100,JAC@DET,JAC,DET,,,,,,TE/FLEX
84056-61172,TE,Tyler,Tyler Davis,Davis,0.9199999809265137,5,4100,GB@CHI,GB,CHI,,,,,,TE/FLEX
84056-28570,TE,Nick,Nick Vannett,Vannett,1.149999976158142,2,4100,WAS@NYG,NYG,WAS,,,,,,TE/FLEX
84056-71697,TE,Shaun,Shaun Beyer,Beyer,,,4000,GB@CHI,GB,CHI,,,,,,TE/FLEX
84056-40977,TE,Ricky,Ricky Seals-Jones,Seals-Jones,4.918181679465554,11,4000,WAS@NYG,NYG,WAS,,,,,,TE/FLEX
84056-28694,TE,Jesse,Jesse James,James,3.924999952316284,4,4000,CLE@HOU,CLE,HOU,IR,Biceps,,,,TE/FLEX
84056-137249,TE,Briley,Briley Moore,Moore,,,4000,TEN@PHI,TEN,PHI,,,,,,TE/FLEX
84056-69676,TE,Jamal,Jamal Pettigrew,Pettigrew,,,4000,SEA@LAR,LAR,SEA,,,,,,TE/FLEX
84056-69686,TE,Dylan,Dylan Parham,Parham,,,4000,DEN@BAL,DEN,BAL,,,,,,TE/FLEX
84056-59455,TE,Sammis,Sammis Reyes,Reyes,,,4000,GB@CHI,CHI,GB,,,,,,TE/FLEX
84056-65607,TE,Jacob,Jacob Harris,Harris,1.100000023841858,1,4000,SEA@LAR,LAR,SEA,,,,,,TE/FLEX
84056-69705,TE,Garrett,Garrett Walston,Walston,,,4000,MIA@SF,SF,MIA,,,,,,TE/FLEX
84056-79967,TE,Adam,Adam Shaheen,Shaheen,2.4285714285714284,7,4000,MIA@SF,MIA,SF,IR,Knee,,,,TE/FLEX
84056-80011,TE,Antony,Antony Auclair,Auclair,3.299999952316284,4,4000,TEN@PHI,TEN,PHI,,,,,,TE/FLEX
84056-170188,TE,Tanner,Tanner Conner,Conner,0,2,4000,MIA@SF,MIA,SF,,,,,,TE/FLEX
84056-170206,TE,Rodney,Rodney Williams II,Williams II,,,4000,PIT@ATL,PIT,ATL,,,,,,TE/FLEX
84056-12543,D,New York,New York Giants,Giants,5.2727272727272725,11,4000,WAS@NYG,NYG,WAS,,,,,,DEF
84056-12544,D,New York,New York Jets,Jets,8.818181818181818,11,4000,NYJ@MIN,NYJ,MIN,,,,,,DEF
84056-90398,TE,Matt,Matt Bushman,Bushman,,,4000,KC@CIN,KC,CIN,Q,Collarbone,,,,TE/FLEX
84056-170290,TE,Dre,Dre Miller,Miller,,,4000,WAS@NYG,NYG,WAS,,,,,,TE/FLEX
84056-63839,TE,Tyler,Tyler Mabry,Mabry,,,4000,SEA@LAR,SEA,LAR,,,,,,TE/FLEX
84056-153957,TE,Zaire,Zaire Mitchell-Paden,Mitchell-Paden,,,4000,CLE@HOU,CLE,HOU,,,,,,TE/FLEX
84056-92530,TE,Cade,Cade Brewer,Brewer,,,4000,SEA@LAR,SEA,LAR,,,,,,TE/FLEX
84056-70043,TE,Cole,Cole Fotheringham,Fotheringham,,,4000,LAC@LV,LV,LAC,,,,,,TE/FLEX
84056-45472,TE,Garrett,Garrett Griffin,Griffin,2.950000047683716,2,4000,JAC@DET,DET,JAC,,,,,,TE/FLEX
84056-72110,TE,John,John Mitchell,Mitchell,,,4000,SEA@LAR,SEA,LAR,,,,,,TE/FLEX
84056-84440,TE,Jaeden,Jaeden Graham,Graham,,,4000,TEN@PHI,PHI,TEN,Q,Undisclosed,,,,TE/FLEX
84056-64023,TE,Kyle,Kyle Markway,Markway,,,4000,SEA@LAR,LAR,SEA,Q,Undisclosed,,,,TE/FLEX
84056-14895,TE,Patrick,Patrick Scales,Scales,,,4000,GB@CHI,CHI,GB,,,,,,TE/FLEX
84056-72246,TE,Nolan,Nolan Givan,Givan,,,4000,JAC@DET,DET,JAC,,,,,,TE/FLEX
84056-101007,TE,Mark,Mark Vital,Vital,,,4000,KC@CIN,KC,CIN,,,,,,TE/FLEX
84056-90778,TE,Derrick,Derrick Deese Jr.,Deese Jr.,,,4000,JAC@DET,DET,JAC,,,,,,TE/FLEX
84056-86692,TE,Thomas,Thomas Odukoya,Odukoya,,,4000,TEN@PHI,TEN,PHI,,,,,,TE/FLEX
84056-27403,TE,Blake,Blake Bell,Bell,1.25,12,4000,KC@CIN,KC,CIN,IR,Hip,,,,TE/FLEX
84056-86839,TE,Jack,Jack Coco,Coco,,,4000,GB@CHI,GB,CHI,,,,,,TE/FLEX
84056-58189,TE,Mitchell,Mitchell Fraboni,Fraboni,,,4000,DEN@BAL,DEN,BAL,IR,Finger,,,,TE/FLEX
84056-90971,TE,Austin,Austin Allen,Allen,,,4000,WAS@NYG,NYG,WAS,,,,,,TE/FLEX
84056-66402,TE,Jack,Jack Driscoll,Driscoll,,,4000,TEN@PHI,PHI,TEN,,,,,,TE/FLEX
84056-23435,TE,Andrew,Andrew DePaola,DePaola,,,4000,NYJ@MIN,MIN,NYJ,,,,,,TE/FLEX
84056-64408,TE,Nick,Nick Bowers,Bowers,,,4000,KC@CIN,CIN,KC,,,,,,TE/FLEX
84056-70604,TE,John,John Raine,Raine,,,4000,PIT@ATL,ATL,PIT,,,,,,TE/FLEX
84056-72665,TE,Kenny,Kenny Yeboah,Yeboah,2.299999952316284,2,4000,NYJ@MIN,NYJ,MIN,,,,,,TE/FLEX
84056-87013,TE,Erik,Erik Krommenhoek,Krommenhoek,,,4000,LAC@LV,LAC,LV,,,,,,TE/FLEX
84056-42077,TE,James,James Winchester,Winchester,,,4000,KC@CIN,KC,CIN,,,,,,TE/FLEX
84056-46200,TE,Daniel,Daniel Brunskill,Brunskill,,,4000,MIA@SF,SF,MIA,,,,,,TE/FLEX
84056-54426,TE,Andrew,Andrew Beck,Beck,1.4600000381469727,5,4000,DEN@BAL,DEN,BAL,O,Hamstring,,,,TE/FLEX
84056-93343,TE,Roger,Roger Carter Jr.,Carter Jr.,,,4000,SEA@LAR,LAR,SEA,,,,,,TE/FLEX
84056-9409,TE,Clark,Clark Harris,Harris,,,4000,KC@CIN,CIN,KC,IR,Biceps,,,,TE/FLEX
84056-70881,TE,Justin,Justin Rigg,Rigg,,,4000,PIT@ATL,PIT,ATL,,,,,,TE/FLEX
84056-97537,TE,Naz,Naz Bohannon,Bohannon,,,4000,JAC@DET,JAC,DET,,,,,,TE/FLEX
84056-83226,TE,Kevin,Kevin Rader,Rader,0.8999999761581421,2,4000,TEN@PHI,TEN,PHI,,,,,,TE/FLEX
84056-64833,TE,Alize,Alize Mack,Mack,,,4000,GB@CHI,GB,CHI,,,,,,TE/FLEX
84056-91467,TE,Jake,Jake Tonges,Tonges,0,1,4000,GB@CHI,CHI,GB,,,,,,TE/FLEX
84056-64864,TE,Noah,Noah Togiai,Togiai,0,1,4000,TEN@PHI,PHI,TEN,,,,,,TE/FLEX
84056-60791,TE,Tommy,Tommy Hudson,Hudson,1.149999976158142,4,4000,TEN@PHI,TEN,PHI,Q,Undisclosed,,,,TE/FLEX
84056-71048,TE,Thaddeus,Thaddeus Moss,Moss,,,4000,KC@CIN,CIN,KC,,,,,,TE/FLEX
84056-71058,TE,Grayson,Grayson Gunter,Gunter,,,4000,JAC@DET,JAC,DET,,,,,,TE/FLEX
84056-28080,TE,Devin,Devin Funchess,Funchess,,,4000,JAC@DET,DET,JAC,,,,,,TE/FLEX
84056-73147,TE,Nick,Nick Eubanks,Eubanks,,,4000,CLE@HOU,HOU,CLE,,,,,,TE/FLEX
84056-73161,TE,Chase,Chase Allen,Allen,,,4000,GB@CHI,CHI,GB,,,,,,TE/FLEX
84056-69069,TE,Tony,Tony Poljan,Poljan,,,4000,DEN@BAL,BAL,DEN,,,,,,TE/FLEX
84056-73172,TE,Jake,Jake Hausmann,Hausmann,,,4000,WAS@NYG,WAS,NYG,,,,,,TE/FLEX
84056-54746,TE,Tyler,Tyler Ott,Ott,,,4000,SEA@LAR,SEA,LAR,IR,Shoulder,,,,TE/FLEX
84056-91618,TE,John,John FitzPatrick,FitzPatrick,,,4000,PIT@ATL,ATL,PIT,IR,Undisclosed,,,,TE/FLEX
84056-97771,TE,Marcus,Marcus Santos-Silva,Santos-Silva,,,4000,CLE@HOU,CLE,HOU,,,,,,TE/FLEX
84056-89586,TE,Tucker,Tucker Fisk,Fisk,,,4000,PIT@ATL,ATL,PIT,,,,,,TE/FLEX
84056-62981,TE,Eli,Eli Wolf,Wolf,,,4000,WAS@NYG,WAS,NYG,IR,Undisclosed,,,,TE/FLEX
84056-62998,TE,Jace,Jace Sternberger,Sternberger,,,4000,PIT@ATL,PIT,ATL,,,,,,TE/FLEX
84056-103966,TE,Stone,Stone Smartt,Smartt,1.100000023841858,1,4000,LAC@LV,LAC,LV,,,,,,TE/FLEX
84056-46644,TE,Paul,Paul Quessenberry,Quessenberry,,,4000,CLE@HOU,HOU,CLE,,,,,,TE/FLEX
84056-69173,TE,Hunter,Hunter Kampmoyer,Kampmoyer,,,4000,LAC@LV,LAC,LV,,,,,,TE/FLEX
84056-60981,TE,Charlie,Charlie Heck,Heck,,,4000,CLE@HOU,HOU,CLE,,,,,,TE/FLEX
84056-60984,TE,Jake,Jake Bargas,Bargas,,,4000,MIA@SF,MIA,SF,,,,,,TE/FLEX
84056-104019,TE,Matt,Matt Orzech,Orzech,0,1,4000,SEA@LAR,LAR,SEA,,,,,,TE/FLEX
84056-85635,TE,Charlie,Charlie Kolar,Kolar,,,4000,DEN@BAL,BAL,DEN,,,,,,TE/FLEX
84056-87690,TE,Sal,Sal Cannella,Cannella,,,4000,GB@CHI,GB,CHI,,,,,,TE/FLEX
84056-71351,TE,Charlie,Charlie Woerner,Woerner,0,2,4000,MIA@SF,SF,MIA,,,,,,TE/FLEX
84056-89814,TE,Gerrit,Gerrit Prince,Prince,,,4000,JAC@DET,JAC,DET,,,,,,TE/FLEX
84056-85759,TE,Curtis,Curtis Hodges,Hodges,,,4000,WAS@NYG,WAS,NYG,IR,Thigh,,,,TE/FLEX
84056-87815,TE,Jeremy,Jeremy Ruckert,Ruckert,0,1,4000,NYJ@MIN,NYJ,MIN,,,,,,TE/FLEX
84056-40746,TE,Troy,Troy Fumagalli,Fumagalli,,,4000,MIA@SF,SF,MIA,,,,,,TE/FLEX
84056-38722,TE,Cethan,Cethan Carter,Carter,1.2999999523162842,2,4000,MIA@SF,MIA,SF,IR,Concussion,,,,TE/FLEX
84056-63321,TE,Rashod,Rashod Berry,Berry,,,4000,JAC@DET,JAC,DET,,,,,,TE/FLEX
84056-169853,TE,Josh,Josh Babicz,Babicz,,,4000,GB@CHI,GB,CHI,,,,,,TE/FLEX
84056-69516,TE,Miller,Miller Forristall,Forristall,0,1,4000,CLE@HOU,CLE,HOU,,,,,,TE/FLEX
84056-92056,TE,Cal,Cal Adomitis,Adomitis,,,4000,KC@CIN,CIN,KC,,,,,,TE/FLEX
84056-55209,TE,Nate,Nate Becker,Becker,,,4000,GB@CHI,GB,CHI,Q,Undisclosed,,,,TE/FLEX
84056-112601,TE,Travis,Travis Koontz,Koontz,,,4000,LAC@LV,LV,LAC,,,,,,TE/FLEX
84056-85994,TE,Dalton,Dalton Keene,Keene,,,4000,TEN@PHI,PHI,TEN,,,,,,TE/FLEX
84056-57325,TE,Jordan,Jordan Franks,Franks,,,4000,KC@CIN,KC,CIN,O,Hand,,,,TE/FLEX
84056-96254,TE,Nick,Nick Muse,Muse,,,4000,NYJ@MIN,MIN,NYJ,,,,,,TE/FLEX
84056-12525,D,Atlanta,Atlanta Falcons,Falcons,5.583333333333333,12,3900,PIT@ATL,ATL,PIT,,,,,,DEF
84056-12554,D,Jacksonville,Jacksonville Jaguars,Jaguars,6.454545454545454,11,3900,JAC@DET,JAC,DET,,,,,,DEF
84056-12536,D,Kansas City,Kansas City Chiefs,Chiefs,6.545454545454546,11,3800,KC@CIN,KC,CIN,,,,,,DEF
84056-12531,D,Denver,Denver Broncos,Broncos,6.090909090909091,11,3700,DEN@BAL,DEN,BAL,,,,,,DEF
84056-12539,D,Miami,Miami Dolphins,Dolphins,6.7272727272727275,11,3700,MIA@SF,MIA,SF,,,,,,DEF
84056-12556,D,Houston,Houston Texans,Texans,5.363636363636363,11,3600,CLE@HOU,HOU,CLE,,,,,,DEF
84056-12532,D,Detroit,Detroit Lions,Lions,5,11,3500,JAC@DET,DET,JAC,,,,,,DEF
84056-12538,D,Los Angeles,Los Angeles Rams,Rams,5.181818181818182,11,3500,SEA@LAR,LAR,SEA,,,,,,DEF
84056-12534,D,Tennessee,Tennessee Titans,Titans,7.090909090909091,11,3400,TEN@PHI,TEN,PHI,,,,,,DEF
84056-12548,D,Los Angeles,Los Angeles Chargers,Chargers,4.2727272727272725,11,3300,LAC@LV,LAC,LV,,,,,,DEF
84056-12527,D,Chicago,Chicago Bears,Bears,4.333333333333333,12,3200,GB@CHI,CHI,GB,,,,,,DEF
84056-12537,D,Las Vegas,Las Vegas Raiders,Raiders,4.181818181818182,11,3100,LAC@LV,LV,LAC,,,,,,DEF
84056-12528,D,Cincinnati,Cincinnati Bengals,Bengals,5,11,3000,KC@CIN,CIN,KC,,,,,,DEF