Id,Position,First Name,Nickname,Last Name,FPPG,Played,Salary,Game,Team,Opponent,Injury Indicator,Injury Details,Tier,,,Roster Position
83311-64401,RB,Saquon,Saquon Barkley,Barkley,18.36666700575087,9,9700,DET@NYG,NYG,DET,,,,,,RB/FLEX
83311-25079,WR,Stefon,Stefon Diggs,Diggs,19.61111111111111,9,9400,CLE@BUF,BUF,CLE,,,,,,WR/FLEX
83311-62239,QB,Josh,Josh Allen,Allen,27.213333129882812,9,9200,CLE@BUF,BUF,CLE,,,,,,QB
83311-85671,WR,Justin,Justin Jefferson,Jefferson,19.413333468967014,9,9100,DAL@MIN,MIN,DAL,,,,,,WR/FLEX
83311-79970,WR,Cooper,Cooper Kupp,Kupp,18.211110432942707,9,9000,LAR@NO,LAR,NO,IR,Ankle,,,,WR/FLEX
83311-52442,RB,Joe,Joe Mixon,Mixon,16.966666327582466,9,9000,CIN@PIT,CIN,PIT,,,,,,RB/FLEX
83311-85701,WR,Ja'Marr,Ja'Marr Chase,Chase,16.885713849748885,7,8800,CIN@PIT,CIN,PIT,O,Hip,,,,WR/FLEX
83311-69531,QB,Jalen,Jalen Hurts,Hurts,24.342222425672745,9,8800,PHI@IND,PHI,IND,,,,,,QB
83311-91591,QB,Justin,Justin Fields,Fields,21.14600067138672,10,8700,CHI@ATL,CHI,ATL,,,,,,QB
83311-89675,RB,Jonathan,Jonathan Taylor,Taylor,12.37142835344587,7,8700,PHI@IND,IND,PHI,,,,,,RB/FLEX
83311-72731,RB,Josh,Josh Jacobs,Jacobs,17.733334011501736,9,8500,LV@DEN,LV,DEN,,,,,,RB/FLEX
83311-45889,WR,Davante,Davante Adams,Adams,17.200000339084202,9,8500,LV@DEN,LV,DEN,Q,Abdomen,,,,WR/FLEX
83311-72846,WR,A.J.,A.J. Brown,Brown,14.5,9,8400,PHI@IND,PHI,IND,,,,,,WR/FLEX
83311-53562,RB,Nick,Nick Chubb,Chubb,19.077777438693577,9,8400,CLE@BUF,CLE,BUF,,,,,,RB/FLEX
83311-63115,QB,Lamar,Lamar Jackson,Jackson,22.468889024522568,9,8400,CAR@BAL,BAL,CAR,Q,Illness,,,,QB
83311-63336,QB,Joe,Joe Burrow,Burrow,22.833333333333332,9,8300,CIN@PIT,CIN,PIT,,,,,,QB
83311-54140,RB,Dalvin,Dalvin Cook,Cook,15.366667005750868,9,8300,DAL@MIN,MIN,DAL,,,,,,RB/FLEX
83311-86631,WR,CeeDee,CeeDee Lamb,Lamb,14.255555894639757,9,8100,DAL@MIN,DAL,MIN,,,,,,WR/FLEX
83311-111540,RB,Rhamondre,Rhamondre Stevenson,Stevenson,14.666666666666666,9,8100,NYJ@NE,NE,NYJ,,,,,,RB/FLEX
83311-63759,RB,Tony,Tony Pollard,Pollard,13.222222222222221,9,8000,DAL@MIN,DAL,MIN,,,,,,RB/FLEX
83311-63519,QB,Daniel,Daniel Jones,Jones,16.504443698459202,9,7800,DET@NYG,NYG,DET,,,,,,QB
83311-86997,WR,Amon-Ra,Amon-Ra St. Brown,St. Brown,12.662500381469727,8,7800,DET@NYG,DET,NYG,,,,,,WR/FLEX
83311-52436,TE,Mark,Mark Andrews,Andrews,12.5625,8,7700,CAR@BAL,BAL,CAR,Q,Shoulder,,,,TE/FLEX
83311-86055,RB,Dameon,Dameon Pierce,Pierce,13.644444783528646,9,7600,WAS@HOU,HOU,WAS,,,,,,RB/FLEX
83311-22038,QB,Kirk,Kirk Cousins,Cousins,17.91555616590712,9,7600,DAL@MIN,MIN,DAL,,,,,,QB
83311-89981,WR,Tee,Tee Higgins,Higgins,11.862500190734863,8,7600,CIN@PIT,CIN,PIT,,,,,,WR/FLEX
83311-42104,RB,Alvin,Alvin Kamara,Kamara,14.274999618530273,8,7500,LAR@NO,NO,LAR,,,,,,RB/FLEX
83311-31716,QB,Dak,Dak Prescott,Prescott,16.334999084472656,4,7500,DAL@MIN,DAL,MIN,,,,,,QB
83311-71845,RB,Miles,Miles Sanders,Sanders,12.966666327582466,9,7300,PHI@IND,PHI,IND,,,,,,RB/FLEX
83311-56250,WR,Terry,Terry McLaurin,McLaurin,10.980000305175782,10,7300,WAS@HOU,WAS,HOU,,,,,,WR/FLEX
83311-31001,WR,Amari,Amari Cooper,Cooper,12.055555555555555,9,7200,CLE@BUF,CLE,BUF,,,,,,WR/FLEX
83311-29358,QB,Marcus,Marcus Mariota,Mariota,16.158000183105468,10,7200,CHI@ATL,ATL,CHI,,,,,,QB
83311-94534,WR,Gabe,Gabe Davis,Davis,12.050000190734863,8,7100,CLE@BUF,BUF,CLE,,,,,,WR/FLEX
83311-6616,QB,Matt,Matt Ryan,Ryan,15.637499809265137,8,7100,PHI@IND,IND,PHI,,,,,,QB
83311-55830,RB,D'Onta,D'Onta Foreman,Foreman,8.122222052680122,9,7100,CAR@BAL,CAR,BAL,,,,,,RB/FLEX
83311-57403,WR,Courtland,Courtland Sutton,Sutton,8.922222561306423,9,7000,LV@DEN,DEN,LV,,,,,,WR/FLEX
83311-45631,RB,Jamaal,Jamaal Williams,Williams,13.844444274902344,9,7000,DET@NYG,DET,NYG,,,,,,RB/FLEX
83311-45859,QB,Derek,Derek Carr,Carr,15.424445258246529,9,7000,LV@DEN,LV,DEN,,,,,,QB
83311-38791,RB,Ezekiel,Ezekiel Elliott,Elliott,10.642857142857142,7,7000,DAL@MIN,DAL,MIN,Q,Knee - mcl,,,,RB/FLEX
83311-22015,QB,Russell,Russell Wilson,Wilson,15.112500190734863,8,6900,LV@DEN,DEN,LV,,,,,,QB
83311-87770,WR,Chris,Chris Olave,Olave,11.200000339084202,9,6900,LAR@NO,NO,LAR,,,,,,WR/FLEX
83311-92020,QB,Kenny,Kenny Pickett,Pickett,12.889999389648438,6,6900,CIN@PIT,PIT,CIN,,,,,,QB
83311-53331,QB,Taylor,Taylor Heinicke,Heinicke,14.899999618530273,4,6800,WAS@HOU,WAS,HOU,,,,,,QB
83311-83074,TE,Dallas,Dallas Goedert,Goedert,10.211111280653212,9,6800,PHI@IND,PHI,IND,IR,Shoulder,,,,TE/FLEX
83311-40167,RB,Gus,Gus Edwards,Edwards,12.550000190734863,2,6800,CAR@BAL,BAL,CAR,Q,Hamstring,,,,RB/FLEX
83311-30989,RB,Kenyan,Kenyan Drake,Drake,9.62857164655413,7,6800,CAR@BAL,BAL,CAR,,,,,,RB/FLEX
83311-38435,QB,Jared,Jared Goff,Goff,16.37555609809028,9,6800,DET@NYG,DET,NYG,,,,,,QB
83311-70324,QB,Carson,Carson Wentz,Wentz,17.24333318074544,6,6800,WAS@HOU,WAS,HOU,IR,Finger,,,,QB
83311-40669,WR,Tyler,Tyler Boyd,Boyd,11.013333638509115,9,6800,CIN@PIT,CIN,PIT,,,,,,WR/FLEX
83311-30733,RB,Cordarrelle,Cordarrelle Patterson,Patterson,12.84999974568685,6,6700,CHI@ATL,ATL,CHI,,,,,,RB/FLEX
83311-90406,QB,Zach,Zach Wilson,Wilson,12.763333638509115,6,6700,NYJ@NE,NYJ,NE,,,,,,QB
83311-91598,RB,D'Andre,D'Andre Swift,Swift,12.133333841959635,6,6700,DET@NYG,DET,NYG,,,,,,RB/FLEX
83311-6654,QB,Matthew,Matthew Stafford,Stafford,12.702500343322754,8,6700,LAR@NO,LAR,NO,,,,,,QB
83311-30231,QB,Jacoby,Jacoby Brissett,Brissett,14.906667073567709,9,6700,CLE@BUF,CLE,BUF,,,,,,QB
83311-63043,WR,DJ,DJ Moore,Moore,8.919999694824218,10,6700,CAR@BAL,CAR,BAL,,,,,,WR/FLEX
83311-69213,WR,Michael,Michael Pittman Jr.,Pittman Jr.,10.533333672417534,9,6700,PHI@IND,IND,PHI,,,,,,WR/FLEX
83311-24849,QB,Jameis,Jameis Winston,Winston,16.306666056315105,3,6600,LAR@NO,NO,LAR,,,,,,QB
83311-90562,RB,Brian,Brian Robinson Jr.,Robinson Jr.,7.533333460489909,6,6600,WAS@HOU,WAS,HOU,,,,,,RB/FLEX
83311-90933,RB,Antonio,Antonio Gibson,Gibson,10.95,10,6600,WAS@HOU,WAS,HOU,,,,,,RB/FLEX
83311-14225,QB,Andy,Andy Dalton,Dalton,14.680000305175781,7,6600,LAR@NO,NO,LAR,,,,,,QB
83311-28643,WR,Allen,Allen Robinson II,Robinson II,6.188888973659939,9,6600,LAR@NO,LAR,NO,,,,,,WR/FLEX
83311-71706,TE,T.J.,T.J. Hockenson,Hockenson,10.222222222222221,9,6500,DAL@MIN,MIN,DAL,,,,,,TE/FLEX
83311-63634,WR,Jakobi,Jakobi Meyers,Meyers,11.799999782017299,7,6500,NYJ@NE,NE,NYJ,,,,,,WR/FLEX
83311-90575,RB,Najee,Najee Harris,Harris,9.484444512261284,9,6500,CIN@PIT,PIT,CIN,,,,,,RB/FLEX
83311-90584,QB,Mac,Mac Jones,Jones,11.066666920979818,6,6500,NYJ@NE,NE,NYJ,,,,,,QB
83311-89628,QB,Davis,Davis Mills,Mills,12.755555894639757,9,6500,WAS@HOU,HOU,WAS,,,,,,QB
83311-63589,QB,Sam,Sam Darnold,Darnold,14.18999989827474,12,6400,CAR@BAL,CAR,BAL,,,,,,QB
83311-90576,WR,DeVonta,DeVonta Smith,Smith,9.677777608235678,9,6400,PHI@IND,PHI,IND,,,,,,WR/FLEX
83311-41535,QB,Baker,Baker Mayfield,Mayfield,12.113333384195963,6,6400,CAR@BAL,CAR,BAL,,,,,,QB
83311-41827,QB,P.J.,P.J. Walker,Walker,7.023333231608073,6,6400,CAR@BAL,CAR,BAL,O,Ankle,,,,QB
83311-70603,RB,Devin,Devin Singletary,Singletary,9.788888719346788,9,6400,CLE@BUF,BUF,CLE,,,,,,RB/FLEX
83311-64576,RB,Damien,Damien Harris,Harris,8.342857360839844,7,6300,NYJ@NE,NE,NYJ,,,,,,RB/FLEX
83311-130288,RB,James,James Robinson,Robinson,9.01111094156901,9,6300,NYJ@NE,NYJ,NE,,,,,,RB/FLEX
83311-63819,WR,Darius,Darius Slayton,Slayton,9.033333460489908,6,6300,DET@NYG,NYG,DET,,,,,,WR/FLEX
83311-93539,RB,Michael,Michael Carter,Carter,9.233333163791233,9,6300,NYJ@NE,NYJ,NE,,,,,,RB/FLEX
83311-60787,QB,Bryce,Bryce Perkins,Perkins,0.2800000011920929,1,6300,LAR@NO,LAR,NO,,,,,,QB
83311-66008,WR,Diontae,Diontae Johnson,Johnson,7.91111077202691,9,6300,CIN@PIT,PIT,CIN,,,,,,WR/FLEX
83311-56192,QB,John,John Wolford,Wolford,9.779999732971191,1,6300,LAR@NO,LAR,NO,Q,Neck,,,,QB
83311-103564,WR,Garrett,Garrett Wilson,Wilson,9.51111094156901,9,6200,NYJ@NE,NYJ,NE,,,,,,WR/FLEX
83311-92560,QB,Sam,Sam Ehlinger,Ehlinger,7.28000020980835,2,6200,PHI@IND,IND,PHI,,,,,,QB
83311-73273,RB,David,David Montgomery,Montgomery,8.433333502875435,9,6200,CHI@ATL,CHI,ATL,,,,,,RB/FLEX
83311-72412,RB,Khalil,Khalil Herbert,Herbert,10.35,10,6200,CHI@ATL,CHI,ATL,IR,Hip,,,,RB/FLEX
83311-47870,TE,Tyler,Tyler Higbee,Higbee,6.722222222222222,9,6200,LAR@NO,LAR,NO,,,,,,TE/FLEX
83311-14377,QB,Tyrod,Tyrod Taylor,Taylor,2.440000057220459,1,6100,DET@NYG,NYG,DET,,,,,,QB
83311-86278,QB,Desmond,Desmond Ridder,Ridder,,,6100,CHI@ATL,ATL,CHI,,,,,,QB
83311-61798,QB,Gardner,Gardner Minshew II,Minshew II,0.8199999928474426,1,6100,PHI@IND,PHI,IND,,,,,,QB
83311-52613,WR,Curtis,Curtis Samuel,Samuel,10.11999969482422,10,6100,WAS@HOU,WAS,HOU,,,,,,WR/FLEX
83311-70051,QB,Tyler,Tyler Huntley,Huntley,12.377142769949776,7,6100,CAR@BAL,BAL,CAR,,,,,,QB
83311-31170,QB,Brandon,Brandon Allen,Allen,0.7799999713897705,1,6100,CIN@PIT,CIN,PIT,,,,,,QB
83311-22994,QB,Case,Case Keenum,Keenum,0.1599999964237213,2,6100,CLE@BUF,BUF,CLE,,,,,,QB
83311-40407,QB,Joshua,Joshua Dobbs,Dobbs,,,6100,CLE@BUF,CLE,BUF,,,,,,QB
83311-70157,RB,Darrell,Darrell Henderson Jr.,Henderson Jr.,7.122222052680121,9,6100,LAR@NO,LAR,NO,,,,,,RB/FLEX
83311-60947,QB,Jarrett,Jarrett Stidham,Stidham,2.880000114440918,1,6100,LV@DEN,LV,DEN,,,,,,QB
83311-40482,QB,Tim,Tim Boyle,Boyle,7.585000038146973,4,6100,DET@NYG,DET,NYG,,,,,,QB
83311-6714,QB,Joe,Joe Flacco,Flacco,15.879999796549479,3,6100,NYJ@NE,NYJ,NE,,,,,,QB
83311-41562,QB,Nick,Nick Mullens,Mullens,-0.11999999731779099,1,6100,DAL@MIN,MIN,DAL,,,,,,QB
83311-44715,QB,Cooper,Cooper Rush,Rush,9.733333587646484,6,6100,DAL@MIN,DAL,MIN,,,,,,QB
83311-139985,QB,Bailey,Bailey Zappe,Zappe,10.53499984741211,4,6100,NYJ@NE,NE,NYJ,,,,,,QB
83311-38628,QB,Mitch,Mitch Trubisky,Trubisky,10.555999755859375,5,6100,CIN@PIT,PIT,CIN,,,,,,QB
83311-61157,QB,Brett,Brett Rypien,Rypien,8.899999618530273,1,6100,LV@DEN,DEN,LV,,,,,,QB
83311-28434,QB,Trevor,Trevor Siemian,Siemian,0.20000000298023224,1,6100,CHI@ATL,CHI,ATL,,,,,,QB
83311-29501,WR,Brandin,Brandin Cooks,Cooks,7.949999809265137,8,6100,WAS@HOU,HOU,WAS,,,,,,WR/FLEX
83311-53095,QB,Kyle,Kyle Allen,Allen,3.950000047683716,2,6100,WAS@HOU,HOU,WAS,,,,,,QB
83311-29715,QB,Kevin,Kevin Hogan,Hogan,,,6000,WAS@HOU,HOU,WAS,,,,,,QB
83311-71710,QB,Nate,Nate Stanley,Stanley,,,6000,DAL@MIN,MIN,DAL,,,,,,QB
83311-30761,QB,Nathan,Nathan Peterman,Peterman,0.20000000298023224,1,6000,CHI@ATL,CHI,ATL,,,,,,QB
83311-52342,QB,Will,Will Grier,Grier,,,6000,DAL@MIN,DAL,MIN,,,,,,QB
83311-64637,QB,Brian,Brian Lewerke,Lewerke,,,6000,DET@NYG,NYG,DET,,,,,,QB
83311-104576,QB,Sam,Sam Howell,Howell,,,6000,WAS@HOU,WAS,HOU,,,,,,QB
83311-69777,WR,Darnell,Darnell Mooney,Mooney,7.05999984741211,10,6000,CHI@ATL,CHI,ATL,,,,,,WR/FLEX
83311-27801,QB,Nate,Nate Sudfeld,Sudfeld,,,6000,DET@NYG,DET,NYG,,,,,,QB
83311-94396,QB,Carson,Carson Strong,Strong,,,6000,PHI@IND,PHI,IND,,,,,,QB
83311-29915,QB,Brett,Brett Hundley,Hundley,,,6000,LAR@NO,NO,LAR,,,,,,QB
83311-170252,QB,Felix,Felix Harper,Harper,,,6000,CLE@BUF,CLE,BUF,,,,,,QB
83311-90428,RB,Tyler,Tyler Allgeier,Allgeier,7.622222052680121,9,6000,CHI@ATL,ATL,CHI,,,,,,RB/FLEX
83311-84287,QB,Luis,Luis Perez,Perez,,,6000,LAR@NO,LAR,NO,,,,,,QB
83311-91468,QB,Chase,Chase Garbers,Garbers,,,6000,LV@DEN,LV,DEN,,,,,,QB
83311-71032,WR,Devin,Devin Duvernay,Duvernay,8.866667005750868,9,6000,CAR@BAL,BAL,CAR,,,,,,WR/FLEX
83311-52606,QB,David,David Blough,Blough,0.6000000238418579,1,6000,DAL@MIN,MIN,DAL,,,,,,QB
83311-32158,QB,Garrett,Garrett Gilbert,Gilbert,7.760000228881836,1,6000,NYJ@NE,NE,NYJ,,,,,,QB
83311-73118,QB,Ian,Ian Book,Book,4,1,6000,PHI@IND,PHI,IND,,,,,,QB
83311-71077,QB,Cole,Cole Kelley,Kelley,,,6000,WAS@HOU,WAS,HOU,,,,,,QB
83311-60840,QB,Jake,Jake Browning,Browning,,,6000,CIN@PIT,CIN,PIT,,,,,,QB
83311-90561,WR,Jerry,Jerry Jeudy,Jeudy,8.666666666666666,9,6000,LV@DEN,DEN,LV,O,Ankle,,,,WR/FLEX
83311-53729,QB,Mason,Mason Rudolph,Rudolph,9.6899995803833,2,6000,CIN@PIT,PIT,CIN,,,,,,QB
83311-91639,QB,Jake,Jake Fromm,Fromm,4.633333206176758,3,6000,WAS@HOU,WAS,HOU,,,,,,QB
83311-45565,TE,Taysom,Taysom Hill,Hill,9.06000010172526,9,6000,LAR@NO,NO,LAR,,,,,,TE/FLEX
83311-22027,QB,Nick,Nick Foles,Foles,16.799999237060547,1,6000,PHI@IND,IND,PHI,,,,,,QB
83311-30253,QB,Jeff,Jeff Driskel,Driskel,0.75,2,6000,WAS@HOU,HOU,WAS,,,,,,QB
83311-72241,QB,Drew,Drew Plitt,Plitt,,,6000,CIN@PIT,CIN,PIT,,,,,,QB
83311-88630,QB,Matt,Matt Corral,Corral,,,6000,CAR@BAL,CAR,BAL,IR,Foot,,,,QB
83311-89658,QB,Jack,Jack Coan,Coan,,,6000,PHI@IND,IND,PHI,,,,,,QB
83311-71232,QB,D'Eriq,D'Eriq King,King,,,6000,CAR@BAL,CAR,BAL,,,,,,QB
83311-94797,QB,Kellen,Kellen Mond,Mond,0.20000000298023224,1,6000,CLE@BUF,CLE,BUF,,,,,,QB
83311-40534,QB,Mike,Mike White,White,13.005000114440918,4,6000,NYJ@NE,NYJ,NE,,,,,,QB
83311-54879,QB,Deshaun,Deshaun Watson,Watson,,,6000,CLE@BUF,CLE,BUF,IR,Suspension,,,,QB
83311-110246,WR,George,George Pickens,Pickens,7.322222391764323,9,6000,CIN@PIT,PIT,CIN,,,,,,WR/FLEX
83311-69302,QB,Feleipe,Feleipe Franks,Franks,0,1,6000,CHI@ATL,ATL,CHI,O,Calf,,,,QB
83311-7872,QB,Brian,Brian Hoyer,Hoyer,1.4800000190734863,1,6000,NYJ@NE,NE,NYJ,IR,Concussion,,,,QB
83311-52929,QB,Jake,Jake Luton,Luton,,,6000,LAR@NO,NO,LAR,,,,,,QB
83311-87787,RB,J.K.,J.K. Dobbins,Dobbins,7.800000190734863,4,6000,CAR@BAL,BAL,CAR,IR,Knee,,,,RB/FLEX
83311-90912,RB,Kenneth,Kenneth Gainwell,Gainwell,4.488889058430989,9,6000,PHI@IND,PHI,IND,,,,,,RB/FLEX
83311-39716,WR,Adam,Adam Thielen,Thielen,9.133332994249132,9,6000,DAL@MIN,MIN,DAL,,,,,,WR/FLEX
83311-8023,QB,Josh,Josh Johnson,Johnson,12.079999923706055,4,6000,LV@DEN,DEN,LV,,,,,,QB
83311-38767,QB,Chris,Chris Streveler,Streveler,1.0199999809265137,2,6000,NYJ@NE,NYJ,NE,,,,,,QB
83311-39795,QB,Davis,Davis Webb,Webb,-0.30000001192092896,1,6000,DET@NYG,NYG,DET,,,,,,QB
83311-169852,QB,Davis,Davis Cheek,Cheek,,,6000,CAR@BAL,CAR,BAL,,,,,,QB
83311-62364,QB,Josh,Josh Rosen,Rosen,-0.41333333651224774,3,6000,CLE@BUF,CLE,BUF,,,,,,QB
83311-29605,QB,Matt,Matt Barkley,Barkley,,,6000,CLE@BUF,BUF,CLE,,,,,,QB
83311-69597,QB,Anthony,Anthony Brown,Brown,,,6000,CAR@BAL,BAL,CAR,,,,,,QB
83311-63469,QB,Ben,Ben DiNucci,DiNucci,,,6000,DAL@MIN,DAL,MIN,,,,,,QB
83311-71672,QB,K.J.,K.J. Costello,Costello,,,6000,LAR@NO,NO,LAR,,,,,,QB
83311-86229,WR,Jahan,Jahan Dotson,Dotson,9.61999969482422,5,5900,WAS@HOU,WAS,HOU,,,,,,WR/FLEX
83311-28900,RB,Melvin,Melvin Gordon III,Gordon III,7.233333163791233,9,5900,LV@DEN,DEN,LV,,,,,,RB/FLEX
83311-91419,WR,Nico,Nico Collins,Collins,7.557143075125558,7,5900,WAS@HOU,HOU,WAS,,,,,,WR/FLEX
83311-91426,WR,Donovan,Donovan Peoples-Jones,Peoples-Jones,7.4777781168619795,9,5900,CLE@BUF,CLE,BUF,,,,,,WR/FLEX
83311-55042,TE,Dalton,Dalton Schultz,Schultz,6.100000108991351,7,5900,DAL@MIN,DAL,MIN,,,,,,TE/FLEX
83311-55335,TE,David,David Njoku,Njoku,8.885714394705635,7,5800,CLE@BUF,CLE,BUF,Q,Ankle,,,,TE/FLEX
83311-45229,RB,Kareem,Kareem Hunt,Hunt,8.677777608235678,9,5800,CLE@BUF,CLE,BUF,,,,,,RB/FLEX
83311-38264,WR,Demarcus,Demarcus Robinson,Robinson,3.6500000953674316,8,5800,CAR@BAL,BAL,CAR,,,,,,WR/FLEX
83311-85672,WR,Terrace,Terrace Marshall Jr.,Marshall Jr.,6.233333587646484,6,5800,CAR@BAL,CAR,BAL,,,,,,WR/FLEX
83311-56262,WR,Parris,Parris Campbell,Campbell,7.769999694824219,10,5800,PHI@IND,IND,PHI,,,,,,WR/FLEX
83311-112745,WR,Drake,Drake London,London,7.769999694824219,10,5700,CHI@ATL,ATL,CHI,,,,,,WR/FLEX
83311-103539,WR,Wan'Dale,Wan'Dale Robinson,Robinson,5.040000152587891,5,5700,DET@NYG,NYG,DET,Q,Hamstring,,,,WR/FLEX
83311-112057,RB,Jaylen,Jaylen Warren,Warren,4.3666665818956165,9,5700,CIN@PIT,PIT,CIN,,,,,,RB/FLEX
83311-53097,WR,Josh,Josh Reynolds,Reynolds,8.671428680419922,7,5700,DET@NYG,DET,NYG,O,Back,,,,WR/FLEX
83311-91047,TE,Cole,Cole Kmet,Kmet,6.980000305175781,10,5700,CHI@ATL,CHI,ATL,,,,,,TE/FLEX
83311-64581,WR,Van,Van Jefferson,Jefferson,5.099999904632568,2,5600,LAR@NO,LAR,NO,,,,,,WR/FLEX
83311-60712,TE,Foster,Foster Moreau,Moreau,6,6,5600,LV@DEN,LV,DEN,,,,,,TE/FLEX
83311-69956,WR,Michael,Michael Gallup,Gallup,5.166666666666667,6,5600,DAL@MIN,DAL,MIN,,,,,,WR/FLEX
83311-73111,WR,Chase,Chase Claypool,Claypool,6.663999938964844,10,5600,CHI@ATL,CHI,ATL,,,,,,WR/FLEX
83311-87467,RB,Chuba,Chuba Hubbard,Hubbard,2.528571537562779,7,5600,CAR@BAL,CAR,BAL,,,,,,RB/FLEX
83311-34331,RB,Latavius,Latavius Murray,Murray,9.55999984741211,5,5600,LV@DEN,DEN,LV,,,,,,RB/FLEX
83311-86080,TE,Kyle,Kyle Pitts,Pitts,6.1999999152289496,9,5500,CHI@ATL,ATL,CHI,,,,,,TE/FLEX
83311-89220,WR,Tyquan,Tyquan Thornton,Thornton,5.240000152587891,5,5500,NYJ@NE,NE,NYJ,,,,,,WR/FLEX
83311-45439,WR,Corey,Corey Davis,Davis,8.085714067731585,7,5500,NYJ@NE,NYJ,NE,O,Knee - mcl,,,,WR/FLEX
83311-43433,RB,Boston,Boston Scott,Scott,2.0428571701049805,7,5500,PHI@IND,PHI,IND,,,,,,RB/FLEX
83311-91931,TE,Greg,Greg Dulcich,Dulcich,7.949999809265137,4,5500,LV@DEN,DEN,LV,,,,,,TE/FLEX
83311-89157,RB,Caleb,Caleb Huntley,Huntley,4.887499809265137,8,5400,CHI@ATL,ATL,CHI,,,,,,RB/FLEX
83311-53390,WR,Zach,Zach Pascal,Pascal,3.1999999455043246,7,5400,PHI@IND,PHI,IND,,,,,,WR/FLEX
83311-89230,RB,Cam,Cam Akers,Akers,3.4857142312186107,7,5400,LAR@NO,LAR,NO,,,,,,RB/FLEX
83311-87260,TE,Isaiah,Isaiah Likely,Likely,5.125,8,5400,CAR@BAL,BAL,CAR,,,,,,TE/FLEX
83311-86244,TE,Pat,Pat Freiermuth,Freiermuth,8.037500381469727,8,5400,CIN@PIT,PIT,CIN,,,,,,TE/FLEX
83311-33047,WR,Chris,Chris Moore,Moore,6.399999891008649,7,5400,WAS@HOU,HOU,WAS,,,,,,WR/FLEX
83311-86312,WR,Alec,Alec Pierce,Pierce,6.4555553860134545,9,5400,PHI@IND,IND,PHI,,,,,,WR/FLEX
83311-31394,WR,Jarvis,Jarvis Landry,Landry,6.3,5,5400,LAR@NO,NO,LAR,,,,,,WR/FLEX
83311-25267,WR,Mack,Mack Hollins,Hollins,7.640000237358941,9,5400,LV@DEN,LV,DEN,,,,,,WR/FLEX
83311-63855,WR,K.J.,K.J. Osborn,Osborn,5.177777608235677,9,5300,DAL@MIN,MIN,DAL,,,,,,WR/FLEX
83311-53639,WR,Isaiah,Isaiah McKenzie,McKenzie,7.675000190734863,8,5300,CLE@BUF,BUF,CLE,,,,,,WR/FLEX
83311-71105,WR,Ben,Ben Skowronek,Skowronek,5.022222306993273,9,5300,LAR@NO,LAR,NO,,,,,,WR/FLEX
83311-91626,RB,James,James Cook,Cook,3.7777777777777777,9,5300,CLE@BUF,BUF,CLE,,,,,,RB/FLEX
83311-70422,WR,Kalif,Kalif Raymond,Raymond,4.666666666666667,9,5300,DET@NYG,DET,NYG,,,,,,WR/FLEX
83311-87859,WR,Laviska,Laviska Shenault Jr.,Shenault Jr.,6.066666920979817,6,5300,CAR@BAL,CAR,BAL,,,,,,WR/FLEX
83311-73687,WR,Quez,Quez Watkins,Watkins,3.2222222222222223,9,5300,PHI@IND,PHI,IND,,,,,,WR/FLEX
83311-52451,RB,Samaje,Samaje Perine,Perine,4.5444446139865455,9,5200,CIN@PIT,CIN,PIT,,,,,,RB/FLEX
83311-170287,WR,Rashid,Rashid Shaheed,Shaheed,5.840000152587891,5,5200,LAR@NO,NO,LAR,,,,,,WR/FLEX
83311-70027,RB,Zack,Zack Moss,Moss,2.2833333015441895,6,5200,PHI@IND,IND,PHI,,,,,,RB/FLEX
83311-33260,WR,DeVante,DeVante Parker,Parker,6.514285496303013,7,5200,NYJ@NE,NE,NYJ,Q,Knee,,,,WR/FLEX
83311-64031,TE,Hayden,Hayden Hurst,Hurst,6.811111026340061,9,5200,CIN@PIT,CIN,PIT,,,,,,TE/FLEX
83311-61042,WR,Kendall,Kendall Hinton,Hinton,3.6666666666666665,6,5200,LV@DEN,DEN,LV,Q,Shoulder,,,,WR/FLEX
83311-54244,WR,Kenny,Kenny Golladay,Golladay,0.800000011920929,4,5200,DET@NYG,NYG,DET,Q,Hamstring,,,,WR/FLEX
83311-64496,WR,Olamide,Olamide Zaccheaus,Zaccheaus,5.790000152587891,10,5200,CHI@ATL,ATL,CHI,,,,,,WR/FLEX
83311-64585,TE,Dawson,Dawson Knox,Knox,6,8,5100,CLE@BUF,BUF,CLE,,,,,,TE/FLEX
83311-72776,RB,Alexander,Alexander Mattison,Mattison,4.944444444444445,9,5100,DAL@MIN,MIN,DAL,,,,,,RB/FLEX
83311-83081,RB,Chase,Chase Edmonds,Edmonds,5.111111111111111,9,5100,LV@DEN,DEN,LV,,,,,,RB/FLEX
83311-25813,WR,Phillip,Phillip Dorsett II,Dorsett II,3.7428572518484935,7,5100,WAS@HOU,HOU,WAS,,,,,,WR/FLEX
83311-64808,TE,Juwan,Juwan Johnson,Johnson,6.819999694824219,10,5100,LAR@NO,NO,LAR,,,,,,TE/FLEX
83311-80289,WR,Kendrick,Kendrick Bourne,Bourne,3.1500000953674316,8,5100,NYJ@NE,NE,NYJ,,,,,,WR/FLEX
83311-63186,WR,James,James Proche II,Proche II,2.7666667302449546,3,5100,CAR@BAL,BAL,CAR,,,,,,WR/FLEX
83311-72453,WR,Denzel,Denzel Mims,Mims,3.7333332697550454,3,5100,NYJ@NE,NYJ,NE,,,,,,WR/FLEX
83311-56248,WR,Noah,Noah Brown,Brown,6.400000095367432,8,5100,DAL@MIN,DAL,MIN,,,,,,WR/FLEX
83311-30678,WR,Damiere,Damiere Byrd,Byrd,5.916666666666667,6,5100,CHI@ATL,ATL,CHI,,,,,,WR/FLEX
83311-86047,RB,Malik,Malik Davis,Davis,4.449999809265137,2,5000,DAL@MIN,DAL,MIN,,,,,,RB/FLEX
83311-60451,TE,Tyler,Tyler Conklin,Conklin,7.3555552164713545,9,5000,NYJ@NE,NYJ,NE,,,,,,TE/FLEX
83311-52345,WR,Brandon,Brandon Powell,Powell,1.4777777989705403,9,5000,LAR@NO,LAR,NO,,,,,,WR/FLEX
83311-63625,RB,Nyheim,Nyheim Hines,Hines,4.6999999152289496,9,5000,CLE@BUF,BUF,CLE,,,,,,RB/FLEX
83311-86192,WR,KJ,KJ Hamler,Hamler,3.7166665395100913,6,5000,LV@DEN,DEN,LV,O,Hamstring,,,,WR/FLEX
83311-24755,WR,Jamison,Jamison Crowder,Crowder,2.25,4,5000,CLE@BUF,BUF,CLE,IR,Ankle,,,,WR/FLEX
83311-54472,WR,Cam,Cam Sims,Sims,1.037500023841858,8,5000,WAS@HOU,WAS,HOU,,,,,,WR/FLEX
83311-53498,WR,Richie,Richie James Jr.,James Jr.,2.9625000953674316,8,5000,DET@NYG,NYG,DET,,,,,,WR/FLEX
83311-12541,D,New England,New England Patriots,Patriots,11.333333333333334,9,5000,NYJ@NE,NE,NYJ,,,,,,DEF
83311-85306,WR,KhaDarel,KhaDarel Hodge,Hodge,5.316666603088379,6,5000,CHI@ATL,ATL,CHI,,,,,,WR/FLEX
83311-56698,WR,Dante,Dante Pettis,Pettis,4.3666665818956165,9,5000,CHI@ATL,CHI,ATL,,,,,,WR/FLEX
83311-92590,RB,Raheem,Raheem Blackshear,Blackshear,2.683333396911621,6,5000,CAR@BAL,CAR,BAL,,,,,,RB/FLEX
83311-55748,WR,James,James Washington,Washington,4.03125,16,5000,DAL@MIN,DAL,MIN,IR,Foot,,,,WR/FLEX
83311-88575,WR,Elijah,Elijah Moore,Moore,4.649999936421712,6,5000,NYJ@NE,NYJ,NE,,,,,,WR/FLEX
83311-62994,WR,Steven,Steven Sims Jr.,Sims Jr.,1.1749999523162842,4,5000,CIN@PIT,PIT,CIN,,,,,,WR/FLEX
83311-57986,WR,Hunter,Hunter Renfrow,Renfrow,4.616666793823242,6,5000,LV@DEN,LV,DEN,IR,Oblique,,,,WR/FLEX
83311-52917,WR,DJ,DJ Chark Jr.,Chark Jr.,6.433333079020183,3,5000,DET@NYG,DET,NYG,,,,,,WR/FLEX
83311-26355,TE,Logan,Logan Thomas,Thomas,4.216666539510091,6,5000,WAS@HOU,WAS,HOU,,,,,,TE/FLEX
83311-27441,RB,Damien,Damien Williams,Williams,0.20000000298023224,1,5000,CHI@ATL,ATL,CHI,IR,Ribs,,,,RB/FLEX
83311-14211,RB,Mark,Mark Ingram II,Ingram II,4.212500095367432,8,5000,LAR@NO,NO,LAR,O,Knee - mcl,,,,RB/FLEX
83311-70601,TE,Harrison,Harrison Bryant,Bryant,3.914285659790039,7,5000,CLE@BUF,CLE,BUF,,,,,,TE/FLEX
83311-93134,RB,Deon,Deon Jackson,Jackson,6.400000254313151,6,5000,PHI@IND,IND,PHI,,,,,,RB/FLEX
83311-29683,WR,Nelson,Nelson Agholor,Agholor,4.600000108991351,7,5000,NYJ@NE,NE,NYJ,,,,,,WR/FLEX
83311-57342,WR,Tre'Quan,Tre'Quan Smith,Smith,5.842857360839844,7,5000,LAR@NO,NO,LAR,,,,,,WR/FLEX
83311-69752,WR,Jalen,Jalen Virgil,Virgil,13.100000381469727,1,4900,LV@DEN,DEN,LV,,,,,,WR/FLEX
83311-42142,RB,Jordan,Jordan Howard,Howard,0.10000000149011612,1,4900,LAR@NO,NO,LAR,,,,,,RB/FLEX
83311-52495,WR,Braxton,Braxton Berrios,Berrios,4.131111145019531,9,4900,NYJ@NE,NYJ,NE,,,,,,WR/FLEX
83311-90408,WR,Dax,Dax Milne,Milne,1.2699999809265137,10,4900,WAS@HOU,WAS,HOU,,,,,,WR/FLEX
83311-64827,WR,Miles,Miles Boykin,Boykin,0.800000011920929,2,4900,CIN@PIT,PIT,CIN,,,,,,WR/FLEX
83311-64841,WR,Equanimeous,Equanimeous St. Brown,St. Brown,3.3200000762939452,10,4900,CHI@ATL,CHI,ATL,,,,,,WR/FLEX
83311-55694,WR,Mike,Mike Thomas,Thomas,2.2666667302449546,3,4900,CIN@PIT,CIN,PIT,,,,,,WR/FLEX
83311-114180,WR,David,David Bell,Bell,2.299999952316284,8,4900,CLE@BUF,CLE,BUF,,,,,,WR/FLEX
83311-72370,RB,J.J.,J.J. Taylor,Taylor,2.200000047683716,1,4900,NYJ@NE,NE,NYJ,,,,,,RB/FLEX
83311-55165,RB,Justin,Justin Jackson,Jackson,2.257142884390695,7,4900,DET@NYG,DET,NYG,,,,,,RB/FLEX
83311-93055,WR,Isaiah,Isaiah Hodgins,Hodgins,5.599999904632568,2,4900,DET@NYG,NYG,DET,,,,,,WR/FLEX
83311-40845,TE,Hunter,Hunter Henry,Henry,4.388888888888889,9,4900,NYJ@NE,NE,NYJ,,,,,,TE/FLEX
83311-104433,RB,Kyren,Kyren Williams,Williams,5.400000095367432,1,4900,LAR@NO,LAR,NO,,,,,,RB/FLEX
83311-53303,RB,Matt,Matt Breida,Breida,1.966666751437717,9,4800,DET@NYG,NYG,DET,,,,,,RB/FLEX
83311-72772,RB,Avery,Avery Williams,Williams,2.1799999237060548,10,4800,CHI@ATL,ATL,CHI,,,,,,RB/FLEX
83311-90307,TE,Daniel,Daniel Bellinger,Bellinger,6.900000254313151,6,4800,DET@NYG,NYG,DET,O,Eye,,,,TE/FLEX
83311-12545,D,Philadelphia,Philadelphia Eagles,Eagles,10,9,4800,PHI@IND,PHI,IND,,,,,,DEF
83311-93538,WR,Dyami,Dyami Brown,Brown,5.320000076293946,5,4800,WAS@HOU,WAS,HOU,,,,,,WR/FLEX
83311-43416,WR,Trent,Trent Taylor,Taylor,0.4000000059604645,8,4800,CIN@PIT,CIN,PIT,,,,,,WR/FLEX
83311-41426,RB,Phillip,Phillip Lindsay,Lindsay,3.933333396911621,3,4800,PHI@IND,IND,PHI,,,,,,RB/FLEX
83311-91677,WR,Shi,Shi Smith,Smith,1.9200000762939453,10,4800,CAR@BAL,CAR,BAL,,,,,,WR/FLEX
83311-71246,WR,Marquez,Marquez Callaway,Callaway,4.100000108991351,7,4800,LAR@NO,NO,LAR,,,,,,WR/FLEX
83311-27229,RB,Ameer,Ameer Abdullah,Abdullah,1.7666666242811415,9,4800,LV@DEN,LV,DEN,,,,,,RB/FLEX
83311-69295,WR,Byron,Byron Pringle,Pringle,2,3,4800,CHI@ATL,CHI,ATL,,,,,,WR/FLEX
83311-27338,RB,Rex,Rex Burkhead,Burkhead,4.855555640326606,9,4800,WAS@HOU,HOU,WAS,,,,,,RB/FLEX
83311-92976,WR,Tutu,Tutu Atwell,Atwell,1.7000000476837158,4,4800,LAR@NO,LAR,NO,,,,,,WR/FLEX
83311-71521,RB,Justice,Justice Hill,Hill,3.171428680419922,7,4800,CAR@BAL,BAL,CAR,,,,,,RB/FLEX
83311-29734,RB,Ty,Ty Montgomery,Montgomery,8.800000190734863,1,4700,NYJ@NE,NE,NYJ,IR,Shoulder,,,,RB/FLEX
83311-104577,WR,Gunner,Gunner Olszewski,Olszewski,0.11666666467984517,6,4700,CIN@PIT,PIT,CIN,,,,,,WR/FLEX
83311-25837,RB,Duke,Duke Johnson,Johnson,0.4000000059604645,1,4700,CLE@BUF,BUF,CLE,,,,,,RB/FLEX
83311-12555,D,Baltimore,Baltimore Ravens,Ravens,8.11111111111111,9,4700,CAR@BAL,BAL,CAR,,,,,,DEF
83311-43334,RB,J.D.,J.D. McKissic,McKissic,5.287499904632568,8,4700,WAS@HOU,WAS,HOU,IR,Neck,,,,RB/FLEX
83311-64905,WR,Trenton,Trenton Irwin,Irwin,3.3499999046325684,2,4700,CIN@PIT,CIN,PIT,,,,,,WR/FLEX
83311-73130,RB,Chris,Chris Evans,Evans,0.5714285714285714,7,4700,CIN@PIT,CIN,PIT,Q,Knee - pcl,,,,RB/FLEX
83311-91578,RB,Zamir,Zamir White,White,0.3166666626930237,6,4700,LV@DEN,LV,DEN,,,,,,RB/FLEX
83311-71143,TE,Kylen,Kylen Granson,Granson,3.529999923706055,10,4700,PHI@IND,IND,PHI,,,,,,TE/FLEX
83311-32234,RB,Malcolm,Malcolm Brown,Brown,2.2333332697550454,3,4700,LAR@NO,LAR,NO,,,,,,RB/FLEX
83311-32235,WR,Marcus,Marcus Johnson,Johnson,2.325000047683716,4,4700,DET@NYG,NYG,DET,,,,,,WR/FLEX
83311-86518,WR,Khalil,Khalil Shakir,Shakir,3.5499998728434243,6,4700,CLE@BUF,BUF,CLE,,,,,,WR/FLEX
83311-69168,WR,N'Keal,N'Keal Harry,Harry,4.133333206176758,3,4700,CHI@ATL,CHI,ATL,O,Illness,,,,WR/FLEX
83311-63050,RB,Ty,Ty Johnson,Johnson,0.7666666507720947,6,4700,NYJ@NE,NYJ,NE,,,,,,RB/FLEX
83311-6739,WR,DeSean,DeSean Jackson,Jackson,2.0999999046325684,1,4700,CAR@BAL,BAL,CAR,Q,Hamstring,,,,WR/FLEX
83311-87662,WR,Anthony,Anthony Schwartz,Schwartz,1.2999999523162842,4,4700,CLE@BUF,CLE,BUF,,,,,,WR/FLEX
83311-38514,WR,Kevin,Kevin White,White,2.0999999046325684,4,4700,LAR@NO,NO,LAR,,,,,,WR/FLEX
83311-69276,WR,Bryan,Bryan Edwards,Edwards,0.75,4,4700,CHI@ATL,ATL,CHI,,,,,,WR/FLEX
83311-64242,WR,Keke,Keke Coutee,Coutee,0.1,5,4700,PHI@IND,IND,PHI,,,,,,WR/FLEX
83311-64350,WR,Jeff,Jeff Smith,Smith,1.2833333015441895,6,4700,NYJ@NE,NYJ,NE,,,,,,WR/FLEX
83311-104388,WR,Tom,Tom Kennedy,Kennedy,3.2599998474121095,5,4700,DET@NYG,DET,NYG,,,,,,WR/FLEX
83311-57338,TE,Jordan,Jordan Akins,Akins,5.157142639160156,7,4700,WAS@HOU,HOU,WAS,,,,,,TE/FLEX
83311-70661,WR,Velus,Velus Jones Jr.,Jones Jr.,2.5,4,4600,CHI@ATL,CHI,ATL,,,,,,WR/FLEX
83311-27671,WR,Jake,Jake Kumerow,Kumerow,2.0999999046325684,4,4600,CLE@BUF,BUF,CLE,IR,Ankle,,,,WR/FLEX
83311-70680,WR,Jalen,Jalen Camp,Camp,1.2000000476837158,1,4600,WAS@HOU,HOU,WAS,,,,,,WR/FLEX
83311-88109,RB,Gary,Gary Brightwell,Brightwell,1.1285714421953474,7,4600,DET@NYG,NYG,DET,,,,,,RB/FLEX
83311-55366,RB,Qadree,Qadree Ollison,Ollison,2.9500001271565757,6,4600,DAL@MIN,DAL,MIN,,,,,,RB/FLEX
83311-61555,WR,David,David Sills V,Sills V,2.3000000544956754,7,4600,DET@NYG,NYG,DET,,,,,,WR/FLEX
83311-89209,RB,Trestan,Trestan Ebner,Ebner,0.7333333492279053,6,4600,CHI@ATL,CHI,ATL,,,,,,RB/FLEX
83311-79998,WR,Keelan,Keelan Cole,Cole,1.1399999618530274,5,4600,LV@DEN,LV,DEN,,,,,,WR/FLEX
83311-28827,RB,Dare,Dare Ogunbowale,Ogunbowale,3.6666666666666665,3,4600,WAS@HOU,HOU,WAS,,,,,,RB/FLEX
83311-57543,RB,D'Ernest,D'Ernest Johnson,Johnson,0.9750000238418579,4,4600,CLE@BUF,CLE,BUF,,,,,,RB/FLEX
83311-149710,WR,Mike,Mike Strachan,Strachan,1.850000023841858,4,4600,PHI@IND,IND,PHI,,,,,,WR/FLEX
83311-88277,RB,Anthony,Anthony McFarland Jr.,McFarland Jr.,0.949999988079071,2,4600,CIN@PIT,PIT,CIN,,,,,,RB/FLEX
83311-70889,RB,Benny,Benny Snell Jr.,Snell Jr.,0,2,4600,CIN@PIT,PIT,CIN,,,,,,RB/FLEX
83311-12544,D,New York,New York Jets,Jets,8.444444444444445,9,4600,NYJ@NE,NYJ,NE,,,,,,DEF
83311-60705,WR,Tyron,Tyron Johnson,Johnson,0.6499999761581421,2,4600,WAS@HOU,HOU,WAS,,,,,,WR/FLEX
83311-102762,RB,Kevin,Kevin Harris,Harris,0.5,1,4600,NYJ@NE,NE,NYJ,,,,,,RB/FLEX
83311-22898,RB,Brandon,Brandon Bolden,Bolden,3.7400001525878905,5,4600,LV@DEN,LV,DEN,,,,,,RB/FLEX
83311-71031,WR,Lil'Jordan,Lil'Jordan Humphrey,Humphrey,1,3,4600,NYJ@NE,NE,NYJ,,,,,,WR/FLEX
83311-94625,WR,Jalen,Jalen Reagor,Reagor,1.1333333121405706,9,4600,DAL@MIN,MIN,DAL,,,,,,WR/FLEX
83311-87515,WR,Tylan,Tylan Wallace,Wallace,0.8999999761581421,4,4600,CAR@BAL,BAL,CAR,,,,,,WR/FLEX
83311-88548,WR,Jalen,Jalen Tolbert,Tolbert,0.8999999761581421,1,4600,DAL@MIN,DAL,MIN,,,,,,WR/FLEX
83311-89613,WR,Simi,Simi Fehoko,Fehoko,1.9500000476837158,2,4600,DAL@MIN,DAL,MIN,IR,Shoulder,,,,WR/FLEX
83311-60957,WR,KaVontae,KaVontae Turpin,Turpin,0.34444443384806317,9,4600,DAL@MIN,DAL,MIN,,,,,,WR/FLEX
83311-73247,RB,Kene,Kene Nwangwu,Nwangwu,0,7,4600,DAL@MIN,MIN,DAL,,,,,,RB/FLEX
83311-160306,RB,Pierre,Pierre Strong Jr.,Strong Jr.,0.25,2,4600,NYJ@NE,NE,NYJ,,,,,,RB/FLEX
83311-95854,WR,Montrell,Montrell Washington,Washington,0.3333333333333333,9,4600,LV@DEN,DEN,LV,,,,,,WR/FLEX
83311-70282,WR,Demetric,Demetric Felton,Felton,0.13333333532015482,3,4600,CLE@BUF,CLE,BUF,,,,,,WR/FLEX
83311-89785,RB,Spencer,Spencer Brown,Brown,3.1500000953674316,2,4600,CAR@BAL,CAR,BAL,,,,,,RB/FLEX
83311-58041,RB,Mike,Mike Boone,Boone,2.883333206176758,6,4600,LV@DEN,DEN,LV,IR,Ankle,,,,RB/FLEX
83311-70372,WR,Chester,Chester Rogers,Rogers,-0.6666666666666666,3,4600,CLE@BUF,CLE,BUF,,,,,,WR/FLEX
83311-69383,WR,Dezmon,Dezmon Patmon,Patmon,3.4000000953674316,1,4600,PHI@IND,IND,PHI,,,,,,WR/FLEX
83311-70426,RB,Reggie,Reggie Gilliam,Gilliam,5.066666603088379,3,4600,CLE@BUF,BUF,CLE,Q,Illness,,,,RB/FLEX
83311-91971,RB,Ronnie,Ronnie Rivers,Rivers,3.75,2,4600,LAR@NO,LAR,NO,,,,,,RB/FLEX
83311-64339,WR,Auden,Auden Tate,Tate,2.8499999046325684,4,4600,PHI@IND,PHI,IND,,,,,,WR/FLEX
83311-41867,RB,Jordan,Jordan Wilkins,Wilkins,3.299999952316284,2,4600,PHI@IND,IND,PHI,,,,,,RB/FLEX
83311-89997,WR,Michael,Michael Woods II,Woods II,1.0333333015441895,3,4600,CLE@BUF,CLE,BUF,,,,,,WR/FLEX
83311-91046,TE,Brock,Brock Wright,Wright,3.7,5,4600,DET@NYG,DET,NYG,,,,,,TE/FLEX
83311-34729,RB,Dwayne,Dwayne Washington,Washington,1.25,4,4600,LAR@NO,NO,LAR,,,,,,RB/FLEX
83311-30635,RB,Mike,Mike Davis,Davis,0.75,4,4600,CAR@BAL,BAL,CAR,,,,,,RB/FLEX
83311-45997,WR,Keith,Keith Kirkwood,Kirkwood,1.399999976158142,2,4600,LAR@NO,NO,LAR,,,,,,WR/FLEX
83311-63419,WR,Andy,Andy Isabella,Isabella,1.5499999523162842,2,4600,CAR@BAL,BAL,CAR,,,,,,WR/FLEX
83311-104424,RB,Craig,Craig Reynolds,Reynolds,4.383333206176758,6,4600,DET@NYG,DET,NYG,IR,Ribs,,,,RB/FLEX
83311-93187,RB,D'vonte,D'vonte Price,Price,,,4500,PHI@IND,IND,PHI,O,Undisclosed,,,,RB/FLEX
83311-169990,WR,Cyrus,Cyrus Holder,Holder,,,4500,CHI@ATL,CHI,ATL,,,,,,WR/FLEX
83311-169991,WR,Landon,Landon Lenoir,Lenoir,,,4500,CHI@ATL,CHI,ATL,,,,,,WR/FLEX
83311-70663,WR,Frank,Frank Darby,Darby,0.949999988079071,2,4500,CHI@ATL,ATL,CHI,,,,,,WR/FLEX
83311-70662,WR,Tyler,Tyler Vaughns,Vaughns,,,4500,CIN@PIT,PIT,CIN,,,,,,WR/FLEX
83311-169989,WR,Henry,Henry Litwin,Litwin,,,4500,CHI@ATL,CHI,ATL,,,,,,WR/FLEX
83311-111631,WR,Jameson,Jameson Williams,Williams,,,4500,DET@NYG,DET,NYG,IR,Knee - acl,,,,WR/FLEX
83311-170000,WR,Shemar,Shemar Bridges,Bridges,,,4500,CAR@BAL,BAL,CAR,Q,Undisclosed,,,,WR/FLEX
83311-72725,TE,Irv,Irv Smith Jr.,Smith Jr.,5.685714176722935,7,4500,DAL@MIN,MIN,DAL,IR,Ankle,,,,TE/FLEX
83311-56356,WR,Isaiah,Isaiah Ford,Ford,3.4099998474121094,10,4500,PHI@IND,IND,PHI,,,,,,WR/FLEX
83311-89127,WR,Justin,Justin Hall,Hall,,,4500,LV@DEN,LV,DEN,,,,,,WR/FLEX
83311-133163,WR,Ra'Shaun,Ra'Shaun Henry,Henry,,,4500,CHI@ATL,ATL,CHI,,,,,,WR/FLEX
83311-79920,WR,Cyril,Cyril Grayson Jr.,Grayson Jr.,13.199999491373697,3,4500,CLE@BUF,CLE,BUF,,,,,,WR/FLEX
83311-63550,WR,Isaiah,Isaiah Zuber,Zuber,,,4500,LV@DEN,LV,DEN,,,,,,WR/FLEX
83311-64575,RB,Derrick,Derrick Gore,Gore,5.822222391764323,9,4500,LAR@NO,NO,LAR,,,,,,RB/FLEX
83311-94277,WR,Thomas,Thomas Hennigan,Hennigan,,,4500,DAL@MIN,MIN,DAL,IR,Undisclosed,,,,WR/FLEX
83311-27721,WR,Justin,Justin Hardee Sr.,Hardee Sr.,0,1,4500,NYJ@NE,NYJ,NE,,,,,,WR/FLEX
83311-87112,WR,Josh,Josh Ali,Ali,,,4500,CHI@ATL,ATL,CHI,,,,,,WR/FLEX
83311-68686,WR,C.J.,C.J. Saunders,Saunders,2.0999999046325684,1,4500,CAR@BAL,CAR,BAL,,,,,,WR/FLEX
83311-87122,WR,Lynn,Lynn Bowden Jr.,Bowden Jr.,,,4500,NYJ@NE,NE,NYJ,,,,,,WR/FLEX
83311-89172,RB,John,John Lovett,Lovett,,,4500,CAR@BAL,CAR,BAL,,,,,,RB/FLEX
83311-68694,RB,Antonio,Antonio Williams,Williams,,,4500,DET@NYG,NYG,DET,,,,,,RB/FLEX
83311-57432,WR,Cameron,Cameron Batson,Batson,2.5,4,4500,CHI@ATL,ATL,CHI,,,,,,WR/FLEX
83311-63576,WR,Kirk,Kirk Merritt,Merritt,1.7999999523162842,1,4500,LAR@NO,NO,LAR,,,,,,WR/FLEX
83311-65627,WR,Maurice,Maurice Alexander,Alexander,0.40000001589457196,3,4500,DET@NYG,DET,NYG,Q,Ankle,,,,WR/FLEX
83311-94310,WR,Malik,Malik Williams,Williams,,,4500,CLE@BUF,BUF,CLE,,,,,,WR/FLEX
83311-86125,WR,Brandon,Brandon Smith,Smith,,,4500,DAL@MIN,DAL,MIN,,,,,,WR/FLEX
83311-79982,RB,Alex,Alex Armah,Armah,1.4499999682108562,6,4500,WAS@HOU,WAS,HOU,,,,,,RB/FLEX
83311-79987,WR,David,David Moore,Moore,0,2,4500,CHI@ATL,CHI,ATL,Q,Lower leg,,,,WR/FLEX
83311-63603,WR,Jared,Jared Pinkney,Pinkney,,,4500,LAR@NO,LAR,NO,,,,,,WR/FLEX
83311-64627,WR,Scotty,Scotty Washington,Washington,,,4500,NYJ@NE,NE,NYJ,,,,,,WR/FLEX
83311-64634,WR,Alex,Alex Bachman,Bachman,-0.30000001192092896,1,4500,WAS@HOU,HOU,WAS,,,,,,WR/FLEX
83311-42107,WR,Robert,Robert Foster,Foster,,,4500,DET@NYG,NYG,DET,Q,Hamstring,,,,WR/FLEX
83311-89214,RB,Abram,Abram Smith,Smith,,,4500,LAR@NO,NO,LAR,,,,,,RB/FLEX
83311-84101,WR,Vyncint,Vyncint Smith,Smith,0,1,4500,PHI@IND,IND,PHI,,,,,,WR/FLEX
83311-69769,RB,Darius,Darius Bradwell,Bradwell,0,1,4500,CAR@BAL,CAR,BAL,,,,,,RB/FLEX
83311-83086,WR,Daurice,Daurice Fountain,Fountain,,,4500,CHI@ATL,CHI,ATL,,,,,,WR/FLEX
83311-112790,WR,Trevon,Trevon Clark,Clark,,,4500,CAR@BAL,BAL,CAR,,,,,,WR/FLEX
83311-63646,WR,Lawrence,Lawrence Cager,Cager,2.633333365122477,3,4500,DET@NYG,NYG,DET,,,,,,WR/FLEX
83311-61610,RB,Jacques,Jacques Patrick,Patrick,1.2000000476837158,1,4500,CIN@PIT,CIN,PIT,,,,,,RB/FLEX
83311-52409,RB,Jakob,Jakob Johnson,Johnson,0.800000011920929,2,4500,LV@DEN,LV,DEN,,,,,,RB/FLEX
83311-52410,WR,Josh,Josh Malone,Malone,,,4500,CIN@PIT,PIT,CIN,,,,,,WR/FLEX
83311-61631,WR,Bisi,Bisi Johnson,Johnson,,,4500,DAL@MIN,MIN,DAL,IR,Knee - acl,,,,WR/FLEX
83311-170190,WR,Isaiah,Isaiah Weston,Weston,,,4500,CLE@BUF,CLE,BUF,IR,Knee,,,,WR/FLEX
83311-69836,WR,Collin,Collin Johnson,Johnson,2.2857142857142856,7,4500,DET@NYG,NYG,DET,IR,Achilles,,,,WR/FLEX
83311-70868,RB,Damarea,Damarea Crockett,Crockett,0.699999988079071,1,4500,LV@DEN,DEN,LV,IR,Knee - acl,,,,RB/FLEX
83311-149717,RB,JaQuan,JaQuan Hardy,Hardy,4.449999809265137,2,4500,LV@DEN,DEN,LV,,,,,,RB/FLEX
83311-48344,WR,Albert,Albert Wilson,Wilson,3.55,10,4500,LV@DEN,LV,DEN,,,,,,WR/FLEX
83311-130265,WR,John,John Hurst,Hurst,,,4500,PHI@IND,IND,PHI,Q,Ankle,,,,WR/FLEX
83311-28890,RB,Derek,Derek Watt,Watt,2.2249999046325684,4,4500,CIN@PIT,PIT,CIN,,,,,,RB/FLEX
83311-57565,RB,Austin,Austin Walter,Walter,4.5,4,4500,LV@DEN,LV,DEN,,,,,,RB/FLEX
83311-95455,WR,D.J.,D.J. Montgomery,Montgomery,5.099999904632568,1,4500,PHI@IND,IND,PHI,,,,,,WR/FLEX
83311-130270,TE,Adam,Adam Trautman,Trautman,3.7666667302449546,6,4500,LAR@NO,NO,LAR,,,,,,TE/FLEX
83311-130275,WR,Kristian,Kristian Wilkerson,Wilkerson,18.200000762939453,1,4500,NYJ@NE,NE,NYJ,IR,Concussion,,,,WR/FLEX
83311-170208,WR,Kaden,Kaden Davis,Davis,,,4500,LV@DEN,DEN,LV,,,,,,WR/FLEX
83311-130274,WR,Isaiah,Isaiah Coulter,Coulter,0,1,4500,CLE@BUF,BUF,CLE,,,,,,WR/FLEX
83311-170209,WR,Tyreik,Tyreik McAllister,McAllister,,,4500,LV@DEN,DEN,LV,Q,Hamstring,,,,WR/FLEX
83311-170214,WR,Dennis,Dennis Houston,Houston,1.2999999523162842,2,4500,DAL@MIN,DAL,MIN,,,,,,WR/FLEX
83311-69860,RB,Trayveon,Trayveon Williams,Williams,3,2,4500,CIN@PIT,CIN,PIT,,,,,,RB/FLEX
83311-130279,WR,Matt,Matt Cole,Cole,,,4500,WAS@HOU,WAS,HOU,,,,,,WR/FLEX
83311-170213,RB,Aaron,Aaron Shampklin,Shampklin,,,4500,DAL@MIN,DAL,MIN,Q,Ankle,,,,RB/FLEX
83311-28907,WR,Alex,Alex Erickson,Erickson,0.5833333333333334,12,4500,WAS@HOU,WAS,HOU,,,,,,WR/FLEX
83311-149742,RB,Nate,Nate McCrary,McCrary,-0.10000000149011612,1,4500,CAR@BAL,CAR,BAL,,,,,,RB/FLEX
83311-70892,RB,A.J.,A.J. Rose Jr.,Rose Jr.,,,4500,LAR@NO,LAR,NO,,,,,,RB/FLEX
83311-12526,D,Buffalo,Buffalo Bills,Bills,9.777777777777779,9,4500,CLE@BUF,BUF,CLE,,,,,,DEF
83311-11504,WR,Andre,Andre Roberts,Roberts,0,1,4500,CAR@BAL,CAR,BAL,IR,Knee - pcl,,,,WR/FLEX
83311-45307,WR,Rodney,Rodney Adams,Adams,0,1,4500,NYJ@NE,NYJ,NE,IR,Illness,,,,WR/FLEX
83311-69884,RB,Darius,Darius Anderson,Anderson,,,4500,WAS@HOU,HOU,WAS,IR,Knee,,,,RB/FLEX
83311-56580,WR,Christian,Christian Blake,Blake,0.6428571428571429,7,4500,CIN@PIT,PIT,CIN,,,,,,WR/FLEX
83311-130309,WR,J.J.,J.J. Koski,Koski,-0.6666666666666666,3,4500,LAR@NO,LAR,NO,IR,Shoulder,,,,WR/FLEX
83311-94468,WR,Savon,Savon Scarver,Scarver,,,4500,CHI@ATL,CHI,ATL,,,,,,WR/FLEX
83311-90380,WR,Neil,Neil Pau'u,Pau'u,,,4500,CLE@BUF,BUF,CLE,,,,,,WR/FLEX
83311-71957,WR,Quintez,Quintez Cephus,Cephus,2.5,1,4500,DET@NYG,DET,NYG,IR,Foot,,,,WR/FLEX
83311-60704,WR,Derrick,Derrick Dillon,Dillon,,,4500,CLE@BUF,CLE,BUF,,,,,,WR/FLEX
83311-130336,RB,Sandro,Sandro Platzgummer,Platzgummer,,,4500,DET@NYG,NYG,DET,,,,,,RB/FLEX
83311-130338,WR,Rysen,Rysen John,John,,,4500,CHI@ATL,CHI,ATL,,,,,,WR/FLEX
83311-68901,RB,Gerrid,Gerrid Doaks,Doaks,,,4500,WAS@HOU,HOU,WAS,,,,,,RB/FLEX
83311-91428,WR,Tarik,Tarik Black,Black,1.5,1,4500,NYJ@NE,NYJ,NE,,,,,,WR/FLEX
83311-46374,WR,Tanner,Tanner Gentry,Gentry,0,1,4500,CLE@BUF,BUF,CLE,,,,,,WR/FLEX
83311-91431,RB,Ben,Ben Mason,Mason,,,4500,CAR@BAL,BAL,CAR,,,,,,RB/FLEX
83311-89384,WR,DeMichael,DeMichael Harris,Harris,,,4500,PHI@IND,IND,PHI,,,,,,WR/FLEX
83311-102696,WR,John,John Metchie III,Metchie III,,,4500,WAS@HOU,HOU,WAS,IR,Illness,,,,WR/FLEX
83311-87338,WR,Jaivon,Jaivon Heiligh,Heiligh,,,4500,CIN@PIT,CIN,PIT,,,,,,WR/FLEX
83311-111917,WR,Keshunn,Keshunn Abram,Abram,,,4500,NYJ@NE,NYJ,NE,,,,,,WR/FLEX
83311-45371,WR,Darius,Darius Phillips,Phillips,-0.36363636363636365,11,4500,LV@DEN,DEN,LV,,,,,,WR/FLEX
83311-64828,WR,Chris,Chris Finke,Finke,,,4500,CHI@ATL,CHI,ATL,,,,,,WR/FLEX
83311-102721,WR,Dontario,Dontario Drummond,Drummond,,,4500,DAL@MIN,DAL,MIN,,,,,,WR/FLEX
83311-56648,RB,Jeremy,Jeremy McNichols,McNichols,4.584615267240084,13,4500,CIN@PIT,PIT,CIN,IR,Shoulder,,,,RB/FLEX
83311-87371,RB,Ty,Ty Chandler,Chandler,,,4500,DAL@MIN,MIN,DAL,IR,Thumb,,,,RB/FLEX
83311-52560,WR,Geronimo,Geronimo Allison,Allison,0,1,4500,CHI@ATL,ATL,CHI,,,,,,WR/FLEX
83311-73046,WR,Tre,Tre Nixon,Nixon,,,4500,NYJ@NE,NE,NYJ,,,,,,WR/FLEX
83311-90458,RB,Troy,Troy Hairston,Hairston,0.9000000158945719,3,4500,WAS@HOU,HOU,WAS,,,,,,RB/FLEX
83311-93541,RB,Javonte,Javonte Williams,Williams,8.5,4,4500,LV@DEN,DEN,LV,IR,Knee - acl,,,,RB/FLEX
83311-88430,RB,CJ,CJ Verdell,Verdell,,,4500,PHI@IND,IND,PHI,,,,,,RB/FLEX
83311-91504,WR,Blake,Blake Proehl,Proehl,,,4500,DAL@MIN,MIN,DAL,,,,,,WR/FLEX
83311-90487,WR,Kalil,Kalil Pimpleton,Pimpleton,,,4500,DET@NYG,NYG,DET,,,,,,WR/FLEX
83311-71039,WR,Kelvin,Kelvin Harmon,Harmon,,,4500,WAS@HOU,WAS,HOU,,,,,,WR/FLEX
83311-73088,WR,Kekoa,Kekoa Crawford,Crawford,,,4500,PHI@IND,IND,PHI,,,,,,WR/FLEX
83311-73095,WR,Samson,Samson Nacua,Nacua,,,4500,PHI@IND,IND,PHI,,,,,,WR/FLEX
83311-56716,WR,Brayden,Brayden Lenius,Lenius,,,4500,CHI@ATL,ATL,CHI,,,,,,WR/FLEX
83311-47501,WR,Marken,Marken Michel,Michel,,,4500,WAS@HOU,WAS,HOU,,,,,,WR/FLEX
83311-53646,WR,Austin,Austin Proehl,Proehl,,,4500,DET@NYG,NYG,DET,Q,Undisclosed,,,,WR/FLEX
83311-88463,WR,Johnny,Johnny Johnson III,Johnson III,,,4500,WAS@HOU,HOU,WAS,,,,,,WR/FLEX
83311-102802,WR,Makai,Makai Polk,Polk,,,4500,DET@NYG,NYG,DET,,,,,,WR/FLEX
83311-90518,WR,Slade,Slade Bolden,Bolden,,,4500,CAR@BAL,BAL,CAR,Q,Undisclosed,,,,WR/FLEX
83311-72091,RB,Raymond,Raymond Calais,Calais,,,4500,LAR@NO,LAR,NO,,,,,,RB/FLEX
83311-73116,WR,Javon,Javon McKinley,McKinley,,,4500,CIN@PIT,PIT,CIN,,,,,,WR/FLEX
83311-63907,TE,Josh,Josh Oliver,Oliver,2.366666634877523,6,4500,CAR@BAL,BAL,CAR,,,,,,TE/FLEX
83311-90533,RB,Jerome,Jerome Ford,Ford,0,5,4500,CLE@BUF,CLE,BUF,,,,,,RB/FLEX
83311-72103,RB,Trey,Trey Ragas,Ragas,2.5,1,4500,LAR@NO,LAR,NO,Q,Undisclosed,,,,RB/FLEX
83311-80299,RB,Patrick,Patrick Ricard,Ricard,1.5714285714285714,7,4500,CAR@BAL,BAL,CAR,,,,,,RB/FLEX
83311-87469,TE,Jelani,Jelani Woods,Woods,4.899999936421712,6,4500,PHI@IND,IND,PHI,O,Shoulder,,,,TE/FLEX
83311-40365,WR,Devon,Devon Allen,Allen,,,4500,PHI@IND,PHI,IND,,,,,,WR/FLEX
83311-63919,WR,Bailey,Bailey Gaither,Gaither,,,4500,CAR@BAL,BAL,CAR,,,,,,WR/FLEX
83311-25011,TE,Darren,Darren Waller,Waller,7.875,4,4500,LV@DEN,LV,DEN,IR,Hamstring,,,,TE/FLEX
83311-64949,WR,Ja'Marcus,Ja'Marcus Bradley,Bradley,2.7999998728434243,3,4500,CLE@BUF,CLE,BUF,,,,,,WR/FLEX
83311-55750,WR,Chris,Chris Lacy,Lacy,,,4500,LV@DEN,LV,DEN,,,,,,WR/FLEX
83311-72135,WR,T.J.,T.J. Vasher,Vasher,,,4500,DAL@MIN,DAL,MIN,,,,,,WR/FLEX
83311-96714,WR,Travis,Travis Toivonen,Toivonen,,,4500,DAL@MIN,MIN,DAL,,,,,,WR/FLEX
83311-31184,RB,Jonathan,Jonathan Williams,Williams,1.8000000317891438,3,4500,WAS@HOU,WAS,HOU,Q,Knee,,,,RB/FLEX
83311-109015,WR,Keric,Keric Wheatfall,Wheatfall,,,4500,PHI@IND,PHI,IND,Q,Undisclosed,,,,WR/FLEX
83311-103896,WR,Nsimba,Nsimba Webster,Webster,0,3,4500,CHI@ATL,CHI,ATL,,,,,,WR/FLEX
83311-103901,WR,Davion,Davion Davis,Davis,1.100000023841858,2,4500,WAS@HOU,HOU,WAS,,,,,,WR/FLEX
83311-73180,WR,Binjimen,Binjimen Victor,Victor,,,4500,CAR@BAL,BAL,CAR,,,,,,WR/FLEX
83311-152042,WR,Drew,Drew Estrada,Estrada,,,4500,WAS@HOU,HOU,WAS,O,Achilles,,,,WR/FLEX
83311-72174,WR,Andrew,Andrew Parchment,Parchment,,,4500,CAR@BAL,CAR,BAL,Q,Undisclosed,,,,WR/FLEX
83311-40434,WR,Greg,Greg Ward,Ward,3.4533333248562283,9,4500,PHI@IND,PHI,IND,,,,,,WR/FLEX
83311-113138,WR,Talolo,Talolo Limu-Jones,Limu-Jones,,,4500,CAR@BAL,CAR,BAL,,,,,,WR/FLEX
83311-70133,RB,Jake,Jake Funk,Funk,0.2,5,4500,PHI@IND,IND,PHI,,,,,,RB/FLEX
83311-62967,WR,Preston,Preston Williams,Williams,1.8000000317891438,6,4500,CAR@BAL,CAR,BAL,,,,,,WR/FLEX
83311-103930,WR,Derek,Derek Wright,Wright,,,4500,CAR@BAL,CAR,BAL,,,,,,WR/FLEX
83311-103943,WR,Trinity,Trinity Benson,Benson,2.1857143129621233,7,4500,DET@NYG,DET,NYG,IR,Knee,,,,WR/FLEX
83311-88590,RB,Scottie,Scottie Phillips,Phillips,1.600000023841858,2,4500,WAS@HOU,HOU,WAS,,,,,,RB/FLEX
83311-69150,WR,Jordan,Jordan Veasy,Veasy,0,1,4500,LV@DEN,LV,DEN,,,,,,WR/FLEX
83311-54817,WR,Diontae,Diontae Spencer,Spencer,-0.25333333015441895,15,4500,NYJ@NE,NYJ,NE,,,,,,WR/FLEX
83311-72235,WR,Damon,Damon Hazelton,Hazelton,,,4500,WAS@HOU,HOU,WAS,,,,,,WR/FLEX
83311-57909,RB,Marlon,Marlon Mack,Mack,0,1,4500,LV@DEN,DEN,LV,,,,,,RB/FLEX
83311-71228,WR,Marquez,Marquez Stevenson,Stevenson,0,5,4500,CLE@BUF,BUF,CLE,IR,Foot,,,,WR/FLEX
83311-70206,RB,Jason,Jason Huntley,Huntley,5.099999904632568,1,4500,CIN@PIT,PIT,CIN,,,,,,RB/FLEX
83311-128574,RB,Shermari,Shermari Jones,Jones,,,4500,CIN@PIT,CIN,PIT,,,,,,RB/FLEX
83311-71241,WR,Brandon,Brandon Johnson,Johnson,,,4500,LV@DEN,DEN,LV,,,,,,WR/FLEX
83311-104012,WR,Ashton,Ashton Dulin,Dulin,4.6200000762939455,5,4500,PHI@IND,IND,PHI,,,,,,WR/FLEX
83311-54863,WR,C.J.,C.J. Goodwin,Goodwin,2.0999999046325684,1,4500,DAL@MIN,DAL,MIN,,,,,,WR/FLEX
83311-86614,RB,Jeremiah,Jeremiah Hall,Hall,,,4500,DET@NYG,NYG,DET,,,,,,RB/FLEX
83311-93782,WR,Travell,Travell Harris,Harris,,,4500,CLE@BUF,CLE,BUF,,,,,,WR/FLEX
83311-62042,WR,Deon,Deon Cain,Cain,,,4500,PHI@IND,PHI,IND,,,,,,WR/FLEX
83311-87649,WR,Jaquarii,Jaquarii Roberson,Roberson,,,4500,CLE@BUF,BUF,CLE,,,,,,WR/FLEX
83311-72297,RB,Rico,Rico Dowdle,Dowdle,,,4500,DAL@MIN,DAL,MIN,IR,Ankle,,,,RB/FLEX
83311-104041,WR,Myron,Myron Mitchell,Mitchell,,,4500,DAL@MIN,MIN,DAL,,,,,,WR/FLEX
83311-86635,WR,Charleston,Charleston Rambo,Rambo,,,4500,CAR@BAL,CAR,BAL,,,,,,WR/FLEX
83311-88685,WR,Austin,Austin Trammell,Trammell,,,4500,LAR@NO,LAR,NO,,,,,,WR/FLEX
83311-86646,RB,Trey,Trey Sermon,Sermon,1.899999976158142,1,4500,PHI@IND,PHI,IND,,,,,,RB/FLEX
83311-93814,RB,Max,Max Borghi,Borghi,,,4500,CIN@PIT,PIT,CIN,,,,,,RB/FLEX
83311-104054,RB,Sincere,Sincere McCormick,McCormick,,,4500,LV@DEN,LV,DEN,IR,Undisclosed,,,,RB/FLEX
83311-88699,RB,Jaret,Jaret Patterson,Patterson,3.6357143947056363,14,4500,WAS@HOU,WAS,HOU,,,,,,RB/FLEX
83311-86657,RB,Kennedy,Kennedy Brooks,Brooks,,,4500,PHI@IND,PHI,IND,,,,,,RB/FLEX
83311-61060,RB,Devine,Devine Ozigbo,Ozigbo,0.20000000298023224,1,4500,LV@DEN,DEN,LV,,,,,,RB/FLEX
83311-85636,WR,Josh,Josh Johnson,Johnson,,,4500,DET@NYG,DET,NYG,,,,,,WR/FLEX
83311-91783,WR,Warren,Warren Jackson,Jackson,,,4500,LAR@NO,LAR,NO,Q,Undisclosed,,,,WR/FLEX
83311-27273,RB,Andy,Andy Janovich,Janovich,2.0799999237060547,5,4500,WAS@HOU,HOU,WAS,,,,,,RB/FLEX
83311-61072,WR,Stanley,Stanley Morgan,Morgan,0,1,4500,CIN@PIT,CIN,PIT,,,,,,WR/FLEX
83311-94864,RB,Jashaun,Jashaun Corbin,Corbin,,,4500,DET@NYG,NYG,DET,,,,,,RB/FLEX
83311-64147,WR,Britain,Britain Covey,Covey,0,9,4500,PHI@IND,PHI,IND,,,,,,WR/FLEX
83311-103064,RB,Breece,Breece Hall,Hall,15.085714067731585,7,4500,NYJ@NE,NYJ,NE,IR,Knee - acl,,,,RB/FLEX
83311-55970,RB,Royce,Royce Freeman,Freeman,2.6909091255881568,11,4500,WAS@HOU,HOU,WAS,,,,,,RB/FLEX
83311-52902,WR,Trey,Trey Quinn,Quinn,,,4500,LV@DEN,DEN,LV,,,,,,WR/FLEX
83311-94887,RB,Tyler,Tyler Badie,Badie,,,4500,CAR@BAL,BAL,CAR,,,,,,RB/FLEX
83311-93864,RB,Ricky,Ricky Person Jr.,Person Jr.,,,4500,CAR@BAL,BAL,CAR,IR,Undisclosed,,,,RB/FLEX
83311-7856,WR,Matthew,Matthew Slater,Slater,,,4500,NYJ@NE,NE,NYJ,,,,,,WR/FLEX
83311-69296,WR,Corey,Corey Sutton,Sutton,,,4500,DET@NYG,DET,NYG,,,,,,WR/FLEX
83311-87731,WR,Dominique,Dominique Robinson,Robinson,,,4500,CHI@ATL,CHI,ATL,,,,,,WR/FLEX
83311-71355,RB,Elijah,Elijah Holyfield,Holyfield,,,4500,CIN@PIT,CIN,PIT,IR,Knee,,,,RB/FLEX
83311-92859,WR,Jalen,Jalen Nailor,Nailor,1.7999999523162842,1,4500,DAL@MIN,MIN,DAL,,,,,,WR/FLEX
83311-104124,WR,Darrius,Darrius Shepherd,Shepherd,,,4500,LV@DEN,DEN,LV,,,,,,WR/FLEX
83311-69310,WR,Josh,Josh Hammond,Hammond,,,4500,NYJ@NE,NE,NYJ,,,,,,WR/FLEX
83311-80584,WR,Lance,Lance Lenoir,Lenoir,,,4500,PHI@IND,PHI,IND,Q,Undisclosed,,,,WR/FLEX
83311-88776,WR,Ty,Ty Fryfogle,Fryfogle,,,4500,DAL@MIN,DAL,MIN,,,,,,WR/FLEX
83311-71372,WR,Tyrie,Tyrie Cleveland,Cleveland,1.2666666507720947,3,4500,LV@DEN,DEN,LV,,,,,,WR/FLEX
83311-53967,RB,Nick,Nick Bawden,Bawden,2.5,1,4500,NYJ@NE,NYJ,NE,IR,Undisclosed,,,,RB/FLEX
83311-65231,RB,Adam,Adam Prentice,Prentice,0.699999988079071,1,4500,LAR@NO,NO,LAR,,,,,,RB/FLEX
83311-81616,WR,Rashard,Rashard Davis,Davis,,,4500,NYJ@NE,NYJ,NE,,,,,,WR/FLEX
83311-88793,RB,Stevie,Stevie Scott III,Scott III,,,4500,LV@DEN,DEN,LV,,,,,,RB/FLEX
83311-92890,WR,Cody,Cody White,White,1.933333396911621,3,4500,CIN@PIT,PIT,CIN,,,,,,WR/FLEX
83311-64222,RB,Jordan,Jordan Glasgow,Glasgow,,,4500,PHI@IND,IND,PHI,Q,Undisclosed,,,,RB/FLEX
83311-69343,WR,Landen,Landen Akers,Akers,,,4500,LAR@NO,LAR,NO,,,,,,WR/FLEX
83311-45791,WR,Rashard,Rashard Higgins,Higgins,3.7916666666666665,12,4500,CAR@BAL,CAR,BAL,,,,,,WR/FLEX
83311-63201,RB,Xavier,Xavier Jones,Jones,,,4500,LAR@NO,LAR,NO,Q,Achilles,,,,RB/FLEX
83311-93926,WR,Emeka,Emeka Emezie,Emezie,,,4500,CAR@BAL,CAR,BAL,,,,,,WR/FLEX
83311-57064,RB,Ryan,Ryan Nall,Nall,0.6499999761581421,2,4500,DAL@MIN,DAL,MIN,Q,Shoulder,,,,RB/FLEX
83311-56041,RB,Khari,Khari Blasingame,Blasingame,0,4,4500,CHI@ATL,CHI,ATL,,,,,,RB/FLEX
83311-72427,WR,Kwamie,Kwamie Lassiter II,Lassiter II,,,4500,CIN@PIT,CIN,PIT,,,,,,WR/FLEX
83311-70383,RB,Darrynton,Darrynton Evans,Evans,2.799999952316284,1,4500,CHI@ATL,CHI,ATL,,,,,,RB/FLEX
83311-104176,WR,Deonte,Deonte Harty,Harty,0.07500000298023224,4,4500,LAR@NO,NO,LAR,IR,Foot,,,,WR/FLEX
83311-90870,WR,Calvin,Calvin Austin III,Austin III,,,4500,CIN@PIT,PIT,CIN,IR,Foot,,,,WR/FLEX
83311-91897,WR,Ethan,Ethan Fernea,Fernea,,,4500,PHI@IND,IND,PHI,,,,,,WR/FLEX
83311-57091,WR,Tim,Tim Patrick,Patrick,8.118749618530273,16,4500,LV@DEN,DEN,LV,IR,Knee - acl,,,,WR/FLEX
83311-87813,RB,Master,Master Teague III,Teague III,,,4500,CIN@PIT,PIT,CIN,Q,Ankle,,,,RB/FLEX
83311-41741,WR,DaeSean,DaeSean Hamilton,Hamilton,,,4500,WAS@HOU,HOU,WAS,Q,Knee,,,,WR/FLEX
83311-26384,RB,Trey,Trey Edmunds,Edmunds,,,4500,CIN@PIT,PIT,CIN,,,,,,RB/FLEX
83311-61200,WR,Jaylinn,Jaylinn Hawkins,Hawkins,6,1,4500,CHI@ATL,ATL,CHI,,,,,,WR/FLEX
83311-94993,RB,Pooka,Pooka Williams Jr.,Williams Jr.,0,1,4500,CIN@PIT,CIN,PIT,,,,,,RB/FLEX
83311-111377,RB,De'Montre,De'Montre Tuggle,Tuggle,,,4500,CHI@ATL,CHI,ATL,,,,,,RB/FLEX
83311-71459,RB,Brittain,Brittain Brown,Brown,,,4500,LV@DEN,LV,DEN,,,,,,RB/FLEX
83311-82731,WR,Brandon,Brandon Zylstra,Zylstra,0,1,4500,DET@NYG,DET,NYG,,,,,,WR/FLEX
83311-72493,WR,Trishton,Trishton Jackson,Jackson,,,4500,DAL@MIN,MIN,DAL,,,,,,WR/FLEX
83311-55088,WR,Malik,Malik Turner,Turner,5,8,4500,LV@DEN,LV,DEN,,,,,,WR/FLEX
83311-158520,WR,Daylen,Daylen Baldwin,Baldwin,,,4500,CLE@BUF,CLE,BUF,,,,,,WR/FLEX
83311-38721,RB,Johnny,Johnny Stanton IV,Stanton IV,2.7333332697550454,3,4500,CLE@BUF,CLE,BUF,,,,,,RB/FLEX
83311-73551,WR,Stantley,Stantley Thomas-Oliver III,Thomas-Oliver III,,,4500,CAR@BAL,CAR,BAL,IR,Thigh,,,,WR/FLEX
83311-88915,RB,Bryant,Bryant Koback,Koback,,,4500,DAL@MIN,MIN,DAL,,,,,,RB/FLEX
83311-85845,WR,Rashod,Rashod Bateman,Bateman,7.666666666666667,6,4500,CAR@BAL,BAL,CAR,IR,Foot,,,,WR/FLEX
83311-27477,WR,Sterling,Sterling Shepard,Shepard,9.299999872843424,3,4500,DET@NYG,NYG,DET,IR,Knee - acl,,,,WR/FLEX
83311-103252,RB,Zonovan,Zonovan Knight,Knight,,,4500,NYJ@NE,NYJ,NE,,,,,,RB/FLEX
83311-93016,RB,B.J.,B.J. Baylor,Baylor,,,4500,CHI@ATL,ATL,CHI,,,,,,RB/FLEX
83311-26458,WR,Tavon,Tavon Austin,Austin,3.2833334604899087,12,4500,CLE@BUF,BUF,CLE,,,,,,WR/FLEX
83311-71519,WR,Dillon,Dillon Stoner,Stoner,,,4500,LV@DEN,LV,DEN,O,Undisclosed,,,,WR/FLEX
83311-93023,RB,Jermar,Jermar Jefferson,Jefferson,5.925000190734863,4,4500,DET@NYG,DET,NYG,,,,,,RB/FLEX
83311-70501,RB,C.J.,C.J. Ham,Ham,2.0399999618530273,5,4500,DAL@MIN,MIN,DAL,,,,,,RB/FLEX
83311-95092,WR,Tyler,Tyler Snead,Snead,,,4500,CIN@PIT,PIT,CIN,,,,,,WR/FLEX
83311-57208,WR,KeeSean,KeeSean Johnson,Johnson,,,4500,CLE@BUF,BUF,CLE,,,,,,WR/FLEX
83311-70531,WR,Jack,Jack Sorenson,Sorenson,,,4500,CIN@PIT,CIN,PIT,,,,,,WR/FLEX
83311-91012,RB,Greg,Greg Bell,Bell,,,4500,DET@NYG,DET,NYG,IR,Hamstring,,,,RB/FLEX
83311-43912,WR,Chad,Chad Beebe,Beebe,,,4500,WAS@HOU,HOU,WAS,,,,,,WR/FLEX
83311-64403,WR,Irvin,Irvin Charles,Charles,,,4500,NYJ@NE,NYJ,NE,,,,,,WR/FLEX
83311-141201,WR,Raleigh,Raleigh Webb,Webb,,,4500,NYJ@NE,NE,NYJ,,,,,,WR/FLEX
83311-64405,WR,Dan,Dan Chisena,Chisena,,,4500,DAL@MIN,MIN,DAL,,,,,,WR/FLEX
83311-63387,WR,Jayson,Jayson Stanley,Stanley,,,4500,CHI@ATL,CHI,ATL,Q,Knee,,,,WR/FLEX
83311-28573,WR,Michael,Michael Thomas,Thomas,14.366666158040365,3,4500,LAR@NO,NO,LAR,IR,Toe,,,,WR/FLEX
83311-88995,WR,Reggie,Reggie Roberson Jr.,Roberson Jr.,,,4500,CHI@ATL,CHI,ATL,,,,,,WR/FLEX
83311-94118,WR,Mike,Mike Harley Jr.,Harley Jr.,,,4500,CLE@BUF,CLE,BUF,,,,,,WR/FLEX
83311-169898,WR,Jequez,Jequez Ezzard,Ezzard,,,4500,WAS@HOU,WAS,HOU,Q,Undisclosed,,,,WR/FLEX
83311-169900,WR,Jared,Jared Bernhardt,Bernhardt,,,4500,CHI@ATL,ATL,CHI,IR,Groin,,,,WR/FLEX
83311-169901,WR,Tyshaun,Tyshaun James,James,,,4500,CHI@ATL,ATL,CHI,,,,,,WR/FLEX
83311-169908,WR,Dai'Jean,Dai'Jean Dixon,Dixon,,,4500,LAR@NO,NO,LAR,,,,,,WR/FLEX
83311-55224,RB,Reggie,Reggie Bonnafon,Bonnafon,2.5999999046325684,1,4500,WAS@HOU,WAS,HOU,,,,,,RB/FLEX
83311-85944,WR,Kyric,Kyric McGowan,McGowan,,,4500,WAS@HOU,WAS,HOU,,,,,,WR/FLEX
83311-93112,RB,Mataeo,Mataeo Durant,Durant,,,4500,CIN@PIT,PIT,CIN,,,,,,RB/FLEX
83311-103352,RB,Christian,Christian Wade,Wade,,,4500,CLE@BUF,BUF,CLE,,,,,,RB/FLEX
83311-32703,WR,Jakeem,Jakeem Grant Sr.,Grant Sr.,2.2666666666666666,15,4500,CLE@BUF,CLE,BUF,IR,Achilles,,,,WR/FLEX
83311-43973,RB,Keith,Keith Smith,Smith,0.5,3,4500,CHI@ATL,ATL,CHI,,,,,,RB/FLEX
83311-86984,WR,Devon,Devon Williams,Williams,,,4500,CAR@BAL,BAL,CAR,,,,,,WR/FLEX
83311-91085,WR,Michael,Michael Young Jr.,Young Jr.,,,4500,WAS@HOU,HOU,WAS,,,,,,WR/FLEX
83311-41936,WR,Anthony,Anthony Miller,Miller,3.8333333333333335,3,4500,CIN@PIT,PIT,CIN,IR,Shoulder,,,,WR/FLEX
83311-169937,WR,Lance,Lance McCutcheon,McCutcheon,,,4500,LAR@NO,LAR,NO,,,,,,WR/FLEX
83311-91101,TE,Tommy,Tommy Tremble,Tremble,3.112499952316284,8,4500,CAR@BAL,CAR,BAL,,,,,,TE/FLEX
83311-56289,RB,Jason,Jason Cabinda,Cabinda,1.6999999455043249,7,4500,DET@NYG,DET,NYG,,,,,,RB/FLEX
83311-94185,WR,Kevin,Kevin Shaa,Shaa,,,4500,CHI@ATL,CHI,ATL,,,,,,WR/FLEX
83311-14319,RB,Taiwan,Taiwan Jones,Jones,0,1,4500,CLE@BUF,BUF,CLE,,,,,,RB/FLEX
83311-71662,WR,DJ,DJ Turner,Turner,1,2,4500,LV@DEN,LV,DEN,,,,,,WR/FLEX
83311-92146,RB,DeAndre,DeAndre Torrey,Torrey,,,4500,PHI@IND,PHI,IND,,,,,,RB/FLEX
83311-48116,TE,Jonnu,Jonnu Smith,Smith,3.3428570883614674,7,4500,NYJ@NE,NE,NYJ,,,,,,TE/FLEX
83311-86007,WR,Tre,Tre Turner,Turner,,,4500,LV@DEN,LV,DEN,,,,,,WR/FLEX
83311-63479,RB,John,John Kelly Jr.,Kelly Jr.,1.2999999523162842,1,4500,CLE@BUF,CLE,BUF,,,,,,RB/FLEX
83311-88056,WR,Stanley,Stanley Berryhill,Berryhill,,,4500,DET@NYG,DET,NYG,,,,,,WR/FLEX
83311-62505,TE,MyCole,MyCole Pruitt,Pruitt,2.9666665395100913,3,4400,CHI@ATL,ATL,CHI,,,,,,TE/FLEX
83311-72863,TE,Armani,Armani Rogers,Rogers,2.825000047683716,4,4400,WAS@HOU,WAS,HOU,IR,Knee,,,,TE/FLEX
83311-83117,TE,Tanner,Tanner Hudson,Hudson,3.3400001525878906,5,4400,DET@NYG,NYG,DET,,,,,,TE/FLEX
83311-12530,D,Dallas,Dallas Cowboys,Cowboys,10.777777777777779,9,4400,DAL@MIN,DAL,MIN,,,,,,DEF
83311-31207,TE,C.J.,C.J. Uzomah,Uzomah,2.199999968210856,6,4400,NYJ@NE,NYJ,NE,,,,,,TE/FLEX
83311-92882,TE,Connor,Connor Heyward,Heyward,2.7750000953674316,4,4400,CIN@PIT,PIT,CIN,,,,,,TE/FLEX
83311-29411,TE,Pharaoh,Pharaoh Brown,Brown,3.220000076293945,5,4400,CLE@BUF,CLE,BUF,,,,,,TE/FLEX
83311-88816,TE,Peyton,Peyton Hendershot,Hendershot,3.8,5,4400,DAL@MIN,DAL,MIN,,,,,,TE/FLEX
83311-69451,TE,Jack,Jack Stoll,Stoll,1.3800000190734862,5,4400,PHI@IND,PHI,IND,,,,,,TE/FLEX
83311-94094,TE,Brevin,Brevin Jordan,Jordan,1.2399999618530273,5,4400,WAS@HOU,HOU,WAS,,,,,,TE/FLEX
83311-24533,TE,Mo,Mo Alie-Cox,Alie-Cox,4.771428789411273,7,4400,PHI@IND,IND,PHI,,,,,,TE/FLEX
83311-79980,TE,Eric,Eric Saubert,Saubert,2.4375,8,4300,LV@DEN,DEN,LV,,,,,,TE/FLEX
83311-32957,TE,Eric,Eric Tomlinson,Tomlinson,1.0399999618530273,5,4300,LV@DEN,DEN,LV,,,,,,TE/FLEX
83311-12556,D,Houston,Houston Texans,Texans,5.666666666666667,9,4300,WAS@HOU,HOU,WAS,,,,,,DEF
83311-39286,TE,O.J.,O.J. Howard,Howard,3.375,8,4300,WAS@HOU,HOU,WAS,,,,,,TE/FLEX
83311-40371,TE,Johnny,Johnny Mundt,Mundt,2.5250000953674316,8,4300,DAL@MIN,MIN,DAL,,,,,,TE/FLEX
83311-89680,TE,Jake,Jake Ferguson,Ferguson,4.659999847412109,5,4300,DAL@MIN,DAL,MIN,,,,,,TE/FLEX
83311-56947,TE,Chris,Chris Myarick,Myarick,2.199999968210856,6,4300,DET@NYG,NYG,DET,,,,,,TE/FLEX
83311-64221,TE,Zach,Zach Gentry,Gentry,2.171428544180734,7,4300,CIN@PIT,PIT,CIN,,,,,,TE/FLEX
83311-72515,TE,Ian,Ian Thomas,Thomas,2.25,8,4300,CAR@BAL,CAR,BAL,,,,,,TE/FLEX
83311-65477,TE,Giovanni,Giovanni Ricci,Ricci,2.0600000381469727,5,4300,CAR@BAL,CAR,BAL,Q,Neck,,,,TE/FLEX
83311-72705,TE,John,John Bates,Bates,1.9857142312186105,7,4200,WAS@HOU,WAS,HOU,,,,,,TE/FLEX
83311-90123,TE,Quintin,Quintin Morris,Morris,1.9249999523162842,4,4200,CLE@BUF,BUF,CLE,,,,,,TE/FLEX
83311-70705,TE,Trevon,Trevon Wesco,Wesco,1.6000000635782878,3,4200,CHI@ATL,CHI,ATL,,,,,,TE/FLEX
83311-68730,TE,Sean,Sean McKeon,McKeon,1.0499999523162842,2,4200,DAL@MIN,DAL,MIN,,,,,,TE/FLEX
83311-58499,TE,Parker,Parker Hesse,Hesse,1.5,5,4200,CHI@ATL,ATL,CHI,,,,,,TE/FLEX
83311-54426,TE,Andrew,Andrew Beck,Beck,1.4600000381469727,5,4200,LV@DEN,DEN,LV,O,Hamstring,,,,TE/FLEX
83311-70859,TE,Albert,Albert Okwuegbunam,Okwuegbunam,2.125,4,4200,LV@DEN,DEN,LV,,,,,,TE/FLEX
83311-12528,D,Cincinnati,Cincinnati Bengals,Bengals,5.777777777777778,9,4200,CIN@PIT,CIN,PIT,,,,,,DEF
83311-55895,TE,Kendall,Kendall Blanton,Blanton,2.25,2,4200,LAR@NO,LAR,NO,,,,,,TE/FLEX
83311-86682,TE,Grant,Grant Calcaterra,Calcaterra,4.5,1,4200,PHI@IND,PHI,IND,,,,,,TE/FLEX
83311-65182,TE,Mitchell,Mitchell Wilcox,Wilcox,1.5399999618530273,5,4200,CIN@PIT,CIN,PIT,,,,,,TE/FLEX
83311-93026,TE,Teagan,Teagan Quitoriano,Quitoriano,6.699999809265137,1,4200,WAS@HOU,HOU,WAS,,,,,,TE/FLEX
83311-28570,TE,Nick,Nick Vannett,Vannett,1.149999976158142,2,4200,LAR@NO,NO,LAR,,,,,,TE/FLEX
83311-85986,TE,James,James Mitchell,Mitchell,3.5333334604899087,3,4200,DET@NYG,DET,NYG,,,,,,TE/FLEX
83311-104421,TE,Jesper,Jesper Horsted,Horsted,1.7000000476837158,2,4200,LV@DEN,LV,DEN,,,,,,TE/FLEX
83311-69655,TE,Stephen,Stephen Sullivan,Sullivan,1.8666666348775227,3,4100,CAR@BAL,CAR,BAL,,,,,,TE/FLEX
83311-62508,TE,James,James O'Shaughnessy,O'Shaughnessy,5.485714503696987,7,4100,DAL@MIN,MIN,DAL,,,,,,TE/FLEX
83311-62510,TE,Nick,Nick Boyle,Boyle,0.3499999940395355,2,4100,CAR@BAL,BAL,CAR,,,,,,TE/FLEX
83311-94345,TE,Cole,Cole Turner,Turner,1.099999984105428,3,4100,WAS@HOU,WAS,HOU,,,,,,TE/FLEX
83311-86178,TE,Dominique,Dominique Dafney,Dafney,0.8800000190734864,5,4100,LV@DEN,DEN,LV,,,,,,TE/FLEX
83311-63697,TE,Brycen,Brycen Hopkins,Hopkins,0.800000011920929,2,4100,LAR@NO,LAR,NO,,,,,,TE/FLEX
83311-130286,TE,Ben,Ben Ellefson,Ellefson,2.049999952316284,2,4100,DAL@MIN,MIN,DAL,IR,Groin,,,,TE/FLEX
83311-12542,D,New Orleans,New Orleans Saints,Saints,5.3,10,4100,LAR@NO,NO,LAR,,,,,,DEF
83311-34073,TE,Ryan,Ryan Griffin,Griffin,0.7800000190734864,5,4100,CHI@ATL,CHI,ATL,,,,,,TE/FLEX
83311-149832,TE,Shane,Shane Zylstra,Zylstra,3.299999952316284,2,4100,DET@NYG,DET,NYG,,,,,,TE/FLEX
83311-73089,TE,Devin,Devin Asiasi,Asiasi,0,3,4100,CIN@PIT,CIN,PIT,,,,,,TE/FLEX
83311-56711,TE,Drew,Drew Sample,Sample,0.4000000059604645,2,4100,CIN@PIT,CIN,PIT,IR,Knee - mcl,,,,TE/FLEX
83311-80294,TE,Anthony,Anthony Firkser,Firkser,1.8000000317891438,3,4100,CHI@ATL,ATL,CHI,,,,,,TE/FLEX
83311-47551,TE,Mason,Mason Schreck,Schreck,0.800000011920929,2,4100,WAS@HOU,HOU,WAS,,,,,,TE/FLEX
83311-54007,TE,Jacob,Jacob Hollister,Hollister,2.6666666666666665,6,4100,LV@DEN,LV,DEN,,,,,,TE/FLEX
83311-56212,TE,Tommy,Tommy Sweeney,Sweeney,1.2000000476837158,1,4100,CLE@BUF,BUF,CLE,,,,,,TE/FLEX
83311-40977,TE,Ricky,Ricky Seals-Jones,Seals-Jones,4.918181679465554,11,4000,DET@NYG,NYG,DET,,,,,,TE/FLEX
83311-28694,TE,Jesse,Jesse James,James,3.924999952316284,4,4000,CLE@BUF,CLE,BUF,IR,Biceps,,,,TE/FLEX
83311-55336,TE,Chris,Chris Herndon,Herndon,2.4,5,4000,LAR@NO,NO,LAR,,,,,,TE/FLEX
83311-69676,TE,Jamal,Jamal Pettigrew,Pettigrew,,,4000,LAR@NO,LAR,NO,,,,,,TE/FLEX
83311-69686,TE,Dylan,Dylan Parham,Parham,,,4000,LV@DEN,DEN,LV,,,,,,TE/FLEX
83311-86075,TE,Lucas,Lucas Krull,Krull,,,4000,LAR@NO,NO,LAR,,,,,,TE/FLEX
83311-59455,TE,Sammis,Sammis Reyes,Reyes,,,4000,CHI@ATL,CHI,ATL,,,,,,TE/FLEX
83311-65607,TE,Jacob,Jacob Harris,Harris,,,4000,LAR@NO,LAR,NO,,,,,,TE/FLEX
83311-165962,TE,Nikola,Nikola Kalinic,Kalinic,,,4000,PHI@IND,IND,PHI,,,,,,TE/FLEX
83311-68708,TE,Seth,Seth Green,Green,,,4000,DAL@MIN,DAL,MIN,,,,,,TE/FLEX
83311-93343,TE,Roger,Roger Carter Jr.,Carter Jr.,,,4000,LAR@NO,LAR,NO,,,,,,TE/FLEX
83311-9409,TE,Clark,Clark Harris,Harris,,,4000,CIN@PIT,CIN,PIT,IR,Biceps,,,,TE/FLEX
83311-65737,TE,Sam,Sam Tecklenburg,Tecklenburg,,,4000,CAR@BAL,CAR,BAL,,,,,,TE/FLEX
83311-149708,TE,Zach,Zach Davidson,Davidson,,,4000,CLE@BUF,BUF,CLE,,,,,,TE/FLEX
83311-170206,TE,Rodney,Rodney Williams II,Williams II,,,4000,CIN@PIT,PIT,CIN,,,,,,TE/FLEX
83311-70881,TE,Justin,Justin Rigg,Rigg,,,4000,CIN@PIT,PIT,CIN,,,,,,TE/FLEX
83311-52468,TE,Ethan,Ethan Wolf,Wolf,1.7999999523162842,1,4000,LAR@NO,NO,LAR,,,,,,TE/FLEX
83311-64762,TE,Nakia,Nakia Griffin-Stewart,Griffin-Stewart,,,4000,PHI@IND,IND,PHI,,,,,,TE/FLEX
83311-12540,D,Minnesota,Minnesota Vikings,Vikings,8.333333333333334,9,4000,DAL@MIN,MIN,DAL,,,,,,DEF
83311-61693,TE,Danny,Danny Pinter,Pinter,6.699999809265137,1,4000,PHI@IND,IND,PHI,,,,,,TE/FLEX
83311-12552,D,Washington,Washington Commanders,Commanders,6.2,10,4000,WAS@HOU,WAS,HOU,,,,,,DEF
83311-65839,TE,Kahale,Kahale Warring,Warring,,,4000,LAR@NO,NO,LAR,,,,,,TE/FLEX
83311-170290,TE,Dre,Dre Miller,Miller,,,4000,DET@NYG,NYG,DET,,,,,,TE/FLEX
83311-55609,TE,Ryan,Ryan Izzo,Izzo,,,4000,CAR@BAL,CAR,BAL,,,,,,TE/FLEX
83311-91467,TE,Jake,Jake Tonges,Tonges,0,1,4000,CHI@ATL,CHI,ATL,,,,,,TE/FLEX
83311-86359,TE,Jared,Jared Scott,Scott,,,4000,PHI@IND,IND,PHI,,,,,,TE/FLEX
83311-64864,TE,Noah,Noah Togiai,Togiai,0,1,4000,PHI@IND,PHI,IND,,,,,,TE/FLEX
83311-25957,TE,J.P.,J.P. Holtz,Holtz,,,4000,LAR@NO,NO,LAR,,,,,,TE/FLEX
83311-153957,TE,Zaire,Zaire Mitchell-Paden,Mitchell-Paden,,,4000,CLE@BUF,CLE,BUF,,,,,,TE/FLEX
83311-63851,TE,Tyree,Tyree Jackson,Jackson,3.2333332697550454,3,4000,PHI@IND,PHI,IND,,,,,,TE/FLEX
83311-90483,TE,Bernhard,Bernhard Raimann,Raimann,,,4000,PHI@IND,IND,PHI,,,,,,TE/FLEX
83311-60788,TE,Nick,Nick Ralston,Ralston,,,4000,DAL@MIN,DAL,MIN,,,,,,TE/FLEX
83311-71048,TE,Thaddeus,Thaddeus Moss,Moss,,,4000,CIN@PIT,CIN,PIT,,,,,,TE/FLEX
83311-70043,TE,Cole,Cole Fotheringham,Fotheringham,,,4000,LV@DEN,LV,DEN,,,,,,TE/FLEX
83311-45472,TE,Garrett,Garrett Griffin,Griffin,2.950000047683716,2,4000,DET@NYG,DET,NYG,,,,,,TE/FLEX
83311-28080,TE,Devin,Devin Funchess,Funchess,,,4000,DET@NYG,DET,NYG,,,,,,TE/FLEX
83311-73147,TE,Nick,Nick Eubanks,Eubanks,,,4000,WAS@HOU,HOU,WAS,,,,,,TE/FLEX
83311-31169,TE,Jeremy,Jeremy Sprinkle,Sprinkle,2.299999952316284,2,4000,DAL@MIN,DAL,MIN,Q,Achilles,,,,TE/FLEX
83311-114112,TE,Jalen,Jalen Wydermyer,Wydermyer,,,4000,PHI@IND,IND,PHI,,,,,,TE/FLEX
83311-73161,TE,Chase,Chase Allen,Allen,,,4000,CHI@ATL,CHI,ATL,,,,,,TE/FLEX
83311-69069,TE,Tony,Tony Poljan,Poljan,,,4000,CAR@BAL,BAL,CAR,,,,,,TE/FLEX
83311-73172,TE,Jake,Jake Hausmann,Hausmann,,,4000,WAS@HOU,WAS,HOU,,,,,,TE/FLEX
83311-84440,TE,Jaeden,Jaeden Graham,Graham,,,4000,PHI@IND,PHI,IND,Q,Undisclosed,,,,TE/FLEX
83311-103900,TE,Brandon,Brandon Dillon,Dillon,,,4000,LAR@NO,NO,LAR,,,,,,TE/FLEX
83311-91618,TE,John,John FitzPatrick,FitzPatrick,,,4000,CHI@ATL,ATL,CHI,IR,Undisclosed,,,,TE/FLEX
83311-97771,TE,Marcus,Marcus Santos-Silva,Santos-Silva,,,4000,CLE@BUF,CLE,BUF,,,,,,TE/FLEX
83311-89586,TE,Tucker,Tucker Fisk,Fisk,,,4000,CHI@ATL,ATL,CHI,,,,,,TE/FLEX
83311-41469,TE,Darrell,Darrell Daniels,Daniels,0.34000000953674314,5,4000,PHI@IND,IND,PHI,,,,,,TE/FLEX
83311-62981,TE,Eli,Eli Wolf,Wolf,,,4000,WAS@HOU,WAS,HOU,IR,Undisclosed,,,,TE/FLEX
83311-62998,TE,Jace,Jace Sternberger,Sternberger,,,4000,CIN@PIT,PIT,CIN,,,,,,TE/FLEX
83311-64023,TE,Kyle,Kyle Markway,Markway,,,4000,LAR@NO,LAR,NO,Q,Undisclosed,,,,TE/FLEX
83311-14895,TE,Patrick,Patrick Scales,Scales,,,4000,CHI@ATL,CHI,ATL,,,,,,TE/FLEX
83311-73266,TE,Dylan,Dylan Soehner,Soehner,,,4000,LAR@NO,NO,LAR,NA,Undisclosed,,,,TE/FLEX
83311-46644,TE,Paul,Paul Quessenberry,Quessenberry,,,4000,WAS@HOU,HOU,WAS,,,,,,TE/FLEX
83311-60981,TE,Charlie,Charlie Heck,Heck,,,4000,WAS@HOU,HOU,WAS,,,,,,TE/FLEX
83311-72246,TE,Nolan,Nolan Givan,Givan,,,4000,DET@NYG,DET,NYG,,,,,,TE/FLEX
83311-30272,TE,Colin,Colin Thompson,Thompson,0,1,4000,CAR@BAL,CAR,BAL,Q,Calf,,,,TE/FLEX
83311-104019,TE,Matt,Matt Orzech,Orzech,0,1,4000,LAR@NO,LAR,NO,,,,,,TE/FLEX
83311-66155,TE,Michael,Michael Jacobson,Jacobson,,,4000,PHI@IND,IND,PHI,,,,,,TE/FLEX
83311-147049,TE,Drew,Drew Ogletree,Ogletree,,,4000,PHI@IND,IND,PHI,IR,Knee - acl,,,,TE/FLEX
83311-85635,TE,Charlie,Charlie Kolar,Kolar,,,4000,CAR@BAL,BAL,CAR,,,,,,TE/FLEX
83311-90778,TE,Derrick,Derrick Deese Jr.,Deese Jr.,,,4000,DET@NYG,DET,NYG,,,,,,TE/FLEX
83311-85759,TE,Curtis,Curtis Hodges,Hodges,,,4000,WAS@HOU,WAS,HOU,IR,Thigh,,,,TE/FLEX
83311-87815,TE,Jeremy,Jeremy Ruckert,Ruckert,0,1,4000,NYJ@NE,NYJ,NE,,,,,,TE/FLEX
83311-55099,TE,Ian,Ian Bunting,Bunting,,,4000,DAL@MIN,DAL,MIN,IR,Neck,,,,TE/FLEX
83311-58189,TE,Mitchell,Mitchell Fraboni,Fraboni,,,4000,LV@DEN,DEN,LV,IR,Finger,,,,TE/FLEX
83311-90971,TE,Austin,Austin Allen,Allen,,,4000,DET@NYG,NYG,DET,,,,,,TE/FLEX
83311-66402,TE,Jack,Jack Driscoll,Driscoll,,,4000,PHI@IND,PHI,IND,,,,,,TE/FLEX
83311-23435,TE,Andrew,Andrew DePaola,DePaola,,,4000,DAL@MIN,MIN,DAL,,,,,,TE/FLEX
83311-69516,TE,Miller,Miller Forristall,Forristall,0,1,4000,CLE@BUF,CLE,BUF,,,,,,TE/FLEX
83311-64408,TE,Nick,Nick Bowers,Bowers,,,4000,CIN@PIT,CIN,PIT,,,,,,TE/FLEX
83311-92056,TE,Cal,Cal Adomitis,Adomitis,,,4000,CIN@PIT,CIN,PIT,,,,,,TE/FLEX
83311-70604,TE,John,John Raine,Raine,,,4000,CHI@ATL,ATL,CHI,Q,Undisclosed,,,,TE/FLEX
83311-72665,TE,Kenny,Kenny Yeboah,Yeboah,2.299999952316284,2,4000,NYJ@NE,NYJ,NE,D,Calf,,,,TE/FLEX
83311-112601,TE,Travis,Travis Koontz,Koontz,,,4000,LV@DEN,LV,DEN,,,,,,TE/FLEX
83311-54239,TE,Matt,Matt Sokol,Sokol,,,4000,NYJ@NE,NE,NYJ,,,,,,TE/FLEX
83311-85994,TE,Dalton,Dalton Keene,Keene,,,4000,PHI@IND,PHI,IND,,,,,,TE/FLEX
83311-96254,TE,Nick,Nick Muse,Muse,,,4000,DAL@MIN,MIN,DAL,,,,,,TE/FLEX
83311-12531,D,Denver,Denver Broncos,Broncos,7.111111111111111,9,3900,LV@DEN,DEN,LV,,,,,,DEF
83311-12538,D,Los Angeles,Los Angeles Rams,Rams,5.444444444444445,9,3900,LAR@NO,LAR,NO,,,,,,DEF
83311-12543,D,New York,New York Giants,Giants,6.222222222222222,9,3800,DET@NYG,NYG,DET,,,,,,DEF
83311-12547,D,Pittsburgh,Pittsburgh Steelers,Steelers,5.666666666666667,9,3800,CIN@PIT,PIT,CIN,,,,,,DEF
83311-12527,D,Chicago,Chicago Bears,Bears,4.8,10,3700,CHI@ATL,CHI,ATL,,,,,,DEF
83311-12532,D,Detroit,Detroit Lions,Lions,4.333333333333333,9,3600,DET@NYG,DET,NYG,,,,,,DEF
83311-12535,D,Indianapolis,Indianapolis Colts,Colts,5.8,10,3500,PHI@IND,IND,PHI,,,,,,DEF
83311-12525,D,Atlanta,Atlanta Falcons,Falcons,5.2,10,3400,CHI@ATL,ATL,CHI,,,,,,DEF
83311-12553,D,Carolina,Carolina Panthers,Panthers,6.5,10,3300,CAR@BAL,CAR,BAL,,,,,,DEF
83311-12537,D,Las Vegas,Las Vegas Raiders,Raiders,3.7777777777777777,9,3200,LV@DEN,LV,DEN,,,,,,DEF
83311-12529,D,Cleveland,Cleveland Browns,Browns,4.111111111111111,9,3000,CLE@BUF,CLE,BUF,,,,,,DEF