Id,Position,First Name,Nickname,Last Name,FPPG,Played,Salary,Game,Team,Opponent,Injury Indicator,Injury Details,Tier,,,Roster Position
85186-55050,RB,Christian,Christian McCaffrey,McCaffrey,18.01066691080729,15,9500,SF@LV,SF,LV,,,,,,RB/FLEX
85186-64401,RB,Saquon,Saquon Barkley,Barkley,16.61333312988281,15,9200,IND@NYG,NYG,IND,,,,,,RB/FLEX
85186-85671,WR,Justin,Justin Jefferson,Jefferson,19.790665690104166,15,9200,MIN@GB,MIN,GB,,,,,,WR/FLEX
85186-57439,QB,Patrick,Patrick Mahomes,Mahomes,25.85999959309896,15,9000,DEN@KC,KC,DEN,,,,,,QB
85186-53681,WR,Tyreek,Tyreek Hill,Hill,18.04666748046875,15,9000,MIA@NE,MIA,NE,,,,,,WR/FLEX
85186-69531,QB,Jalen,Jalen Hurts,Hurts,26.755713326590403,14,8800,NO@PHI,PHI,NO,D,Shoulder,,,,QB
85186-45889,WR,Davante,Davante Adams,Adams,16.326666259765624,15,8500,SF@LV,LV,SF,,,,,,WR/FLEX
85186-72731,RB,Josh,Josh Jacobs,Jacobs,18.55333251953125,15,8500,SF@LV,LV,SF,,,,,,RB/FLEX
85186-72846,WR,A.J.,A.J. Brown,Brown,15.093332926432291,15,8400,NO@PHI,PHI,NO,,,,,,WR/FLEX
85186-91591,QB,Justin,Justin Fields,Fields,20.698571341378347,14,8400,CHI@DET,CHI,DET,,,,,,QB
85186-33076,TE,Travis,Travis Kelce,Kelce,16.446666463216147,15,8300,DEN@KC,KC,DEN,,,,,,TE/FLEX
85186-54140,RB,Dalvin,Dalvin Cook,Cook,14.046666463216146,15,8300,MIN@GB,MIN,GB,,,,,,RB/FLEX
85186-86997,WR,Amon-Ra,Amon-Ra St. Brown,St. Brown,14.178571428571429,14,8200,CHI@DET,DET,CHI,,,,,,WR/FLEX
85186-16606,WR,DeAndre,DeAndre Hopkins,Hopkins,13.299999660915798,9,8100,ARI@ATL,ARI,ATL,O,Knee,,,,WR/FLEX
85186-63115,QB,Lamar,Lamar Jackson,Jackson,20.25666681925456,12,8000,PIT@BAL,BAL,PIT,O,Knee - pcl,,,,QB
85186-40687,RB,James,James Conner,Conner,13.72499974568685,12,8000,ARI@ATL,ARI,ATL,,,,,,RB/FLEX
85186-53562,RB,Nick,Nick Chubb,Chubb,15.673333740234375,15,7800,CLE@WAS,CLE,WAS,,,,,,RB/FLEX
85186-90576,WR,DeVonta,DeVonta Smith,Smith,12.059999593098958,15,7800,NO@PHI,PHI,NO,,,,,,WR/FLEX
85186-89951,QB,Trevor,Trevor Lawrence,Lawrence,19.197332763671874,15,7800,JAC@HOU,JAC,HOU,Q,Toe,,,,QB
85186-90573,WR,Jaylen,Jaylen Waddle,Waddle,13.813333129882812,15,7700,MIA@NE,MIA,NE,,,,,,WR/FLEX
85186-90572,QB,Tua,Tua Tagovailoa,Tagovailoa,18.37846139761118,13,7700,MIA@NE,MIA,NE,O,Concussion,,,,QB
85186-89956,RB,Travis,Travis Etienne Jr.,Etienne Jr.,10.779999796549479,15,7700,JAC@HOU,JAC,HOU,,,,,,RB/FLEX
85186-55635,WR,Chris,Chris Godwin,Godwin,11.36923100398137,13,7600,CAR@TB,TB,CAR,,,,,,WR/FLEX
85186-73048,WR,DK,DK Metcalf,Metcalf,11.7,15,7600,NYJ@SEA,SEA,NYJ,,,,,,WR/FLEX
85186-40442,RB,Aaron,Aaron Jones,Jones,13.366666666666667,15,7600,MIN@GB,GB,MIN,,,,,,RB/FLEX
85186-22038,QB,Kirk,Kirk Cousins,Cousins,18.778666178385418,15,7600,MIN@GB,MIN,GB,,,,,,QB
85186-169776,WR,Christian,Christian Watson,Watson,10.658333460489908,12,7600,MIN@GB,GB,MIN,Q,Hip,,,,WR/FLEX
85186-61798,QB,Gardner,Gardner Minshew II,Minshew II,6.465000152587891,4,7500,NO@PHI,PHI,NO,,,,,,QB
85186-73273,RB,David,David Montgomery,Montgomery,11,14,7500,CHI@DET,CHI,DET,,,,,,RB/FLEX
85186-32384,WR,Mike,Mike Evans,Evans,10.228571210588727,14,7500,CAR@TB,TB,CAR,,,,,,WR/FLEX
85186-39793,TE,George,George Kittle,Kittle,11.023077157827524,13,7400,SF@LV,SF,LV,,,,,,TE/FLEX
85186-56250,WR,Terry,Terry McLaurin,McLaurin,11.393332926432292,15,7400,CLE@WAS,WAS,CLE,,,,,,WR/FLEX
85186-38435,QB,Jared,Jared Goff,Goff,17.26399943033854,15,7400,CHI@DET,DET,CHI,,,,,,QB
85186-63519,QB,Daniel,Daniel Jones,Jones,17.18800048828125,15,7300,IND@NYG,NYG,IND,,,,,,QB
85186-42104,RB,Alvin,Alvin Kamara,Kamara,12.553845919095552,13,7300,NO@PHI,NO,PHI,,,,,,RB/FLEX
85186-103564,WR,Garrett,Garrett Wilson,Wilson,10.5,15,7300,NYJ@SEA,NYJ,SEA,,,,,,WR/FLEX
85186-6498,QB,Tom,Tom Brady,Brady,15.707999674479167,15,7200,CAR@TB,TB,CAR,,,,,,QB
85186-93107,RB,AJ,AJ Dillon,Dillon,9.346666463216145,15,7200,MIN@GB,GB,MIN,,,,,,RB/FLEX
85186-69213,WR,Michael,Michael Pittman Jr.,Pittman Jr.,10.242856706891741,14,7200,IND@NYG,IND,NYG,,,,,,WR/FLEX
85186-31001,WR,Amari,Amari Cooper,Cooper,11.859999593098959,15,7100,CLE@WAS,CLE,WAS,,,,,,WR/FLEX
85186-6894,QB,Aaron,Aaron Rodgers,Rodgers,14.82933349609375,15,7100,MIN@GB,GB,MIN,,,,,,QB
85186-91598,RB,D'Andre,D'Andre Swift,Swift,10.77500025431315,12,7100,CHI@DET,DET,CHI,,,,,,RB/FLEX
85186-26483,QB,Geno,Geno Smith,Smith,18.809334309895835,15,7100,NYJ@SEA,SEA,NYJ,,,,,,QB
85186-71706,TE,T.J.,T.J. Hockenson,Hockenson,10.726666259765626,15,7000,MIN@GB,MIN,GB,,,,,,TE/FLEX
85186-90561,WR,Jerry,Jerry Jeudy,Jeudy,10.892308161808895,13,7000,DEN@KC,DEN,KC,Q,Ankle,,,,WR/FLEX
85186-56018,WR,Deebo,Deebo Samuel,Samuel,11.416666666666666,12,7000,SF@LV,SF,LV,O,Knee - mcl,,,,WR/FLEX
85186-111540,RB,Rhamondre,Rhamondre Stevenson,Stevenson,13.186666870117188,15,7000,MIA@NE,NE,MIA,Q,Ankle,,,,RB/FLEX
85186-63043,WR,DJ,DJ Moore,Moore,9.693332926432292,15,7000,CAR@TB,CAR,TB,,,,,,WR/FLEX
85186-40534,QB,Mike,Mike White,White,18.326666514078777,3,7000,NYJ@SEA,NYJ,SEA,,,,,,QB
85186-85607,QB,Brock,Brock Purdy,Purdy,10.339999607631139,7,7000,SF@LV,SF,LV,,,,,,QB
85186-52922,RB,Leonard,Leonard Fournette,Fournette,13.071428571428571,14,7000,CAR@TB,TB,CAR,,,,,,RB/FLEX
85186-70027,RB,Zack,Zack Moss,Moss,2.909090909090909,11,6900,IND@NYG,IND,NYG,,,,,,RB/FLEX
85186-90562,RB,Brian,Brian Robinson Jr.,Robinson Jr.,9.045454545454545,11,6900,CLE@WAS,WAS,CLE,,,,,,RB/FLEX
85186-86687,WR,Marquise,Marquise Brown,Brown,11.219999694824219,10,6900,ARI@ATL,ARI,ATL,,,,,,WR/FLEX
85186-60858,WR,Christian,Christian Kirk,Kirk,11.859999593098959,15,6900,JAC@HOU,JAC,HOU,,,,,,WR/FLEX
85186-22015,QB,Russell,Russell Wilson,Wilson,14.427692119891827,13,6900,DEN@KC,DEN,KC,,,,,,QB
85186-57403,WR,Courtland,Courtland Sutton,Sutton,8.476922842172476,13,6800,DEN@KC,DEN,KC,,,,,,WR/FLEX
85186-63589,QB,Sam,Sam Darnold,Darnold,15.9399995803833,4,6800,CAR@TB,CAR,TB,,,,,,QB
85186-71845,RB,Miles,Miles Sanders,Sanders,13.153333536783855,15,6800,NO@PHI,PHI,NO,,,,,,RB/FLEX
85186-45565,TE,Taysom,Taysom Hill,Hill,8.945714133126396,14,6800,NO@PHI,NO,PHI,,,,,,TE/FLEX
85186-137902,RB,Rachaad,Rachaad White,White,7.020000203450521,15,6800,CAR@TB,TB,CAR,,,,,,RB/FLEX
85186-55987,WR,JuJu,JuJu Smith-Schuster,Smith-Schuster,9.907142639160156,14,6800,DEN@KC,KC,DEN,,,,,,WR/FLEX
85186-54608,RB,Jerick,Jerick McKinnon,McKinnon,9.373333740234376,15,6800,DEN@KC,KC,DEN,,,,,,RB/FLEX
85186-87770,WR,Chris,Chris Olave,Olave,11.038461538461538,13,6800,NO@PHI,NO,PHI,Q,Hamstring,,,,WR/FLEX
85186-112745,WR,Drake,Drake London,London,8.026666768391927,15,6700,ARI@ATL,ATL,ARI,,,,,,WR/FLEX
85186-63634,WR,Jakobi,Jakobi Meyers,Meyers,10.183333079020182,12,6700,MIA@NE,NE,MIA,,,,,,WR/FLEX
85186-90428,RB,Tyler,Tyler Allgeier,Allgeier,8.707142966134208,14,6700,ARI@ATL,ATL,ARI,,,,,,RB/FLEX
85186-45859,QB,Derek,Derek Carr,Carr,15.538666788736979,15,6700,SF@LV,LV,SF,,,,,,QB
85186-103342,RB,Kenneth,Kenneth Walker III,Walker III,12.415384145883413,13,6700,NYJ@SEA,SEA,NYJ,Q,Ankle,,,,RB/FLEX
85186-34331,RB,Latavius,Latavius Murray,Murray,10.290908813476562,11,6700,DEN@KC,DEN,KC,,,,,,RB/FLEX
85186-54879,QB,Deshaun,Deshaun Watson,Watson,12.279999732971191,4,6700,CLE@WAS,CLE,WAS,,,,,,QB
85186-28744,RB,Raheem,Raheem Mostert,Mostert,9.042857033865792,14,6600,MIA@NE,MIA,NE,,,,,,RB/FLEX
85186-70051,QB,Tyler,Tyler Huntley,Huntley,10.604999542236328,4,6600,PIT@BAL,BAL,PIT,,,,,,QB
85186-66008,WR,Diontae,Diontae Johnson,Johnson,8.426666768391927,15,6600,PIT@BAL,PIT,BAL,,,,,,WR/FLEX
85186-45631,RB,Jamaal,Jamaal Williams,Williams,11.9,15,6600,CHI@DET,DET,CHI,,,,,,RB/FLEX
85186-38628,QB,Mitch,Mitch Trubisky,Trubisky,11.268571036202568,7,6600,PIT@BAL,PIT,BAL,,,,,,QB
85186-85798,WR,Brandon,Brandon Aiyuk,Aiyuk,10.57999979654948,15,6600,SF@LV,SF,LV,,,,,,WR/FLEX
85186-92020,QB,Kenny,Kenny Pickett,Pickett,12.185453935102982,11,6600,PIT@BAL,PIT,BAL,,,,,,QB
85186-53331,QB,Taylor,Taylor Heinicke,Heinicke,13.551111009385851,9,6500,CLE@WAS,WAS,CLE,,,,,,QB
85186-90575,RB,Najee,Najee Harris,Harris,11.344000244140625,15,6500,PIT@BAL,PIT,BAL,,,,,,RB/FLEX
85186-55830,RB,D'Onta,D'Onta Foreman,Foreman,8.442856924874443,14,6500,CAR@TB,CAR,TB,,,,,,RB/FLEX
85186-70324,QB,Carson,Carson Wentz,Wentz,16.054285321916854,7,6500,CLE@WAS,WAS,CLE,,,,,,QB
85186-91426,WR,Donovan,Donovan Peoples-Jones,Peoples-Jones,8.239999898274739,15,6500,CLE@WAS,CLE,WAS,,,,,,WR/FLEX
85186-22027,QB,Nick,Nick Foles,Foles,2.7200000286102295,1,6500,IND@NYG,IND,NYG,,,,,,QB
85186-87787,RB,J.K.,J.K. Dobbins,Dobbins,9.771428789411273,7,6500,PIT@BAL,BAL,PIT,,,,,,RB/FLEX
85186-90584,QB,Mac,Mac Jones,Jones,12.133333841959635,12,6400,MIA@NE,NE,MIA,,,,,,QB
85186-139985,QB,Bailey,Bailey Zappe,Zappe,10.53499984741211,4,6400,MIA@NE,NE,MIA,,,,,,QB
85186-29501,WR,Brandin,Brandin Cooks,Cooks,8.372727134011008,11,6400,JAC@HOU,HOU,JAC,,,,,,WR/FLEX
85186-103252,RB,Zonovan,Zonovan Knight,Knight,8.980000305175782,5,6400,NYJ@SEA,NYJ,SEA,,,,,,RB/FLEX
85186-56286,QB,Trace,Trace McSorley,McSorley,3.0299999713897705,4,6400,ARI@ATL,ARI,ATL,,,,,,QB
85186-11500,QB,Colt,Colt McCoy,McCoy,8.949999809265137,4,6400,ARI@ATL,ARI,ATL,O,Concussion,,,,QB
85186-87467,RB,Chuba,Chuba Hubbard,Hubbard,5.483333587646484,12,6400,CAR@TB,CAR,TB,,,,,,RB/FLEX
85186-14225,QB,Andy,Andy Dalton,Dalton,13.766666412353516,12,6400,NO@PHI,NO,PHI,,,,,,QB
85186-86278,QB,Desmond,Desmond Ridder,Ridder,8.600000381469727,2,6300,ARI@ATL,ATL,ARI,,,,,,QB
85186-90406,QB,Zach,Zach Wilson,Wilson,11.713333129882812,9,6300,NYJ@SEA,NYJ,SEA,,,,,,QB
85186-63819,WR,Darius,Darius Slayton,Slayton,8.75,12,6300,IND@NYG,NYG,IND,,,,,,WR/FLEX
85186-41305,WR,Zay,Zay Jones,Jones,10.650000435965401,14,6300,JAC@HOU,JAC,HOU,,,,,,WR/FLEX
85186-92575,RB,Isiah,Isiah Pacheco,Pacheco,6.946666463216146,15,6300,DEN@KC,KC,DEN,,,,,,RB/FLEX
85186-6714,QB,Joe,Joe Flacco,Flacco,11.420000076293945,4,6300,NYJ@SEA,NYJ,SEA,,,,,,QB
85186-39716,WR,Adam,Adam Thielen,Thielen,8.97999979654948,15,6300,MIN@GB,MIN,GB,,,,,,WR/FLEX
85186-52436,TE,Mark,Mark Andrews,Andrews,9.964285714285714,14,6300,PIT@BAL,BAL,PIT,,,,,,TE/FLEX
85186-89628,QB,Davis,Davis Mills,Mills,12.509230393629808,13,6300,JAC@HOU,HOU,JAC,,,,,,QB
85186-61157,QB,Brett,Brett Rypien,Rypien,5.505000114440918,4,6300,DEN@KC,DEN,KC,,,,,,QB
85186-38767,QB,Chris,Chris Streveler,Streveler,9,1,6300,NYJ@SEA,NYJ,SEA,,,,,,QB
85186-24849,QB,Jameis,Jameis Winston,Winston,16.306666056315105,3,6200,NO@PHI,NO,PHI,,,,,,QB
85186-92560,QB,Sam,Sam Ehlinger,Ehlinger,7.28000020980835,2,6200,IND@NYG,IND,NYG,,,,,,QB
85186-93055,WR,Isaiah,Isaiah Hodgins,Hodgins,8.6875,8,6200,IND@NYG,NYG,IND,,,,,,WR/FLEX
85186-93134,RB,Deon,Deon Jackson,Jackson,5.45,10,6200,IND@NYG,IND,NYG,,,,,,RB/FLEX
85186-69017,QB,Jordan,Jordan Love,Love,3.8133331934611,3,6200,MIN@GB,GB,MIN,,,,,,QB
85186-56809,WR,Allen,Allen Lazard,Lazard,9.561538696289062,13,6200,MIN@GB,GB,MIN,,,,,,WR/FLEX
85186-30253,QB,Jeff,Jeff Driskel,Driskel,2.88799991607666,5,6200,JAC@HOU,HOU,JAC,,,,,,QB
85186-14377,QB,Tyrod,Tyrod Taylor,Taylor,6.159999847412109,2,6100,IND@NYG,NYG,IND,,,,,,QB
85186-30761,QB,Nathan,Nathan Peterman,Peterman,0,2,6100,CHI@DET,CHI,DET,,,,,,QB
85186-45259,QB,Logan,Logan Woodside,Woodside,-0.15000000596046448,4,6100,ARI@ATL,ATL,ARI,,,,,,QB
85186-86229,WR,Jahan,Jahan Dotson,Dotson,9.919999694824218,10,6100,CLE@WAS,WAS,CLE,,,,,,WR/FLEX
85186-33259,QB,Teddy,Teddy Bridgewater,Bridgewater,7.994999885559082,4,6100,MIA@NE,MIA,NE,,,,,,QB
85186-64051,QB,Drew,Drew Lock,Lock,8.896666844685873,6,6100,NYJ@SEA,SEA,NYJ,,,,,,QB
85186-41562,QB,Nick,Nick Mullens,Mullens,1.0199999809265137,2,6100,MIN@GB,MIN,GB,,,,,,QB
85186-41827,QB,P.J.,P.J. Walker,Walker,7.023333231608073,6,6100,CAR@TB,CAR,TB,,,,,,QB
85186-40167,RB,Gus,Gus Edwards,Edwards,8.214285714285714,7,6100,PIT@BAL,BAL,PIT,,,,,,RB/FLEX
85186-27986,QB,C.J.,C.J. Beathard,Beathard,-0.05333333214124044,3,6100,JAC@HOU,JAC,HOU,,,,,,QB
85186-93539,RB,Michael,Michael Carter,Carter,7.321428571428571,14,6100,NYJ@SEA,NYJ,SEA,,,,,,RB/FLEX
85186-60947,QB,Jarrett,Jarrett Stidham,Stidham,2.880000114440918,1,6100,SF@LV,LV,SF,,,,,,QB
85186-30231,QB,Jacoby,Jacoby Brissett,Brissett,13.416922936072716,13,6100,CLE@WAS,CLE,WAS,,,,,,QB
85186-110246,WR,George,George Pickens,Pickens,8.126666768391926,15,6100,PIT@BAL,PIT,BAL,,,,,,WR/FLEX
85186-8023,QB,Josh,Josh Johnson,Johnson,0.699999988079071,1,6100,SF@LV,SF,LV,,,,,,QB
85186-69597,QB,Anthony,Anthony Brown,Brown,0.14000000059604645,1,6100,PIT@BAL,BAL,PIT,,,,,,QB
85186-71710,QB,Nate,Nate Stanley,Stanley,,,6000,MIN@GB,MIN,GB,,,,,,QB
85186-39034,QB,Kurt,Kurt Benkert,Benkert,-0.10000000149011612,1,6000,SF@LV,SF,LV,,,,,,QB
85186-104576,QB,Sam,Sam Howell,Howell,,,6000,CLE@WAS,WAS,CLE,,,,,,QB
85186-94396,QB,Carson,Carson Strong,Strong,,,6000,ARI@ATL,ARI,ATL,,,,,,QB
85186-149696,QB,Trey,Trey Lance,Lance,6.730000019073486,2,6000,SF@LV,SF,LV,IR,Ankle,,,,QB
85186-69833,QB,Shane,Shane Buechele,Buechele,,,6000,DEN@KC,KC,DEN,,,,,,QB
85186-92362,QB,Levi,Levi Lewis,Lewis,,,6000,NYJ@SEA,SEA,NYJ,,,,,,QB
85186-55552,RB,Jeff,Jeff Wilson Jr.,Wilson Jr.,9.285714285714286,14,6000,MIA@NE,MIA,NE,,,,,,RB/FLEX
85186-170252,QB,Felix,Felix Harper,Harper,,,6000,CLE@WAS,CLE,WAS,,,,,,QB
85186-27050,WR,Tyler,Tyler Lockett,Lockett,12.814285278320312,14,6000,NYJ@SEA,SEA,NYJ,Q,Hand,,,,WR/FLEX
85186-6616,QB,Matt,Matt Ryan,Ryan,14.023333231608072,12,6000,IND@NYG,IND,NYG,,,,,,QB
85186-53729,QB,Mason,Mason Rudolph,Rudolph,9.6899995803833,2,6000,PIT@BAL,PIT,BAL,,,,,,QB
85186-57909,RB,Marlon,Marlon Mack,Mack,5.716666539510091,6,6000,DEN@KC,DEN,KC,,,,,,RB/FLEX
85186-88630,QB,Matt,Matt Corral,Corral,,,6000,CAR@TB,CAR,TB,IR,Foot,,,,QB
85186-94797,QB,Kellen,Kellen Mond,Mond,0.20000000298023224,1,6000,CLE@WAS,CLE,WAS,,,,,,QB
85186-64115,QB,Steven,Steven Montez,Montez,,,6000,CHI@DET,DET,CHI,,,,,,QB
85186-29358,QB,Marcus,Marcus Mariota,Mariota,15.812307504507212,13,6000,ARI@ATL,ATL,ARI,IR,Knee,,,,QB
85186-29445,QB,Sean,Sean Mannion,Mannion,12.960000038146973,1,6000,NYJ@SEA,SEA,NYJ,,,,,,QB
85186-95026,QB,Dustin,Dustin Crum,Crum,,,6000,DEN@KC,KC,DEN,,,,,,QB
85186-33647,QB,Kyle,Kyle Sloter,Sloter,,,6000,JAC@HOU,JAC,HOU,,,,,,QB
85186-39795,QB,Davis,Davis Webb,Webb,-0.30000001192092896,1,6000,IND@NYG,NYG,IND,,,,,,QB
85186-62364,QB,Josh,Josh Rosen,Rosen,-0.41333333651224774,3,6000,MIN@GB,MIN,GB,,,,,,QB
85186-33702,QB,Ryan,Ryan Griffin,Griffin,,,6000,CAR@TB,TB,CAR,,,,,,QB
85186-93103,QB,E.J.,E.J. Perry,Perry,,,6000,JAC@HOU,JAC,HOU,,,,,,QB
85186-64576,RB,Damien,Damien Harris,Harris,7.8111114501953125,9,6000,MIA@NE,NE,MIA,,,,,,RB/FLEX
85186-62566,QB,Travis,Travis Jonsen,Jonsen,,,6000,CAR@TB,TB,CAR,,,,,,QB
85186-64637,QB,Brian,Brian Lewerke,Lewerke,,,6000,IND@NYG,NYG,IND,,,,,,QB
85186-83074,TE,Dallas,Dallas Goedert,Goedert,10.009999847412109,10,6000,NO@PHI,PHI,NO,,,,,,TE/FLEX
85186-27801,QB,Nate,Nate Sudfeld,Sudfeld,-0.10000000149011612,1,6000,CHI@DET,DET,CHI,,,,,,QB
85186-29915,QB,Brett,Brett Hundley,Hundley,,,6000,PIT@BAL,BAL,PIT,,,,,,QB
85186-130269,QB,Reid,Reid Sinnett,Sinnett,,,6000,MIA@NE,MIA,NE,,,,,,QB
85186-54604,QB,Jimmy,Jimmy Garoppolo,Garoppolo,15.343636252663352,11,6000,SF@LV,SF,LV,O,Foot,,,,QB
85186-91468,QB,Chase,Chase Garbers,Garbers,,,6000,SF@LV,LV,SF,,,,,,QB
85186-52606,QB,David,David Blough,Blough,0.6000000238418579,1,6000,ARI@ATL,ARI,ATL,,,,,,QB
85186-32158,QB,Garrett,Garrett Gilbert,Gilbert,7.760000228881836,1,6000,MIA@NE,NE,MIA,,,,,,QB
85186-73118,QB,Ian,Ian Book,Book,4,1,6000,NO@PHI,PHI,NO,,,,,,QB
85186-71077,QB,Cole,Cole Kelley,Kelley,,,6000,CLE@WAS,WAS,CLE,,,,,,QB
85186-91639,QB,Jake,Jake Fromm,Fromm,4.633333206176758,3,6000,CLE@WAS,WAS,CLE,,,,,,QB
85186-40482,QB,Tim,Tim Boyle,Boyle,7.585000038146973,4,6000,CHI@DET,CHI,DET,,,,,,QB
85186-89658,QB,Jack,Jack Coan,Coan,,,6000,IND@NYG,IND,NYG,,,,,,QB
85186-71232,QB,D'Eriq,D'Eriq King,King,,,6000,CAR@TB,CAR,TB,,,,,,QB
85186-71242,QB,Jarrett,Jarrett Guarantano,Guarantano,,,6000,DEN@KC,DEN,KC,,,,,,QB
85186-7844,QB,Chad,Chad Henne,Henne,-0.15000000596046448,2,6000,DEN@KC,KC,DEN,,,,,,QB
85186-69294,QB,Skylar,Skylar Thompson,Thompson,1.3039999961853028,5,6000,MIA@NE,MIA,NE,,,,,,QB
85186-52917,WR,DJ,DJ Chark Jr.,Chark Jr.,8.188888549804688,9,6000,CHI@DET,DET,CHI,,,,,,WR/FLEX
85186-73398,QB,Chris,Chris Oladokun,Oladokun,,,6000,DEN@KC,KC,DEN,,,,,,QB
85186-69304,QB,Kyle,Kyle Trask,Trask,,,6000,CAR@TB,TB,CAR,,,,,,QB
85186-7872,QB,Brian,Brian Hoyer,Hoyer,1.4800000190734863,1,6000,MIA@NE,NE,MIA,IR,Concussion,,,,QB
85186-52929,QB,Jake,Jake Luton,Luton,,,6000,NO@PHI,NO,PHI,,,,,,QB
85186-69333,QB,Jacob,Jacob Eason,Eason,1.3600000143051147,1,6000,SF@LV,SF,LV,,,,,,QB
85186-85741,RB,Clyde,Clyde Edwards-Helaire,Edwards-Helaire,8.980000305175782,10,6000,DEN@KC,KC,DEN,IR,Ankle,,,,RB/FLEX
85186-28434,QB,Trevor,Trevor Siemian,Siemian,5.579999923706055,2,6000,CHI@DET,CHI,DET,IR,Oblique,,,,QB
85186-61276,QB,James,James Morgan,Morgan,,,6000,ARI@ATL,ARI,ATL,,,,,,QB
85186-53095,QB,Kyle,Kyle Allen,Allen,9.970000267028809,2,6000,JAC@HOU,HOU,JAC,,,,,,QB
85186-14194,QB,Blaine,Blaine Gabbert,Gabbert,0.33000000317891437,6,6000,CAR@TB,TB,CAR,,,,,,QB
85186-169852,QB,Davis,Davis Cheek,Cheek,,,6000,CAR@TB,CAR,TB,,,,,,QB
85186-38837,QB,Danny,Danny Etling,Etling,,,6000,MIN@GB,GB,MIN,,,,,,QB
85186-71672,QB,K.J.,K.J. Costello,Costello,,,6000,NO@PHI,NO,PHI,,,,,,QB
85186-63484,QB,Kyler,Kyler Murray,Murray,18.865454933860086,11,6000,ARI@ATL,ARI,ATL,IR,Knee - acl,,,,QB
85186-30733,RB,Cordarrelle,Cordarrelle Patterson,Patterson,10.718181956898082,11,5900,ARI@ATL,ATL,ARI,,,,,,RB/FLEX
85186-94370,WR,Romeo,Romeo Doubs,Doubs,7.009090770374645,11,5900,MIN@GB,GB,MIN,,,,,,WR/FLEX
85186-63855,WR,K.J.,K.J. Osborn,Osborn,6.4,15,5900,MIN@GB,MIN,GB,,,,,,WR/FLEX
85186-55970,RB,Royce,Royce Freeman,Freeman,5.199999809265137,2,5900,JAC@HOU,HOU,JAC,,,,,,RB/FLEX
85186-52613,WR,Curtis,Curtis Samuel,Samuel,9.553333536783855,15,5900,CLE@WAS,WAS,CLE,,,,,,WR/FLEX
85186-52916,WR,Russell,Russell Gage,Gage,7.663636641068892,11,5900,CAR@TB,TB,CAR,,,,,,WR/FLEX
85186-90933,RB,Antonio,Antonio Gibson,Gibson,9.526666259765625,15,5800,CLE@WAS,WAS,CLE,O,Knee,,,,RB/FLEX
85186-41872,TE,Evan,Evan Engram,Engram,8.82000020345052,15,5800,JAC@HOU,JAC,HOU,,,,,,TE/FLEX
85186-56262,WR,Parris,Parris Campbell,Campbell,6.733333333333333,15,5800,IND@NYG,IND,NYG,,,,,,WR/FLEX
85186-38264,WR,Demarcus,Demarcus Robinson,Robinson,5.357142857142857,14,5800,PIT@BAL,BAL,PIT,,,,,,WR/FLEX
85186-86052,WR,Kadarius,Kadarius Toney,Toney,4.399999891008649,7,5700,DEN@KC,KC,DEN,,,,,,WR/FLEX
85186-86244,TE,Pat,Pat Freiermuth,Freiermuth,8.584615267240084,13,5700,PIT@BAL,PIT,BAL,,,,,,TE/FLEX
85186-53498,WR,Richie,Richie James Jr.,James Jr.,6.2071429661342075,14,5700,IND@NYG,NYG,IND,,,,,,WR/FLEX
85186-86312,WR,Alec,Alec Pierce,Pierce,5.935714176722935,14,5700,IND@NYG,IND,NYG,,,,,,WR/FLEX
85186-64808,TE,Juwan,Juwan Johnson,Johnson,7.321428571428571,14,5700,NO@PHI,NO,PHI,,,,,,TE/FLEX
85186-73111,WR,Chase,Chase Claypool,Claypool,6.010769183819111,13,5700,CHI@DET,CHI,DET,Q,Knee,,,,WR/FLEX
85186-112057,RB,Jaylen,Jaylen Warren,Warren,4.442857197352818,14,5700,PIT@BAL,PIT,BAL,,,,,,RB/FLEX
85186-55335,TE,David,David Njoku,Njoku,8.183333079020182,12,5600,CLE@WAS,CLE,WAS,,,,,,TE/FLEX
85186-33047,WR,Chris,Chris Moore,Moore,6.5,13,5600,JAC@HOU,HOU,JAC,,,,,,WR/FLEX
85186-170287,WR,Rashid,Rashid Shaheed,Shaheed,7,10,5600,NO@PHI,NO,PHI,,,,,,WR/FLEX
85186-92545,RB,Keaontay,Keaontay Ingram,Ingram,1.644444465637207,9,5600,ARI@ATL,ARI,ATL,,,,,,RB/FLEX
85186-80289,WR,Kendrick,Kendrick Bourne,Bourne,4.428571428571429,14,5600,MIA@NE,NE,MIA,,,,,,WR/FLEX
85186-25267,WR,Mack,Mack Hollins,Hollins,7.844000244140625,15,5600,SF@LV,LV,SF,,,,,,WR/FLEX
85186-93408,WR,Rondale,Rondale Moore,Moore,8.425000190734863,8,5600,ARI@ATL,ARI,ATL,IR,Groin,,,,WR/FLEX
85186-91578,RB,Zamir,Zamir White,White,0.6599999904632569,10,5600,SF@LV,LV,SF,Q,Ankle,,,,RB/FLEX
85186-85672,WR,Terrace,Terrace Marshall Jr.,Marshall Jr.,5.745454614812678,11,5600,CAR@TB,CAR,TB,,,,,,WR/FLEX
85186-61593,WR,Jauan,Jauan Jennings,Jennings,4.142857142857143,14,5500,SF@LV,SF,LV,,,,,,WR/FLEX
85186-45229,RB,Kareem,Kareem Hunt,Hunt,6.9733332316080725,15,5500,CLE@WAS,CLE,WAS,,,,,,RB/FLEX
85186-45439,WR,Corey,Corey Davis,Davis,6.672727411443537,11,5500,NYJ@SEA,NYJ,SEA,,,,,,WR/FLEX
85186-25011,TE,Darren,Darren Waller,Waller,8.59999974568685,6,5500,SF@LV,LV,SF,,,,,,TE/FLEX
85186-33260,WR,DeVante,DeVante Parker,Parker,5.863636363636363,11,5500,MIA@NE,NE,MIA,O,Concussion,,,,WR/FLEX
85186-72412,RB,Khalil,Khalil Herbert,Herbert,9.527273004705256,11,5500,CHI@DET,CHI,DET,,,,,,RB/FLEX
85186-130288,RB,James,James Robinson,Robinson,7.55454531582919,11,5500,NYJ@SEA,NYJ,SEA,,,,,,RB/FLEX
85186-71352,WR,Mecole,Mecole Hardman,Hardman,10.162500381469727,8,5500,DEN@KC,KC,DEN,IR,Abdomen,,,,WR/FLEX
85186-40647,WR,Marquez,Marquez Valdes-Scantling,Valdes-Scantling,6.226666768391927,15,5500,DEN@KC,KC,DEN,,,,,,WR/FLEX
85186-57986,WR,Hunter,Hunter Renfrow,Renfrow,5.224999904632568,8,5400,SF@LV,LV,SF,,,,,,WR/FLEX
85186-31394,WR,Jarvis,Jarvis Landry,Landry,5.3000000847710504,9,5400,NO@PHI,NO,PHI,IR,Ankle,,,,WR/FLEX
85186-86780,RB,Salvon,Salvon Ahmed,Ahmed,2.924999952316284,4,5400,MIA@NE,MIA,NE,,,,,,RB/FLEX
85186-90912,RB,Kenneth,Kenneth Gainwell,Gainwell,4.6,15,5400,NO@PHI,PHI,NO,,,,,,RB/FLEX
85186-64496,WR,Olamide,Olamide Zaccheaus,Zaccheaus,5.220000203450521,15,5400,ARI@ATL,ATL,ARI,,,,,,WR/FLEX
85186-32243,WR,Marquise,Marquise Goodwin,Goodwin,6.391666412353516,12,5400,NYJ@SEA,SEA,NYJ,IR,Shoulder,,,,WR/FLEX
85186-69295,WR,Byron,Byron Pringle,Pringle,4.916666666666667,6,5400,CHI@DET,CHI,DET,,,,,,WR/FLEX
85186-91931,TE,Greg,Greg Dulcich,Dulcich,6.959999847412109,10,5400,DEN@KC,DEN,KC,IR,Hamstring,,,,TE/FLEX
85186-53097,WR,Josh,Josh Reynolds,Reynolds,8.180000305175781,10,5400,CHI@DET,DET,CHI,,,,,,WR/FLEX
85186-55165,RB,Justin,Justin Jackson,Jackson,3.3307691720815806,13,5400,CHI@DET,DET,CHI,Q,Hip,,,,RB/FLEX
85186-14257,WR,Randall,Randall Cobb,Cobb,5.418181679465554,11,5400,MIN@GB,GB,MIN,,,,,,WR/FLEX
85186-28827,RB,Dare,Dare Ogunbowale,Ogunbowale,3.211111068725586,9,5300,JAC@HOU,HOU,JAC,Q,Knee,,,,RB/FLEX
85186-88575,WR,Elijah,Elijah Moore,Moore,5.433333079020183,12,5300,NYJ@SEA,NYJ,SEA,,,,,,WR/FLEX
85186-27229,RB,Ameer,Ameer Abdullah,Abdullah,2.673333231608073,15,5300,SF@LV,LV,SF,,,,,,RB/FLEX
85186-62055,WR,Ray-Ray,Ray-Ray McCloud III,McCloud III,3.093333435058594,15,5300,SF@LV,SF,LV,,,,,,WR/FLEX
85186-91047,TE,Cole,Cole Kmet,Kmet,6.593333435058594,15,5300,CHI@DET,CHI,DET,,,,,,TE/FLEX
85186-62994,WR,Steven,Steven Sims Jr.,Sims Jr.,1.7899999618530273,10,5300,PIT@BAL,PIT,BAL,,,,,,WR/FLEX
85186-14190,WR,Julio,Julio Jones,Jones,6.177777608235677,9,5300,CAR@TB,TB,CAR,Q,Knee,,,,WR/FLEX
85186-69558,WR,Greg,Greg Dortch,Dortch,5.507142748151507,14,5300,ARI@ATL,ARI,ATL,,,,,,WR/FLEX
85186-71705,TE,Noah,Noah Fant,Fant,5.906666564941406,15,5200,NYJ@SEA,SEA,NYJ,,,,,,TE/FLEX
85186-86875,RB,Jordan,Jordan Mason,Mason,3.616666793823242,6,5200,SF@LV,SF,LV,,,,,,RB/FLEX
85186-89220,WR,Tyquan,Tyquan Thornton,Thornton,4,10,5200,MIA@NE,NE,MIA,Q,Knee,,,,WR/FLEX
85186-25813,WR,Phillip,Phillip Dorsett II,Dorsett II,2.9846153259277344,13,5200,JAC@HOU,HOU,JAC,,,,,,WR/FLEX
85186-56698,WR,Dante,Dante Pettis,Pettis,4.061538402850811,13,5200,CHI@DET,CHI,DET,Q,Ankle,,,,WR/FLEX
85186-22103,WR,Marvin,Marvin Jones Jr.,Jones Jr.,5.778571537562779,14,5200,JAC@HOU,JAC,HOU,,,,,,WR/FLEX
85186-63078,RB,Ke'Shawn,Ke'Shawn Vaughn,Vaughn,1.0750000476837158,4,5200,CAR@TB,TB,CAR,,,,,,RB/FLEX
85186-87859,WR,Laviska,Laviska Shenault Jr.,Shenault Jr.,4.98181811246005,11,5200,CAR@TB,CAR,TB,,,,,,WR/FLEX
85186-40758,RB,Corey,Corey Clement,Clement,1.9500000476837158,2,5200,ARI@ATL,ARI,ATL,,,,,,RB/FLEX
85186-53303,RB,Matt,Matt Breida,Breida,2.3399998982747396,15,5100,IND@NYG,NYG,IND,,,,,,RB/FLEX
85186-65724,RB,JaMycal,JaMycal Hasty,Hasty,3.741666793823242,12,5100,JAC@HOU,JAC,HOU,,,,,,RB/FLEX
85186-80353,TE,Robert,Robert Tonyan,Tonyan,4.560000101725261,15,5100,MIN@GB,GB,MIN,,,,,,TE/FLEX
85186-102893,RB,Tyrion,Tyrion Davis-Price,Davis-Price,2.2333332697550454,3,5100,SF@LV,SF,LV,,,,,,RB/FLEX
85186-160306,RB,Pierre,Pierre Strong Jr.,Strong Jr.,4.740000152587891,5,5100,MIA@NE,NE,MIA,,,,,,RB/FLEX
85186-6739,WR,DeSean,DeSean Jackson,Jackson,3.066666603088379,6,5100,PIT@BAL,BAL,PIT,,,,,,WR/FLEX
85186-56059,WR,Trent,Trent Sherfield,Sherfield,4.313333129882812,15,5100,MIA@NE,MIA,NE,,,,,,WR/FLEX
85186-70422,WR,Kalif,Kalif Raymond,Raymond,5.2133331298828125,15,5100,CHI@DET,DET,CHI,,,,,,WR/FLEX
85186-41806,WR,Laquon,Laquon Treadwell,Treadwell,2.3499999046325684,2,5100,NYJ@SEA,SEA,NYJ,,,,,,WR/FLEX
85186-29683,WR,Nelson,Nelson Agholor,Agholor,4.975000063578288,12,5100,MIA@NE,NE,MIA,,,,,,WR/FLEX
85186-72776,RB,Alexander,Alexander Mattison,Mattison,3.826666768391927,15,5100,MIN@GB,MIN,GB,,,,,,RB/FLEX
85186-112062,WR,Skyy,Skyy Moore,Moore,1.8400000254313151,15,5100,DEN@KC,KC,DEN,,,,,,WR/FLEX
85186-61060,RB,Devine,Devine Ozigbo,Ozigbo,0.40000001589457196,3,5100,DEN@KC,DEN,KC,,,,,,RB/FLEX
85186-26355,TE,Logan,Logan Thomas,Thomas,4.236363497647372,11,5100,CLE@WAS,WAS,CLE,,,,,,TE/FLEX
85186-94087,RB,DeeJay,DeeJay Dallas,Dallas,1.869230710543119,13,5100,NYJ@SEA,SEA,NYJ,,,,,,RB/FLEX
85186-30678,WR,Damiere,Damiere Byrd,Byrd,4.30999984741211,10,5100,ARI@ATL,ATL,ARI,,,,,,WR/FLEX
85186-24641,WR,Sammy,Sammy Watkins,Watkins,3.950000047683716,8,5000,PIT@BAL,BAL,PIT,,,,,,WR/FLEX
85186-79979,WR,Jamal,Jamal Agnew,Agnew,4.400000058687651,13,5000,JAC@HOU,JAC,HOU,,,,,,WR/FLEX
85186-92413,RB,Elijah,Elijah Mitchell,Mitchell,6.150000095367432,4,5000,SF@LV,SF,LV,IR,Knee - mcl,,,,RB/FLEX
85186-12549,D,San Francisco,San Francisco 49ers,49ers,9.666666666666666,15,5000,SF@LV,SF,LV,,,,,,DEF
85186-30989,RB,Kenyan,Kenyan Drake,Drake,7.336363358931108,11,5000,PIT@BAL,BAL,PIT,,,,,,RB/FLEX
85186-102762,RB,Kevin,Kevin Harris,Harris,2.2399999618530275,5,5000,MIA@NE,NE,MIA,,,,,,RB/FLEX
85186-22898,RB,Brandon,Brandon Bolden,Bolden,2.8000000544956754,7,5000,SF@LV,LV,SF,,,,,,RB/FLEX
85186-27338,RB,Rex,Rex Burkhead,Burkhead,4.292307633620042,13,5000,JAC@HOU,HOU,JAC,,,,,,RB/FLEX
85186-72453,WR,Denzel,Denzel Mims,Mims,3.012500047683716,8,5000,NYJ@SEA,NYJ,SEA,,,,,,WR/FLEX
85186-86811,TE,Cade,Cade Otton,Otton,5.700000127156575,12,5000,CAR@TB,TB,CAR,,,,,,TE/FLEX
85186-27441,RB,Damien,Damien Williams,Williams,0.20000000298023224,1,5000,ARI@ATL,ATL,ARI,,,,,,RB/FLEX
85186-72627,RB,Patrick,Patrick Taylor,Taylor,1.433333396911621,3,5000,MIN@GB,GB,MIN,,,,,,RB/FLEX
85186-54244,WR,Kenny,Kenny Golladay,Golladay,1.4199999809265136,5,5000,IND@NYG,NYG,IND,,,,,,WR/FLEX
85186-70661,WR,Velus,Velus Jones Jr.,Jones Jr.,1.7444444232516818,9,5000,CHI@DET,CHI,DET,,,,,,WR/FLEX
85186-62497,RB,David,David Johnson,Johnson,1.099999984105428,3,5000,NO@PHI,NO,PHI,,,,,,RB/FLEX
85186-70889,RB,Benny,Benny Snell Jr.,Snell Jr.,2.9500001271565757,6,5000,PIT@BAL,PIT,BAL,,,,,,RB/FLEX
85186-71032,WR,Devin,Devin Duvernay,Duvernay,6.971428462437221,14,5000,PIT@BAL,BAL,PIT,IR,Foot,,,,WR/FLEX
85186-104012,WR,Ashton,Ashton Dulin,Dulin,5,7,5000,IND@NYG,IND,NYG,O,Concussion,,,,WR/FLEX
85186-61042,WR,Kendall,Kendall Hinton,Hinton,4.44000015258789,10,5000,DEN@KC,DEN,KC,Q,Hamstring,,,,WR/FLEX
85186-52897,RB,Darrel,Darrel Williams,Williams,3.8200000762939452,5,5000,ARI@ATL,ARI,ATL,IR,Hip,,,,RB/FLEX
85186-14187,WR,A.J.,A.J. Green,Green,2.7545453851873223,11,5000,ARI@ATL,ARI,ATL,,,,,,WR/FLEX
85186-69581,WR,Cedrick,Cedrick Wilson Jr.,Wilson Jr.,1.8545454198663884,11,5000,MIA@NE,MIA,NE,,,,,,WR/FLEX
85186-73687,WR,Quez,Quez Watkins,Watkins,4.373333231608073,15,5000,NO@PHI,PHI,NO,,,,,,WR/FLEX
85186-79998,WR,Keelan,Keelan Cole,Cole,2.410000038146973,10,4900,SF@LV,LV,SF,,,,,,WR/FLEX
85186-86192,WR,KJ,KJ Hamler,Hamler,3.7166665395100913,6,4900,DEN@KC,DEN,KC,IR,Hamstring,,,,WR/FLEX
85186-88277,RB,Anthony,Anthony McFarland Jr.,McFarland Jr.,5.099999904632568,1,4900,PIT@BAL,PIT,BAL,,,,,,RB/FLEX
85186-92590,RB,Raheem,Raheem Blackshear,Blackshear,3.409090909090909,11,4900,CAR@TB,CAR,TB,,,,,,RB/FLEX
85186-25290,RB,Giovani,Giovani Bernard,Bernard,0,2,4900,CAR@TB,TB,CAR,,,,,,RB/FLEX
85186-60451,TE,Tyler,Tyler Conklin,Conklin,5.946666463216146,15,4900,NYJ@SEA,NYJ,SEA,,,,,,TE/FLEX
85186-29734,RB,Ty,Ty Montgomery,Montgomery,8.800000190734863,1,4900,MIA@NE,NE,MIA,IR,Shoulder,,,,RB/FLEX
85186-64841,WR,Equanimeous,Equanimeous St. Brown,St. Brown,3.6000001089913503,14,4900,CHI@DET,CHI,DET,,,,,,WR/FLEX
85186-60930,RB,Myles,Myles Gaskin,Gaskin,3.700000047683716,2,4900,MIA@NE,MIA,NE,IR,Illness,,,,RB/FLEX
85186-114180,WR,David,David Bell,Bell,2.5692308866060696,13,4900,CLE@WAS,CLE,WAS,,,,,,WR/FLEX
85186-91677,WR,Shi,Shi Smith,Smith,2.5428570338657925,14,4900,CAR@TB,CAR,TB,,,,,,WR/FLEX
85186-63050,RB,Ty,Ty Johnson,Johnson,2.7100000381469727,10,4900,NYJ@SEA,NYJ,SEA,,,,,,RB/FLEX
85186-26251,WR,Robbie,Robbie Anderson,Anderson,3.672727411443537,11,4900,ARI@ATL,ARI,ATL,,,,,,WR/FLEX
85186-71444,RB,Travis,Travis Homer,Homer,4.387499809265137,8,4900,NYJ@SEA,SEA,NYJ,Q,Ankle,,,,RB/FLEX
85186-89970,WR,Amari,Amari Rodgers,Rodgers,1.9076922490046575,13,4900,JAC@HOU,HOU,JAC,,,,,,WR/FLEX
85186-63447,WR,Penny,Penny Hart,Hart,1.1666666666666667,3,4900,NYJ@SEA,SEA,NYJ,,,,,,WR/FLEX
85186-57338,TE,Jordan,Jordan Akins,Akins,5.399999765249399,13,4900,JAC@HOU,HOU,JAC,,,,,,TE/FLEX
85186-92166,WR,Marcus,Marcus Jones,Jones,1.6769230182354267,13,4800,MIA@NE,NE,MIA,O,Concussion,,,,WR/FLEX
85186-63591,RB,Ronald,Ronald Jones II,Jones II,1.6333333651224773,3,4800,DEN@KC,KC,DEN,,,,,,RB/FLEX
85186-104577,WR,Gunner,Gunner Olszewski,Olszewski,0.7909090735695579,11,4800,PIT@BAL,PIT,BAL,,,,,,WR/FLEX
85186-12550,D,Seattle,Seattle Seahawks,Seahawks,6.133333333333334,15,4800,NYJ@SEA,SEA,NYJ,,,,,,DEF
85186-43334,RB,J.D.,J.D. McKissic,McKissic,5.287499904632568,8,4800,CLE@WAS,WAS,CLE,IR,Neck,,,,RB/FLEX
85186-149832,TE,Shane,Shane Zylstra,Zylstra,5.716666539510091,6,4800,CHI@DET,DET,CHI,,,,,,TE/FLEX
85186-43433,RB,Boston,Boston Scott,Scott,2.4384615971491885,13,4800,NO@PHI,PHI,NO,,,,,,RB/FLEX
85186-111631,WR,Jameson,Jameson Williams,Williams,2.6500000953674316,4,4800,CHI@DET,DET,CHI,,,,,,WR/FLEX
85186-152631,WR,Samori,Samori Toure,Toure,4.175000190734863,4,4800,MIN@GB,GB,MIN,,,,,,WR/FLEX
85186-72772,RB,Avery,Avery Williams,Williams,1.7199999491373699,15,4800,ARI@ATL,ATL,ARI,,,,,,RB/FLEX
85186-52495,WR,Braxton,Braxton Berrios,Berrios,3.0519999186197917,15,4800,NYJ@SEA,NYJ,SEA,,,,,,WR/FLEX
85186-85306,WR,KhaDarel,KhaDarel Hodge,Hodge,4.212500095367432,8,4800,ARI@ATL,ATL,ARI,,,,,,WR/FLEX
85186-71241,WR,Brandon,Brandon Johnson,Johnson,3.299999952316284,4,4800,DEN@KC,DEN,KC,,,,,,WR/FLEX
85186-91750,TE,Trey,Trey McBride,McBride,3.012500047683716,8,4800,ARI@ATL,ARI,ATL,,,,,,TE/FLEX
85186-71521,RB,Justice,Justice Hill,Hill,2.507692190317007,13,4800,PIT@BAL,BAL,PIT,,,,,,RB/FLEX
85186-40845,TE,Hunter,Hunter Henry,Henry,4.892857142857143,14,4800,MIA@NE,NE,MIA,Q,Knee,,,,TE/FLEX
85186-57342,WR,Tre'Quan,Tre'Quan Smith,Smith,5.275000095367432,8,4800,NO@PHI,NO,PHI,,,,,,WR/FLEX
85186-61555,WR,David,David Sills V,Sills V,2.3000000544956754,7,4700,IND@NYG,NYG,IND,,,,,,WR/FLEX
85186-69752,WR,Jalen,Jalen Virgil,Virgil,3.125,4,4700,DEN@KC,DEN,KC,,,,,,WR/FLEX
85186-53390,WR,Zach,Zach Pascal,Pascal,2.375,12,4700,NO@PHI,PHI,NO,,,,,,WR/FLEX
85186-90307,TE,Daniel,Daniel Bellinger,Bellinger,5.429999923706054,10,4700,IND@NYG,NYG,IND,,,,,,TE/FLEX
85186-28900,RB,Melvin,Melvin Gordon III,Gordon III,7.459999847412109,10,4700,DEN@KC,KC,DEN,,,,,,RB/FLEX
85186-12543,D,New York,New York Giants,Giants,5.933333333333334,15,4700,IND@NYG,NYG,IND,,,,,,DEF
85186-102729,RB,Snoop,Snoop Conner,Conner,0.625,4,4700,JAC@HOU,JAC,HOU,,,,,,RB/FLEX
85186-94625,WR,Jalen,Jalen Reagor,Reagor,1.3133333841959636,15,4700,MIN@GB,MIN,GB,,,,,,WR/FLEX
85186-41426,RB,Phillip,Phillip Lindsay,Lindsay,3.933333396911621,3,4700,IND@NYG,IND,NYG,,,,,,RB/FLEX
85186-72182,WR,Dee,Dee Eskridge,Eskridge,1.144444465637207,9,4700,NYJ@SEA,SEA,NYJ,IR,Hand,,,,WR/FLEX
85186-64242,WR,Keke,Keke Coutee,Coutee,0.08333333333333333,6,4700,IND@NYG,IND,NYG,,,,,,WR/FLEX
85186-64350,WR,Jeff,Jeff Smith,Smith,2.4857142312186107,7,4700,NYJ@SEA,NYJ,SEA,IR,Knee,,,,WR/FLEX
85186-56265,TE,Mike,Mike Gesicki,Gesicki,4.4533335367838545,15,4700,MIA@NE,MIA,NE,,,,,,TE/FLEX
85186-41997,WR,River,River Cracraft,Cracraft,3.671428680419922,7,4700,MIA@NE,MIA,NE,Q,Calf,,,,WR/FLEX
85186-83083,WR,Justin,Justin Watson,Watson,2.7066665649414063,15,4700,DEN@KC,KC,DEN,,,,,,WR/FLEX
85186-56580,WR,Christian,Christian Blake,Blake,0.6428571428571429,7,4700,PIT@BAL,PIT,BAL,,,,,,WR/FLEX
85186-60712,TE,Foster,Foster Moreau,Moreau,5.016666730244954,12,4700,SF@LV,LV,SF,,,,,,TE/FLEX
85186-93538,WR,Dyami,Dyami Brown,Brown,4.328571319580078,7,4700,CLE@WAS,WAS,CLE,,,,,,WR/FLEX
85186-87469,TE,Jelani,Jelani Woods,Woods,5.69000015258789,10,4700,IND@NYG,IND,NYG,,,,,,TE/FLEX
85186-69168,WR,N'Keal,N'Keal Harry,Harry,4.449999809265137,4,4700,CHI@DET,CHI,DET,,,,,,WR/FLEX
85186-71246,WR,Marquez,Marquez Callaway,Callaway,3.3111110263400607,9,4700,NO@PHI,NO,PHI,,,,,,WR/FLEX
85186-136970,WR,Danny,Danny Gray,Gray,0.375,4,4700,SF@LV,SF,LV,,,,,,WR/FLEX
85186-61273,WR,Scotty,Scotty Miller,Miller,2.95,10,4700,CAR@TB,TB,CAR,,,,,,WR/FLEX
85186-89997,WR,Michael,Michael Woods II,Woods II,0.9,5,4700,CLE@WAS,CLE,WAS,,,,,,WR/FLEX
85186-88109,RB,Gary,Gary Brightwell,Brightwell,1.4461537874661958,13,4600,IND@NYG,NYG,IND,,,,,,RB/FLEX
85186-32957,TE,Eric,Eric Tomlinson,Tomlinson,2.5142857687813893,7,4600,DEN@KC,DEN,KC,,,,,,TE/FLEX
85186-57543,RB,D'Ernest,D'Ernest Johnson,Johnson,0.9750000238418579,4,4600,CLE@WAS,CLE,WAS,,,,,,RB/FLEX
85186-149710,WR,Mike,Mike Strachan,Strachan,1.850000023841858,4,4600,IND@NYG,IND,NYG,,,,,,WR/FLEX
85186-63717,RB,Alec,Alec Ingold,Ingold,2.7999999306418677,11,4600,MIA@NE,MIA,NE,Q,Thumb,,,,RB/FLEX
85186-12555,D,Baltimore,Baltimore Ravens,Ravens,8.466666666666667,15,4600,PIT@BAL,BAL,PIT,,,,,,DEF
85186-55694,WR,Mike,Mike Thomas,Thomas,1.7000000476837158,4,4600,PIT@BAL,BAL,PIT,,,,,,WR/FLEX
85186-31184,RB,Jonathan,Jonathan Williams,Williams,2.133333365122477,6,4600,CLE@WAS,WAS,CLE,,,,,,RB/FLEX
85186-39428,RB,Kyle,Kyle Juszczyk,Juszczyk,3.618181748823686,11,4600,SF@LV,SF,LV,,,,,,RB/FLEX
85186-70157,RB,Darrell,Darrell Henderson Jr.,Henderson Jr.,6.5,10,4600,JAC@HOU,JAC,HOU,,,,,,RB/FLEX
85186-88607,WR,Braylon,Braylon Sanders,Sanders,0.3499999940395355,2,4600,MIA@NE,MIA,NE,,,,,,WR/FLEX
85186-70282,WR,Demetric,Demetric Felton,Felton,0.27999999523162844,5,4600,CLE@WAS,CLE,WAS,,,,,,WR/FLEX
85186-72370,RB,J.J.,J.J. Taylor,Taylor,2.200000047683716,1,4600,MIA@NE,NE,MIA,,,,,,RB/FLEX
85186-92859,WR,Jalen,Jalen Nailor,Nailor,1.2666666507720947,3,4600,MIN@GB,MIN,GB,,,,,,WR/FLEX
85186-70383,RB,Darrynton,Darrynton Evans,Evans,3.3999999364217124,3,4600,CHI@DET,CHI,DET,,,,,,RB/FLEX
85186-158520,WR,Daylen,Daylen Baldwin,Baldwin,3.5,1,4600,CLE@WAS,CLE,WAS,,,,,,WR/FLEX
85186-56142,WR,Juwann,Juwann Winfree,Winfree,0.7333333492279053,3,4600,MIN@GB,GB,MIN,,,,,,WR/FLEX
85186-64339,WR,Auden,Auden Tate,Tate,2.8499999046325684,4,4600,NO@PHI,PHI,NO,,,,,,WR/FLEX
85186-70501,RB,C.J.,C.J. Ham,Ham,2.450000047683716,8,4600,MIN@GB,MIN,GB,,,,,,RB/FLEX
85186-41867,RB,Jordan,Jordan Wilkins,Wilkins,2.3333333333333335,3,4600,IND@NYG,IND,NYG,,,,,,RB/FLEX
85186-45997,WR,Keith,Keith Kirkwood,Kirkwood,0.9333333174387614,3,4600,NO@PHI,NO,PHI,,,,,,WR/FLEX
85186-48116,TE,Jonnu,Jonnu Smith,Smith,3.2083333333333335,12,4600,MIA@NE,NE,MIA,O,Concussion,,,,TE/FLEX
85186-70680,WR,Jalen,Jalen Camp,Camp,1.2000000476837158,1,4600,JAC@HOU,HOU,JAC,O,Oblique,,,,WR/FLEX
85186-62505,TE,MyCole,MyCole Pruitt,Pruitt,3.6500000953674316,8,4600,ARI@ATL,ATL,ARI,,,,,,TE/FLEX
85186-89209,RB,Trestan,Trestan Ebner,Ebner,0.5777777565850152,9,4600,CHI@DET,CHI,DET,,,,,,RB/FLEX
85186-42142,RB,Jordan,Jordan Howard,Howard,0.10000000149011612,1,4600,NO@PHI,NO,PHI,,,,,,RB/FLEX
85186-54472,WR,Cam,Cam Sims,Sims,1.0800000190734864,10,4600,CLE@WAS,WAS,CLE,,,,,,WR/FLEX
85186-29949,WR,Marvin,Marvin Hall,Hall,1.5,1,4600,JAC@HOU,JAC,HOU,,,,,,WR/FLEX
85186-64827,WR,Miles,Miles Boykin,Boykin,0.6999999682108561,3,4600,PIT@BAL,PIT,BAL,,,,,,WR/FLEX
85186-89437,WR,Tim,Tim Jones,Jones,1.125,4,4600,JAC@HOU,JAC,HOU,,,,,,WR/FLEX
85186-71031,WR,Lil'Jordan,Lil'Jordan Humphrey,Humphrey,1,3,4600,MIA@NE,NE,MIA,,,,,,WR/FLEX
85186-56708,TE,Will,Will Dissly,Dissly,4.66000010172526,15,4600,NYJ@SEA,SEA,NYJ,IR,Knee,,,,TE/FLEX
85186-44449,WR,Willie,Willie Snead IV,Snead IV,0.8285714558192662,7,4600,SF@LV,SF,LV,,,,,,WR/FLEX
85186-60838,WR,Andre,Andre Baccellia,Baccellia,1.8999999364217122,3,4600,ARI@ATL,ARI,ATL,,,,,,WR/FLEX
85186-103896,WR,Nsimba,Nsimba Webster,Webster,2.4000000953674316,1,4600,CHI@DET,CHI,DET,,,,,,WR/FLEX
85186-71143,TE,Kylen,Kylen Granson,Granson,3.5153846740722656,13,4600,IND@NYG,IND,NYG,O,Ankle,,,,TE/FLEX
85186-32235,WR,Marcus,Marcus Johnson,Johnson,2.325000047683716,4,4600,IND@NYG,NYG,IND,,,,,,WR/FLEX
85186-60910,WR,Dede,Dede Westbrook,Westbrook,0.9833333492279053,12,4600,MIN@GB,GB,MIN,,,,,,WR/FLEX
85186-34295,WR,Breshad,Breshad Perriman,Perriman,2.4857142312186107,7,4600,CAR@TB,TB,CAR,,,,,,WR/FLEX
85186-54782,TE,Cameron,Cameron Brate,Brate,3.0444444020589194,9,4600,CAR@TB,TB,CAR,,,,,,TE/FLEX
85186-73247,RB,Kene,Kene Nwangwu,Nwangwu,0.7099999904632568,10,4600,MIN@GB,MIN,GB,,,,,,RB/FLEX
85186-95854,WR,Montrell,Montrell Washington,Washington,0.21333333651224773,15,4600,DEN@KC,DEN,KC,,,,,,WR/FLEX
85186-38514,WR,Kevin,Kevin White,White,2.0999999046325684,4,4600,NO@PHI,NO,PHI,Q,Illness,,,,WR/FLEX
85186-69276,WR,Bryan,Bryan Edwards,Edwards,0.75,4,4600,DEN@KC,KC,DEN,,,,,,WR/FLEX
85186-69303,WR,Freddie,Freddie Swain,Swain,1.5,2,4600,DEN@KC,DEN,KC,,,,,,WR/FLEX
85186-89785,RB,Spencer,Spencer Brown,Brown,3.1500000953674316,2,4600,CAR@TB,CAR,TB,,,,,,RB/FLEX
85186-63186,WR,James,James Proche II,Proche II,1.3142856870378767,7,4600,PIT@BAL,BAL,PIT,,,,,,WR/FLEX
85186-85762,RB,Eno,Eno Benjamin,Benjamin,6.763636502352628,11,4600,NO@PHI,NO,PHI,,,,,,RB/FLEX
85186-69383,WR,Dezmon,Dezmon Patmon,Patmon,3.4000000953674316,1,4600,IND@NYG,IND,NYG,,,,,,WR/FLEX
85186-40726,RB,Godwin,Godwin Igwebuike,Igwebuike,0,3,4600,NYJ@SEA,SEA,NYJ,,,,,,RB/FLEX
85186-34729,RB,Dwayne,Dwayne Washington,Washington,1,5,4600,NO@PHI,NO,PHI,O,Illness,,,,RB/FLEX
85186-63419,WR,Andy,Andy Isabella,Isabella,1.5499999523162842,2,4600,PIT@BAL,BAL,PIT,,,,,,WR/FLEX
85186-104388,WR,Tom,Tom Kennedy,Kennedy,3.0166667302449546,6,4600,CHI@DET,DET,CHI,,,,,,WR/FLEX
85186-104424,RB,Craig,Craig Reynolds,Reynolds,4.383333206176758,6,4600,CHI@DET,DET,CHI,,,,,,RB/FLEX
85186-71662,WR,DJ,DJ Turner,Turner,0.8666666348775228,3,4600,SF@LV,LV,SF,,,,,,WR/FLEX
85186-169990,WR,Cyrus,Cyrus Holder,Holder,,,4500,CHI@DET,CHI,DET,,,,,,WR/FLEX
85186-169991,WR,Landon,Landon Lenoir,Lenoir,,,4500,CHI@DET,CHI,DET,,,,,,WR/FLEX
85186-169989,WR,Henry,Henry Litwin,Litwin,,,4500,CHI@DET,CHI,DET,,,,,,WR/FLEX
85186-170000,WR,Shemar,Shemar Bridges,Bridges,,,4500,PIT@BAL,BAL,PIT,,,,,,WR/FLEX
85186-55323,RB,Jaylen,Jaylen Samuels,Samuels,1.2666666507720947,3,4500,ARI@ATL,ARI,ATL,,,,,,RB/FLEX
85186-86055,RB,Dameon,Dameon Pierce,Pierce,11.646153376652645,13,4500,JAC@HOU,HOU,JAC,IR,Ankle,,,,RB/FLEX
85186-133163,WR,Ra'Shaun,Ra'Shaun Henry,Henry,,,4500,ARI@ATL,ATL,ARI,,,,,,WR/FLEX
85186-79920,WR,Cyril,Cyril Grayson Jr.,Grayson Jr.,13.199999491373697,3,4500,CLE@WAS,CLE,WAS,,,,,,WR/FLEX
85186-63550,WR,Isaiah,Isaiah Zuber,Zuber,,,4500,SF@LV,LV,SF,,,,,,WR/FLEX
85186-94277,WR,Thomas,Thomas Hennigan,Hennigan,,,4500,MIN@GB,MIN,GB,IR,Undisclosed,,,,WR/FLEX
85186-71756,WR,Aaron,Aaron Fuller,Fuller,,,4500,NYJ@SEA,SEA,NYJ,,,,,,WR/FLEX
85186-41042,WR,Marcell,Marcell Ateman,Ateman,,,4500,ARI@ATL,ARI,ATL,,,,,,WR/FLEX
85186-57432,WR,Cameron,Cameron Batson,Batson,2.5,4,4500,ARI@ATL,ATL,ARI,,,,,,WR/FLEX
85186-63576,WR,Kirk,Kirk Merritt,Merritt,1.7999999523162842,1,4500,NO@PHI,NO,PHI,,,,,,WR/FLEX
85186-65627,WR,Maurice,Maurice Alexander,Alexander,0.40000001589457196,3,4500,CHI@DET,DET,CHI,Q,Ankle,,,,WR/FLEX
85186-86113,WR,Ihmir,Ihmir Smith-Marsette,Smith-Marsette,-0.02500000037252903,4,4500,DEN@KC,KC,DEN,,,,,,WR/FLEX
85186-79982,RB,Alex,Alex Armah,Armah,1.4499999682108562,6,4500,CLE@WAS,WAS,CLE,,,,,,RB/FLEX
85186-79987,WR,David,David Moore,Moore,0,2,4500,CHI@DET,CHI,DET,Q,Lower leg,,,,WR/FLEX
85186-30837,WR,Jordan,Jordan Matthews,Matthews,,,4500,SF@LV,SF,LV,IR,Knee - acl,,,,WR/FLEX
85186-55414,WR,Cody,Cody Thompson,Thompson,,,4500,NYJ@SEA,SEA,NYJ,IR,Shoulder,,,,WR/FLEX
85186-84101,WR,Vyncint,Vyncint Smith,Smith,0,1,4500,IND@NYG,IND,NYG,,,,,,WR/FLEX
85186-69769,RB,Darius,Darius Bradwell,Bradwell,0,1,4500,CAR@TB,CAR,TB,,,,,,RB/FLEX
85186-69777,WR,Darnell,Darnell Mooney,Mooney,7.409090909090909,11,4500,CHI@DET,CHI,DET,IR,Ankle,,,,WR/FLEX
85186-112790,WR,Trevon,Trevon Clark,Clark,,,4500,PIT@BAL,BAL,PIT,,,,,,WR/FLEX
85186-86173,RB,Mekhi,Mekhi Sargent,Sargent,0.2750000059604645,4,4500,JAC@HOU,JAC,HOU,,,,,,RB/FLEX
85186-84137,WR,Deontez,Deontez Alexander,Alexander,,,4500,NYJ@SEA,SEA,NYJ,,,,,,WR/FLEX
85186-61631,WR,Bisi,Bisi Johnson,Johnson,,,4500,MIN@GB,MIN,GB,IR,Knee - acl,,,,WR/FLEX
85186-170190,WR,Isaiah,Isaiah Weston,Weston,,,4500,CLE@WAS,CLE,WAS,IR,Knee,,,,WR/FLEX
85186-69836,WR,Collin,Collin Johnson,Johnson,2.2857142857142856,7,4500,IND@NYG,NYG,IND,IR,Achilles,,,,WR/FLEX
85186-149717,RB,JaQuan,JaQuan Hardy,Hardy,4.449999809265137,2,4500,DEN@KC,DEN,KC,,,,,,RB/FLEX
85186-28890,RB,Derek,Derek Watt,Watt,1.412500023841858,8,4500,PIT@BAL,PIT,BAL,,,,,,RB/FLEX
85186-57565,RB,Austin,Austin Walter,Walter,4.5,4,4500,SF@LV,LV,SF,,,,,,RB/FLEX
85186-170208,WR,Kaden,Kaden Davis,Davis,,,4500,DEN@KC,DEN,KC,,,,,,WR/FLEX
85186-170209,WR,Tyreik,Tyreik McAllister,McAllister,,,4500,DEN@KC,DEN,KC,,,,,,WR/FLEX
85186-170213,RB,Aaron,Aaron Shampklin,Shampklin,,,4500,IND@NYG,IND,NYG,,,,,,RB/FLEX
85186-170219,WR,Kevin,Kevin Kassis,Kassis,,,4500,NYJ@SEA,SEA,NYJ,,,,,,WR/FLEX
85186-28907,WR,Alex,Alex Erickson,Erickson,0,1,4500,CLE@WAS,WAS,CLE,,,,,,WR/FLEX
85186-149742,RB,Nate,Nate McCrary,McCrary,-0.10000000149011612,1,4500,CAR@TB,CAR,TB,,,,,,RB/FLEX
85186-88307,RB,Tayon,Tayon Fleet-Davis,Fleet-Davis,,,4500,DEN@KC,KC,DEN,,,,,,RB/FLEX
85186-94453,RB,Darwin,Darwin Thompson,Thompson,,,4500,NYJ@SEA,SEA,NYJ,,,,,,RB/FLEX
85186-45307,WR,Rodney,Rodney Adams,Adams,0,1,4500,NYJ@SEA,NYJ,SEA,IR,Illness,,,,WR/FLEX
85186-69884,RB,Darius,Darius Anderson,Anderson,,,4500,JAC@HOU,HOU,JAC,IR,Knee,,,,RB/FLEX
85186-71935,WR,Kendric,Kendric Pryor,Pryor,,,4500,JAC@HOU,JAC,HOU,,,,,,WR/FLEX
85186-94468,WR,Savon,Savon Scarver,Scarver,,,4500,CHI@DET,CHI,DET,,,,,,WR/FLEX
85186-12554,D,Jacksonville,Jacksonville Jaguars,Jaguars,7.133333333333334,15,4500,JAC@HOU,JAC,HOU,,,,,,DEF
85186-94481,WR,Deven,Deven Thompkins,Thompkins,0.6999999682108561,3,4500,CAR@TB,TB,CAR,,,,,,WR/FLEX
85186-71957,WR,Quintez,Quintez Cephus,Cephus,2.5,1,4500,CHI@DET,DET,CHI,IR,Foot,,,,WR/FLEX
85186-90408,WR,Dax,Dax Milne,Milne,0.9769230622511643,13,4500,CLE@WAS,WAS,CLE,,,,,,WR/FLEX
85186-102696,WR,John,John Metchie III,Metchie III,,,4500,JAC@HOU,HOU,JAC,IR,Illness,,,,WR/FLEX
85186-57651,WR,Travis,Travis Fulgham,Fulgham,,,4500,MIN@GB,GB,MIN,,,,,,WR/FLEX
85186-45371,WR,Darius,Darius Phillips,Phillips,-0.36363636363636365,11,4500,DEN@KC,DEN,KC,IR,Hamstring,,,,WR/FLEX
85186-90458,RB,Troy,Troy Hairston,Hairston,0.6400000095367432,5,4500,JAC@HOU,HOU,JAC,,,,,,RB/FLEX
85186-88430,RB,CJ,CJ Verdell,Verdell,,,4500,IND@NYG,IND,NYG,,,,,,RB/FLEX
85186-90487,WR,Kalil,Kalil Pimpleton,Pimpleton,,,4500,IND@NYG,NYG,IND,,,,,,WR/FLEX
85186-70023,WR,Cornell,Cornell Powell,Powell,,,4500,DEN@KC,KC,DEN,,,,,,WR/FLEX
85186-47501,WR,Marken,Marken Michel,Michel,,,4500,CLE@WAS,WAS,CLE,,,,,,WR/FLEX
85186-53646,WR,Austin,Austin Proehl,Proehl,,,4500,IND@NYG,NYG,IND,Q,Undisclosed,,,,WR/FLEX
85186-88463,WR,Johnny,Johnny Johnson III,Johnson III,,,4500,JAC@HOU,HOU,JAC,,,,,,WR/FLEX
85186-102802,WR,Makai,Makai Polk,Polk,,,4500,IND@NYG,NYG,IND,,,,,,WR/FLEX
85186-90518,WR,Slade,Slade Bolden,Bolden,,,4500,PIT@BAL,BAL,PIT,Q,Undisclosed,,,,WR/FLEX
85186-47523,WR,Tajae,Tajae Sharpe,Sharpe,2.5357142857142856,14,4500,SF@LV,SF,LV,Q,Undisclosed,,,,WR/FLEX
85186-90533,RB,Jerome,Jerome Ford,Ford,0.027272728356448086,11,4500,CLE@WAS,CLE,WAS,,,,,,RB/FLEX
85186-111012,WR,Kaylon,Kaylon Geiger Sr.,Geiger Sr.,,,4500,CAR@TB,TB,CAR,,,,,,WR/FLEX
85186-80299,RB,Patrick,Patrick Ricard,Ricard,1.2083333333333333,12,4500,PIT@BAL,BAL,PIT,,,,,,RB/FLEX
85186-63919,WR,Bailey,Bailey Gaither,Gaither,,,4500,PIT@BAL,BAL,PIT,,,,,,WR/FLEX
85186-72122,WR,Jake,Jake Herslow,Herslow,,,4500,NYJ@SEA,SEA,NYJ,,,,,,WR/FLEX
85186-92606,WR,Bo,Bo Melton,Melton,,,4500,MIN@GB,GB,MIN,,,,,,WR/FLEX
85186-72133,WR,Antoine,Antoine Wesley,Wesley,5.588888804117839,9,4500,ARI@ATL,ARI,ATL,IR,Quadriceps,,,,WR/FLEX
85186-55750,WR,Chris,Chris Lacy,Lacy,,,4500,SF@LV,LV,SF,,,,,,WR/FLEX
85186-96714,WR,Travis,Travis Toivonen,Toivonen,,,4500,MIN@GB,MIN,GB,,,,,,WR/FLEX
85186-88525,WR,Kawaan,Kawaan Baker,Baker,,,4500,NO@PHI,NO,PHI,,,,,,WR/FLEX
85186-109015,WR,Keric,Keric Wheatfall,Wheatfall,,,4500,NO@PHI,PHI,NO,Q,Undisclosed,,,,WR/FLEX
85186-14820,RB,Nick,Nick Bellore,Bellore,0.8999999761581421,1,4500,NYJ@SEA,SEA,NYJ,,,,,,RB/FLEX
85186-152042,WR,Drew,Drew Estrada,Estrada,,,4500,JAC@HOU,HOU,JAC,O,Achilles,,,,WR/FLEX
85186-72174,WR,Andrew,Andrew Parchment,Parchment,,,4500,CAR@TB,CAR,TB,Q,Undisclosed,,,,WR/FLEX
85186-57840,RB,Rashaad,Rashaad Penny,Penny,10.04000015258789,5,4500,NYJ@SEA,SEA,NYJ,IR,Ankle,,,,RB/FLEX
85186-113138,WR,Talolo,Talolo Limu-Jones,Limu-Jones,,,4500,CAR@TB,CAR,TB,,,,,,WR/FLEX
85186-70133,RB,Jake,Jake Funk,Funk,0.2,5,4500,IND@NYG,IND,NYG,,,,,,RB/FLEX
85186-86543,WR,Erik,Erik Ezukanma,Ezukanma,,,4500,MIA@NE,MIA,NE,,,,,,WR/FLEX
85186-88590,RB,Scottie,Scottie Phillips,Phillips,1.600000023841858,2,4500,JAC@HOU,HOU,JAC,,,,,,RB/FLEX
85186-96798,RB,Josh,Josh Johnson,Johnson,,,4500,NYJ@SEA,SEA,NYJ,Q,Undisclosed,,,,RB/FLEX
85186-72235,WR,Damon,Damon Hazelton,Hazelton,,,4500,JAC@HOU,HOU,JAC,,,,,,WR/FLEX
85186-70206,RB,Jason,Jason Huntley,Huntley,5.099999904632568,1,4500,PIT@BAL,PIT,BAL,,,,,,RB/FLEX
85186-150090,WR,Cade,Cade Johnson,Johnson,,,4500,NYJ@SEA,SEA,NYJ,,,,,,WR/FLEX
85186-86614,RB,Jeremiah,Jeremiah Hall,Hall,,,4500,IND@NYG,NYG,IND,,,,,,RB/FLEX
85186-62042,WR,Deon,Deon Cain,Cain,,,4500,NO@PHI,PHI,NO,,,,,,WR/FLEX
85186-86635,WR,Charleston,Charleston Rambo,Rambo,,,4500,CAR@TB,CAR,TB,,,,,,WR/FLEX
85186-86634,RB,TJ,TJ Pledger,Pledger,,,4500,ARI@ATL,ARI,ATL,,,,,,RB/FLEX
85186-86646,RB,Trey,Trey Sermon,Sermon,1.899999976158142,1,4500,NO@PHI,PHI,NO,,,,,,RB/FLEX
85186-88699,RB,Jaret,Jaret Patterson,Patterson,3.6357143947056363,14,4500,CLE@WAS,WAS,CLE,,,,,,RB/FLEX
85186-86657,RB,Kennedy,Kennedy Brooks,Brooks,,,4500,NO@PHI,PHI,NO,,,,,,RB/FLEX
85186-55941,RB,Patrick,Patrick Laird,Laird,1.1999999682108562,3,4500,CAR@TB,TB,CAR,,,,,,RB/FLEX
85186-27273,RB,Andy,Andy Janovich,Janovich,2.0799999237060547,5,4500,JAC@HOU,HOU,JAC,,,,,,RB/FLEX
85186-94864,RB,Jashaun,Jashaun Corbin,Corbin,,,4500,IND@NYG,NYG,IND,,,,,,RB/FLEX
85186-64147,WR,Britain,Britain Covey,Covey,0,13,4500,NO@PHI,PHI,NO,,,,,,WR/FLEX
85186-103064,RB,Breece,Breece Hall,Hall,15.085714067731585,7,4500,NYJ@SEA,NYJ,SEA,IR,Knee - acl,,,,RB/FLEX
85186-94887,RB,Tyler,Tyler Badie,Badie,,,4500,DEN@KC,DEN,KC,,,,,,RB/FLEX
85186-29357,RB,Kenjon,Kenjon Barner,Barner,0,3,4500,CAR@TB,TB,CAR,,,,,,RB/FLEX
85186-58041,RB,Mike,Mike Boone,Boone,3.0374999046325684,8,4500,DEN@KC,DEN,KC,IR,Ankle,,,,RB/FLEX
85186-53967,RB,Nick,Nick Bawden,Bawden,2.5,1,4500,NYJ@SEA,NYJ,SEA,IR,Undisclosed,,,,RB/FLEX
85186-92882,TE,Connor,Connor Heyward,Heyward,3.3142858232770647,7,4500,PIT@BAL,PIT,BAL,,,,,,TE/FLEX
85186-88793,RB,Stevie,Stevie Scott III,Scott III,,,4500,DEN@KC,DEN,KC,,,,,,RB/FLEX
85186-92890,WR,Cody,Cody White,White,0.699999988079071,1,4500,PIT@BAL,PIT,BAL,,,,,,WR/FLEX
85186-64222,RB,Jordan,Jordan Glasgow,Glasgow,,,4500,IND@NYG,IND,NYG,Q,Undisclosed,,,,RB/FLEX
85186-45791,WR,Rashard,Rashard Higgins,Higgins,3.7916666666666665,12,4500,CAR@TB,CAR,TB,,,,,,WR/FLEX
85186-70372,WR,Chester,Chester Rogers,Rogers,-0.6666666666666666,3,4500,CLE@WAS,CLE,WAS,,,,,,WR/FLEX
85186-56041,RB,Khari,Khari Blasingame,Blasingame,0,1,4500,CHI@DET,CHI,DET,,,,,,RB/FLEX
85186-90870,WR,Calvin,Calvin Austin III,Austin III,,,4500,PIT@BAL,PIT,BAL,IR,Foot,,,,WR/FLEX
85186-94975,WR,Stephon,Stephon Robinson Jr.,Robinson Jr.,,,4500,ARI@ATL,ARI,ATL,,,,,,WR/FLEX
85186-41741,WR,DaeSean,DaeSean Hamilton,Hamilton,,,4500,MIA@NE,MIA,NE,Q,Undisclosed,,,,WR/FLEX
85186-111377,RB,De'Montre,De'Montre Tuggle,Tuggle,,,4500,CHI@DET,CHI,DET,,,,,,RB/FLEX
85186-56099,RB,Cullen,Cullen Gillaspia,Gillaspia,,,4500,NYJ@SEA,SEA,NYJ,IR,Knee,,,,RB/FLEX
85186-31524,WR,Cody,Cody Core,Core,,,4500,MIA@NE,MIA,NE,Q,Undisclosed,,,,WR/FLEX
85186-82731,WR,Brandon,Brandon Zylstra,Zylstra,0,1,4500,CHI@DET,DET,CHI,,,,,,WR/FLEX
85186-72493,WR,Trishton,Trishton Jackson,Jackson,,,4500,MIN@GB,MIN,GB,,,,,,WR/FLEX
85186-72531,WR,Taysir,Taysir Mack,Mack,,,4500,SF@LV,SF,LV,,,,,,WR/FLEX
85186-88915,RB,Bryant,Bryant Koback,Koback,,,4500,MIN@GB,MIN,GB,,,,,,RB/FLEX
85186-27477,WR,Sterling,Sterling Shepard,Shepard,9.299999872843424,3,4500,IND@NYG,NYG,IND,IR,Knee - acl,,,,WR/FLEX
85186-93016,RB,B.J.,B.J. Baylor,Baylor,,,4500,ARI@ATL,ATL,ARI,,,,,,RB/FLEX
85186-93023,RB,Jermar,Jermar Jefferson,Jefferson,5.925000190734863,4,4500,CHI@DET,DET,CHI,,,,,,RB/FLEX
85186-95092,WR,Tyler,Tyler Snead,Snead,,,4500,PIT@BAL,PIT,BAL,,,,,,WR/FLEX
85186-91012,RB,Greg,Greg Bell,Bell,,,4500,CHI@DET,DET,CHI,IR,Hamstring,,,,RB/FLEX
85186-43912,WR,Chad,Chad Beebe,Beebe,,,4500,JAC@HOU,HOU,JAC,,,,,,WR/FLEX
85186-39818,RB,Wayne,Wayne Gallman Jr.,Gallman Jr.,1.8571428571428572,7,4500,NYJ@SEA,SEA,NYJ,,,,,,RB/FLEX
85186-45964,WR,Marcus,Marcus Kemp,Kemp,0.6800000190734863,5,4500,DEN@KC,KC,DEN,,,,,,WR/FLEX
85186-64403,WR,Irvin,Irvin Charles,Charles,,,4500,NYJ@SEA,NYJ,SEA,,,,,,WR/FLEX
85186-64405,WR,Dan,Dan Chisena,Chisena,,,4500,MIN@GB,MIN,GB,,,,,,WR/FLEX
85186-91046,TE,Brock,Brock Wright,Wright,3.618181748823686,11,4500,CHI@DET,DET,CHI,,,,,,TE/FLEX
85186-91055,WR,Kevin,Kevin Austin Jr.,Austin Jr.,,,4500,JAC@HOU,JAC,HOU,,,,,,WR/FLEX
85186-93112,RB,Mataeo,Mataeo Durant,Durant,,,4500,PIT@BAL,PIT,BAL,,,,,,RB/FLEX
85186-43973,RB,Keith,Keith Smith,Smith,0.3,5,4500,ARI@ATL,ATL,ARI,,,,,,RB/FLEX
85186-86984,WR,Devon,Devon Williams,Williams,,,4500,PIT@BAL,BAL,PIT,,,,,,WR/FLEX
85186-91085,WR,Michael,Michael Young Jr.,Young Jr.,,,4500,JAC@HOU,HOU,JAC,,,,,,WR/FLEX
85186-138189,WR,Changa,Changa Hodge,Hodge,,,4500,ARI@ATL,ARI,ATL,,,,,,WR/FLEX
85186-41936,WR,Anthony,Anthony Miller,Miller,3.8333333333333335,3,4500,PIT@BAL,PIT,BAL,IR,Shoulder,,,,WR/FLEX
85186-93143,TE,Noah,Noah Gray,Gray,3.493333435058594,15,4500,DEN@KC,KC,DEN,,,,,,TE/FLEX
85186-91101,TE,Tommy,Tommy Tremble,Tremble,2.616666634877523,12,4500,CAR@TB,CAR,TB,Q,Hip,,,,TE/FLEX
85186-56289,RB,Jason,Jason Cabinda,Cabinda,0.13333333532015482,3,4500,CHI@DET,DET,CHI,,,,,,RB/FLEX
85186-41954,WR,Victor,Victor Bolden Jr.,Bolden Jr.,,,4500,DEN@KC,DEN,KC,,,,,,WR/FLEX
85186-31732,WR,Corey,Corey Coleman,Coleman,,,4500,DEN@KC,KC,DEN,,,,,,WR/FLEX
85186-93187,RB,D'vonte,D'vonte Price,Price,,,4500,IND@NYG,IND,NYG,O,Undisclosed,,,,RB/FLEX
85186-70663,WR,Frank,Frank Darby,Darby,0.949999988079071,2,4500,ARI@ATL,ATL,ARI,,,,,,WR/FLEX
85186-70662,WR,Tyler,Tyler Vaughns,Vaughns,,,4500,PIT@BAL,PIT,BAL,,,,,,WR/FLEX
85186-72725,TE,Irv,Irv Smith Jr.,Smith Jr.,5.685714176722935,7,4500,MIN@GB,MIN,GB,IR,Ankle,,,,TE/FLEX
85186-56356,WR,Isaiah,Isaiah Ford,Ford,3.4099998474121094,10,4500,IND@NYG,IND,NYG,,,,,,WR/FLEX
85186-89127,WR,Justin,Justin Hall,Hall,,,4500,SF@LV,LV,SF,,,,,,WR/FLEX
85186-64555,WR,Calvin,Calvin Ridley,Ridley,11.11999969482422,5,4500,JAC@HOU,JAC,HOU,IR,Suspension,,,,WR/FLEX
85186-64575,RB,Derrick,Derrick Gore,Gore,5.822222391764323,9,4500,NO@PHI,NO,PHI,,,,,,RB/FLEX
85186-89157,RB,Caleb,Caleb Huntley,Huntley,3.6583334604899087,12,4500,ARI@ATL,ATL,ARI,IR,Achilles,,,,RB/FLEX
85186-27721,WR,Justin,Justin Hardee Sr.,Hardee Sr.,0,1,4500,NYJ@SEA,NYJ,SEA,,,,,,WR/FLEX
85186-87112,WR,Josh,Josh Ali,Ali,,,4500,ARI@ATL,ATL,ARI,,,,,,WR/FLEX
85186-68685,WR,Austin,Austin Mack,Mack,,,4500,SF@LV,SF,LV,,,,,,WR/FLEX
85186-72780,RB,Josh,Josh Hokit,Hokit,,,4500,ARI@ATL,ARI,ATL,,,,,,RB/FLEX
85186-68686,WR,C.J.,C.J. Saunders,Saunders,2.0999999046325684,1,4500,CAR@TB,CAR,TB,,,,,,WR/FLEX
85186-87122,WR,Lynn,Lynn Bowden Jr.,Bowden Jr.,,,4500,MIA@NE,NE,MIA,,,,,,WR/FLEX
85186-89172,RB,John,John Lovett,Lovett,,,4500,CAR@TB,CAR,TB,,,,,,RB/FLEX
85186-68694,RB,Antonio,Antonio Williams,Williams,,,4500,IND@NYG,NYG,IND,,,,,,RB/FLEX
85186-91225,RB,Kylin,Kylin Hill,Hill,0.699999988079071,1,4500,MIN@GB,GB,MIN,,,,,,RB/FLEX
85186-68712,WR,Tyler,Tyler Johnson,Johnson,3.588235294117647,17,4500,CAR@TB,TB,CAR,,,,,,WR/FLEX
85186-103539,WR,Wan'Dale,Wan'Dale Robinson,Robinson,6.683333079020183,6,4500,IND@NYG,NYG,IND,IR,Knee - acl,,,,WR/FLEX
85186-64627,WR,Scotty,Scotty Washington,Washington,,,4500,MIA@NE,NE,MIA,O,Undisclosed,,,,WR/FLEX
85186-64634,WR,Alex,Alex Bachman,Bachman,-0.30000001192092896,1,4500,JAC@HOU,HOU,JAC,,,,,,WR/FLEX
85186-42107,WR,Robert,Robert Foster,Foster,,,4500,IND@NYG,IND,NYG,,,,,,WR/FLEX
85186-89214,RB,Abram,Abram Smith,Smith,,,4500,NO@PHI,NO,PHI,,,,,,RB/FLEX
85186-27776,RB,Tevin,Tevin Coleman,Coleman,10.25,2,4500,SF@LV,SF,LV,,,,,,RB/FLEX
85186-83081,RB,Chase,Chase Edmonds,Edmonds,4.809091047807173,11,4500,DEN@KC,DEN,KC,,,,,,RB/FLEX
85186-111756,WR,JaVonta,JaVonta Payton,Payton,,,4500,ARI@ATL,ARI,ATL,,,,,,WR/FLEX
85186-83086,WR,Daurice,Daurice Fountain,Fountain,,,4500,CHI@DET,CHI,DET,,,,,,WR/FLEX
85186-105648,RB,Tyler,Tyler Goodson,Goodson,,,4500,MIN@GB,GB,MIN,,,,,,RB/FLEX
85186-52409,RB,Jakob,Jakob Johnson,Johnson,0.45000000794728595,6,4500,SF@LV,LV,SF,,,,,,RB/FLEX
85186-89272,RB,ZaQuandre,ZaQuandre White,White,,,4500,MIA@NE,MIA,NE,,,,,,RB/FLEX
85186-52410,WR,Josh,Josh Malone,Malone,,,4500,PIT@BAL,PIT,BAL,,,,,,WR/FLEX
85186-40148,WR,Ishmael,Ishmael Hyman,Hyman,,,4500,MIN@GB,GB,MIN,Q,Undisclosed,,,,WR/FLEX
85186-70868,RB,Damarea,Damarea Crockett,Crockett,0.699999988079071,1,4500,DEN@KC,DEN,KC,IR,Knee - acl,,,,RB/FLEX
85186-48344,WR,Albert,Albert Wilson,Wilson,3.55,10,4500,SF@LV,LV,SF,,,,,,WR/FLEX
85186-130265,WR,John,John Hurst,Hurst,,,4500,IND@NYG,IND,NYG,Q,Ankle,,,,WR/FLEX
85186-87260,TE,Isaiah,Isaiah Likely,Likely,4.191666603088379,12,4500,PIT@BAL,BAL,PIT,,,,,,TE/FLEX
85186-95455,WR,D.J.,D.J. Montgomery,Montgomery,5.099999904632568,1,4500,JAC@HOU,HOU,JAC,,,,,,WR/FLEX
85186-130270,TE,Adam,Adam Trautman,Trautman,3.1299999237060545,10,4500,NO@PHI,NO,PHI,,,,,,TE/FLEX
85186-130275,WR,Kristian,Kristian Wilkerson,Wilkerson,18.200000762939453,1,4500,MIA@NE,NE,MIA,IR,Concussion,,,,WR/FLEX
85186-130279,WR,Matt,Matt Cole,Cole,,,4500,CLE@WAS,WAS,CLE,,,,,,WR/FLEX
85186-11504,WR,Andre,Andre Roberts,Roberts,0,1,4500,CAR@TB,CAR,TB,Q,Illness,,,,WR/FLEX
85186-130320,WR,Aaron,Aaron Parker,Parker,,,4500,DEN@KC,KC,DEN,,,,,,WR/FLEX
85186-64786,RB,Ryquell,Ryquell Armstead,Armstead,5.550000190734863,2,4500,JAC@HOU,JAC,HOU,,,,,,RB/FLEX
85186-91419,WR,Nico,Nico Collins,Collins,7.8599998474121096,10,4500,JAC@HOU,HOU,JAC,IR,Foot,,,,WR/FLEX
85186-68890,WR,Devin,Devin Gray,Gray,,,4500,DEN@KC,KC,DEN,,,,,,WR/FLEX
85186-60704,WR,Derrick,Derrick Dillon,Dillon,,,4500,CLE@WAS,CLE,WAS,,,,,,WR/FLEX
85186-29985,WR,Jaydon,Jaydon Mickens,Mickens,0.2,10,4500,IND@NYG,NYG,IND,,,,,,WR/FLEX
85186-130336,RB,Sandro,Sandro Platzgummer,Platzgummer,,,4500,IND@NYG,NYG,IND,,,,,,RB/FLEX
85186-130338,WR,Rysen,Rysen John,John,,,4500,CHI@DET,CHI,DET,,,,,,WR/FLEX
85186-68901,RB,Gerrid,Gerrid Doaks,Doaks,,,4500,JAC@HOU,HOU,JAC,,,,,,RB/FLEX
85186-91428,WR,Tarik,Tarik Black,Black,1.5,1,4500,NYJ@SEA,NYJ,SEA,,,,,,WR/FLEX
85186-91431,RB,Ben,Ben Mason,Mason,,,4500,PIT@BAL,BAL,PIT,,,,,,RB/FLEX
85186-130343,WR,Jeff,Jeff Cotton Jr.,Cotton Jr.,,,4500,MIN@GB,GB,MIN,,,,,,WR/FLEX
85186-89384,WR,DeMichael,DeMichael Harris,Harris,,,4500,IND@NYG,IND,NYG,,,,,,WR/FLEX
85186-111917,WR,Keshunn,Keshunn Abram,Abram,,,4500,NYJ@SEA,NYJ,SEA,,,,,,WR/FLEX
85186-130350,WR,Jaylon,Jaylon Moore,Moore,,,4500,JAC@HOU,JAC,HOU,,,,,,WR/FLEX
85186-64828,WR,Chris,Chris Finke,Finke,,,4500,CHI@DET,CHI,DET,,,,,,WR/FLEX
85186-64835,RB,Dexter,Dexter Williams,Williams,,,4500,MIN@GB,GB,MIN,,,,,,RB/FLEX
85186-56648,RB,Jeremy,Jeremy McNichols,McNichols,4.584615267240084,13,4500,PIT@BAL,PIT,BAL,IR,Shoulder,,,,RB/FLEX
85186-87371,RB,Ty,Ty Chandler,Chandler,,,4500,MIN@GB,MIN,GB,,,,,,RB/FLEX
85186-52560,WR,Geronimo,Geronimo Allison,Allison,0,1,4500,ARI@ATL,ATL,ARI,,,,,,WR/FLEX
85186-103764,WR,Jared,Jared Smart,Smart,,,4500,ARI@ATL,ARI,ATL,,,,,,WR/FLEX
85186-73046,WR,Tre,Tre Nixon,Nixon,,,4500,MIA@NE,NE,MIA,,,,,,WR/FLEX
85186-93541,RB,Javonte,Javonte Williams,Williams,8.5,4,4500,DEN@KC,DEN,KC,IR,Knee - acl,,,,RB/FLEX
85186-91504,WR,Blake,Blake Proehl,Proehl,,,4500,MIN@GB,MIN,GB,,,,,,WR/FLEX
85186-71039,WR,Kelvin,Kelvin Harmon,Harmon,,,4500,CLE@WAS,WAS,CLE,,,,,,WR/FLEX
85186-73088,WR,Kekoa,Kekoa Crawford,Crawford,,,4500,IND@NYG,IND,NYG,,,,,,WR/FLEX
85186-73095,WR,Samson,Samson Nacua,Nacua,,,4500,IND@NYG,IND,NYG,,,,,,WR/FLEX
85186-93577,WR,Dazz,Dazz Newsome,Newsome,1.099999984105428,3,4500,SF@LV,SF,LV,,,,,,WR/FLEX
85186-64907,WR,J.J.,J.J. Arcega-Whiteside,Arcega-Whiteside,1.149999976158142,4,4500,NYJ@SEA,SEA,NYJ,,,,,,WR/FLEX
85186-56716,WR,Brayden,Brayden Lenius,Lenius,,,4500,ARI@ATL,ATL,ARI,,,,,,WR/FLEX
85186-73116,WR,Javon,Javon McKinley,McKinley,,,4500,PIT@BAL,PIT,BAL,,,,,,WR/FLEX
85186-73121,RB,Tony,Tony Jones Jr.,Jones Jr.,2.633333365122477,3,4500,NYJ@SEA,SEA,NYJ,,,,,,RB/FLEX
85186-62891,WR,Omar,Omar Bayless,Bayless,,,4500,DEN@KC,KC,DEN,,,,,,WR/FLEX
85186-40365,WR,Devon,Devon Allen,Allen,,,4500,NO@PHI,PHI,NO,,,,,,WR/FLEX
85186-60849,WR,Blake,Blake Lynch,Lynch,,,4500,ARI@ATL,ARI,ATL,,,,,,WR/FLEX
85186-64949,WR,Ja'Marcus,Ja'Marcus Bradley,Bradley,2.7999998728434243,3,4500,PIT@BAL,PIT,BAL,,,,,,WR/FLEX
85186-69056,WR,Mathew,Mathew Sexton,Sexton,,,4500,DEN@KC,KC,DEN,Q,Undisclosed,,,,WR/FLEX
85186-26057,RB,Michael,Michael Burton,Burton,0.3999999931880406,7,4500,DEN@KC,KC,DEN,,,,,,RB/FLEX
85186-112088,RB,Jerrion,Jerrion Ealy,Ealy,,,4500,DEN@KC,KC,DEN,,,,,,RB/FLEX
85186-87515,WR,Tylan,Tylan Wallace,Wallace,0.8999999761581421,4,4500,PIT@BAL,BAL,PIT,IR,Hamstring,,,,WR/FLEX
85186-103901,WR,Davion,Davion Davis,Davis,1.100000023841858,2,4500,JAC@HOU,HOU,JAC,,,,,,WR/FLEX
85186-73180,WR,Binjimen,Binjimen Victor,Victor,,,4500,PIT@BAL,BAL,PIT,,,,,,WR/FLEX
85186-40434,WR,Greg,Greg Ward,Ward,3.4533333248562283,9,4500,NO@PHI,PHI,NO,,,,,,WR/FLEX
85186-89588,TE,Colby,Colby Parkinson,Parkinson,3.241666793823242,12,4500,NYJ@SEA,SEA,NYJ,,,,,,TE/FLEX
85186-62967,WR,Preston,Preston Williams,Williams,1.8000000317891438,6,4500,CAR@TB,CAR,TB,,,,,,WR/FLEX
85186-103930,WR,Derek,Derek Wright,Wright,,,4500,CAR@TB,CAR,TB,,,,,,WR/FLEX
85186-22018,WR,Mohamed,Mohamed Sanu Sr.,Sanu Sr.,3.1500000953674316,8,4500,MIA@NE,MIA,NE,,,,,,WR/FLEX
85186-103943,WR,Trinity,Trinity Benson,Benson,2.1857143129621233,7,4500,CHI@DET,DET,CHI,IR,Knee,,,,WR/FLEX
85186-69150,WR,Jordan,Jordan Veasy,Veasy,0,1,4500,SF@LV,LV,SF,,,,,,WR/FLEX
85186-54817,WR,Diontae,Diontae Spencer,Spencer,-0.25333333015441895,15,4500,NYJ@SEA,NYJ,SEA,,,,,,WR/FLEX
85186-89632,WR,Connor,Connor Wedington,Wedington,,,4500,SF@LV,SF,LV,,,,,,WR/FLEX
85186-60977,RB,Ty'Son,Ty'Son Williams,Williams,5.342857360839844,7,4500,ARI@ATL,ARI,ATL,,,,,,RB/FLEX
85186-63025,RB,Nathan,Nathan Cottrell,Cottrell,0.30000001192092896,1,4500,JAC@HOU,JAC,HOU,Q,Undisclosed,,,,RB/FLEX
85186-128566,WR,Kameron,Kameron Brown,Brown,,,4500,CAR@TB,TB,CAR,,,,,,WR/FLEX
85186-71228,WR,Marquez,Marquez Stevenson,Stevenson,0,5,4500,CLE@WAS,CLE,WAS,,,,,,WR/FLEX
85186-89663,WR,Danny,Danny Davis,Davis,,,4500,MIN@GB,GB,MIN,,,,,,WR/FLEX
85186-93767,WR,Calvin,Calvin Jackson Jr.,Jackson Jr.,,,4500,MIA@NE,MIA,NE,,,,,,WR/FLEX
85186-89675,RB,Jonathan,Jonathan Taylor,Taylor,12.03636308149858,11,4500,IND@NYG,IND,NYG,IR,Ankle,,,,RB/FLEX
85186-63061,WR,Gary,Gary Jennings,Jennings,,,4500,DEN@KC,KC,DEN,Q,Concussion,,,,WR/FLEX
85186-93782,WR,Travell,Travell Harris,Harris,,,4500,CLE@WAS,CLE,WAS,,,,,,WR/FLEX
85186-104025,RB,John,John Lovett,Lovett,,,4500,MIA@NE,MIA,NE,IR,Undisclosed,,,,RB/FLEX
85186-87657,WR,Seth,Seth Williams,Williams,3.9000000953674316,1,4500,JAC@HOU,JAC,HOU,,,,,,WR/FLEX
85186-104041,WR,Myron,Myron Mitchell,Mitchell,,,4500,MIN@GB,MIN,GB,,,,,,WR/FLEX
85186-87662,WR,Anthony,Anthony Schwartz,Schwartz,2.7999998728434243,6,4500,CLE@WAS,CLE,WAS,IR,Concussion,,,,WR/FLEX
85186-93814,RB,Max,Max Borghi,Borghi,,,4500,PIT@BAL,PIT,BAL,,,,,,RB/FLEX
85186-104054,RB,Sincere,Sincere McCormick,McCormick,,,4500,SF@LV,LV,SF,IR,Undisclosed,,,,RB/FLEX
85186-93824,WR,Easop,Easop Winston,Winston,0.3333333333333333,3,4500,NYJ@SEA,SEA,NYJ,,,,,,WR/FLEX
85186-85636,WR,Josh,Josh Johnson,Johnson,,,4500,CHI@DET,DET,CHI,,,,,,WR/FLEX
85186-93845,WR,Tay,Tay Martin,Martin,,,4500,SF@LV,SF,LV,,,,,,WR/FLEX
85186-52902,WR,Trey,Trey Quinn,Quinn,,,4500,DEN@KC,DEN,KC,,,,,,WR/FLEX
85186-93864,RB,Ricky,Ricky Person Jr.,Person Jr.,,,4500,PIT@BAL,BAL,PIT,IR,Undisclosed,,,,RB/FLEX
85186-7856,WR,Matthew,Matthew Slater,Slater,,,4500,MIA@NE,NE,MIA,,,,,,WR/FLEX
85186-69296,WR,Corey,Corey Sutton,Sutton,,,4500,CHI@DET,DET,CHI,,,,,,WR/FLEX
85186-87731,WR,Dominique,Dominique Robinson,Robinson,,,4500,CHI@DET,CHI,DET,,,,,,WR/FLEX
85186-85687,WR,Jontre,Jontre Kirklin,Kirklin,,,4500,ARI@ATL,ARI,ATL,,,,,,WR/FLEX
85186-104124,WR,Darrius,Darrius Shepherd,Shepherd,,,4500,DEN@KC,DEN,KC,,,,,,WR/FLEX
85186-71359,WR,Javon,Javon Wims,Wims,,,4500,ARI@ATL,ARI,ATL,,,,,,WR/FLEX
85186-69310,WR,Josh,Josh Hammond,Hammond,,,4500,MIA@NE,NE,MIA,,,,,,WR/FLEX
85186-71367,RB,La'Mical,La'Mical Perine,Perine,1.5499999523162842,2,4500,MIA@NE,MIA,NE,,,,,,RB/FLEX
85186-71372,WR,Tyrie,Tyrie Cleveland,Cleveland,1.2666666507720947,3,4500,DEN@KC,DEN,KC,,,,,,WR/FLEX
85186-65231,RB,Adam,Adam Prentice,Prentice,0.550000011920929,4,4500,NO@PHI,NO,PHI,,,,,,RB/FLEX
85186-81616,WR,Rashard,Rashard Davis,Davis,,,4500,NYJ@SEA,NYJ,SEA,,,,,,WR/FLEX
85186-71382,WR,Osirus,Osirus Mitchell,Mitchell,,,4500,MIN@GB,GB,MIN,Q,Quadriceps,,,,WR/FLEX
85186-93926,WR,Emeka,Emeka Emezie,Emezie,,,4500,ARI@ATL,ATL,ARI,O,Undisclosed,,,,WR/FLEX
85186-104176,WR,Deonte,Deonte Harty,Harty,0.07500000298023224,4,4500,NO@PHI,NO,PHI,IR,Foot,,,,WR/FLEX
85186-91897,WR,Ethan,Ethan Fernea,Fernea,,,4500,IND@NYG,IND,NYG,,,,,,WR/FLEX
85186-57091,WR,Tim,Tim Patrick,Patrick,8.118749618530273,16,4500,DEN@KC,DEN,KC,IR,Knee - acl,,,,WR/FLEX
85186-87813,RB,Master,Master Teague III,Teague III,,,4500,PIT@BAL,PIT,BAL,,,,,,RB/FLEX
85186-26384,RB,Trey,Trey Edmunds,Edmunds,,,4500,PIT@BAL,PIT,BAL,,,,,,RB/FLEX
85186-71459,RB,Brittain,Brittain Brown,Brown,,,4500,SF@LV,LV,SF,,,,,,RB/FLEX
85186-55088,WR,Malik,Malik Turner,Turner,5,8,4500,JAC@HOU,HOU,JAC,,,,,,WR/FLEX
85186-38721,RB,Johnny,Johnny Stanton IV,Stanton IV,2.7333332697550454,3,4500,CLE@WAS,CLE,WAS,,,,,,RB/FLEX
85186-69451,TE,Jack,Jack Stoll,Stoll,1.7799999237060546,10,4500,NO@PHI,PHI,NO,,,,,,TE/FLEX
85186-73551,WR,Stantley,Stantley Thomas-Oliver III,Thomas-Oliver III,,,4500,CAR@TB,CAR,TB,IR,Thigh,,,,WR/FLEX
85186-85845,WR,Rashod,Rashod Bateman,Bateman,7.666666666666667,6,4500,PIT@BAL,BAL,PIT,IR,Foot,,,,WR/FLEX
85186-71519,WR,Dillon,Dillon Stoner,Stoner,,,4500,SF@LV,LV,SF,O,Undisclosed,,,,WR/FLEX
85186-104289,WR,Malik,Malik Taylor,Taylor,0.0800000011920929,5,4500,NYJ@SEA,NYJ,SEA,,,,,,WR/FLEX
85186-169834,WR,Dareke,Dareke Young,Young,,,4500,NYJ@SEA,SEA,NYJ,,,,,,WR/FLEX
85186-89964,WR,Justyn,Justyn Ross,Ross,,,4500,DEN@KC,KC,DEN,IR,Foot,,,,WR/FLEX
85186-14211,RB,Mark,Mark Ingram II,Ingram II,4.209999847412109,10,4500,NO@PHI,NO,PHI,IR,Knee - mcl,,,,RB/FLEX
85186-73616,WR,Willie,Willie Johnson,Johnson,,,4500,JAC@HOU,JAC,HOU,IR,Undisclosed,,,,WR/FLEX
85186-141201,WR,Raleigh,Raleigh Webb,Webb,,,4500,MIA@NE,NE,MIA,,,,,,WR/FLEX
85186-63387,WR,Jayson,Jayson Stanley,Stanley,,,4500,CHI@DET,CHI,DET,Q,Knee,,,,WR/FLEX
85186-28573,WR,Michael,Michael Thomas,Thomas,14.366666158040365,3,4500,NO@PHI,NO,PHI,IR,Toe,,,,WR/FLEX
85186-169890,WR,LuJuan,LuJuan Winningham,Winningham,,,4500,JAC@HOU,JAC,HOU,,,,,,WR/FLEX
85186-94118,WR,Mike,Mike Harley Jr.,Harley Jr.,,,4500,CLE@WAS,CLE,WAS,,,,,,WR/FLEX
85186-169898,WR,Jequez,Jequez Ezzard,Ezzard,,,4500,CLE@WAS,WAS,CLE,Q,Undisclosed,,,,WR/FLEX
85186-30635,RB,Mike,Mike Davis,Davis,0.6400000095367432,5,4500,PIT@BAL,BAL,PIT,,,,,,RB/FLEX
85186-169900,WR,Jared,Jared Bernhardt,Bernhardt,,,4500,ARI@ATL,ATL,ARI,IR,Groin,,,,WR/FLEX
85186-169901,WR,Tyshaun,Tyshaun James,James,,,4500,ARI@ATL,ATL,ARI,,,,,,WR/FLEX
85186-169908,WR,Dai'Jean,Dai'Jean Dixon,Dixon,,,4500,NO@PHI,NO,PHI,,,,,,WR/FLEX
85186-55224,RB,Reggie,Reggie Bonnafon,Bonnafon,2.5999999046325684,1,4500,CLE@WAS,WAS,CLE,,,,,,RB/FLEX
85186-85944,WR,Kyric,Kyric McGowan,McGowan,,,4500,CLE@WAS,WAS,CLE,,,,,,WR/FLEX
85186-71613,WR,Demetris,Demetris Robertson,Robertson,,,4500,NYJ@SEA,SEA,NYJ,,,,,,WR/FLEX
85186-92093,WR,Jaelon,Jaelon Darden,Darden,0.3454545411196622,11,4500,CLE@WAS,CLE,WAS,,,,,,WR/FLEX
85186-32703,WR,Jakeem,Jakeem Grant Sr.,Grant Sr.,2.2666666666666666,15,4500,CLE@WAS,CLE,WAS,IR,Achilles,,,,WR/FLEX
85186-88016,WR,Ryan,Ryan McDaniel,McDaniel,,,4500,JAC@HOU,JAC,HOU,,,,,,WR/FLEX
85186-24533,TE,Mo,Mo Alie-Cox,Alie-Cox,3.125,12,4500,IND@NYG,IND,NYG,,,,,,TE/FLEX
85186-40932,WR,Pharoh,Pharoh Cooper,Cooper,0,3,4500,ARI@ATL,ARI,ATL,,,,,,WR/FLEX
85186-94185,WR,Kevin,Kevin Shaa,Shaa,,,4500,CHI@DET,CHI,DET,,,,,,WR/FLEX
85186-71661,WR,Tino,Tino Ellis,Ellis,,,4500,MIA@NE,MIA,NE,,,,,,WR/FLEX
85186-92146,RB,DeAndre,DeAndre Torrey,Torrey,,,4500,NO@PHI,PHI,NO,,,,,,RB/FLEX
85186-86007,WR,Tre,Tre Turner,Turner,,,4500,SF@LV,LV,SF,,,,,,WR/FLEX
85186-63479,RB,John,John Kelly Jr.,Kelly Jr.,1.2999999523162842,1,4500,CLE@WAS,CLE,WAS,,,,,,RB/FLEX
85186-88056,WR,Stanley,Stanley Berryhill,Berryhill,,,4500,CHI@DET,DET,CHI,,,,,,WR/FLEX
85186-96250,WR,DeVonte,DeVonte Dedmon,Dedmon,,,4500,MIA@NE,MIA,NE,,,,,,WR/FLEX
85186-79980,TE,Eric,Eric Saubert,Saubert,1.9833332697550456,12,4400,DEN@KC,DEN,KC,,,,,,TE/FLEX
85186-12545,D,Philadelphia,Philadelphia Eagles,Eagles,9.4,15,4400,NO@PHI,PHI,NO,,,,,,DEF
85186-63907,TE,Josh,Josh Oliver,Oliver,3.3900001525878904,10,4400,PIT@BAL,BAL,PIT,,,,,,TE/FLEX
85186-80294,TE,Anthony,Anthony Firkser,Firkser,1.8428570883614677,7,4400,ARI@ATL,ATL,ARI,,,,,,TE/FLEX
85186-31207,TE,C.J.,C.J. Uzomah,Uzomah,3.7999999306418677,11,4400,NYJ@SEA,NYJ,SEA,,,,,,TE/FLEX
85186-86682,TE,Grant,Grant Calcaterra,Calcaterra,2.1200000762939455,5,4400,NO@PHI,PHI,NO,,,,,,TE/FLEX
85186-80546,TE,Dan,Dan Arnold,Arnold,2,9,4400,JAC@HOU,JAC,HOU,,,,,,TE/FLEX
85186-72515,TE,Ian,Ian Thomas,Thomas,2.3999999364217124,12,4400,CAR@TB,CAR,TB,,,,,,TE/FLEX
85186-70601,TE,Harrison,Harrison Bryant,Bryant,3.3583332697550454,12,4400,CLE@WAS,CLE,WAS,,,,,,TE/FLEX
85186-94094,TE,Brevin,Brevin Jordan,Jordan,2.1624999046325684,8,4400,JAC@HOU,HOU,JAC,,,,,,TE/FLEX
85186-63646,TE,Lawrence,Lawrence Cager,Cager,2.6799999237060548,5,4300,IND@NYG,NYG,IND,,,,,,TE/FLEX
85186-12536,D,Kansas City,Kansas City Chiefs,Chiefs,6.6,15,4300,DEN@KC,KC,DEN,,,,,,DEF
85186-72705,TE,John,John Bates,Bates,2.644444359673394,9,4300,CLE@WAS,WAS,CLE,,,,,,TE/FLEX
85186-42046,TE,Durham,Durham Smythe,Smythe,2.5700000762939452,10,4300,MIA@NE,MIA,NE,,,,,,TE/FLEX
85186-68714,TE,Ko,Ko Kieft,Kieft,2.5,7,4300,CAR@TB,TB,CAR,,,,,,TE/FLEX
85186-58499,TE,Parker,Parker Hesse,Hesse,1.537500023841858,8,4300,ARI@ATL,ATL,ARI,,,,,,TE/FLEX
85186-61112,TE,Josiah,Josiah Deguara,Deguara,2.125,8,4300,MIN@GB,GB,MIN,,,,,,TE/FLEX
85186-28346,TE,Maxx,Maxx Williams,Williams,1.649999976158142,2,4300,ARI@ATL,ARI,ATL,,,,,,TE/FLEX
85186-85986,TE,James,James Mitchell,Mitchell,3.2666667302449546,6,4300,CHI@DET,DET,CHI,,,,,,TE/FLEX
85186-12551,D,Tampa Bay,Tampa Bay Buccaneers,Buccaneers,6.2,15,4200,CAR@TB,TB,CAR,,,,,,DEF
85186-63851,TE,Tyree,Tyree Jackson,Jackson,3.2333332697550454,3,4200,NO@PHI,PHI,NO,IR,Knee,,,,TE/FLEX
85186-6672,TE,Marcedes,Marcedes Lewis,Lewis,3.933333396911621,6,4200,MIN@GB,GB,MIN,,,,,,TE/FLEX
85186-64221,TE,Zach,Zach Gentry,Gentry,1.5307692014254057,13,4200,PIT@BAL,PIT,BAL,,,,,,TE/FLEX
85186-29411,TE,Pharaoh,Pharaoh Brown,Brown,2.528571537562779,7,4200,CLE@WAS,CLE,WAS,,,,,,TE/FLEX
85186-93026,TE,Teagan,Teagan Quitoriano,Quitoriano,2.8333333333333335,6,4200,JAC@HOU,HOU,JAC,O,Knee,,,,TE/FLEX
85186-34073,TE,Ryan,Ryan Griffin,Griffin,0.7666666507720947,6,4200,CHI@DET,CHI,DET,,,,,,TE/FLEX
85186-40371,TE,Johnny,Johnny Mundt,Mundt,2.269230769230769,13,4200,MIN@GB,MIN,GB,,,,,,TE/FLEX
85186-26038,TE,Tyler,Tyler Kroft,Kroft,1.9249999523162842,4,4200,SF@LV,SF,LV,,,,,,TE/FLEX
85186-18009,TE,Chris,Chris Manhertz,Manhertz,1.1999999682108562,6,4200,JAC@HOU,JAC,HOU,,,,,,TE/FLEX
85186-56947,TE,Chris,Chris Myarick,Myarick,2.2857142857142856,7,4200,IND@NYG,NYG,IND,,,,,,TE/FLEX
85186-65477,TE,Giovanni,Giovanni Ricci,Ricci,2.0600000381469727,5,4200,CAR@TB,CAR,TB,,,,,,TE/FLEX
85186-104421,TE,Jesper,Jesper Horsted,Horsted,1.7000000476837158,2,4200,SF@LV,LV,SF,,,,,,TE/FLEX
85186-104447,TE,Jody,Jody Fortson,Fortson,2.8111110263400607,9,4200,DEN@KC,KC,DEN,IR,Elbow,,,,TE/FLEX
85186-69655,TE,Stephen,Stephen Sullivan,Sullivan,1.1199999809265138,5,4100,CAR@TB,CAR,TB,,,,,,TE/FLEX
85186-94345,TE,Cole,Cole Turner,Turner,0.6599999904632569,5,4100,CLE@WAS,WAS,CLE,,,,,,TE/FLEX
85186-86178,TE,Dominique,Dominique Dafney,Dafney,0.8800000190734864,5,4100,IND@NYG,IND,NYG,,,,,,TE/FLEX
85186-12539,D,Miami,Miami Dolphins,Dolphins,6.066666666666666,15,4100,MIA@NE,MIA,NE,,,,,,DEF
85186-12544,D,New York,New York Jets,Jets,7.466666666666667,15,4100,NYJ@SEA,NYJ,SEA,,,,,,DEF
85186-39286,TE,O.J.,O.J. Howard,Howard,2.839999961853027,10,4100,JAC@HOU,HOU,JAC,,,,,,TE/FLEX
85186-55895,TE,Kendall,Kendall Blanton,Blanton,2.25,2,4100,DEN@KC,KC,DEN,,,,,,TE/FLEX
85186-29277,TE,Stephen,Stephen Anderson,Anderson,0.48000001907348633,5,4100,ARI@ATL,ARI,ATL,,,,,,TE/FLEX
85186-47788,TE,Deon,Deon Yelder,Yelder,0.5,1,4100,ARI@ATL,ARI,ATL,,,,,,TE/FLEX
85186-54007,TE,Jacob,Jacob Hollister,Hollister,2.6666666666666665,6,4100,NYJ@SEA,SEA,NYJ,,,,,,TE/FLEX
85186-93075,TE,Hunter,Hunter Long,Long,0.4333333174387614,3,4100,MIA@NE,MIA,NE,,,,,,TE/FLEX
85186-62508,TE,James,James O'Shaughnessy,O'Shaughnessy,5.485714503696987,7,4100,MIN@GB,MIN,GB,,,,,,TE/FLEX
85186-62510,TE,Nick,Nick Boyle,Boyle,0,1,4100,PIT@BAL,BAL,PIT,Q,Illness,,,,TE/FLEX
85186-70705,TE,Trevon,Trevon Wesco,Wesco,1.399999976158142,4,4100,CHI@DET,CHI,DET,Q,Calf,,,,TE/FLEX
85186-83138,TE,Ross,Ross Dwelley,Dwelley,4.5,4,4100,SF@LV,SF,LV,,,,,,TE/FLEX
85186-70859,TE,Albert,Albert Okwuegbunam,Okwuegbunam,2.125,4,4100,DEN@KC,DEN,KC,,,,,,TE/FLEX
85186-130286,TE,Ben,Ben Ellefson,Ellefson,2.049999952316284,2,4100,MIN@GB,MIN,GB,IR,Groin,,,,TE/FLEX
85186-73176,TE,Luke,Luke Farrell,Farrell,1.4666666984558105,3,4100,JAC@HOU,JAC,HOU,,,,,,TE/FLEX
85186-69302,TE,Feleipe,Feleipe Franks,Franks,0,2,4100,ARI@ATL,ATL,ARI,O,Concussion,,,,TE/FLEX
85186-61172,TE,Tyler,Tyler Davis,Davis,0.9199999809265137,5,4100,MIN@GB,GB,MIN,,,,,,TE/FLEX
85186-28570,TE,Nick,Nick Vannett,Vannett,1.4249999523162842,4,4100,IND@NYG,NYG,IND,,,,,,TE/FLEX
85186-14237,TE,Kyle,Kyle Rudolph,Rudolph,0.75,4,4100,CAR@TB,TB,CAR,,,,,,TE/FLEX
85186-71697,TE,Shaun,Shaun Beyer,Beyer,,,4000,MIN@GB,GB,MIN,,,,,,TE/FLEX
85186-40977,TE,Ricky,Ricky Seals-Jones,Seals-Jones,4.918181679465554,11,4000,IND@NYG,NYG,IND,,,,,,TE/FLEX
85186-28694,TE,Jesse,Jesse James,James,3.924999952316284,4,4000,CLE@WAS,CLE,WAS,IR,Biceps,,,,TE/FLEX
85186-55336,TE,Chris,Chris Herndon,Herndon,2.4,5,4000,NO@PHI,NO,PHI,,,,,,TE/FLEX
85186-69686,TE,Dylan,Dylan Parham,Parham,,,4000,DEN@KC,DEN,KC,,,,,,TE/FLEX
85186-86075,TE,Lucas,Lucas Krull,Krull,,,4000,NO@PHI,NO,PHI,,,,,,TE/FLEX
85186-59455,TE,Sammis,Sammis Reyes,Reyes,,,4000,CHI@DET,CHI,DET,,,,,,TE/FLEX
85186-86080,TE,Kyle,Kyle Pitts,Pitts,6.159999847412109,10,4000,ARI@ATL,ATL,ARI,IR,Knee - mcl,,,,TE/FLEX
85186-30787,TE,Alex,Alex Ellis,Ellis,,,4000,ARI@ATL,ARI,ATL,Q,Undisclosed,,,,TE/FLEX
85186-69705,TE,Garrett,Garrett Walston,Walston,,,4000,SF@LV,SF,LV,,,,,,TE/FLEX
85186-165962,TE,Nikola,Nikola Kalinic,Kalinic,,,4000,IND@NYG,IND,NYG,,,,,,TE/FLEX
85186-79967,TE,Adam,Adam Shaheen,Shaheen,2.4285714285714284,7,4000,MIA@NE,MIA,NE,IR,Knee,,,,TE/FLEX
85186-65737,TE,Sam,Sam Tecklenburg,Tecklenburg,,,4000,CAR@TB,CAR,TB,,,,,,TE/FLEX
85186-170191,TE,Ben,Ben Beise,Beise,,,4000,CAR@TB,TB,CAR,,,,,,TE/FLEX
85186-170188,TE,Tanner,Tanner Conner,Conner,0,2,4000,MIA@NE,MIA,NE,,,,,,TE/FLEX
85186-170206,TE,Rodney,Rodney Williams II,Williams II,,,4000,PIT@BAL,PIT,BAL,,,,,,TE/FLEX
85186-149727,TE,Bernhard,Bernhard Seikovits,Seikovits,,,4000,ARI@ATL,ARI,ATL,,,,,,TE/FLEX
85186-12535,D,Indianapolis,Indianapolis Colts,Colts,6.8,15,4000,IND@NYG,IND,NYG,,,,,,DEF
85186-12541,D,New England,New England Patriots,Patriots,11.4,15,4000,MIA@NE,NE,MIA,,,,,,DEF
85186-61693,TE,Danny,Danny Pinter,Pinter,6.699999809265137,1,4000,IND@NYG,IND,NYG,,,,,,TE/FLEX
85186-90398,TE,Matt,Matt Bushman,Bushman,,,4000,DEN@KC,KC,DEN,,,,,,TE/FLEX
85186-170282,TE,JJ,JJ Howland,Howland,,,4000,CAR@TB,TB,CAR,,,,,,TE/FLEX
85186-65839,TE,Kahale,Kahale Warring,Warring,,,4000,NO@PHI,NO,PHI,,,,,,TE/FLEX
85186-170290,TE,Dre,Dre Miller,Miller,,,4000,IND@NYG,NYG,IND,,,,,,TE/FLEX
85186-55609,TE,Ryan,Ryan Izzo,Izzo,,,4000,CAR@TB,CAR,TB,,,,,,TE/FLEX
85186-149827,TE,Nick,Nick Guggemos,Guggemos,,,4000,MIN@GB,GB,MIN,,,,,,TE/FLEX
85186-86359,TE,Jared,Jared Scott,Scott,,,4000,IND@NYG,IND,NYG,,,,,,TE/FLEX
85186-63839,TE,Tyler,Tyler Mabry,Mabry,,,4000,NYJ@SEA,SEA,NYJ,,,,,,TE/FLEX
85186-153957,TE,Zaire,Zaire Mitchell-Paden,Mitchell-Paden,,,4000,CLE@WAS,CLE,WAS,,,,,,TE/FLEX
85186-90483,TE,Bernhard,Bernhard Raimann,Raimann,,,4000,IND@NYG,IND,NYG,,,,,,TE/FLEX
85186-92530,TE,Cade,Cade Brewer,Brewer,,,4000,NYJ@SEA,SEA,NYJ,,,,,,TE/FLEX
85186-70043,TE,Cole,Cole Fotheringham,Fotheringham,,,4000,SF@LV,LV,SF,,,,,,TE/FLEX
85186-45472,TE,Garrett,Garrett Griffin,Griffin,2.950000047683716,2,4000,CHI@DET,DET,CHI,,,,,,TE/FLEX
85186-72110,TE,John,John Mitchell,Mitchell,,,4000,NYJ@SEA,SEA,NYJ,,,,,,TE/FLEX
85186-47551,TE,Mason,Mason Schreck,Schreck,0.800000011920929,2,4000,JAC@HOU,HOU,JAC,,,,,,TE/FLEX
85186-84440,TE,Jaeden,Jaeden Graham,Graham,,,4000,NO@PHI,PHI,NO,Q,Undisclosed,,,,TE/FLEX
85186-41469,TE,Darrell,Darrell Daniels,Daniels,0.34000000953674314,5,4000,IND@NYG,IND,NYG,,,,,,TE/FLEX
85186-14895,TE,Patrick,Patrick Scales,Scales,,,4000,CHI@DET,CHI,DET,,,,,,TE/FLEX
85186-72246,TE,Nolan,Nolan Givan,Givan,,,4000,CHI@DET,DET,CHI,,,,,,TE/FLEX
85186-68155,TE,Codey,Codey McElroy,McElroy,0.25,2,4000,CAR@TB,TB,CAR,Q,Foot,,,,TE/FLEX
85186-66155,TE,Michael,Michael Jacobson,Jacobson,,,4000,IND@NYG,IND,NYG,,,,,,TE/FLEX
85186-101007,TE,Mark,Mark Vital,Vital,,,4000,DEN@KC,KC,DEN,,,,,,TE/FLEX
85186-90778,TE,Derrick,Derrick Deese Jr.,Deese Jr.,,,4000,CHI@DET,DET,CHI,,,,,,TE/FLEX
85186-27403,TE,Blake,Blake Bell,Bell,1.25,12,4000,DEN@KC,KC,DEN,,,,,,TE/FLEX
85186-86839,TE,Jack,Jack Coco,Coco,,,4000,MIN@GB,GB,MIN,,,,,,TE/FLEX
85186-58189,TE,Mitchell,Mitchell Fraboni,Fraboni,,,4000,DEN@KC,DEN,KC,IR,Finger,,,,TE/FLEX
85186-90971,TE,Austin,Austin Allen,Allen,,,4000,IND@NYG,NYG,IND,,,,,,TE/FLEX
85186-66402,TE,Jack,Jack Driscoll,Driscoll,,,4000,NO@PHI,PHI,NO,,,,,,TE/FLEX
85186-23435,TE,Andrew,Andrew DePaola,DePaola,,,4000,MIN@GB,MIN,GB,,,,,,TE/FLEX
85186-89029,TE,Chris,Chris Pierce Jr.,Pierce Jr.,,,4000,ARI@ATL,ARI,ATL,,,,,,TE/FLEX
85186-70604,TE,John,John Raine,Raine,,,4000,ARI@ATL,ATL,ARI,,,,,,TE/FLEX
85186-72665,TE,Kenny,Kenny Yeboah,Yeboah,2.299999952316284,2,4000,NYJ@SEA,NYJ,SEA,,,,,,TE/FLEX
85186-54239,TE,Matt,Matt Sokol,Sokol,,,4000,MIA@NE,NE,MIA,,,,,,TE/FLEX
85186-29780,TE,Zach,Zach Ertz,Ertz,9.20999984741211,10,4000,ARI@ATL,ARI,ATL,IR,Knee - acl + mcl,,,,TE/FLEX
85186-42077,TE,James,James Winchester,Winchester,,,4000,DEN@KC,KC,DEN,,,,,,TE/FLEX
85186-46177,TE,David,David Wells,Wells,,,4000,CAR@TB,TB,CAR,,,,,,TE/FLEX
85186-46200,TE,Daniel,Daniel Brunskill,Brunskill,,,4000,SF@LV,SF,LV,,,,,,TE/FLEX
85186-54426,TE,Andrew,Andrew Beck,Beck,1.2333333492279053,6,4000,DEN@KC,DEN,KC,,,,,,TE/FLEX
85186-72863,TE,Armani,Armani Rogers,Rogers,2.825000047683716,4,4000,CLE@WAS,WAS,CLE,IR,Knee,,,,TE/FLEX
85186-70881,TE,Justin,Justin Rigg,Rigg,,,4000,PIT@BAL,PIT,BAL,,,,,,TE/FLEX
85186-52468,TE,Ethan,Ethan Wolf,Wolf,1.7999999523162842,1,4000,NO@PHI,NO,PHI,,,,,,TE/FLEX
85186-64762,TE,Nakia,Nakia Griffin-Stewart,Griffin-Stewart,,,4000,IND@NYG,IND,NYG,,,,,,TE/FLEX
85186-97537,TE,Naz,Naz Bohannon,Bohannon,,,4000,JAC@HOU,JAC,HOU,,,,,,TE/FLEX
85186-64833,TE,Alize,Alize Mack,Mack,,,4000,MIN@GB,GB,MIN,,,,,,TE/FLEX
85186-91467,TE,Jake,Jake Tonges,Tonges,0,1,4000,CHI@DET,CHI,DET,,,,,,TE/FLEX
85186-64864,TE,Noah,Noah Togiai,Togiai,0,1,4000,NO@PHI,PHI,NO,,,,,,TE/FLEX
85186-25957,TE,J.P.,J.P. Holtz,Holtz,,,4000,NO@PHI,NO,PHI,,,,,,TE/FLEX
85186-71058,TE,Grayson,Grayson Gunter,Gunter,,,4000,JAC@HOU,JAC,HOU,,,,,,TE/FLEX
85186-28080,TE,Devin,Devin Funchess,Funchess,,,4000,CHI@DET,DET,CHI,,,,,,TE/FLEX
85186-73147,TE,Nick,Nick Eubanks,Eubanks,,,4000,JAC@HOU,HOU,JAC,,,,,,TE/FLEX
85186-114112,TE,Jalen,Jalen Wydermyer,Wydermyer,,,4000,IND@NYG,IND,NYG,,,,,,TE/FLEX
85186-73161,TE,Chase,Chase Allen,Allen,,,4000,CHI@DET,CHI,DET,,,,,,TE/FLEX
85186-69069,TE,Tony,Tony Poljan,Poljan,,,4000,PIT@BAL,BAL,PIT,,,,,,TE/FLEX
85186-73172,TE,Jake,Jake Hausmann,Hausmann,,,4000,CLE@WAS,WAS,CLE,,,,,,TE/FLEX
85186-54746,TE,Tyler,Tyler Ott,Ott,,,4000,NYJ@SEA,SEA,NYJ,IR,Shoulder,,,,TE/FLEX
85186-103900,TE,Brandon,Brandon Dillon,Dillon,,,4000,NO@PHI,NO,PHI,,,,,,TE/FLEX
85186-91618,TE,John,John FitzPatrick,FitzPatrick,,,4000,ARI@ATL,ATL,ARI,IR,Undisclosed,,,,TE/FLEX
85186-97771,TE,Marcus,Marcus Santos-Silva,Santos-Silva,,,4000,CLE@WAS,CLE,WAS,,,,,,TE/FLEX
85186-89586,TE,Tucker,Tucker Fisk,Fisk,,,4000,ARI@ATL,ATL,ARI,,,,,,TE/FLEX
85186-62981,TE,Eli,Eli Wolf,Wolf,,,4000,CLE@WAS,WAS,CLE,IR,Undisclosed,,,,TE/FLEX
85186-62998,TE,Jace,Jace Sternberger,Sternberger,,,4000,PIT@BAL,PIT,BAL,,,,,,TE/FLEX
85186-73266,TE,Dylan,Dylan Soehner,Soehner,,,4000,NO@PHI,NO,PHI,Q,Undisclosed,,,,TE/FLEX
85186-46644,TE,Paul,Paul Quessenberry,Quessenberry,,,4000,JAC@HOU,HOU,JAC,,,,,,TE/FLEX
85186-60981,TE,Charlie,Charlie Heck,Heck,,,4000,JAC@HOU,HOU,JAC,,,,,,TE/FLEX
85186-60984,TE,Jake,Jake Bargas,Bargas,,,4000,MIA@NE,MIA,NE,,,,,,TE/FLEX
85186-30272,TE,Colin,Colin Thompson,Thompson,0,1,4000,CAR@TB,CAR,TB,Q,Calf,,,,TE/FLEX
85186-147049,TE,Drew,Drew Ogletree,Ogletree,,,4000,IND@NYG,IND,NYG,IR,Knee - acl,,,,TE/FLEX
85186-85635,TE,Charlie,Charlie Kolar,Kolar,,,4000,PIT@BAL,BAL,PIT,,,,,,TE/FLEX
85186-87690,TE,Sal,Sal Cannella,Cannella,,,4000,MIN@GB,GB,MIN,,,,,,TE/FLEX
85186-71351,TE,Charlie,Charlie Woerner,Woerner,0,2,4000,SF@LV,SF,LV,,,,,,TE/FLEX
85186-63189,TE,Hunter,Hunter Thedford,Thedford,,,4000,MIA@NE,NE,MIA,,,,,,TE/FLEX
85186-89814,TE,Gerrit,Gerrit Prince,Prince,,,4000,JAC@HOU,JAC,HOU,,,,,,TE/FLEX
85186-38636,TE,Bug,Bug Howard,Howard,,,4000,CAR@TB,TB,CAR,Q,Undisclosed,,,,TE/FLEX
85186-85759,TE,Curtis,Curtis Hodges,Hodges,,,4000,CLE@WAS,WAS,CLE,IR,Thigh,,,,TE/FLEX
85186-87815,TE,Jeremy,Jeremy Ruckert,Ruckert,0,1,4000,NYJ@SEA,NYJ,SEA,,,,,,TE/FLEX
85186-40746,TE,Troy,Troy Fumagalli,Fumagalli,,,4000,SF@LV,SF,LV,,,,,,TE/FLEX
85186-38722,TE,Cethan,Cethan Carter,Carter,1.2999999523162842,2,4000,MIA@NE,MIA,NE,IR,Concussion,,,,TE/FLEX
85186-63321,TE,Rashod,Rashod Berry,Berry,,,4000,JAC@HOU,JAC,HOU,,,,,,TE/FLEX
85186-169853,TE,Josh,Josh Babicz,Babicz,,,4000,MIN@GB,GB,MIN,,,,,,TE/FLEX
85186-69516,TE,Miller,Miller Forristall,Forristall,0,1,4000,CLE@WAS,CLE,WAS,,,,,,TE/FLEX
85186-55209,TE,Nate,Nate Becker,Becker,,,4000,MIN@GB,GB,MIN,Q,Undisclosed,,,,TE/FLEX
85186-112601,TE,Travis,Travis Koontz,Koontz,,,4000,SF@LV,LV,SF,,,,,,TE/FLEX
85186-85994,TE,Dalton,Dalton Keene,Keene,,,4000,DEN@KC,DEN,KC,,,,,,TE/FLEX
85186-57325,TE,Jordan,Jordan Franks,Franks,,,4000,DEN@KC,KC,DEN,O,Hand,,,,TE/FLEX
85186-96254,TE,Nick,Nick Muse,Muse,,,4000,MIN@GB,MIN,GB,,,,,,TE/FLEX
85186-12525,D,Atlanta,Atlanta Falcons,Falcons,5,15,3900,ARI@ATL,ATL,ARI,,,,,,DEF
85186-12546,D,Arizona,Arizona Cardinals,Cardinals,6.6,15,3900,ARI@ATL,ARI,ATL,,,,,,DEF
85186-12552,D,Washington,Washington Commanders,Commanders,6.466666666666667,15,3900,CLE@WAS,WAS,CLE,,,,,,DEF
85186-12547,D,Pittsburgh,Pittsburgh Steelers,Steelers,5.866666666666666,15,3800,PIT@BAL,PIT,BAL,,,,,,DEF
85186-12529,D,Cleveland,Cleveland Browns,Browns,6.333333333333333,15,3700,CLE@WAS,CLE,WAS,,,,,,DEF
85186-12532,D,Detroit,Detroit Lions,Lions,5.133333333333334,15,3600,CHI@DET,DET,CHI,,,,,,DEF
85186-12533,D,Green Bay,Green Bay Packers,Packers,6.133333333333334,15,3600,MIN@GB,GB,MIN,,,,,,DEF
85186-12527,D,Chicago,Chicago Bears,Bears,4.066666666666666,15,3500,CHI@DET,CHI,DET,,,,,,DEF
85186-12553,D,Carolina,Carolina Panthers,Panthers,6.466666666666667,15,3500,CAR@TB,CAR,TB,,,,,,DEF
85186-12540,D,Minnesota,Minnesota Vikings,Vikings,6.533333333333333,15,3400,MIN@GB,MIN,GB,,,,,,DEF
85186-12531,D,Denver,Denver Broncos,Broncos,6.133333333333334,15,3300,DEN@KC,DEN,KC,,,,,,DEF
85186-12542,D,New Orleans,New Orleans Saints,Saints,5.6,15,3200,NO@PHI,NO,PHI,,,,,,DEF
85186-12556,D,Houston,Houston Texans,Texans,6.2,15,3100,JAC@HOU,HOU,JAC,,,,,,DEF
85186-12537,D,Las Vegas,Las Vegas Raiders,Raiders,5.2,15,3000,SF@LV,LV,SF,,,,,,DEF