Id,Position,First Name,Nickname,Last Name,FPPG,Played,Salary,Game,Team,Opponent,Injury Indicator,Injury Details,Tier,,,Roster Position
95480-42104,RB,Alvin,Alvin Kamara,Kamara,18.860000610351562,5,9200,CHI@NO,NO,CHI,,,,,,RB/FLEX
95480-72846,WR,A.J.,A.J. Brown,Brown,19.237499237060547,8,9000,DAL@PHI,PHI,DAL,,,,,,WR/FLEX
95480-69531,QB,Jalen,Jalen Hurts,Hurts,23.450000762939453,8,9000,DAL@PHI,PHI,DAL,,,,,,QB
95480-86631,WR,CeeDee,CeeDee Lamb,Lamb,15.37142835344587,7,8800,DAL@PHI,DAL,PHI,,,,,,WR/FLEX
95480-79970,WR,Cooper,Cooper Kupp,Kupp,12.524999618530273,4,8700,LAR@GB,LAR,GB,,,,,,WR/FLEX
95480-63115,QB,Lamar,Lamar Jackson,Jackson,20.209999084472656,8,8600,SEA@BAL,BAL,SEA,,,,,,QB
95480-64401,RB,Saquon,Saquon Barkley,Barkley,15.080000305175782,5,8600,NYG@LV,NYG,LV,,,,,,RB/FLEX
95480-39716,WR,Adam,Adam Thielen,Thielen,16.17142813546317,7,8300,IND@CAR,CAR,IND,,,,,,WR/FLEX
95480-31716,QB,Dak,Dak Prescott,Prescott,16.697142464773997,7,8200,DAL@PHI,DAL,PHI,,,,,,QB
95480-89675,RB,Jonathan,Jonathan Taylor,Taylor,10.649999618530273,4,8000,IND@CAR,IND,CAR,,,,,,RB/FLEX
95480-45889,WR,Davante,Davante Adams,Adams,11.925000190734863,8,8000,NYG@LV,LV,NYG,,,,,,WR/FLEX
95480-91591,QB,Justin,Justin Fields,Fields,18.623332977294922,6,7800,CHI@NO,CHI,NO,NA,Thumb,,,,QB
95480-63043,WR,DJ,DJ Moore,Moore,15.137499809265137,8,7600,CHI@NO,CHI,NO,,,,,,WR/FLEX
95480-103342,RB,Kenneth,Kenneth Walker III,Walker III,15.085714067731585,7,7600,SEA@BAL,SEA,BAL,,,,,,RB/FLEX
95480-72731,RB,Josh,Josh Jacobs,Jacobs,12.125,8,7500,NYG@LV,LV,NYG,,,,,,RB/FLEX
95480-52436,TE,Mark,Mark Andrews,Andrews,13.099999564034599,7,7500,SEA@BAL,BAL,SEA,,,,,,TE/FLEX
95480-103020,WR,Puka,Puka Nacua,Nacua,15.300000190734863,8,7500,LAR@GB,LAR,GB,,,,,,WR/FLEX
95480-63484,QB,Kyler,Kyler Murray,Murray,18.865454933860086,11,7500,ARI@CLE,ARI,CLE,NA,Knee - acl,,,,QB
95480-104576,QB,Sam,Sam Howell,Howell,18.604999542236328,8,7400,WAS@NE,WAS,NE,,,,,,QB
95480-32384,WR,Mike,Mike Evans,Evans,13.885713849748884,7,7400,TB@HOU,TB,HOU,,,,,,WR/FLEX
95480-69017,QB,Jordan,Jordan Love,Love,18.297143118722097,7,7300,LAR@GB,GB,LAR,,,,,,QB
95480-69213,WR,Michael,Michael Pittman Jr.,Pittman Jr.,12.237500190734863,8,7300,IND@CAR,IND,CAR,,,,,,WR/FLEX
95480-53331,QB,Taylor,Taylor Heinicke,Heinicke,12.399999618530273,1,7200,MIN@ATL,ATL,MIN,,,,,,QB
95480-86278,QB,Desmond,Desmond Ridder,Ridder,13.479999542236328,8,7200,MIN@ATL,ATL,MIN,,,,,,QB
95480-73048,WR,DK,DK Metcalf,Metcalf,10.983333587646484,6,7200,SEA@BAL,SEA,BAL,,,,,,WR/FLEX
95480-91598,RB,D'Andre,D'Andre Swift,Swift,13.324999809265137,8,7200,DAL@PHI,PHI,DAL,,,,,,RB/FLEX
95480-56250,WR,Terry,Terry McLaurin,McLaurin,11.0625,8,7200,WAS@NE,WAS,NE,,,,,,WR/FLEX
95480-129210,WR,Jordan,Jordan Addison,Addison,13.550000190734863,8,7100,MIN@ATL,MIN,ATL,,,,,,WR/FLEX
95480-40167,RB,Gus,Gus Edwards,Edwards,11.037500381469727,8,7100,SEA@BAL,BAL,SEA,,,,,,RB/FLEX
95480-136855,RB,Bijan,Bijan Robinson,Robinson,11.8125,8,7100,MIN@ATL,ATL,MIN,,,,,,RB/FLEX
95480-45859,QB,Derek,Derek Carr,Carr,13.050000190734863,8,7100,CHI@NO,NO,CHI,,,,,,QB
95480-63519,QB,Daniel,Daniel Jones,Jones,12.212000274658203,5,7000,NYG@LV,NYG,LV,,,,,,QB
95480-63634,WR,Jakobi,Jakobi Meyers,Meyers,12.771428789411273,7,7000,NYG@LV,LV,NYG,,,,,,WR/FLEX
95480-45229,RB,Kareem,Kareem Hunt,Hunt,9.719999694824219,5,7000,ARI@CLE,CLE,ARI,,,,,,RB/FLEX
95480-54604,QB,Jimmy,Jimmy Garoppolo,Garoppolo,12.183333079020182,6,7000,NYG@LV,LV,NYG,,,,,,QB
95480-90533,RB,Jerome,Jerome Ford,Ford,11.457142421177455,7,7000,ARI@CLE,CLE,ARI,,,,,,RB/FLEX
95480-129471,QB,C.J.,C.J. Stroud,Stroud,16.614286150251115,7,7000,TB@HOU,HOU,TB,,,,,,QB
95480-90576,WR,DeVonta,DeVonta Smith,Smith,10.712499618530273,8,7000,DAL@PHI,PHI,DAL,,,,,,WR/FLEX
95480-54879,QB,Deshaun,Deshaun Watson,Watson,13.654999732971191,4,7000,ARI@CLE,CLE,ARI,,,,,,QB
95480-85671,WR,Justin,Justin Jefferson,Jefferson,18.219999694824217,5,7000,MIN@ATL,MIN,ATL,IR,Hamstring,,,,WR/FLEX
95480-27050,WR,Tyler,Tyler Lockett,Lockett,10.642857142857142,7,6900,SEA@BAL,SEA,BAL,,,,,,WR/FLEX
95480-137902,RB,Rachaad,Rachaad White,White,10.32857186453683,7,6900,TB@HOU,TB,HOU,,,,,,RB/FLEX
95480-87770,WR,Chris,Chris Olave,Olave,9.962499618530273,8,6900,CHI@NO,NO,CHI,,,,,,WR/FLEX
95480-119606,QB,Bryce,Bryce Young,Young,12.946666717529297,6,6900,IND@CAR,CAR,IND,,,,,,QB
95480-31001,WR,Amari,Amari Cooper,Cooper,9.82857186453683,7,6800,ARI@CLE,CLE,ARI,,,,,,WR/FLEX
95480-91419,WR,Nico,Nico Collins,Collins,13.17142813546317,7,6800,TB@HOU,HOU,TB,,,,,,WR/FLEX
95480-55830,RB,D'Onta,D'Onta Foreman,Foreman,11.550000190734863,4,6800,CHI@NO,CHI,NO,,,,,,RB/FLEX
95480-41535,QB,Baker,Baker Mayfield,Mayfield,16.542857578822545,7,6800,TB@HOU,TB,HOU,,,,,,QB
95480-71706,TE,T.J.,T.J. Hockenson,Hockenson,11.287500381469727,8,6700,MIN@ATL,MIN,ATL,,,,,,TE/FLEX
95480-55635,WR,Chris,Chris Godwin,Godwin,10.514285496303014,7,6700,TB@HOU,TB,HOU,,,,,,WR/FLEX
95480-70027,RB,Zack,Zack Moss,Moss,16.74285670689174,7,6700,IND@CAR,IND,CAR,,,,,,RB/FLEX
95480-40407,QB,Joshua,Joshua Dobbs,Dobbs,16.19499969482422,8,6700,MIN@ATL,MIN,ATL,,,,,,QB
95480-86687,WR,Marquise,Marquise Brown,Brown,10.9375,8,6700,ARI@CLE,ARI,CLE,,,,,,WR/FLEX
95480-94370,WR,Romeo,Romeo Doubs,Doubs,10.157142639160156,7,6600,LAR@GB,GB,LAR,,,,,,WR/FLEX
95480-63759,RB,Tony,Tony Pollard,Pollard,12.157142639160156,7,6600,DAL@PHI,DAL,PHI,,,,,,RB/FLEX
95480-185776,QB,Tyson,Tyson Bagent,Bagent,10.926666259765625,3,6600,CHI@NO,CHI,NO,,,,,,QB
95480-90562,RB,Brian,Brian Robinson Jr.,Robinson Jr.,12.024999618530273,8,6600,WAS@NE,WAS,NE,,,,,,RB/FLEX
95480-90584,QB,Mac,Mac Jones,Jones,12.055000305175781,8,6600,WAS@NE,NE,WAS,,,,,,QB
95480-26483,QB,Geno,Geno Smith,Smith,14.428571428571429,7,6600,SEA@BAL,SEA,BAL,,,,,,QB
95480-14377,QB,Tyrod,Tyrod Taylor,Taylor,6.826666514078776,6,6500,NYG@LV,NYG,LV,IR,Ribs,,,,QB
95480-112745,WR,Drake,Drake London,London,9.397500038146973,8,6500,MIN@ATL,ATL,MIN,NA,Groin,,,,WR/FLEX
95480-61798,QB,Gardner,Gardner Minshew II,Minshew II,12.428571428571429,7,6500,IND@CAR,IND,CAR,,,,,,QB
95480-87467,RB,Chuba,Chuba Hubbard,Hubbard,7,7,6500,IND@CAR,CAR,IND,,,,,,RB/FLEX
95480-45565,TE,Taysom,Taysom Hill,Hill,7.744999885559082,8,6500,CHI@NO,NO,CHI,,,,,,TE/FLEX
95480-6654,QB,Matthew,Matthew Stafford,Stafford,14.824999809265137,8,6500,LAR@GB,LAR,GB,NA,Thumb,,,,QB
95480-129305,WR,Josh,Josh Downs,Downs,9.912500381469727,8,6400,IND@CAR,IND,CAR,Q,Knee,,,,WR/FLEX
95480-40442,RB,Aaron,Aaron Jones,Jones,10.350000381469727,4,6400,LAR@GB,GB,LAR,,,,,,RB/FLEX
95480-41827,QB,P.J.,P.J. Walker,Walker,8.273333231608072,3,6400,ARI@CLE,CLE,ARI,,,,,,QB
95480-90400,QB,Jaren,Jaren Hall,Hall,-1.1799999475479126,1,6300,MIN@ATL,MIN,ATL,,,,,,QB
95480-63855,WR,K.J.,K.J. Osborn,Osborn,7.875,8,6300,MIN@ATL,MIN,ATL,,,,,,WR/FLEX
95480-94748,QB,Tommy,Tommy DeVito,DeVito,7.159999847412109,1,6300,NYG@LV,NYG,LV,,,,,,QB
95480-41562,QB,Nick,Nick Mullens,Mullens,3.190000057220459,4,6300,MIN@ATL,MIN,ATL,IR,Back,,,,QB
95480-61157,QB,Brett,Brett Rypien,Rypien,1.6799999475479126,1,6300,LAR@GB,LAR,GB,,,,,,QB
95480-29445,QB,Sean,Sean Mannion,Mannion,,,6300,MIN@ATL,MIN,ATL,,,,,,QB
95480-30761,QB,Nathan,Nathan Peterman,Peterman,-0.4000000059604645,1,6200,CHI@NO,CHI,NO,,,,,,QB
95480-93382,QB,Aidan,Aidan O'Connell,O'Connell,8.40999984741211,2,6200,NYG@LV,LV,NYG,,,,,,QB
95480-170287,WR,Rashid,Rashid Shaheed,Shaheed,10.587499618530273,8,6200,CHI@NO,NO,CHI,,,,,,WR/FLEX
95480-64051,QB,Drew,Drew Lock,Lock,3.619999885559082,1,6200,SEA@BAL,SEA,BAL,,,,,,QB
95480-7872,QB,Brian,Brian Hoyer,Hoyer,3.4700000286102295,2,6200,NYG@LV,LV,NYG,,,,,,QB
95480-14225,QB,Andy,Andy Dalton,Dalton,11.819999694824219,2,6200,IND@CAR,CAR,IND,,,,,,QB
95480-111540,RB,Rhamondre,Rhamondre Stevenson,Stevenson,9.0625,8,6200,WAS@NE,NE,WAS,,,,,,RB/FLEX
95480-86200,QB,Sean,Sean Clifford,Clifford,0,1,6100,LAR@GB,GB,LAR,,,,,,QB
95480-24849,QB,Jameis,Jameis Winston,Winston,0.8800000349680582,3,6100,CHI@NO,NO,CHI,,,,,,QB
95480-92560,QB,Sam,Sam Ehlinger,Ehlinger,9.654999732971191,4,6100,IND@CAR,IND,CAR,,,,,,QB
95480-70157,RB,Darrell,Darrell Henderson Jr.,Henderson Jr.,11.550000190734863,2,6100,LAR@GB,LAR,GB,,,,,,RB/FLEX
95480-30231,QB,Jacoby,Jacoby Brissett,Brissett,12.472856794084821,14,6100,WAS@NE,WAS,NE,,,,,,QB
95480-89628,QB,Davis,Davis Mills,Mills,13.101333618164062,15,6100,TB@HOU,HOU,TB,,,,,,QB
95480-112295,WR,Zay,Zay Flowers,Flowers,9.412500381469727,8,6100,SEA@BAL,BAL,SEA,,,,,,WR/FLEX
95480-44715,QB,Cooper,Cooper Rush,Rush,0.13500000536441803,4,6100,DAL@PHI,DAL,PHI,,,,,,QB
95480-29358,QB,Marcus,Marcus Mariota,Mariota,15.812307504507212,13,6100,DAL@PHI,PHI,DAL,,,,,,QB
95480-69304,QB,Kyle,Kyle Trask,Trask,0.9200000166893005,1,6100,TB@HOU,TB,HOU,,,,,,QB
95480-90813,QB,Clayton,Clayton Tune,Tune,0.1599999964237213,1,6100,ARI@CLE,ARI,CLE,,,,,,QB
95480-139985,QB,Bailey,Bailey Zappe,Zappe,1.5800000429153442,2,6100,WAS@NE,NE,WAS,,,,,,QB
95480-91898,QB,Dorian,Dorian Thompson-Robinson,Thompson-Robinson,2.299999952316284,2,6100,ARI@CLE,CLE,ARI,NA,Coach's decision,,,,QB
95480-92975,QB,Malik,Malik Cunningham,Cunningham,0,1,6100,WAS@NE,NE,WAS,,,,,,QB
95480-8023,QB,Josh,Josh Johnson,Johnson,0.9300000071525574,2,6100,SEA@BAL,BAL,SEA,NA,Coach's decision,,,,QB
95480-52342,QB,Will,Will Grier,Grier,,,6000,WAS@NE,NE,WAS,NA,Coach's decision,,,,QB
95480-149696,QB,Trey,Trey Lance,Lance,6.730000019073486,2,6000,DAL@PHI,DAL,PHI,,,,,,QB
95480-45259,QB,Logan,Logan Woodside,Woodside,,,6000,MIN@ATL,ATL,MIN,NA,Coach's decision,,,,QB
95480-54507,QB,Alex,Alex McGough,McGough,,,6000,LAR@GB,GB,LAR,,,,,,QB
95480-11500,QB,Colt,Colt McCoy,McCoy,8.949999809265137,4,6000,ARI@CLE,ARI,CLE,,,,,,QB
95480-185629,QB,Tim,Tim DeMorat,DeMorat,,,6000,WAS@NE,WAS,NE,,,,,,QB
95480-129315,QB,Anthony,Anthony Richardson,Richardson,18.420000076293945,4,6000,IND@CAR,IND,CAR,IR,Shoulder - ac joint,,,,QB
95480-185640,QB,Dresser,Dresser Winn,Winn,,,6000,LAR@GB,LAR,GB,,,,,,QB
95480-91468,QB,Chase,Chase Garbers,Garbers,,,6000,NYG@LV,LV,NYG,,,,,,QB
95480-91511,QB,Holton,Holton Ahlers,Ahlers,,,6000,SEA@BAL,SEA,BAL,,,,,,QB
95480-88440,QB,Braxton,Braxton Burmeister,Burmeister,,,6000,LAR@GB,LAR,GB,,,,,,QB
95480-52613,WR,Curtis,Curtis Samuel,Samuel,8.837499618530273,8,6000,WAS@NE,WAS,NE,NA,Toe,,,,WR/FLEX
95480-73118,QB,Ian,Ian Book,Book,,,6000,WAS@NE,NE,WAS,,,,,,QB
95480-80289,WR,Kendrick,Kendrick Bourne,Bourne,10.1875,8,6000,WAS@NE,NE,WAS,IR,Knee - acl,,,,WR/FLEX
95480-70051,QB,Tyler,Tyler Huntley,Huntley,0.4000000059604645,2,6000,SEA@BAL,BAL,SEA,,,,,,QB
95480-185773,QB,Nolan,Nolan Henderson,Henderson,,,6000,SEA@BAL,BAL,SEA,,,,,,QB
95480-25011,TE,Darren,Darren Waller,Waller,7.800000190734863,8,6000,NYG@LV,NYG,LV,IR,Hamstring,,,,TE/FLEX
95480-91578,RB,Zamir,Zamir White,White,1.8200000762939452,5,6000,NYG@LV,LV,NYG,,,,,,RB/FLEX
95480-91583,QB,Stetson,Stetson Bennett,Bennett,,,6000,LAR@GB,LAR,GB,IR,Illness,,,,QB
95480-22994,QB,Case,Case Keenum,Keenum,0.1599999964237213,2,6000,TB@HOU,HOU,TB,NA,Coach's decision,,,,QB
95480-91639,QB,Jake,Jake Fromm,Fromm,,,6000,WAS@NE,WAS,NE,,,,,,QB
95480-89607,QB,Tanner,Tanner McKee,McKee,,,6000,DAL@PHI,PHI,DAL,,,,,,QB
95480-22038,QB,Kirk,Kirk Cousins,Cousins,19.342500686645508,8,6000,MIN@ATL,MIN,ATL,IR,Achilles,,,,QB
95480-88602,QB,Jordan,Jordan Ta'amu,Ta'amu,,,6000,MIN@ATL,MIN,ATL,,,,,,QB
95480-30253,QB,Jeff,Jeff Driskel,Driskel,2.388571330479213,7,6000,ARI@CLE,ARI,CLE,,,,,,QB
95480-88630,QB,Matt,Matt Corral,Corral,,,6000,WAS@NE,NE,WAS,,,,,,QB
95480-94797,QB,Kellen,Kellen Mond,Mond,,,6000,IND@CAR,IND,CAR,,,,,,QB
95480-52929,QB,Jake,Jake Luton,Luton,,,6000,IND@CAR,CAR,IND,,,,,,QB
95480-72412,RB,Khalil,Khalil Herbert,Herbert,9.3,5,6000,CHI@NO,CHI,NO,IR,Ankle,,,,RB/FLEX
95480-40687,RB,James,James Conner,Conner,11.080000305175782,5,6000,ARI@CLE,ARI,CLE,IR,Knee,,,,RB/FLEX
95480-86793,QB,Jake,Jake Haener,Haener,,,6000,CHI@NO,NO,CHI,NA,Coach's decision,,,,QB
95480-169776,WR,Christian,Christian Watson,Watson,7.150000095367432,4,6000,LAR@GB,GB,LAR,,,,,,WR/FLEX
95480-85860,QB,Tanner,Tanner Morgan,Morgan,,,6000,MIN@ATL,MIN,ATL,,,,,,QB
95480-56192,QB,John,John Wolford,Wolford,8.899999618530273,2,6000,TB@HOU,TB,HOU,NA,Coach's decision,,,,QB
95480-93103,QB,E.J.,E.J. Perry,Perry,,,6000,TB@HOU,HOU,TB,,,,,,QB
95480-92082,QB,Austin,Austin Aune,Aune,,,6000,MIN@ATL,ATL,MIN,,,,,,QB
95480-38837,QB,Danny,Danny Etling,Etling,,,6000,LAR@GB,GB,LAR,,,,,,QB
95480-69597,QB,Anthony,Anthony Brown,Brown,3.7899999618530273,2,6000,SEA@BAL,BAL,SEA,,,,,,QB
95480-56286,QB,Trace,Trace McSorley,McSorley,2.715999984741211,5,6000,CHI@NO,CHI,NO,,,,,,QB
95480-104433,RB,Kyren,Kyren Williams,Williams,17.433333079020183,6,6000,LAR@GB,LAR,GB,IR,Ankle,,,,RB/FLEX
95480-72776,RB,Alexander,Alexander Mattison,Mattison,8.800000190734863,8,5900,MIN@ATL,MIN,ATL,,,,,,RB/FLEX
95480-86229,WR,Jahan,Jahan Dotson,Dotson,7.012499809265137,8,5900,WAS@NE,WAS,NE,,,,,,WR/FLEX
95480-103187,RB,Roschon,Roschon Johnson,Johnson,5.683333079020183,6,5900,CHI@NO,CHI,NO,,,,,,RB/FLEX
95480-28573,WR,Michael,Michael Thomas,Thomas,8.612500190734863,8,5900,CHI@NO,NO,CHI,,,,,,WR/FLEX
95480-86055,RB,Dameon,Dameon Pierce,Pierce,7.371428353445871,7,5800,TB@HOU,HOU,TB,NA,Ankle,,,,RB/FLEX
95480-83074,TE,Dallas,Dallas Goedert,Goedert,8.1875,8,5800,DAL@PHI,PHI,DAL,,,,,,TE/FLEX
95480-69777,WR,Darnell,Darnell Mooney,Mooney,5.214285714285714,7,5800,CHI@NO,CHI,NO,,,,,,WR/FLEX
95480-129291,WR,Tank,Tank Dell,Dell,9.90000025431315,6,5800,TB@HOU,HOU,TB,,,,,,WR/FLEX
95480-94579,RB,Emari,Emari Demercado,Demercado,5.414285932268415,7,5800,ARI@CLE,ARI,CLE,NA,Toe,,,,RB/FLEX
95480-89455,WR,Jayden,Jayden Reed,Reed,8.742857251848493,7,5700,LAR@GB,GB,LAR,,,,,,WR/FLEX
95480-55970,RB,Royce,Royce Freeman,Freeman,8.5,2,5700,LAR@GB,LAR,GB,,,,,,RB/FLEX
95480-91047,TE,Cole,Cole Kmet,Kmet,8.4375,8,5700,CHI@NO,CHI,NO,,,,,,TE/FLEX
95480-93107,RB,AJ,AJ Dillon,Dillon,6.7999997820172995,7,5700,LAR@GB,GB,LAR,,,,,,RB/FLEX
95480-71845,RB,Miles,Miles Sanders,Sanders,6.099999745686849,6,5600,IND@CAR,CAR,IND,,,,,,RB/FLEX
95480-90428,RB,Tyler,Tyler Allgeier,Allgeier,7.525000095367432,8,5600,MIN@ATL,ATL,MIN,,,,,,RB/FLEX
95480-25267,WR,Mack,Mack Hollins,Hollins,4.01428576878139,7,5600,MIN@ATL,ATL,MIN,,,,,,WR/FLEX
95480-26355,TE,Logan,Logan Thomas,Thomas,8.385714394705635,7,5600,WAS@NE,WAS,NE,,,,,,TE/FLEX
95480-29501,WR,Brandin,Brandin Cooks,Cooks,6.349999745686849,6,5600,DAL@PHI,DAL,PHI,,,,,,WR/FLEX
95480-55335,TE,David,David Njoku,Njoku,6.757142748151507,7,5500,ARI@CLE,CLE,ARI,,,,,,TE/FLEX
95480-89230,RB,Cam,Cam Akers,Akers,5.983333587646484,6,5500,MIN@ATL,MIN,ATL,,,,,,RB/FLEX
95480-129458,WR,Jaxon,Jaxon Smith-Njigba,Smith-Njigba,6.342857360839844,7,5500,SEA@BAL,SEA,BAL,,,,,,WR/FLEX
95480-88575,WR,Elijah,Elijah Moore,Moore,5.4571429661342075,7,5500,ARI@CLE,CLE,ARI,,,,,,WR/FLEX
95480-52917,WR,DJ,DJ Chark Jr.,Chark Jr.,6.916666666666667,6,5500,IND@CAR,CAR,IND,Q,Elbow,,,,WR/FLEX
95480-111876,WR,Demario,Demario Douglas,Douglas,4.657142639160156,7,5400,WAS@NE,NE,WAS,,,,,,WR/FLEX
95480-63819,WR,Darius,Darius Slayton,Slayton,4.400000095367432,8,5400,NYG@LV,NYG,LV,,,,,,WR/FLEX
95480-55042,TE,Dalton,Dalton Schultz,Schultz,7.357142857142857,7,5400,TB@HOU,HOU,TB,,,,,,TE/FLEX
95480-38791,RB,Ezekiel,Ezekiel Elliott,Elliott,6.050000190734863,8,5400,WAS@NE,NE,WAS,,,,,,RB/FLEX
95480-103539,WR,Wan'Dale,Wan'Dale Robinson,Robinson,5.049999872843425,6,5300,NYG@LV,NYG,LV,,,,,,WR/FLEX
95480-24755,WR,Jamison,Jamison Crowder,Crowder,3.1571429116385326,7,5300,WAS@NE,WAS,NE,,,,,,WR/FLEX
95480-85306,WR,KhaDarel,KhaDarel Hodge,Hodge,2.9833332697550454,6,5300,MIN@ATL,ATL,MIN,,,,,,WR/FLEX
95480-69956,WR,Michael,Michael Gallup,Gallup,4.628571646554129,7,5300,DAL@PHI,DAL,PHI,,,,,,WR/FLEX
95480-89612,WR,Michael,Michael Wilson,Wilson,8.074999809265137,8,5300,ARI@CLE,ARI,CLE,NA,Shoulder,,,,WR/FLEX
95480-91750,TE,Trey,Trey McBride,McBride,5.625,8,5300,ARI@CLE,ARI,CLE,,,,,,TE/FLEX
95480-70603,RB,Devin,Devin Singletary,Singletary,4.319999967302595,7,5300,TB@HOU,HOU,TB,,,,,,RB/FLEX
95480-86080,TE,Kyle,Kyle Pitts,Pitts,6.612500190734863,8,5200,MIN@ATL,ATL,MIN,,,,,,TE/FLEX
95480-64581,WR,Van,Van Jefferson,Jefferson,2.8714286259242465,7,5200,MIN@ATL,ATL,MIN,,,,,,WR/FLEX
95480-86312,WR,Alec,Alec Pierce,Pierce,4.099999904632568,8,5200,IND@CAR,IND,CAR,,,,,,WR/FLEX
95480-160306,RB,Pierre,Pierre Strong Jr.,Strong Jr.,4.979999923706055,5,5200,ARI@CLE,CLE,ARI,,,,,,RB/FLEX
95480-45631,RB,Jamaal,Jamaal Williams,Williams,3.700000047683716,4,5200,CHI@NO,NO,CHI,,,,,,RB/FLEX
95480-31360,WR,Odell,Odell Beckham Jr.,Beckham Jr.,3.866666793823242,6,5200,SEA@BAL,BAL,SEA,,,,,,WR/FLEX
95480-55987,WR,JuJu,JuJu Smith-Schuster,Smith-Schuster,3.7333332697550454,6,5200,WAS@NE,NE,WAS,,,,,,WR/FLEX
95480-92976,WR,Tutu,Tutu Atwell,Atwell,9.199999809265137,8,5200,LAR@GB,LAR,GB,,,,,,WR/FLEX
95480-71521,RB,Justice,Justice Hill,Hill,7.328571319580078,7,5200,SEA@BAL,BAL,SEA,,,,,,RB/FLEX
95480-103376,RB,Zach,Zach Charbonnet,Charbonnet,4.149999936421712,6,5200,SEA@BAL,SEA,BAL,,,,,,RB/FLEX
95480-29685,WR,Robert,Robert Woods,Woods,6.616666793823242,6,5200,TB@HOU,HOU,TB,NA,Foot,,,,WR/FLEX
95480-129240,WR,Tyler,Tyler Scott,Scott,2.25,6,5100,CHI@NO,CHI,NO,,,,,,WR/FLEX
95480-112192,WR,Jonathan,Jonathan Mingo,Mingo,4.833333333333333,6,5100,IND@CAR,CAR,IND,,,,,,WR/FLEX
95480-89680,TE,Jake,Jake Ferguson,Ferguson,6.885714394705636,7,5100,DAL@PHI,DAL,PHI,,,,,,TE/FLEX
95480-27229,RB,Ameer,Ameer Abdullah,Abdullah,1.4857142312186105,7,5100,NYG@LV,LV,NYG,,,,,,RB/FLEX
95480-90912,RB,Kenneth,Kenneth Gainwell,Gainwell,5.085714067731585,7,5100,DAL@PHI,PHI,DAL,,,,,,RB/FLEX
95480-40845,TE,Hunter,Hunter Henry,Henry,5.912499904632568,8,5100,WAS@NE,NE,WAS,,,,,,TE/FLEX
95480-93150,WR,Jake,Jake Bobo,Bobo,6.133333206176758,6,5100,SEA@BAL,SEA,BAL,,,,,,WR/FLEX
95480-29683,WR,Nelson,Nelson Agholor,Agholor,6.100000108991351,7,5100,SEA@BAL,BAL,SEA,,,,,,WR/FLEX
95480-53303,RB,Matt,Matt Breida,Breida,3.625,8,5000,NYG@LV,NYG,LV,,,,,,RB/FLEX
95480-12525,D,Atlanta,Atlanta Falcons,Falcons,4.875,8,5000,MIN@ATL,ATL,MIN,,,,,,DEF
95480-64841,WR,Equanimeous,Equanimeous St. Brown,St. Brown,1.2999999523162842,2,5000,CHI@NO,CHI,NO,IR,Hamstring,,,,WR/FLEX
95480-92545,RB,Keaontay,Keaontay Ingram,Ingram,2.2,5,5000,ARI@CLE,ARI,CLE,,,,,,RB/FLEX
95480-33260,WR,DeVante,DeVante Parker,Parker,3.328571319580078,7,5000,WAS@NE,NE,WAS,NA,Concussion,,,,WR/FLEX
95480-52916,WR,Russell,Russell Gage,Gage,7.149999891008649,14,5000,TB@HOU,TB,HOU,IR,Knee,,,,WR/FLEX
95480-47870,TE,Tyler,Tyler Higbee,Higbee,5.199999809265137,8,5000,LAR@GB,LAR,GB,,,,,,TE/FLEX
95480-85845,WR,Rashod,Rashod Bateman,Bateman,3.4285714285714284,7,5000,SEA@BAL,BAL,SEA,,,,,,WR/FLEX
95480-48116,TE,Jonnu,Jonnu Smith,Smith,7.242857251848493,7,5000,MIN@ATL,ATL,MIN,,,,,,TE/FLEX
95480-102902,WR,Trey,Trey Palmer,Palmer,4.228571483067104,7,4900,TB@HOU,TB,HOU,,,,,,WR/FLEX
95480-138998,TE,Michael,Michael Mayer,Mayer,3.7166665395100913,6,4900,NYG@LV,LV,NYG,,,,,,TE/FLEX
95480-86811,TE,Cade,Cade Otton,Otton,5.2000002179827005,7,4900,TB@HOU,TB,HOU,,,,,,TE/FLEX
95480-90933,RB,Antonio,Antonio Gibson,Gibson,4.9375,8,4900,WAS@NE,WAS,NE,,,,,,RB/FLEX
95480-61273,WR,Scotty,Scotty Miller,Miller,3.279999923706055,5,4900,MIN@ATL,ATL,MIN,,,,,,WR/FLEX
95480-110457,WR,Dontayvion,Dontayvion Wicks,Wicks,3.6657142639160156,7,4900,LAR@GB,GB,LAR,,,,,,WR/FLEX
95480-93055,WR,Isaiah,Isaiah Hodgins,Hodgins,3.6666666666666665,6,4900,NYG@LV,NYG,LV,,,,,,WR/FLEX
95480-12537,D,Las Vegas,Las Vegas Raiders,Raiders,5.5,8,4800,NYG@LV,LV,NYG,,,,,,DEF
95480-71143,TE,Kylen,Kylen Granson,Granson,5.166666666666667,6,4800,IND@CAR,IND,CAR,,,,,,TE/FLEX
95480-113228,TE,Luke,Luke Musgrave,Musgrave,4.5428570338657925,7,4800,LAR@GB,GB,LAR,,,,,,TE/FLEX
95480-57986,WR,Hunter,Hunter Renfrow,Renfrow,2.366666634877523,6,4800,NYG@LV,LV,NYG,,,,,,WR/FLEX
95480-70383,RB,Darrynton,Darrynton Evans,Evans,7.099999745686849,3,4800,CHI@NO,CHI,NO,,,,,,RB/FLEX
95480-14190,WR,Julio,Julio Jones,Jones,4.050000190734863,2,4800,DAL@PHI,PHI,DAL,,,,,,WR/FLEX
95480-56248,WR,Noah,Noah Brown,Brown,5.100000063578288,3,4800,TB@HOU,HOU,TB,,,,,,WR/FLEX
95480-71705,TE,Noah,Noah Fant,Fant,4.933333396911621,6,4700,SEA@BAL,SEA,BAL,,,,,,TE/FLEX
95480-40126,TE,Austin,Austin Hooper,Hooper,2.5428570338657925,7,4700,NYG@LV,LV,NYG,,,,,,TE/FLEX
95480-103619,WR,Tre,Tre Tucker,Tucker,3.7249999046325684,4,4700,NYG@LV,LV,NYG,,,,,,WR/FLEX
95480-12529,D,Cleveland,Cleveland Browns,Browns,8.428571428571429,7,4700,ARI@CLE,CLE,ARI,,,,,,DEF
95480-63078,RB,Ke'Shawn,Ke'Shawn Vaughn,Vaughn,1.024999976158142,4,4700,TB@HOU,TB,HOU,,,,,,RB/FLEX
95480-147049,TE,Drew,Drew Ogletree,Ogletree,4.799999872843425,6,4700,IND@CAR,IND,CAR,,,,,,TE/FLEX
95480-85672,WR,Terrace,Terrace Marshall Jr.,Marshall Jr.,4.159999847412109,5,4700,IND@CAR,CAR,IND,,,,,,WR/FLEX
95480-139094,WR,Jalin,Jalin Hyatt,Hyatt,4.8,5,4700,NYG@LV,NYG,LV,,,,,,WR/FLEX
95480-56265,TE,Mike,Mike Gesicki,Gesicki,3.9375,8,4700,WAS@NE,NE,WAS,,,,,,TE/FLEX
95480-73687,WR,Quez,Quez Watkins,Watkins,2.049999952316284,2,4700,DAL@PHI,PHI,DAL,IR,Hamstring,,,,WR/FLEX
95480-91101,TE,Tommy,Tommy Tremble,Tremble,4.875,4,4700,IND@CAR,CAR,IND,,,,,,TE/FLEX
95480-70661,WR,Velus,Velus Jones Jr.,Jones Jr.,0.9199999809265137,5,4600,CHI@NO,CHI,NO,,,,,,WR/FLEX
95480-52345,WR,Brandon,Brandon Powell,Powell,2.5250000953674316,8,4600,MIN@ATL,MIN,ATL,,,,,,WR/FLEX
95480-83081,RB,Chase,Chase Edmonds,Edmonds,1.6999999682108562,3,4600,TB@HOU,TB,HOU,,,,,,RB/FLEX
95480-62628,WR,DeAndre,DeAndre Carter,Carter,0.42500001192092896,8,4600,NYG@LV,LV,NYG,,,,,,WR/FLEX
95480-93408,WR,Rondale,Rondale Moore,Moore,5.3125,8,4600,ARI@CLE,ARI,CLE,,,,,,WR/FLEX
95480-12542,D,New Orleans,New Orleans Saints,Saints,8.375,8,4600,CHI@NO,NO,CHI,,,,,,DEF
95480-60712,TE,Foster,Foster Moreau,Moreau,5.050000190734863,4,4600,CHI@NO,NO,CHI,,,,,,TE/FLEX
95480-92590,RB,Raheem,Raheem Blackshear,Blackshear,3.4000000953674316,2,4600,IND@CAR,CAR,IND,,,,,,RB/FLEX
95480-71105,WR,Ben,Ben Skowronek,Skowronek,2.3799999237060545,5,4600,LAR@GB,LAR,GB,,,,,,WR/FLEX
95480-64031,TE,Hayden,Hayden Hurst,Hurst,3.5142857687813893,7,4600,IND@CAR,CAR,IND,,,,,,TE/FLEX
95480-27441,RB,Damien,Damien Williams,Williams,2.1666666666666665,3,4600,ARI@CLE,ARI,CLE,O,Foot,,,,RB/FLEX
95480-91971,RB,Ronnie,Ronnie Rivers,Rivers,1.9,5,4600,LAR@GB,LAR,GB,IR,Knee - pcl,,,,RB/FLEX
95480-64496,WR,Olamide,Olamide Zaccheaus,Zaccheaus,3.279999923706055,5,4600,DAL@PHI,PHI,DAL,,,,,,WR/FLEX
95480-30733,RB,Cordarrelle,Cordarrelle Patterson,Patterson,2.1500000953674316,4,4500,MIN@ATL,ATL,MIN,,,,,,RB/FLEX
95480-29780,TE,Zach,Zach Ertz,Ertz,5.4571429661342075,7,4500,ARI@CLE,ARI,CLE,IR,Quadriceps,,,,TE/FLEX
95480-89220,WR,Tyquan,Tyquan Thornton,Thornton,0.8999999761581421,2,4500,WAS@NE,NE,WAS,,,,,,WR/FLEX
95480-54426,TE,Andrew,Andrew Beck,Beck,2.9000000953674316,4,4500,TB@HOU,HOU,TB,,,,,,TE/FLEX
95480-28900,RB,Melvin,Melvin Gordon III,Gordon III,5.699999809265137,2,4500,SEA@BAL,BAL,SEA,,,,,,RB/FLEX
95480-12530,D,Dallas,Dallas Cowboys,Cowboys,14,7,4500,DAL@PHI,DAL,PHI,,,,,,DEF
95480-64808,TE,Juwan,Juwan Johnson,Johnson,2.6500000953674316,4,4500,CHI@NO,NO,CHI,,,,,,TE/FLEX
95480-102696,WR,John,John Metchie III,Metchie III,2.549999952316284,4,4500,TB@HOU,HOU,TB,,,,,,WR/FLEX
95480-93538,WR,Dyami,Dyami Brown,Brown,1.9499999682108562,6,4500,WAS@NE,WAS,NE,,,,,,WR/FLEX
95480-43433,RB,Boston,Boston Scott,Scott,1.7,5,4500,DAL@PHI,PHI,DAL,O,Personal,,,,RB/FLEX
95480-80353,TE,Robert,Robert Tonyan,Tonyan,1.5399999618530273,5,4500,CHI@NO,CHI,NO,,,,,,TE/FLEX
95480-89588,TE,Colby,Colby Parkinson,Parkinson,3.116666793823242,6,4500,SEA@BAL,SEA,BAL,,,,,,TE/FLEX
95480-60930,RB,Myles,Myles Gaskin,Gaskin,3.700000047683716,2,4500,LAR@GB,LAR,GB,NA,Coach's decision,,,,RB/FLEX
95480-60957,WR,KaVontae,KaVontae Turpin,Turpin,4,7,4500,DAL@PHI,DAL,PHI,,,,,,WR/FLEX
95480-72297,RB,Rico,Rico Dowdle,Dowdle,3.9571429661342075,7,4500,DAL@PHI,DAL,PHI,,,,,,RB/FLEX
95480-71444,RB,Travis,Travis Homer,Homer,0,1,4500,CHI@NO,CHI,NO,,,,,,RB/FLEX
95480-120657,RB,Kendre,Kendre Miller,Miller,4.05999984741211,5,4500,CHI@NO,NO,CHI,,,,,,RB/FLEX
95480-94087,RB,DeeJay,DeeJay Dallas,Dallas,0.35714285714285715,7,4500,SEA@BAL,SEA,BAL,,,,,,RB/FLEX
95480-56262,WR,Parris,Parris Campbell,Campbell,2.357142857142857,7,4500,NYG@LV,NYG,LV,,,,,,WR/FLEX
95480-72705,TE,John,John Bates,Bates,2.4166666666666665,6,4400,WAS@NE,WAS,NE,,,,,,TE/FLEX
95480-62505,TE,MyCole,MyCole Pruitt,Pruitt,1.2800000190734864,5,4400,MIN@ATL,ATL,MIN,,,,,,TE/FLEX
95480-88109,RB,Gary,Gary Brightwell,Brightwell,3.0333334604899087,3,4400,NYG@LV,NYG,LV,IR,Hamstring,,,,RB/FLEX
95480-152631,WR,Samori,Samori Toure,Toure,2.1399999618530274,5,4400,LAR@GB,GB,LAR,NA,Coach's decision,,,,WR/FLEX
95480-87127,RB,Chris,Chris Rodriguez Jr.,Rodriguez Jr.,1.524999976158142,4,4400,WAS@NE,WAS,NE,,,,,,RB/FLEX
95480-87260,TE,Isaiah,Isaiah Likely,Likely,1.2399999618530273,5,4400,SEA@BAL,BAL,SEA,,,,,,TE/FLEX
95480-12551,D,Tampa Bay,Tampa Bay Buccaneers,Buccaneers,8.571428571428571,7,4400,TB@HOU,TB,HOU,,,,,,DEF
95480-94481,WR,Deven,Deven Thompkins,Thompkins,2.9285714285714284,7,4400,TB@HOU,TB,HOU,,,,,,WR/FLEX
95480-53639,WR,Isaiah,Isaiah McKenzie,McKenzie,0.9375,8,4400,IND@CAR,IND,CAR,,,,,,WR/FLEX
95480-63907,TE,Josh,Josh Oliver,Oliver,3.2,5,4400,MIN@ATL,MIN,ATL,,,,,,TE/FLEX
95480-32243,WR,Marquise,Marquise Goodwin,Goodwin,0.8285714558192662,7,4400,ARI@CLE,CLE,ARI,,,,,,WR/FLEX
95480-69295,WR,Byron,Byron Pringle,Pringle,1.3,5,4400,WAS@NE,WAS,NE,,,,,,WR/FLEX
95480-61112,TE,Josiah,Josiah Deguara,Deguara,3.1000000635782876,3,4400,LAR@GB,GB,LAR,,,,,,TE/FLEX
95480-69451,TE,Jack,Jack Stoll,Stoll,1,2,4400,DAL@PHI,PHI,DAL,,,,,,TE/FLEX
95480-27477,WR,Sterling,Sterling Shepard,Shepard,0.5199999809265137,5,4400,NYG@LV,NYG,LV,,,,,,WR/FLEX
95480-70601,TE,Harrison,Harrison Bryant,Bryant,1.2571428843906947,7,4400,ARI@CLE,CLE,ARI,,,,,,TE/FLEX
95480-24533,TE,Mo,Mo Alie-Cox,Alie-Cox,2.616666634877523,6,4400,IND@CAR,IND,CAR,,,,,,TE/FLEX
95480-89209,RB,Trestan,Trestan Ebner,Ebner,0.5199999809265137,10,4300,CHI@NO,CHI,NO,Q,Concussion,,,,RB/FLEX
95480-53390,WR,Zach,Zach Pascal,Pascal,0.6500000158945719,6,4300,ARI@CLE,ARI,CLE,,,,,,WR/FLEX
95480-90307,TE,Daniel,Daniel Bellinger,Bellinger,0.8399999618530274,5,4300,NYG@LV,NYG,LV,,,,,,TE/FLEX
95480-131328,RB,Zach,Zach Evans,Evans,1,1,4300,LAR@GB,LAR,GB,,,,,,RB/FLEX
95480-12555,D,Baltimore,Baltimore Ravens,Ravens,9.5,8,4300,SEA@BAL,BAL,SEA,,,,,,DEF
95480-91417,TE,Luke,Luke Schoonmaker,Schoonmaker,1.6799999237060548,5,4300,DAL@PHI,DAL,PHI,,,,,,TE/FLEX
95480-87371,RB,Ty,Ty Chandler,Chandler,1.5714285714285714,7,4300,MIN@ATL,MIN,ATL,,,,,,RB/FLEX
95480-71032,WR,Devin,Devin Duvernay,Duvernay,0.47142856461661203,7,4300,SEA@BAL,BAL,SEA,,,,,,WR/FLEX
95480-88548,WR,Jalen,Jalen Tolbert,Tolbert,1.7200000762939454,5,4300,DAL@PHI,DAL,PHI,,,,,,WR/FLEX
95480-185861,RB,Emanuel,Emanuel Wilson,Wilson,1.9666666984558105,3,4300,LAR@GB,GB,LAR,,,,,,RB/FLEX
95480-58041,RB,Mike,Mike Boone,Boone,1.3800000190734862,5,4300,TB@HOU,HOU,TB,,,,,,RB/FLEX
95480-29411,TE,Pharaoh,Pharaoh Brown,Brown,6.625,4,4300,WAS@NE,NE,WAS,,,,,,TE/FLEX
95480-94094,TE,Brevin,Brevin Jordan,Jordan,4.533333460489909,3,4300,TB@HOU,HOU,TB,NA,Foot,,,,TE/FLEX
95480-94116,TE,Will,Will Mallory,Mallory,1.75,4,4300,IND@CAR,IND,CAR,,,,,,TE/FLEX
95480-69655,TE,Stephen,Stephen Sullivan,Sullivan,1.7999999523162842,1,4200,IND@CAR,CAR,IND,,,,,,TE/FLEX
95480-137254,RB,Deuce,Deuce Vaughn,Vaughn,2.0999999046325684,4,4200,DAL@PHI,DAL,PHI,,,,,,RB/FLEX
95480-29734,RB,Ty,Ty Montgomery II,Montgomery II,1,5,4200,WAS@NE,NE,WAS,,,,,,RB/FLEX
95480-89157,RB,Caleb,Caleb Huntley,Huntley,3.6583334604899087,12,4200,MIN@ATL,ATL,MIN,Q,Achilles,,,,RB/FLEX
95480-87112,WR,Josh,Josh Ali,Ali,0,1,4200,MIN@ATL,ATL,MIN,IR,Ankle,,,,WR/FLEX
95480-89185,TE,Ben,Ben Sims,Sims,1.2000000476837158,2,4200,LAR@GB,GB,LAR,,,,,,TE/FLEX
95480-63646,TE,Lawrence,Lawrence Cager,Cager,2.700000047683716,1,4200,NYG@LV,NYG,LV,,,,,,TE/FLEX
95480-70859,TE,Albert,Albert Okwuegbunam,Okwuegbunam,3.4166666666666665,6,4200,DAL@PHI,PHI,DAL,,,,,,TE/FLEX
95480-93391,TE,Payne,Payne Durham,Durham,0.4333333174387614,3,4200,TB@HOU,TB,HOU,,,,,,TE/FLEX
95480-63697,TE,Brycen,Brycen Hopkins,Hopkins,1.5333333015441895,3,4200,LAR@GB,LAR,GB,,,,,,TE/FLEX
95480-12556,D,Houston,Houston Texans,Texans,7.571428571428571,7,4200,TB@HOU,HOU,TB,,,,,,DEF
95480-56708,TE,Will,Will Dissly,Dissly,2.866666793823242,3,4200,SEA@BAL,SEA,BAL,,,,,,TE/FLEX
95480-94625,WR,Jalen,Jalen Reagor,Reagor,0.800000011920929,2,4200,WAS@NE,NE,WAS,,,,,,WR/FLEX
95480-40371,TE,Johnny,Johnny Mundt,Mundt,1.4500000476837158,2,4200,MIN@ATL,MIN,ATL,,,,,,TE/FLEX
95480-57840,RB,Rashaad,Rashaad Penny,Penny,1.899999976158142,1,4200,DAL@PHI,PHI,DAL,,,,,,RB/FLEX
95480-114180,WR,David,David Bell,Bell,1.7666667302449544,3,4200,ARI@CLE,CLE,ARI,NA,Knee,,,,WR/FLEX
95480-102928,RB,Eric,Eric Gray,Gray,0.47142856461661203,7,4200,NYG@LV,NYG,LV,IR,Calf,,,,RB/FLEX
95480-69168,WR,N'Keal,N'Keal Harry,Harry,3.5166667302449546,6,4200,MIN@ATL,MIN,ATL,,,,,,WR/FLEX
95480-71246,WR,Marquez,Marquez Callaway,Callaway,2.9799999237060546,10,4200,NYG@LV,LV,NYG,,,,,,WR/FLEX
95480-86646,RB,Trey,Trey Sermon,Sermon,1.099999984105428,3,4200,IND@CAR,IND,CAR,,,,,,RB/FLEX
95480-38523,TE,Geoff,Geoff Swaim,Swaim,1.5,3,4200,ARI@CLE,ARI,CLE,,,,,,TE/FLEX
95480-92890,WR,Cody,Cody White,White,0.699999988079071,1,4200,SEA@BAL,SEA,BAL,,,,,,WR/FLEX
95480-88816,TE,Peyton,Peyton Hendershot,Hendershot,0.26666667064030963,3,4200,DAL@PHI,DAL,PHI,IR,Ankle,,,,TE/FLEX
95480-72493,WR,Trishton,Trishton Jackson,Jackson,1.2000000476837158,1,4200,MIN@ATL,MIN,ATL,,,,,,WR/FLEX
95480-87859,WR,Laviska,Laviska Shenault Jr.,Shenault Jr.,2.2166666984558105,6,4200,IND@CAR,CAR,IND,O,Ankle,,,,WR/FLEX
95480-40758,RB,Corey,Corey Clement,Clement,4.849999904632568,4,4200,ARI@CLE,ARI,CLE,,,,,,RB/FLEX
95480-41806,WR,Laquon,Laquon Treadwell,Treadwell,2.3999999364217124,3,4200,SEA@BAL,BAL,SEA,,,,,,WR/FLEX
95480-137059,RB,Sean,Sean Tucker,Tucker,1.3999999364217122,3,4200,TB@HOU,TB,HOU,NA,Coach's decision,,,,RB/FLEX
95480-93026,TE,Teagan,Teagan Quitoriano,Quitoriano,1.433333396911621,3,4200,TB@HOU,HOU,TB,IR,Groin,,,,TE/FLEX
95480-70501,RB,C.J.,C.J. Ham,Ham,1.1999999682108562,3,4200,MIN@ATL,MIN,ATL,,,,,,RB/FLEX
95480-134023,RB,Keaton,Keaton Mitchell,Mitchell,1.399999976158142,1,4200,SEA@BAL,BAL,SEA,,,,,,RB/FLEX
95480-45997,WR,Keith,Keith Kirkwood,Kirkwood,0.15000000596046448,4,4200,CHI@NO,NO,CHI,NA,Coach's decision,,,,WR/FLEX
95480-43973,RB,Keith,Keith Smith,Smith,1.2333333492279053,3,4200,MIN@ATL,ATL,MIN,NA,Concussion,,,,RB/FLEX
95480-57338,TE,Jordan,Jordan Akins,Akins,0.9199999809265137,5,4200,ARI@CLE,CLE,ARI,,,,,,TE/FLEX
95480-70663,WR,Frank,Frank Darby,Darby,2,1,4100,MIN@ATL,ATL,MIN,,,,,,WR/FLEX
95480-72772,RB,Avery,Avery Williams,Williams,1.6176470588235294,17,4100,MIN@ATL,ATL,MIN,IR,Knee - acl,,,,RB/FLEX
95480-68714,TE,Ko,Ko Kieft,Kieft,0,1,4100,TB@HOU,TB,HOU,,,,,,TE/FLEX
95480-79980,TE,Eric,Eric Saubert,Saubert,2.176923018235427,13,4100,TB@HOU,HOU,TB,,,,,,TE/FLEX
95480-55414,WR,Cody,Cody Thompson,Thompson,1.5,1,4100,SEA@BAL,SEA,BAL,,,,,,WR/FLEX
95480-68730,TE,Sean,Sean McKeon,McKeon,0,3,4100,DAL@PHI,DAL,PHI,,,,,,TE/FLEX
95480-79998,WR,Keelan,Keelan Cole Sr.,Cole Sr.,2.281818216497248,11,4100,NYG@LV,LV,NYG,,,,,,WR/FLEX
95480-104577,WR,Gunner,Gunner Olszewski,Olszewski,-1.1666666666666667,3,4100,NYG@LV,NYG,LV,,,,,,WR/FLEX
95480-58499,TE,Parker,Parker Hesse,Hesse,1.4888888465033636,9,4100,MIN@ATL,ATL,MIN,O,Undisclosed,,,,TE/FLEX
95480-94345,TE,Cole,Cole Turner,Turner,3.049999952316284,4,4100,WAS@NE,WAS,NE,,,,,,TE/FLEX
95480-28827,RB,Dare,Dare Ogunbowale,Ogunbowale,0.4000000059604645,1,4100,TB@HOU,HOU,TB,,,,,,RB/FLEX
95480-32957,TE,Eric,Eric Tomlinson,Tomlinson,3.049999952316284,8,4100,SEA@BAL,BAL,SEA,,,,,,TE/FLEX
95480-130288,RB,James,James Robinson,Robinson,7.55454531582919,11,4100,LAR@GB,GB,LAR,,,,,,RB/FLEX
95480-11512,TE,Jimmy,Jimmy Graham,Graham,3.6500000953674316,2,4100,CHI@NO,NO,CHI,NA,Coach's decision,,,,TE/FLEX
95480-12552,D,Washington,Washington Commanders,Commanders,5.5,8,4100,WAS@NE,WAS,NE,,,,,,DEF
95480-30989,RB,Kenyan,Kenyan Drake,Drake,2.0999999046325684,1,4100,ARI@CLE,CLE,ARI,,,,,,RB/FLEX
95480-63839,TE,Tyler,Tyler Mabry,Mabry,7.199999809265137,1,4100,SEA@BAL,SEA,BAL,,,,,,TE/FLEX
95480-64864,TE,Noah,Noah Togiai,Togiai,0,1,4100,NYG@LV,LV,NYG,Q,Undisclosed,,,,TE/FLEX
95480-110978,RB,Evan,Evan Hull,Hull,1.2000000476837158,1,4100,IND@CAR,IND,CAR,IR,Knee,,,,RB/FLEX
95480-87432,WR,Cedric,Cedric Tillman,Tillman,1,1,4100,ARI@CLE,CLE,ARI,,,,,,WR/FLEX
95480-73121,RB,Tony,Tony Jones Jr.,Jones Jr.,7.700000127156575,3,4100,ARI@CLE,ARI,CLE,,,,,,RB/FLEX
95480-80299,RB,Patrick,Patrick Ricard,Ricard,2.2666667302449546,3,4100,SEA@BAL,BAL,SEA,,,,,,RB/FLEX
95480-87469,TE,Jelani,Jelani Woods,Woods,5.141666730244954,12,4100,IND@CAR,IND,CAR,IR,Hamstring,,,,TE/FLEX
95480-103896,WR,Nsimba,Nsimba Webster,Webster,2.4000000953674316,1,4100,CHI@NO,CHI,NO,,,,,,WR/FLEX
95480-87515,WR,Tylan,Tylan Wallace,Wallace,1.0600000381469727,5,4100,SEA@BAL,BAL,SEA,,,,,,WR/FLEX
95480-14820,RB,Nick,Nick Bellore,Bellore,0.30000001192092896,1,4100,SEA@BAL,SEA,BAL,,,,,,RB/FLEX
95480-72182,WR,Dee,Dee Eskridge,Eskridge,-0.5,1,4100,SEA@BAL,SEA,BAL,,,,,,WR/FLEX
95480-34295,WR,Breshad,Breshad Perriman,Perriman,2.3499999046325684,8,4100,IND@CAR,IND,CAR,,,,,,WR/FLEX
95480-185863,RB,Hunter,Hunter Luepke,Luepke,2.325000047683716,4,4100,DAL@PHI,DAL,PHI,,,,,,RB/FLEX
95480-6672,TE,Marcedes,Marcedes Lewis,Lewis,1.7000000476837158,2,4100,CHI@NO,CHI,NO,,,,,,TE/FLEX
95480-73247,RB,Kene,Kene Nwangwu,Nwangwu,0,1,4100,MIN@ATL,MIN,ATL,NA,Coach's decision,,,,RB/FLEX
95480-138786,WR,Malik,Malik Heath,Heath,0,3,4100,LAR@GB,GB,LAR,,,,,,WR/FLEX
95480-160303,TE,Tucker,Tucker Kraft,Kraft,1.5,1,4100,LAR@GB,GB,LAR,,,,,,TE/FLEX
95480-87621,WR,A.T.,A.T. Perry,Perry,,,4100,CHI@NO,NO,CHI,,,,,,WR/FLEX
95480-150090,WR,Cade,Cade Johnson,Johnson,2.8333333333333335,3,4100,SEA@BAL,SEA,BAL,,,,,,WR/FLEX
95480-102986,WR,Elijah,Elijah Higgins,Higgins,0.5,1,4100,ARI@CLE,ARI,CLE,,,,,,WR/FLEX
95480-88685,WR,Austin,Austin Trammell,Trammell,-0.4,5,4100,LAR@GB,LAR,GB,,,,,,WR/FLEX
95480-56947,TE,Chris,Chris Myarick,Myarick,2.2857142857142856,7,4100,NYG@LV,NYG,LV,IR,Hand,,,,TE/FLEX
95480-85635,TE,Charlie,Charlie Kolar,Kolar,0,1,4100,SEA@BAL,BAL,SEA,,,,,,TE/FLEX
95480-64147,WR,Britain,Britain Covey,Covey,0,7,4100,DAL@PHI,PHI,DAL,,,,,,WR/FLEX
95480-86682,TE,Grant,Grant Calcaterra,Calcaterra,2.1200000762939455,5,4100,DAL@PHI,PHI,DAL,O,Concussion,,,,TE/FLEX
95480-69276,WR,Bryan,Bryan Edwards,Edwards,0.75,4,4100,CHI@NO,NO,CHI,,,,,,WR/FLEX
95480-52897,RB,Darrel,Darrel Williams,Williams,3.8200000762939452,5,4100,CHI@NO,NO,CHI,,,,,,RB/FLEX
95480-80546,TE,Dan,Dan Arnold,Arnold,1.8,10,4100,DAL@PHI,PHI,DAL,,,,,,TE/FLEX
95480-72370,RB,J.J.,J.J. Taylor,Taylor,2.200000047683716,1,4100,TB@HOU,HOU,TB,,,,,,RB/FLEX
95480-89785,RB,Spencer,Spencer Brown,Brown,3.1500000953674316,2,4100,IND@CAR,CAR,IND,,,,,,RB/FLEX
95480-92859,WR,Jalen,Jalen Nailor,Nailor,5.679999923706054,5,4100,MIN@ATL,MIN,ATL,NA,Hamstring,,,,WR/FLEX
95480-65231,RB,Adam,Adam Prentice,Prentice,-0.5,1,4100,CHI@NO,NO,CHI,IR,Knee,,,,RB/FLEX
95480-63186,WR,James,James Proche II,Proche II,0.9199999809265137,10,4100,ARI@CLE,CLE,ARI,,,,,,WR/FLEX
95480-94936,RB,Larry,Larry Rountree III,Rountree III,2.1500000953674316,2,4100,TB@HOU,HOU,TB,,,,,,RB/FLEX
95480-56041,RB,Khari,Khari Blasingame,Blasingame,0.8199999809265137,5,4100,CHI@NO,CHI,NO,,,,,,RB/FLEX
95480-61172,TE,Tyler,Tyler Davis,Davis,0.9199999809265137,5,4100,LAR@GB,GB,LAR,IR,Knee,,,,TE/FLEX
95480-69383,WR,Dezmon,Dezmon Patmon,Patmon,3.4000000953674316,1,4100,IND@CAR,CAR,IND,,,,,,WR/FLEX
95480-22288,WR,Cole,Cole Beasley,Beasley,3.1142856052943637,7,4100,NYG@LV,NYG,LV,,,,,,WR/FLEX
95480-72515,TE,Ian,Ian Thomas,Thomas,1.5333333015441895,3,4100,IND@CAR,CAR,IND,IR,Calf,,,,TE/FLEX
95480-136031,WR,Rakim,Rakim Jarrett,Jarrett,0.6800000190734863,5,4100,TB@HOU,TB,HOU,,,,,,WR/FLEX
95480-119653,WR,Kayshon,Kayshon Boutte,Boutte,0,1,4100,WAS@NE,NE,WAS,NA,Coach's decision,,,,WR/FLEX
95480-93075,TE,Hunter,Hunter Long,Long,0,1,4100,LAR@GB,LAR,GB,IR,Hamstring,,,,TE/FLEX
95480-72627,RB,Patrick,Patrick Taylor,Taylor,2.0999999046325684,4,4100,WAS@NE,NE,WAS,,,,,,RB/FLEX
95480-69558,WR,Greg,Greg Dortch,Dortch,0,7,4100,ARI@CLE,ARI,CLE,,,,,,WR/FLEX
95480-65477,TE,Giovanni,Giovanni Ricci,Ricci,0.699999988079071,1,4100,IND@CAR,CAR,IND,IR,Shoulder,,,,TE/FLEX
95480-93134,RB,Deon,Deon Jackson,Jackson,1.2999999523162842,1,4100,NYG@LV,NYG,LV,,,,,,RB/FLEX
95480-119788,WR,Xavier,Xavier Hutchinson,Hutchinson,0.9666666984558105,3,4100,TB@HOU,HOU,TB,,,,,,WR/FLEX
95480-63479,RB,John,John Kelly Jr.,Kelly Jr.,,,4100,ARI@CLE,CLE,ARI,,,,,,RB/FLEX
95480-193538,RB,Aaron,Aaron Dykes,Dykes,,,4000,MIN@ATL,MIN,ATL,,,,,,RB/FLEX
95480-92166,WR,Marcus,Marcus Jones,Jones,0,1,4000,WAS@NE,NE,WAS,IR,Shoulder,,,,WR/FLEX
95480-110603,RB,Titus,Titus Swen,Swen,,,4000,IND@CAR,IND,CAR,,,,,,RB/FLEX
95480-96269,RB,Owen,Owen Wright,Wright,,,4000,SEA@BAL,BAL,SEA,,,,,,RB/FLEX
95480-40977,TE,Ricky,Ricky Seals-Jones,Seals-Jones,,,4000,IND@CAR,IND,CAR,Q,Foot,,,,TE/FLEX
95480-170000,WR,Shemar,Shemar Bridges,Bridges,,,4000,SEA@BAL,BAL,SEA,,,,,,WR/FLEX
95480-28694,TE,Jesse,Jesse James,James,,,4000,CHI@NO,NO,CHI,,,,,,TE/FLEX
95480-86047,RB,Malik,Malik Davis,Davis,5.233333269755046,6,4000,DAL@PHI,DAL,PHI,,,,,,RB/FLEX
95480-110624,WR,C.J.,C.J. Johnson,Johnson,,,4000,SEA@BAL,SEA,BAL,,,,,,WR/FLEX
95480-56356,WR,Isaiah,Isaiah Ford,Ford,,,4000,CHI@NO,CHI,NO,Q,Undisclosed,,,,WR/FLEX
95480-138277,WR,Jalen,Jalen Brooks,Brooks,,,4000,DAL@PHI,DAL,PHI,,,,,,WR/FLEX
95480-133163,WR,Ra'Shaun,Ra'Shaun Henry,Henry,,,4000,SEA@BAL,SEA,BAL,Q,Undisclosed,,,,WR/FLEX
95480-94269,RB,Henry,Henry Pearson,Pearson,,,4000,LAR@GB,GB,LAR,,,,,,RB/FLEX
95480-63550,WR,Isaiah,Isaiah Zuber,Zuber,,,4000,NYG@LV,LV,NYG,Q,Undisclosed,,,,WR/FLEX
95480-64575,RB,Derrick,Derrick Gore,Gore,,,4000,WAS@NE,WAS,NE,,,,,,RB/FLEX
95480-174148,RB,Carlos,Carlos Washington Jr.,Washington Jr.,,,4000,MIN@ATL,ATL,MIN,,,,,,RB/FLEX
95480-165962,TE,Nikola,Nikola Kalinic,Kalinic,0,1,4000,LAR@GB,LAR,GB,,,,,,TE/FLEX
95480-68686,WR,C.J.,C.J. Saunders,Saunders,,,4000,MIN@ATL,ATL,MIN,,,,,,WR/FLEX
95480-87122,WR,Lynn,Lynn Bowden Jr.,Bowden Jr.,0,1,4000,CHI@NO,NO,CHI,,,,,,WR/FLEX
95480-63576,WR,Kirk,Kirk Merritt,Merritt,,,4000,CHI@NO,NO,CHI,,,,,,WR/FLEX
95480-24671,WR,Adam,Adam Humphries,Humphries,,,4000,TB@HOU,HOU,TB,,,,,,WR/FLEX
95480-86113,WR,Ihmir,Ihmir Smith-Marsette,Smith-Marsette,0,7,4000,IND@CAR,CAR,IND,,,,,,WR/FLEX
95480-92256,WR,Malik,Malik Knowles,Knowles,,,4000,MIN@ATL,MIN,ATL,IR,Undisclosed,,,,WR/FLEX
95480-46177,TE,David,David Wells,Wells,0,1,4000,TB@HOU,TB,HOU,NA,Coach's decision,,,,TE/FLEX
95480-68708,TE,Seth,Seth Green,Green,,,4000,DAL@PHI,DAL,PHI,,,,,,TE/FLEX
95480-79974,RB,Tarik,Tarik Cohen,Cohen,,,4000,IND@CAR,CAR,IND,,,,,,RB/FLEX
95480-63591,RB,Ronald,Ronald Jones II,Jones II,2.616666634877523,6,4000,DAL@PHI,DAL,PHI,,,,,,RB/FLEX
95480-68712,WR,Tyler,Tyler Johnson,Johnson,,,4000,LAR@GB,LAR,GB,,,,,,WR/FLEX
95480-94314,RB,Camerun,Camerun Peoples,Peoples,,,4000,IND@CAR,CAR,IND,,,,,,RB/FLEX
95480-86125,WR,Brandon,Brandon Smith,Smith,,,4000,ARI@CLE,ARI,CLE,,,,,,WR/FLEX
95480-79982,RB,Alex,Alex Armah,Armah,0.5,1,4000,WAS@NE,WAS,NE,,,,,,RB/FLEX
95480-79987,WR,David,David Moore,Moore,,,4000,TB@HOU,TB,HOU,,,,,,WR/FLEX
95480-63603,WR,Jared,Jared Pinkney,Pinkney,,,4000,CHI@NO,CHI,NO,Q,Undisclosed,,,,WR/FLEX
95480-30837,WR,Jordan,Jordan Matthews,Matthews,,,4000,IND@CAR,CAR,IND,,,,,,WR/FLEX
95480-64634,WR,Alex,Alex Bachman,Bachman,,,4000,TB@HOU,HOU,TB,Q,Oblique,,,,WR/FLEX
95480-89214,RB,Abram,Abram Smith,Smith,,,4000,MIN@ATL,MIN,ATL,,,,,,RB/FLEX
95480-71806,TE,Kaden,Kaden Smith,Smith,,,4000,WAS@NE,WAS,NE,,,,,,TE/FLEX
95480-84101,WR,Vyncint,Vyncint Smith,Smith,,,4000,IND@CAR,IND,CAR,,,,,,WR/FLEX
95480-95370,TE,Ryan,Ryan Miller,Miller,,,4000,TB@HOU,TB,HOU,,,,,,TE/FLEX
95480-71821,WR,Joe,Joe Reed,Reed,,,4000,CHI@NO,CHI,NO,IR,Undisclosed,,,,WR/FLEX
95480-72863,TE,Armani,Armani Rogers,Rogers,2.3,5,4000,WAS@NE,WAS,NE,IR,Achilles,,,,TE/FLEX
95480-86178,TE,Dominique,Dominique Dafney,Dafney,,,4000,TB@HOU,TB,HOU,Q,Undisclosed,,,,TE/FLEX
95480-92331,TE,Johnny,Johnny Lumpkin,Lumpkin,,,4000,IND@CAR,IND,CAR,,,,,,TE/FLEX
95480-89265,TE,Camren,Camren McDonald,McDonald,,,4000,LAR@GB,LAR,GB,,,,,,TE/FLEX
95480-157875,WR,Grant,Grant DuBose,DuBose,,,4000,LAR@GB,GB,LAR,,,,,,WR/FLEX
95480-105648,RB,Tyler,Tyler Goodson,Goodson,,,4000,IND@CAR,IND,CAR,,,,,,RB/FLEX
95480-86192,WR,KJ,KJ Hamler,Hamler,3.7166665395100913,6,4000,IND@CAR,IND,CAR,,,,,,WR/FLEX
95480-52409,RB,Jakob,Jakob Johnson,Johnson,1.7000000476837158,1,4000,NYG@LV,LV,NYG,O,Concussion,,,,RB/FLEX
95480-65737,TE,Sam,Sam Tecklenburg,Tecklenburg,,,4000,IND@CAR,CAR,IND,,,,,,TE/FLEX
95480-54472,WR,Cam,Cam Sims,Sims,1.0749999682108562,12,4000,NYG@LV,NYG,LV,,,,,,WR/FLEX
95480-149710,WR,Mike,Mike Strachan,Strachan,1.4800000190734863,5,4000,IND@CAR,CAR,IND,,,,,,WR/FLEX
95480-69836,WR,Collin,Collin Johnson,Johnson,,,4000,CHI@NO,CHI,NO,,,,,,WR/FLEX
95480-167117,WR,Tyler,Tyler Hudson,Hudson,,,4000,LAR@GB,LAR,GB,,,,,,WR/FLEX
95480-149727,TE,Bernhard,Bernhard Seikovits,Seikovits,,,4000,ARI@CLE,ARI,CLE,,,,,,TE/FLEX
95480-137439,WR,Zion,Zion Bowens,Bowens,,,4000,WAS@NE,WAS,NE,,,,,,WR/FLEX
95480-57565,RB,Austin,Austin Walter,Walter,,,4000,NYG@LV,LV,NYG,IR,Undisclosed,,,,RB/FLEX
95480-95455,WR,D.J.,D.J. Montgomery,Montgomery,,,4000,IND@CAR,IND,CAR,,,,,,WR/FLEX
95480-170208,WR,Kaden,Kaden Davis,Davis,,,4000,ARI@CLE,ARI,CLE,,,,,,WR/FLEX
95480-130275,WR,Kristian,Kristian Wilkerson,Wilkerson,,,4000,NYG@LV,LV,NYG,,,,,,WR/FLEX
95480-68835,RB,CJ,CJ Marable,Marable,,,4000,WAS@NE,NE,WAS,,,,,,RB/FLEX
95480-170214,WR,Dennis,Dennis Houston,Houston,1.2999999523162842,2,4000,NYG@LV,NYG,LV,,,,,,WR/FLEX
95480-88294,WR,Dontay,Dontay Demus Jr.,Demus Jr.,,,4000,SEA@BAL,BAL,SEA,,,,,,WR/FLEX
95480-92395,RB,Chris,Chris Smith,Smith,,,4000,SEA@BAL,SEA,BAL,,,,,,RB/FLEX
95480-149742,RB,Nate,Nate McCrary,McCrary,,,4000,ARI@CLE,CLE,ARI,,,,,,RB/FLEX
95480-91373,TE,Joel,Joel Honigford,Honigford,,,4000,ARI@CLE,ARI,CLE,,,,,,TE/FLEX
95480-90353,WR,Jesse,Jesse Matthews,Matthews,,,4000,TB@HOU,HOU,TB,IR,Knee - acl,,,,WR/FLEX
95480-94453,RB,Darwin,Darwin Thompson,Thompson,,,4000,NYG@LV,LV,NYG,,,,,,RB/FLEX
95480-88313,WR,Brian,Brian Cobbs,Cobbs,,,4000,ARI@CLE,ARI,CLE,,,,,,WR/FLEX
95480-61693,TE,Danny,Danny Pinter,Pinter,,,4000,IND@CAR,IND,CAR,IR,Ankle,,,,TE/FLEX
95480-12543,D,New York,New York Giants,Giants,5.625,8,4000,NYG@LV,NYG,LV,,,,,,DEF
95480-12545,D,Philadelphia,Philadelphia Eagles,Eagles,7.625,8,4000,DAL@PHI,PHI,DAL,,,,,,DEF
95480-115971,WR,Shaq,Shaq Davis,Davis,,,4000,CHI@NO,NO,CHI,O,Undisclosed,,,,WR/FLEX
95480-92432,WR,Jose,Jose Barbon,Barbon,,,4000,DAL@PHI,DAL,PHI,,,,,,WR/FLEX
95480-191760,RB,Toriano,Toriano Clinton,Clinton,,,4000,IND@CAR,IND,CAR,,,,,,RB/FLEX
95480-185627,WR,Jalen,Jalen Sample,Sample,,,4000,WAS@NE,WAS,NE,,,,,,WR/FLEX
95480-60705,WR,Tyron,Tyron Billy-Johnson,Billy-Johnson,0.6499999761581421,2,4000,DAL@PHI,DAL,PHI,,,,,,WR/FLEX
95480-29985,WR,Jaydon,Jaydon Mickens,Mickens,,,4000,NYG@LV,NYG,LV,,,,,,WR/FLEX
95480-68901,RB,Gerrid,Gerrid Doaks,Doaks,,,4000,TB@HOU,HOU,TB,,,,,,RB/FLEX
95480-185639,WR,Keilahn,Keilahn Harris,Harris,,,4000,MIN@ATL,ATL,MIN,Q,Undisclosed,,,,WR/FLEX
95480-91428,WR,Tarik,Tarik Black,Black,,,4000,SEA@BAL,BAL,SEA,,,,,,WR/FLEX
95480-130343,WR,Jeff,Jeff Cotton Jr.,Cotton Jr.,,,4000,LAR@GB,GB,LAR,Q,Undisclosed,,,,WR/FLEX
95480-91431,RB,Ben,Ben Mason,Mason,,,4000,SEA@BAL,BAL,SEA,,,,,,RB/FLEX
95480-90408,WR,Dax,Dax Milne,Milne,0.8466666539510092,15,4000,WAS@NE,WAS,NE,IR,Groin,,,,WR/FLEX
95480-185646,WR,Zay,Zay Malone,Malone,,,4000,MIN@ATL,ATL,MIN,,,,,,WR/FLEX
95480-170290,TE,Dre,Dre Miller,Miller,,,4000,LAR@GB,GB,LAR,,,,,,TE/FLEX
95480-92465,WR,Sean,Sean Ryan,Ryan,,,4000,SEA@BAL,BAL,SEA,,,,,,WR/FLEX
95480-53562,RB,Nick,Nick Chubb,Chubb,10.550000190734863,2,4000,ARI@CLE,CLE,ARI,IR,Knee - acl + mcl,,,,RB/FLEX
95480-185660,WR,Malik,Malik Flowers,Flowers,,,4000,NYG@LV,LV,NYG,,,,,,WR/FLEX
95480-102721,WR,Dontario,Dontario Drummond,Drummond,,,4000,DAL@PHI,DAL,PHI,,,,,,WR/FLEX
95480-73046,WR,Tre,Tre Nixon,Nixon,,,4000,WAS@NE,NE,WAS,IR,Shoulder,,,,WR/FLEX
95480-90458,RB,Troy,Troy Hairston,Hairston,0.6285714421953473,7,4000,TB@HOU,HOU,TB,IR,Back,,,,RB/FLEX
95480-25957,TE,J.P.,J.P. Holtz,Holtz,,,4000,CHI@NO,NO,CHI,,,,,,TE/FLEX
95480-153957,TE,Zaire,Zaire Mitchell-Paden,Mitchell-Paden,,,4000,ARI@CLE,CLE,ARI,,,,,,TE/FLEX
95480-102762,RB,Kevin,Kevin Harris,Harris,2.2399999618530275,5,4000,WAS@NE,NE,WAS,,,,,,RB/FLEX
95480-63851,TE,Tyree,Tyree Jackson,Jackson,,,4000,NYG@LV,NYG,LV,,,,,,TE/FLEX
95480-91504,WR,Blake,Blake Proehl,Proehl,,,4000,MIN@ATL,MIN,ATL,,,,,,WR/FLEX
95480-90483,TE,Bernhard,Bernhard Raimann,Raimann,,,4000,IND@CAR,IND,CAR,,,,,,TE/FLEX
95480-22898,RB,Brandon,Brandon Bolden,Bolden,2.8499999046325684,8,4000,NYG@LV,LV,NYG,,,,,,RB/FLEX
95480-90487,WR,Kalil,Kalil Pimpleton,Pimpleton,,,4000,NYG@LV,NYG,LV,,,,,,WR/FLEX
95480-39286,TE,O.J.,O.J. Howard,Howard,2.8636363636363638,11,4000,NYG@LV,LV,NYG,,,,,,TE/FLEX
95480-60791,TE,Tommy,Tommy Hudson,Hudson,,,4000,CHI@NO,NO,CHI,,,,,,TE/FLEX
95480-38264,WR,Demarcus,Demarcus Robinson,Robinson,5.3941174675436585,17,4000,LAR@GB,LAR,GB,,,,,,WR/FLEX
95480-56698,WR,Dante,Dante Pettis,Pettis,3.7133333841959635,15,4000,CHI@NO,CHI,NO,Q,Undisclosed,,,,WR/FLEX
95480-73089,TE,Devin,Devin Asiasi,Asiasi,0.375,4,4000,ARI@CLE,CLE,ARI,,,,,,TE/FLEX
95480-94600,WR,John,John Stephens Jr.,Stephens Jr.,,,4000,DAL@PHI,DAL,PHI,IR,Knee - acl,,,,WR/FLEX
95480-64907,WR,J.J.,J.J. Arcega-Whiteside,Arcega-Whiteside,,,4000,MIN@ATL,ATL,MIN,,,,,,WR/FLEX
95480-185742,WR,Braxton,Braxton Westfield,Westfield,,,4000,IND@CAR,IND,CAR,,,,,,WR/FLEX
95480-88463,WR,Johnny,Johnny Johnson III,Johnson III,,,4000,TB@HOU,HOU,TB,,,,,,WR/FLEX
95480-55694,WR,Mike,Mike Thomas,Thomas,1.7000000476837158,4,4000,SEA@BAL,BAL,SEA,Q,Shoulder - labrum,,,,WR/FLEX
95480-94606,WR,Taye,Taye Barber,Barber,,,4000,TB@HOU,TB,HOU,,,,,,WR/FLEX
95480-185747,WR,Cody,Cody Chrest,Chrest,,,4000,LAR@GB,GB,LAR,,,,,,WR/FLEX
95480-185744,WR,Johnny,Johnny King,King,,,4000,DAL@PHI,PHI,DAL,,,,,,WR/FLEX
95480-102802,WR,Makai,Makai Polk,Polk,,,4000,SEA@BAL,BAL,SEA,,,,,,WR/FLEX
95480-87442,TE,Princeton,Princeton Fant,Fant,,,4000,DAL@PHI,DAL,PHI,,,,,,TE/FLEX
95480-90518,WR,Slade,Slade Bolden,Bolden,,,4000,MIN@ATL,ATL,MIN,,,,,,WR/FLEX
95480-43416,WR,Trent,Trent Taylor,Taylor,-0.04000000059604645,5,4000,CHI@NO,CHI,NO,,,,,,WR/FLEX
95480-93592,WR,Sam,Sam James,James,,,4000,LAR@GB,LAR,GB,,,,,,WR/FLEX
95480-70043,TE,Cole,Cole Fotheringham,Fotheringham,,,4000,NYG@LV,LV,NYG,,,,,,TE/FLEX
95480-185753,WR,T.J.,T.J. Luther,Luther,,,4000,WAS@NE,NE,WAS,,,,,,WR/FLEX
95480-92573,TE,Travis,Travis Vokolek,Vokolek,,,4000,SEA@BAL,BAL,SEA,,,,,,TE/FLEX
95480-96673,WR,Garett,Garett Maag,Maag,,,4000,MIN@ATL,MIN,ATL,,,,,,WR/FLEX
95480-93600,WR,Bryce,Bryce Ford-Wheaton,Ford-Wheaton,,,4000,NYG@LV,NYG,LV,IR,Knee,,,,WR/FLEX
95480-111012,WR,Kaylon,Kaylon Geiger Sr.,Geiger Sr.,,,4000,TB@HOU,TB,HOU,,,,,,WR/FLEX
95480-60838,WR,Andre,Andre Baccellia,Baccellia,0,1,4000,ARI@CLE,ARI,CLE,,,,,,WR/FLEX
95480-185775,TE,Brian,Brian Walker,Walker,,,4000,SEA@BAL,BAL,SEA,,,,,,TE/FLEX
95480-40365,WR,Devon,Devon Allen,Allen,0,1,4000,DAL@PHI,PHI,DAL,,,,,,WR/FLEX
95480-102831,TE,Davis,Davis Allen,Allen,,,4000,LAR@GB,LAR,GB,,,,,,TE/FLEX
95480-185777,TE,Damien,Damien Caffrey,Caffrey,,,4000,CHI@NO,CHI,NO,,,,,,TE/FLEX
95480-185782,WR,Thyrick,Thyrick Pitts,Pitts,,,4000,WAS@NE,NE,WAS,,,,,,WR/FLEX
95480-102836,WR,Joseph,Joseph Ngata,Ngata,,,4000,DAL@PHI,PHI,DAL,,,,,,WR/FLEX
95480-73147,TE,Nick,Nick Eubanks,Eubanks,,,4000,IND@CAR,IND,CAR,,,,,,TE/FLEX
95480-92606,WR,Bo,Bo Melton,Melton,,,4000,LAR@GB,GB,LAR,,,,,,WR/FLEX
95480-47551,TE,Mason,Mason Schreck,Schreck,0.800000011920929,2,4000,TB@HOU,HOU,TB,,,,,,TE/FLEX
95480-69056,WR,Mathew,Mathew Sexton,Sexton,,,4000,MIN@ATL,ATL,MIN,,,,,,WR/FLEX
95480-185792,WR,Tyler,Tyler Adams,Adams,,,4000,IND@CAR,IND,CAR,,,,,,WR/FLEX
95480-72133,WR,Antoine,Antoine Wesley,Wesley,,,4000,NYG@LV,LV,NYG,,,,,,WR/FLEX
95480-55748,WR,James,James Washington,Washington,0,1,4000,IND@CAR,IND,CAR,,,,,,WR/FLEX
95480-55750,WR,Chris,Chris Lacy,Lacy,,,4000,NYG@LV,LV,NYG,Q,Undisclosed,,,,WR/FLEX
95480-73161,TE,Chase,Chase Allen,Allen,,,4000,CHI@NO,CHI,NO,,,,,,TE/FLEX
95480-113096,WR,Xavier,Xavier Smith,Smith,,,4000,LAR@GB,LAR,GB,,,,,,WR/FLEX
95480-88525,WR,Kawaan,Kawaan Baker,Baker,,,4000,CHI@NO,NO,CHI,,,,,,WR/FLEX
95480-31184,RB,Jonathan,Jonathan Williams,Williams,2.8375000953674316,8,4000,WAS@NE,WAS,NE,Q,Undisclosed,,,,RB/FLEX
95480-109008,WR,Jalen,Jalen Cropper,Cropper,,,4000,DAL@PHI,DAL,PHI,,,,,,WR/FLEX
95480-136663,RB,DeWayne,DeWayne McBride,McBride,,,4000,MIN@ATL,MIN,ATL,,,,,,RB/FLEX
95480-41430,WR,Devin,Devin Ross,Ross,,,4000,NYG@LV,LV,NYG,,,,,,WR/FLEX
95480-88536,WR,Cephus,Cephus Johnson III,Johnson III,,,4000,TB@HOU,TB,HOU,,,,,,WR/FLEX
95480-54746,TE,Tyler,Tyler Ott,Ott,,,4000,SEA@BAL,BAL,SEA,,,,,,TE/FLEX
95480-185822,TE,Thomas,Thomas Greaney,Greaney,,,4000,ARI@CLE,CLE,ARI,,,,,,TE/FLEX
95480-103901,WR,Davion,Davion Davis,Davis,,,4000,ARI@CLE,ARI,CLE,,,,,,WR/FLEX
95480-103900,TE,Brandon,Brandon Dillon,Dillon,,,4000,WAS@NE,WAS,NE,IR,Undisclosed,,,,TE/FLEX
95480-91612,WR,Matt,Matt Landers,Landers,,,4000,IND@CAR,CAR,IND,,,,,,WR/FLEX
95480-63967,WR,Lucky,Lucky Jackson,Jackson,,,4000,MIN@ATL,MIN,ATL,,,,,,WR/FLEX
95480-185827,RB,Jacob,Jacob Saylors,Saylors,,,4000,MIN@ATL,ATL,MIN,,,,,,RB/FLEX
95480-88547,WR,Jalen,Jalen Wayne,Wayne,,,4000,ARI@CLE,CLE,ARI,,,,,,WR/FLEX
95480-91618,TE,John,John FitzPatrick,FitzPatrick,,,4000,MIN@ATL,ATL,MIN,,,,,,TE/FLEX
95480-112101,WR,Jared,Jared Wayne,Wayne,,,4000,TB@HOU,HOU,TB,,,,,,WR/FLEX
95480-40434,WR,Greg,Greg Ward,Ward,,,4000,DAL@PHI,PHI,DAL,,,,,,WR/FLEX
95480-89586,TE,Tucker,Tucker Fisk,Fisk,,,4000,MIN@ATL,ATL,MIN,,,,,,TE/FLEX
95480-103930,WR,Derek,Derek Wright,Wright,,,4000,IND@CAR,CAR,IND,,,,,,WR/FLEX
95480-128515,RB,Ellis,Ellis Merriweather,Merriweather,,,4000,CHI@NO,NO,CHI,,,,,,RB/FLEX
95480-185862,WR,David,David Durden,Durden,,,4000,DAL@PHI,DAL,PHI,IR,Knee - acl,,,,WR/FLEX
95480-92677,WR,Zavier,Zavier Scott,Scott,,,4000,IND@CAR,IND,CAR,,,,,,WR/FLEX
95480-90628,TE,Griffin,Griffin Hebert,Hebert,,,4000,SEA@BAL,SEA,BAL,,,,,,TE/FLEX
95480-62994,WR,Steven,Steven Sims Jr.,Sims Jr.,2.0333333015441895,12,4000,TB@HOU,HOU,TB,,,,,,WR/FLEX
95480-154139,RB,Clint,Clint Ratkovich,Ratkovich,,,4000,MIN@ATL,ATL,MIN,,,,,,RB/FLEX
95480-89627,WR,Brycen,Brycen Tremayne,Tremayne,,,4000,WAS@NE,WAS,NE,,,,,,WR/FLEX
95480-185887,RB,Ronnie,Ronnie Brown,Brown,,,4000,TB@HOU,TB,HOU,,,,,,RB/FLEX
95480-185884,WR,John,John Hall,Hall,,,4000,SEA@BAL,SEA,BAL,,,,,,WR/FLEX
95480-91679,WR,Josh,Josh Vann,Vann,,,4000,IND@CAR,CAR,IND,,,,,,WR/FLEX
95480-185889,TE,Tanner,Tanner Taula,Taula,,,4000,TB@HOU,TB,HOU,,,,,,TE/FLEX
95480-14895,TE,Patrick,Patrick Scales,Scales,,,4000,CHI@NO,CHI,NO,,,,,,TE/FLEX
95480-185907,RB,Zach,Zach Ojile,Ojile,,,4000,MIN@ATL,MIN,ATL,,,,,,RB/FLEX
95480-60977,RB,Ty'Son,Ty'Son Williams,Williams,1,1,4000,ARI@CLE,ARI,CLE,,,,,,RB/FLEX
95480-60981,TE,Charlie,Charlie Heck,Heck,,,4000,TB@HOU,HOU,TB,NA,Foot,,,,TE/FLEX
95480-57909,RB,Marlon,Marlon Mack,Mack,4.899999891008649,7,4000,ARI@CLE,ARI,CLE,IR,Achilles,,,,RB/FLEX
95480-60984,TE,Jake,Jake Bargas,Bargas,,,4000,CHI@NO,NO,CHI,,,,,,TE/FLEX
95480-71228,WR,Marquez,Marquez Stevenson,Stevenson,,,4000,IND@CAR,CAR,IND,,,,,,WR/FLEX
95480-70206,RB,Jason,Jason Huntley,Huntley,,,4000,IND@CAR,IND,CAR,,,,,,RB/FLEX
95480-30272,TE,Colin,Colin Thompson,Thompson,,,4000,MIN@ATL,MIN,ATL,,,,,,TE/FLEX
95480-86601,RB,SaRodorick,SaRodorick Thompson Jr.,Thompson Jr.,,,4000,SEA@BAL,SEA,BAL,,,,,,RB/FLEX
95480-104008,TE,Stephen,Stephen Carlson,Carlson,,,4000,CHI@NO,CHI,NO,,,,,,TE/FLEX
95480-104012,WR,Ashton,Ashton Dulin,Dulin,5,7,4000,IND@CAR,IND,CAR,IR,Knee - acl,,,,WR/FLEX
95480-54863,WR,C.J.,C.J. Goodwin,Goodwin,,,4000,DAL@PHI,DAL,PHI,IR,Pectoral,,,,WR/FLEX
95480-104019,TE,Matt,Matt Orzech,Orzech,,,4000,LAR@GB,GB,LAR,,,,,,TE/FLEX
95480-87634,TE,Blake,Blake Whiteheart,Whiteheart,,,4000,ARI@CLE,ARI,CLE,NA,Coach's decision,,,,TE/FLEX
95480-63061,WR,Gary,Gary Jennings,Jennings,,,4000,IND@CAR,CAR,IND,,,,,,WR/FLEX
95480-62042,WR,Deon,Deon Cain,Cain,,,4000,DAL@PHI,PHI,DAL,,,,,,WR/FLEX
95480-64097,TE,La'Michael,La'Michael Pettway,Pettway,,,4000,IND@CAR,IND,CAR,Q,Undisclosed,,,,TE/FLEX
95480-186983,WR,Jadakis,Jadakis Bonds,Bonds,,,4000,LAR@GB,GB,LAR,,,,,,WR/FLEX
95480-86635,WR,Charleston,Charleston Rambo,Rambo,,,4000,DAL@PHI,PHI,DAL,Q,Undisclosed,,,,WR/FLEX
95480-66155,TE,Michael,Michael Jacobson,Jacobson,,,4000,CHI@NO,NO,CHI,,,,,,TE/FLEX
95480-139884,TE,Jordan,Jordan Murray,Murray,,,4000,IND@CAR,IND,CAR,,,,,,TE/FLEX
95480-87662,WR,Anthony,Anthony Schwartz,Schwartz,2.7999998728434243,6,4000,ARI@CLE,CLE,ARI,Q,Hamstring,,,,WR/FLEX
95480-104054,RB,Sincere,Sincere McCormick,McCormick,,,4000,NYG@LV,LV,NYG,,,,,,RB/FLEX
95480-86657,RB,Kennedy,Kennedy Brooks,Brooks,,,4000,DAL@PHI,PHI,DAL,,,,,,RB/FLEX
95480-93824,WR,Easop,Easop Winston Jr.,Winston Jr.,,,4000,SEA@BAL,SEA,BAL,,,,,,WR/FLEX
95480-55941,RB,Patrick,Patrick Laird,Laird,,,4000,TB@HOU,TB,HOU,,,,,,RB/FLEX
95480-87690,TE,Sal,Sal Cannella,Cannella,,,4000,SEA@BAL,SEA,BAL,,,,,,TE/FLEX
95480-94864,RB,Jashaun,Jashaun Corbin,Corbin,,,4000,NYG@LV,NYG,LV,Q,Hamstring,,,,RB/FLEX
95480-110230,RB,Kenny,Kenny McIntosh,McIntosh,,,4000,SEA@BAL,SEA,BAL,IR,Knee,,,,RB/FLEX
95480-86678,TE,Ryan,Ryan Jones,Jones,,,4000,NYG@LV,NYG,LV,,,,,,TE/FLEX
95480-93853,WR,Thayer,Thayer Thomas,Thomas,,,4000,MIN@ATL,MIN,ATL,,,,,,WR/FLEX
95480-87711,TE,John Samuel,John Samuel Shenker,Shenker,,,4000,NYG@LV,LV,NYG,,,,,,TE/FLEX
95480-103086,WR,Jadon,Jadon Haselwood,Haselwood,,,4000,DAL@PHI,PHI,DAL,,,,,,WR/FLEX
95480-7856,WR,Matthew,Matthew Slater,Slater,,,4000,WAS@NE,NE,WAS,,,,,,WR/FLEX
95480-87731,WR,Dominique,Dominique Robinson,Robinson,,,4000,CHI@NO,CHI,NO,NA,Coach's decision,,,,WR/FLEX
95480-85687,WR,Jontre,Jontre Kirklin,Kirklin,,,4000,CHI@NO,NO,CHI,,,,,,WR/FLEX
95480-69302,TE,Feleipe,Feleipe Franks,Franks,0,2,4000,MIN@ATL,ATL,MIN,IR,Undisclosed,,,,TE/FLEX
95480-71359,WR,Javon,Javon Wims,Wims,,,4000,IND@CAR,CAR,IND,,,,,,WR/FLEX
95480-71372,WR,Tyrie,Tyrie Cleveland,Cleveland,1.2666666507720947,3,4000,IND@CAR,IND,CAR,,,,,,WR/FLEX
95480-63189,TE,Hunter,Hunter Thedford,Thedford,,,4000,ARI@CLE,CLE,ARI,,,,,,TE/FLEX
95480-89817,WR,Austin,Austin Watkins Jr.,Watkins Jr.,,,4000,ARI@CLE,CLE,ARI,,,,,,WR/FLEX
95480-88793,RB,Stevie,Stevie Scott,Scott,,,4000,ARI@CLE,ARI,CLE,,,,,,RB/FLEX
95480-71386,TE,Jordan,Jordan Thomas,Thomas,,,4000,IND@CAR,CAR,IND,,,,,,TE/FLEX
95480-147168,WR,Chris,Chris Blair,Blair,,,4000,MIN@ATL,ATL,MIN,,,,,,WR/FLEX
95480-85731,WR,Racey,Racey McMath,McMath,1.350000023841858,4,4000,IND@CAR,IND,CAR,,,,,,WR/FLEX
95480-104165,RB,Lew,Lew Nichols III,Nichols III,,,4000,DAL@PHI,PHI,DAL,,,,,,RB/FLEX
95480-87787,RB,J.K.,J.K. Dobbins,Dobbins,10.699999809265137,1,4000,SEA@BAL,BAL,SEA,IR,Achilles,,,,RB/FLEX
95480-54007,TE,Jacob,Jacob Hollister,Hollister,,,4000,NYG@LV,LV,NYG,Q,Undisclosed,,,,TE/FLEX
95480-91897,WR,Ethan,Ethan Fernea,Fernea,,,4000,IND@CAR,IND,CAR,Q,Undisclosed,,,,WR/FLEX
95480-85759,TE,Curtis,Curtis Hodges,Hodges,,,4000,WAS@NE,WAS,NE,NA,Coach's decision,,,,TE/FLEX
95480-152320,RB,Tiyon,Tiyon Evans,Evans,,,4000,IND@CAR,CAR,IND,,,,,,RB/FLEX
95480-85762,RB,Eno,Eno Benjamin,Benjamin,5.93076911339393,13,4000,CHI@NO,NO,CHI,IR,Achilles,,,,RB/FLEX
95480-174853,WR,Kody,Kody Case,Case,,,4000,IND@CAR,IND,CAR,,,,,,WR/FLEX
95480-91923,WR,Kazmeir,Kazmeir Allen,Allen,,,4000,WAS@NE,WAS,NE,,,,,,WR/FLEX
95480-114465,TE,Christian,Christian Sims,Sims,,,4000,LAR@GB,LAR,GB,,,,,,TE/FLEX
95480-71459,RB,Brittain,Brittain Brown,Brown,,,4000,NYG@LV,LV,NYG,IR,Undisclosed,,,,RB/FLEX
95480-87844,TE,Brady,Brady Russell,Russell,,,4000,SEA@BAL,SEA,BAL,,,,,,TE/FLEX
95480-40746,TE,Troy,Troy Fumagalli,Fumagalli,,,4000,MIN@ATL,MIN,ATL,,,,,,TE/FLEX
95480-55088,WR,Malik,Malik Turner,Turner,,,4000,IND@CAR,IND,CAR,,,,,,WR/FLEX
95480-86839,TE,Jack,Jack Coco,Coco,,,4000,ARI@CLE,ARI,CLE,,,,,,TE/FLEX
95480-174907,WR,Sy,Sy Barnett,Barnett,,,4000,CHI@NO,NO,CHI,,,,,,WR/FLEX
95480-92984,WR,Justin,Justin Marshall,Marshall,,,4000,SEA@BAL,SEA,BAL,,,,,,WR/FLEX
95480-158520,WR,Daylen,Daylen Baldwin,Baldwin,3.5,1,4000,ARI@CLE,CLE,ARI,Q,Hamstring,,,,WR/FLEX
95480-92990,RB,Hassan,Hassan Hall,Hall,,,4000,ARI@CLE,ARI,CLE,,,,,,RB/FLEX
95480-90952,WR,Kade,Kade Warner,Warner,,,4000,TB@HOU,TB,HOU,,,,,,WR/FLEX
95480-90955,WR,Tyjon,Tyjon Lindsey,Lindsey,,,4000,SEA@BAL,SEA,BAL,,,,,,WR/FLEX
95480-73551,WR,Stantley,Stantley Thomas-Oliver III,Thomas-Oliver III,,,4000,NYG@LV,NYG,LV,,,,,,WR/FLEX
95480-56142,WR,Juwann,Juwann Winfree,Winfree,0,1,4000,IND@CAR,IND,CAR,,,,,,WR/FLEX
95480-88915,RB,Bryant,Bryant Koback,Koback,,,4000,SEA@BAL,SEA,BAL,,,,,,RB/FLEX
95480-64339,WR,Auden,Auden Tate,Tate,,,4000,ARI@CLE,ARI,CLE,,,,,,WR/FLEX
95480-91989,RB,Jordan,Jordan Mims,Mims,,,4000,CHI@NO,NO,CHI,,,,,,RB/FLEX
95480-93016,RB,B.J.,B.J. Baylor,Baylor,,,4000,MIN@ATL,ATL,MIN,,,,,,RB/FLEX
95480-63321,TE,Rashod,Rashod Berry,Berry,,,4000,IND@CAR,IND,CAR,IR,Suspension,,,,TE/FLEX
95480-90971,TE,Austin,Austin Allen,Allen,,,4000,LAR@GB,GB,LAR,,,,,,TE/FLEX
95480-64350,WR,Jeff,Jeff Smith,Smith,2.4857142312186107,7,4000,ARI@CLE,ARI,CLE,Q,Undisclosed,,,,WR/FLEX
95480-66402,TE,Jack,Jack Driscoll,Driscoll,,,4000,DAL@PHI,PHI,DAL,,,,,,TE/FLEX
95480-169834,WR,Dareke,Dareke Young,Young,2.5,2,4000,SEA@BAL,SEA,BAL,IR,Groin,,,,WR/FLEX
95480-89970,WR,Amari,Amari Rodgers,Rodgers,0,1,4000,IND@CAR,IND,CAR,,,,,,WR/FLEX
95480-63360,WR,Antonio,Antonio Callaway,Callaway,,,4000,DAL@PHI,DAL,PHI,,,,,,WR/FLEX
95480-41867,RB,Jordan,Jordan Wilkins,Wilkins,2.924999952316284,4,4000,ARI@CLE,CLE,ARI,,,,,,RB/FLEX
95480-23435,TE,Andrew,Andrew DePaola,DePaola,,,4000,MIN@ATL,MIN,ATL,,,,,,TE/FLEX
95480-89997,WR,Michael,Michael Woods II,Woods II,1.0833333333333333,6,4000,ARI@CLE,CLE,ARI,IR,Achilles,,,,WR/FLEX
95480-45964,WR,Marcus,Marcus Kemp,Kemp,1.7999999523162842,1,4000,WAS@NE,WAS,NE,,,,,,WR/FLEX
95480-69516,TE,Miller,Miller Forristall,Forristall,0,1,4000,LAR@GB,LAR,GB,,,,,,TE/FLEX
95480-128912,WR,Mitchell,Mitchell Tinsley,Tinsley,,,4000,WAS@NE,WAS,NE,NA,Coach's decision,,,,WR/FLEX
95480-94099,RB,Robert,Robert Burns,Burns,,,4000,CHI@NO,CHI,NO,,,,,,RB/FLEX
95480-56212,TE,Tommy,Tommy Sweeney,Sweeney,1.2000000476837158,1,4000,NYG@LV,NYG,LV,IR,Undisclosed,,,,TE/FLEX
95480-64405,WR,Dan,Dan Chisena,Chisena,,,4000,MIN@ATL,MIN,ATL,,,,,,WR/FLEX
95480-87961,RB,Wayne,Wayne Taulapapa,Taulapapa,,,4000,SEA@BAL,SEA,BAL,,,,,,RB/FLEX
95480-94118,WR,Mike,Mike Harley Jr.,Harley Jr.,,,4000,ARI@CLE,CLE,ARI,,,,,,WR/FLEX
95480-85944,WR,Kyric,Kyric McGowan,McGowan,,,4000,WAS@NE,WAS,NE,,,,,,WR/FLEX
95480-92093,WR,Jaelon,Jaelon Darden,Darden,0,1,4000,ARI@CLE,CLE,ARI,,,,,,WR/FLEX
95480-187324,WR,Ed,Ed Lee,Lee,,,4000,WAS@NE,NE,WAS,,,,,,WR/FLEX
95480-32703,WR,Jakeem,Jakeem Grant Sr.,Grant Sr.,,,4000,ARI@CLE,CLE,ARI,IR,Kneecap,,,,WR/FLEX
95480-89029,TE,Chris,Chris Pierce Jr.,Pierce Jr.,,,4000,ARI@CLE,ARI,CLE,,,,,,TE/FLEX
95480-41936,WR,Anthony,Anthony Miller,Miller,,,4000,IND@CAR,IND,CAR,,,,,,WR/FLEX
95480-30678,WR,Damiere,Damiere Byrd,Byrd,3.7749999364217124,12,4000,MIN@ATL,ATL,MIN,,,,,,WR/FLEX
95480-63447,WR,Penny,Penny Hart,Hart,1.1666666666666667,3,4000,MIN@ATL,ATL,MIN,Q,Concussion,,,,WR/FLEX
95480-54239,TE,Matt,Matt Sokol,Sokol,,,4000,WAS@NE,NE,WAS,,,,,,TE/FLEX
95480-96224,TE,Lachlan,Lachlan Pitts,Pitts,,,4000,CHI@NO,CHI,NO,,,,,,TE/FLEX
95480-41954,WR,Victor,Victor Bolden,Bolden,,,4000,TB@HOU,HOU,TB,,,,,,WR/FLEX
95480-104421,TE,Jesper,Jesper Horsted,Horsted,0.8999999761581421,1,4000,NYG@LV,LV,NYG,,,,,,TE/FLEX
95480-85994,TE,Dalton,Dalton Keene,Keene,,,4000,TB@HOU,HOU,TB,,,,,,TE/FLEX
95480-71662,WR,DJ,DJ Turner,Turner,0.8666666348775228,3,4000,NYG@LV,LV,NYG,,,,,,WR/FLEX
95480-14319,RB,Taiwan,Taiwan Jones,Jones,-1,2,4000,NYG@LV,NYG,LV,,,,,,RB/FLEX
95480-96254,TE,Nick,Nick Muse,Muse,,,4000,MIN@ATL,MIN,ATL,NA,Coach's decision,,,,TE/FLEX
95480-12533,D,Green Bay,Green Bay Packers,Packers,6.714285714285714,7,3900,LAR@GB,GB,LAR,,,,,,DEF
95480-12535,D,Indianapolis,Indianapolis Colts,Colts,5.125,8,3900,IND@CAR,IND,CAR,,,,,,DEF
95480-12527,D,Chicago,Chicago Bears,Bears,5.125,8,3800,CHI@NO,CHI,NO,,,,,,DEF
95480-12541,D,New England,New England Patriots,Patriots,4.625,8,3700,WAS@NE,NE,WAS,,,,,,DEF
95480-12540,D,Minnesota,Minnesota Vikings,Vikings,8.375,8,3600,MIN@ATL,MIN,ATL,,,,,,DEF
95480-12550,D,Seattle,Seattle Seahawks,Seahawks,10.142857142857142,7,3500,SEA@BAL,SEA,BAL,,,,,,DEF
95480-12546,D,Arizona,Arizona Cardinals,Cardinals,5.75,8,3400,ARI@CLE,ARI,CLE,,,,,,DEF
95480-12538,D,Los Angeles,Los Angeles Rams,Rams,3.875,8,3300,LAR@GB,LAR,GB,,,,,,DEF
95480-12553,D,Carolina,Carolina Panthers,Panthers,4.857142857142857,7,3200,IND@CAR,CAR,IND,,,,,,DEF