Id,Position,First Name,Nickname,Last Name,FPPG,Played,Salary,Game,Team,Opponent,Injury Indicator,Injury Details,Tier,,,Roster Position
95781-55050,RB,Christian,Christian McCaffrey,McCaffrey,23.049999237060547,8,10500,SF@JAC,SF,JAC,,,,,,RB/FLEX
95781-85701,WR,Ja'Marr,Ja'Marr Chase,Chase,15.637499809265137,8,9300,HOU@CIN,CIN,HOU,Q,Back,,,,WR/FLEX
95781-80001,RB,Austin,Austin Ekeler,Ekeler,15.5,5,9000,DET@LAC,LAC,DET,,,,,,RB/FLEX
95781-29253,WR,Keenan,Keenan Allen,Allen,16.69499969482422,8,9000,DET@LAC,LAC,DET,,,,,,WR/FLEX
95781-86631,WR,CeeDee,CeeDee Lamb,Lamb,16.274999618530273,8,8900,NYG@DAL,DAL,NYG,,,,,,WR/FLEX
95781-42104,RB,Alvin,Alvin Kamara,Kamara,17.21666717529297,6,8800,NO@MIN,NO,MIN,,,,,,RB/FLEX
95781-86997,WR,Amon-Ra,Amon-Ra St. Brown,St. Brown,15.914285932268415,7,8600,DET@LAC,DET,LAC,,,,,,WR/FLEX
95781-69189,QB,Justin,Justin Herbert,Herbert,20.042499542236328,8,8500,DET@LAC,LAC,DET,,,,,,QB
95781-89956,RB,Travis,Travis Etienne Jr.,Etienne Jr.,18.799999237060547,8,8400,SF@JAC,JAC,SF,,,,,,RB/FLEX
95781-63115,QB,Lamar,Lamar Jackson,Jackson,19.240000406901043,9,8300,CLE@BAL,BAL,CLE,,,,,,QB
95781-129368,RB,Jahmyr,Jahmyr Gibbs,Gibbs,13.733333587646484,6,8200,DET@LAC,DET,LAC,,,,,,RB/FLEX
95781-63336,QB,Joe,Joe Burrow,Burrow,15.317500114440918,8,8200,HOU@CIN,CIN,HOU,,,,,,QB
95781-31716,QB,Dak,Dak Prescott,Prescott,18.155000686645508,8,8100,NYG@DAL,DAL,NYG,,,,,,QB
95781-39280,RB,Derrick,Derrick Henry,Henry,14.210000038146973,8,8000,TEN@TB,TEN,TB,,,,,,RB/FLEX
95781-38435,QB,Jared,Jared Goff,Goff,17.907499313354492,8,8000,DET@LAC,DET,LAC,,,,,,QB
95781-85671,WR,Justin,Justin Jefferson,Jefferson,18.219999694824217,5,8000,NO@MIN,MIN,NO,IR,Hamstring,,,,WR/FLEX
95781-63759,RB,Tony,Tony Pollard,Pollard,11.612500190734863,8,7800,NYG@DAL,DAL,NYG,,,,,,RB/FLEX
95781-85798,WR,Brandon,Brandon Aiyuk,Aiyuk,13.071428571428571,7,7800,SF@JAC,SF,JAC,,,,,,WR/FLEX
95781-52442,RB,Joe,Joe Mixon,Mixon,11.850000381469727,8,7700,HOU@CIN,CIN,HOU,,,,,,RB/FLEX
95781-129471,QB,C.J.,C.J. Stroud,Stroud,19.762500762939453,8,7700,HOU@CIN,HOU,CIN,,,,,,QB
95781-32384,WR,Mike,Mike Evans,Evans,13.487500190734863,8,7600,TEN@TB,TB,TEN,,,,,,WR/FLEX
95781-73273,RB,David,David Montgomery,Montgomery,13.683333079020182,6,7500,DET@LAC,DET,LAC,,,,,,RB/FLEX
95781-63484,QB,Kyler,Kyler Murray,Murray,18.865454933860086,11,7500,ATL@ARI,ARI,ATL,,,,,,QB
95781-85607,QB,Brock,Brock Purdy,Purdy,17.877500534057617,8,7400,SF@JAC,SF,JAC,,,,,,QB
95781-87770,WR,Chris,Chris Olave,Olave,10.366667005750868,9,7400,NO@MIN,NO,MIN,,,,,,WR/FLEX
95781-64401,RB,Saquon,Saquon Barkley,Barkley,14.699999491373697,6,7400,NYG@DAL,NYG,DAL,,,,,,RB/FLEX
95781-52436,TE,Mark,Mark Andrews,Andrews,13.024999618530273,8,7300,CLE@BAL,BAL,CLE,,,,,,TE/FLEX
95781-73048,WR,DK,DK Metcalf,Metcalf,10.200000217982701,7,7300,WAS@SEA,SEA,WAS,,,,,,WR/FLEX
95781-40407,QB,Joshua,Joshua Dobbs,Dobbs,17.164443969726562,9,7300,NO@MIN,MIN,NO,,,,,,QB
95781-103342,RB,Kenneth,Kenneth Walker III,Walker III,13.475000381469727,8,7300,WAS@SEA,SEA,WAS,,,,,,RB/FLEX
95781-104576,QB,Sam,Sam Howell,Howell,18.615554809570312,9,7200,WAS@SEA,WAS,SEA,,,,,,QB
95781-16606,WR,DeAndre,DeAndre Hopkins,Hopkins,11.550000190734863,8,7100,TEN@TB,TEN,TB,,,,,,WR/FLEX
95781-31001,WR,Amari,Amari Cooper,Cooper,11.399999618530273,8,7100,CLE@BAL,CLE,BAL,,,,,,WR/FLEX
95781-54879,QB,Deshaun,Deshaun Watson,Watson,12.263333638509115,6,7100,CLE@BAL,CLE,BAL,,,,,,QB
95781-89951,QB,Trevor,Trevor Lawrence,Lawrence,15.625,8,7100,SF@JAC,JAC,SF,,,,,,QB
95781-53331,QB,Taylor,Taylor Heinicke,Heinicke,14.0600004196167,2,7000,ATL@ARI,ATL,ARI,,,,,,QB
95781-86278,QB,Desmond,Desmond Ridder,Ridder,11.98222181532118,9,7000,ATL@ARI,ATL,ARI,,,,,,QB
95781-66008,WR,Diontae,Diontae Johnson,Johnson,11.925000190734863,4,7000,GB@PIT,PIT,GB,,,,,,WR/FLEX
95781-45565,TE,Taysom,Taysom Hill,Hill,8.953333536783854,9,7000,NO@MIN,NO,MIN,,,,,,TE/FLEX
95781-137902,RB,Rachaad,Rachaad White,White,12.274999618530273,8,7000,TEN@TB,TB,TEN,,,,,,RB/FLEX
95781-56018,WR,Deebo,Deebo Samuel,Samuel,8.814285823277064,7,7000,SF@JAC,SF,JAC,,,,,,WR/FLEX
95781-89981,WR,Tee,Tee Higgins,Higgins,8.328571319580078,7,7000,HOU@CIN,CIN,HOU,O,Hamstring,,,,WR/FLEX
95781-129210,WR,Jordan,Jordan Addison,Addison,12.899999830457899,9,6900,NO@MIN,MIN,NO,,,,,,WR/FLEX
95781-91419,WR,Nico,Nico Collins,Collins,13.137499809265137,8,6900,HOU@CIN,HOU,CIN,O,Calf,,,,WR/FLEX
95781-69017,QB,Jordan,Jordan Love,Love,17.737499237060547,8,6900,GB@PIT,GB,PIT,,,,,,QB
95781-90562,RB,Brian,Brian Robinson Jr.,Robinson Jr.,11.933333502875435,9,6900,WAS@SEA,WAS,SEA,,,,,,RB/FLEX
95781-26483,QB,Geno,Geno Smith,Smith,13.085000038146973,8,6900,WAS@SEA,SEA,WAS,,,,,,QB
95781-86243,QB,Will,Will Levis,Levis,18.149999618530273,2,6800,TEN@TB,TEN,TB,,,,,,QB
95781-27050,WR,Tyler,Tyler Lockett,Lockett,9.899999618530273,8,6800,WAS@SEA,SEA,WAS,,,,,,WR/FLEX
95781-40442,RB,Aaron,Aaron Jones,Jones,11.45999984741211,5,6800,GB@PIT,GB,PIT,,,,,,RB/FLEX
95781-56250,WR,Terry,Terry McLaurin,McLaurin,10.922222561306423,9,6800,WAS@SEA,WAS,SEA,,,,,,WR/FLEX
95781-64555,WR,Calvin,Calvin Ridley,Ridley,9.324999809265137,8,6700,SF@JAC,JAC,SF,,,,,,WR/FLEX
95781-40167,RB,Gus,Gus Edwards,Edwards,11.722222222222221,9,6700,CLE@BAL,BAL,CLE,,,,,,RB/FLEX
95781-60858,WR,Christian,Christian Kirk,Kirk,11.257499694824219,8,6700,SF@JAC,JAC,SF,,,,,,WR/FLEX
95781-45859,QB,Derek,Derek Carr,Carr,13.459999932183159,9,6700,NO@MIN,NO,MIN,,,,,,QB
95781-71706,TE,T.J.,T.J. Hockenson,Hockenson,11.188888549804688,9,6600,NO@MIN,MIN,NO,Q,Ribs,,,,TE/FLEX
95781-41535,QB,Baker,Baker Mayfield,Mayfield,16.850000381469727,8,6600,TEN@TB,TB,TEN,,,,,,QB
95781-136855,RB,Bijan,Bijan Robinson,Robinson,11.044444613986546,9,6600,ATL@ARI,ATL,ARI,,,,,,RB/FLEX
95781-86687,WR,Marquise,Marquise Brown,Brown,10.211111280653212,9,6600,ATL@ARI,ARI,ATL,,,,,,WR/FLEX
95781-110246,WR,George,George Pickens,Pickens,10.837499618530273,8,6600,GB@PIT,PIT,GB,,,,,,WR/FLEX
95781-63519,QB,Daniel,Daniel Jones,Jones,10.493333180745443,6,6500,NYG@DAL,NYG,DAL,IR,Knee - acl,,,,QB
95781-112745,WR,Drake,Drake London,London,8.353333367241753,9,6500,ATL@ARI,ATL,ARI,,,,,,WR/FLEX
95781-105646,TE,Sam,Sam LaPorta,LaPorta,11.112500190734863,8,6500,DET@LAC,DET,LAC,,,,,,TE/FLEX
95781-55635,WR,Chris,Chris Godwin,Godwin,9.524999618530273,8,6500,TEN@TB,TB,TEN,,,,,,WR/FLEX
95781-90575,RB,Najee,Najee Harris,Harris,8.475000381469727,8,6500,GB@PIT,PIT,GB,,,,,,RB/FLEX
95781-40687,RB,James,James Conner,Conner,11.080000305175782,5,6500,ATL@ARI,ARI,ATL,Q,Knee,,,,RB/FLEX
95781-45229,RB,Kareem,Kareem Hunt,Hunt,9.733333587646484,6,6400,CLE@BAL,CLE,BAL,,,,,,RB/FLEX
95781-129291,WR,Tank,Tank Dell,Dell,12.285714285714286,7,6400,HOU@CIN,HOU,CIN,,,,,,WR/FLEX
95781-90533,RB,Jerome,Jerome Ford,Ford,11.300000190734863,8,6400,CLE@BAL,CLE,BAL,,,,,,RB/FLEX
95781-92020,QB,Kenny,Kenny Pickett,Pickett,10.962499618530273,8,6400,GB@PIT,PIT,GB,,,,,,QB
95781-14377,QB,Tyrod,Tyrod Taylor,Taylor,6.826666514078776,6,6300,NYG@DAL,NYG,DAL,IR,Ribs,,,,QB
95781-94370,WR,Romeo,Romeo Doubs,Doubs,9.524999618530273,8,6300,GB@PIT,GB,PIT,,,,,,WR/FLEX
95781-21948,QB,Ryan,Ryan Tannehill,Tannehill,8.15999984741211,7,6300,TEN@TB,TEN,TB,Q,Ankle,,,,QB
95781-94748,QB,Tommy,Tommy DeVito,DeVito,8.930000305175781,2,6300,NYG@DAL,NYG,DAL,,,,,,QB
95781-90813,QB,Clayton,Clayton Tune,Tune,0.4266666571299235,3,6300,ATL@ARI,ARI,ATL,,,,,,QB
95781-39793,TE,George,George Kittle,Kittle,9.8125,8,6300,SF@JAC,SF,JAC,,,,,,TE/FLEX
95781-72776,RB,Alexander,Alexander Mattison,Mattison,9.633332994249132,9,6200,NO@MIN,MIN,NO,,,,,,RB/FLEX
95781-86229,WR,Jahan,Jahan Dotson,Dotson,7.888888888888889,9,6200,WAS@SEA,WAS,SEA,,,,,,WR/FLEX
95781-64051,QB,Drew,Drew Lock,Lock,1.206666628519694,3,6200,WAS@SEA,SEA,WAS,,,,,,QB
95781-40669,WR,Tyler,Tyler Boyd,Boyd,7.574999809265137,8,6200,HOU@CIN,CIN,HOU,,,,,,WR/FLEX
95781-38628,QB,Mitch,Mitch Trubisky,Trubisky,3.3466666539510093,3,6200,GB@PIT,PIT,GB,,,,,,QB
95781-41827,QB,P.J.,P.J. Walker,Walker,6.204999923706055,4,6200,CLE@BAL,CLE,BAL,,,,,,QB
95781-63589,QB,Sam,Sam Darnold,Darnold,-0.09200000166893005,5,6100,SF@JAC,SF,JAC,,,,,,QB
95781-86200,QB,Sean,Sean Clifford,Clifford,0,2,6100,GB@PIT,GB,PIT,,,,,,QB
95781-24849,QB,Jameis,Jameis Winston,Winston,0.6600000262260437,4,6100,NO@MIN,NO,MIN,,,,,,QB
95781-90400,QB,Jaren,Jaren Hall,Hall,1.5199999809265137,2,6100,NO@MIN,MIN,NO,O,Concussion,,,,QB
95781-27986,QB,C.J.,C.J. Beathard,Beathard,0.07999999821186066,2,6100,SF@JAC,JAC,SF,,,,,,QB
95781-103824,QB,Easton,Easton Stick,Stick,0,1,6100,DET@LAC,LAC,DET,,,,,,QB
95781-60840,QB,Jake,Jake Browning,Browning,-0.033333333830038704,3,6100,HOU@CIN,CIN,HOU,,,,,,QB
95781-30231,QB,Jacoby,Jacoby Brissett,Brissett,0,1,6100,WAS@SEA,WAS,SEA,,,,,,QB
95781-89628,QB,Davis,Davis Mills,Mills,0,1,6100,HOU@CIN,HOU,CIN,,,,,,QB
95781-41562,QB,Nick,Nick Mullens,Mullens,3.190000057220459,4,6100,NO@MIN,MIN,NO,IR,Back,,,,QB
95781-87691,QB,Malik,Malik Willis,Willis,1.0199999809265137,3,6100,TEN@TB,TEN,TB,,,,,,QB
95781-44715,QB,Cooper,Cooper Rush,Rush,0.10800000429153442,5,6100,NYG@DAL,DAL,NYG,,,,,,QB
95781-69304,QB,Kyle,Kyle Trask,Trask,0,1,6100,TEN@TB,TB,TEN,,,,,,QB
95781-55042,TE,Dalton,Dalton Schultz,Schultz,9.1875,8,6100,HOU@CIN,HOU,CIN,,,,,,TE/FLEX
95781-8023,QB,Josh,Josh Johnson,Johnson,0,2,6100,CLE@BAL,BAL,CLE,,,,,,QB
95781-53097,WR,Josh,Josh Reynolds,Reynolds,9.528570992606026,7,6100,DET@LAC,DET,LAC,,,,,,WR/FLEX
95781-85983,QB,Hendon,Hendon Hooker,Hooker,,,6100,DET@LAC,DET,LAC,IR,Knee - acl,,,,QB
95781-86055,RB,Dameon,Dameon Pierce,Pierce,6.449999809265137,8,6000,HOU@CIN,HOU,CIN,O,Ankle,,,,RB/FLEX
95781-27801,QB,Nate,Nate Sudfeld,Sudfeld,-0.20000000298023224,2,6000,DET@LAC,DET,LAC,IR,Knee - acl,,,,QB
95781-149696,QB,Trey,Trey Lance,Lance,0,1,6000,NYG@DAL,DAL,NYG,,,,,,QB
95781-45259,QB,Logan,Logan Woodside,Woodside,0,1,6000,ATL@ARI,ATL,ARI,,,,,,QB
95781-130269,QB,Reid,Reid Sinnett,Sinnett,,,6000,HOU@CIN,CIN,HOU,,,,,,QB
95781-54507,QB,Alex,Alex McGough,McGough,,,6000,GB@PIT,GB,PIT,,,,,,QB
95781-11500,QB,Colt,Colt McCoy,McCoy,8.949999809265137,4,6000,ATL@ARI,ARI,ATL,,,,,,QB
95781-185629,QB,Tim,Tim DeMorat,DeMorat,,,6000,WAS@SEA,WAS,SEA,,,,,,QB
95781-31047,QB,AJ,AJ McCarron,McCarron,,,6000,HOU@CIN,CIN,HOU,,,,,,QB
95781-91511,QB,Holton,Holton Ahlers,Ahlers,,,6000,WAS@SEA,SEA,WAS,,,,,,QB
95781-52606,QB,David,David Blough,Blough,10.289999961853027,2,6000,DET@LAC,DET,LAC,,,,,,QB
95781-52613,WR,Curtis,Curtis Samuel,Samuel,7.8555552164713545,9,6000,WAS@SEA,WAS,SEA,Q,Toe,,,,WR/FLEX
95781-70051,QB,Tyler,Tyler Huntley,Huntley,1.7799999713897705,4,6000,CLE@BAL,BAL,CLE,,,,,,QB
95781-185773,QB,Nolan,Nolan Henderson,Henderson,,,6000,CLE@BAL,BAL,CLE,,,,,,QB
95781-31170,QB,Brandon,Brandon Allen,Allen,0,1,6000,SF@JAC,SF,JAC,,,,,,QB
95781-22994,QB,Case,Case Keenum,Keenum,0,1,6000,HOU@CIN,HOU,CIN,,,,,,QB
95781-53729,QB,Mason,Mason Rudolph,Rudolph,0,1,6000,GB@PIT,PIT,GB,,,,,,QB
95781-33259,QB,Teddy,Teddy Bridgewater,Bridgewater,-0.10000000149011612,2,6000,DET@LAC,DET,LAC,,,,,,QB
95781-91639,QB,Jake,Jake Fromm,Fromm,,,6000,WAS@SEA,WAS,SEA,,,,,,QB
95781-94718,QB,Nathan,Nathan Rourke,Rourke,,,6000,SF@JAC,JAC,SF,,,,,,QB
95781-22038,QB,Kirk,Kirk Cousins,Cousins,19.342500686645508,8,6000,NO@MIN,MIN,NO,IR,Achilles,,,,QB
95781-88602,QB,Jordan,Jordan Ta'amu,Ta'amu,,,6000,NO@MIN,MIN,NO,,,,,,QB
95781-30253,QB,Jeff,Jeff Driskel,Driskel,0,1,6000,ATL@ARI,ARI,ATL,,,,,,QB
95781-112295,WR,Zay,Zay Flowers,Flowers,8.544444613986546,9,6000,CLE@BAL,BAL,CLE,,,,,,WR/FLEX
95781-103109,QB,Max,Max Duggan,Duggan,,,6000,DET@LAC,LAC,DET,,,,,,QB
95781-91898,QB,Dorian,Dorian Thompson-Robinson,Thompson-Robinson,1.5333333015441895,3,6000,CLE@BAL,CLE,BAL,,,,,,QB
95781-29445,QB,Sean,Sean Mannion,Mannion,,,6000,NO@MIN,MIN,NO,,,,,,QB
95781-86793,QB,Jake,Jake Haener,Haener,0,1,6000,NO@MIN,NO,MIN,,,,,,QB
95781-90981,QB,Adrian,Adrian Martinez,Martinez,,,6000,DET@LAC,DET,LAC,,,,,,QB
95781-85860,QB,Tanner,Tanner Morgan,Morgan,,,6000,NO@MIN,MIN,NO,,,,,,QB
95781-56192,QB,John,John Wolford,Wolford,0,1,6000,TEN@TB,TB,TEN,,,,,,QB
95781-29605,QB,Matt,Matt Barkley,Barkley,,,6000,NYG@DAL,NYG,DAL,,,,,,QB
95781-93103,QB,E.J.,E.J. Perry,Perry,,,6000,HOU@CIN,HOU,CIN,,,,,,QB
95781-92082,QB,Austin,Austin Aune,Aune,,,6000,ATL@ARI,ATL,ARI,,,,,,QB
95781-38837,QB,Danny,Danny Etling,Etling,,,6000,GB@PIT,GB,PIT,,,,,,QB
95781-69597,QB,Anthony,Anthony Brown,Brown,3.7899999618530273,2,6000,CLE@BAL,BAL,CLE,,,,,,QB
95781-170287,WR,Rashid,Rashid Shaheed,Shaheed,9.822222391764322,9,5900,NO@MIN,NO,MIN,,,,,,WR/FLEX
95781-90428,RB,Tyler,Tyler Allgeier,Allgeier,7.799999660915798,9,5900,ATL@ARI,ATL,ARI,,,,,,RB/FLEX
95781-120639,WR,Quentin,Quentin Johnston,Johnston,2.5,8,5900,DET@LAC,LAC,DET,,,,,,WR/FLEX
95781-89680,TE,Jake,Jake Ferguson,Ferguson,8.350000381469727,8,5800,NYG@DAL,DAL,NYG,,,,,,TE/FLEX
95781-91872,RB,Joshua,Joshua Kelley,Kelley,5.862500190734863,8,5800,DET@LAC,LAC,DET,,,,,,RB/FLEX
95781-28573,WR,Michael,Michael Thomas,Thomas,7.655555725097656,9,5800,NO@MIN,NO,MIN,,,,,,WR/FLEX
95781-103539,WR,Wan'Dale,Wan'Dale Robinson,Robinson,5.971428462437221,7,5700,NYG@DAL,NYG,DAL,,,,,,WR/FLEX
95781-94579,RB,Emari,Emari Demercado,Demercado,4.737500190734863,8,5700,ATL@ARI,ARI,ATL,O,Toe,,,,RB/FLEX
95781-169776,WR,Christian,Christian Watson,Watson,6.55999984741211,5,5700,GB@PIT,GB,PIT,,,,,,WR/FLEX
95781-70603,RB,Devin,Devin Singletary,Singletary,4.230000019073486,8,5700,HOU@CIN,HOU,CIN,,,,,,RB/FLEX
95781-63855,WR,K.J.,K.J. Osborn,Osborn,7.299999660915798,9,5600,NO@MIN,MIN,NO,Q,Concussion,,,,WR/FLEX
95781-129458,WR,Jaxon,Jaxon Smith-Njigba,Smith-Njigba,6.712500095367432,8,5600,WAS@SEA,SEA,WAS,,,,,,WR/FLEX
95781-112057,RB,Jaylen,Jaylen Warren,Warren,8.462499618530273,8,5600,GB@PIT,PIT,GB,,,,,,RB/FLEX
95781-41872,TE,Evan,Evan Engram,Engram,8.362500190734863,8,5600,SF@JAC,JAC,SF,,,,,,TE/FLEX
95781-93107,RB,AJ,AJ Dillon,Dillon,6.550000190734863,8,5600,GB@PIT,GB,PIT,,,,,,RB/FLEX
95781-69860,RB,Trayveon,Trayveon Williams,Williams,0.824999988079071,8,5500,HOU@CIN,CIN,HOU,,,,,,RB/FLEX
95781-63819,WR,Darius,Darius Slayton,Slayton,4.788888719346788,9,5500,NYG@DAL,NYG,DAL,,,,,,WR/FLEX
95781-41305,WR,Zay,Zay Jones,Jones,7.933333079020183,3,5500,SF@JAC,JAC,SF,O,Knee,,,,WR/FLEX
95781-92545,RB,Keaontay,Keaontay Ingram,Ingram,1.9666666984558105,6,5500,ATL@ARI,ARI,ATL,,,,,,RB/FLEX
95781-31360,WR,Odell,Odell Beckham Jr.,Beckham Jr.,5.0428570338657925,7,5500,CLE@BAL,BAL,CLE,,,,,,WR/FLEX
95781-25267,WR,Mack,Mack Hollins,Hollins,4.150000095367432,8,5500,ATL@ARI,ATL,ARI,O,Ankle,,,,WR/FLEX
95781-48116,TE,Jonnu,Jonnu Smith,Smith,8.649999618530273,8,5500,ATL@ARI,ATL,ARI,,,,,,TE/FLEX
95781-111631,WR,Jameson,Jameson Williams,Williams,4.025000095367432,4,5400,DET@LAC,DET,LAC,,,,,,WR/FLEX
95781-55335,TE,David,David Njoku,Njoku,7.237500190734863,8,5400,CLE@BAL,CLE,BAL,,,,,,TE/FLEX
95781-53303,RB,Matt,Matt Breida,Breida,3.4000000423855252,9,5400,NYG@DAL,NYG,DAL,,,,,,RB/FLEX
95781-61593,WR,Jauan,Jauan Jennings,Jennings,3.442857197352818,7,5400,SF@JAC,SF,JAC,,,,,,WR/FLEX
95781-85306,WR,KhaDarel,KhaDarel Hodge,Hodge,3.6285713740757535,7,5400,ATL@ARI,ATL,ARI,,,,,,WR/FLEX
95781-89455,WR,Jayden,Jayden Reed,Reed,8.337499618530273,8,5400,GB@PIT,GB,PIT,,,,,,WR/FLEX
95781-88575,WR,Elijah,Elijah Moore,Moore,5.074999809265137,8,5400,CLE@BAL,CLE,BAL,,,,,,WR/FLEX
95781-64389,WR,Nick,Nick Westbrook-Ikhine,Westbrook-Ikhine,7.057143075125558,7,5400,TEN@TB,TEN,TB,,,,,,WR/FLEX
95781-56248,WR,Noah,Noah Brown,Brown,9.899999618530273,4,5400,HOU@CIN,HOU,CIN,,,,,,WR/FLEX
95781-86080,TE,Kyle,Kyle Pitts,Pitts,6.722222222222222,9,5300,ATL@ARI,ATL,ARI,,,,,,TE/FLEX
95781-24755,WR,Jamison,Jamison Crowder,Crowder,3.299999952316284,8,5300,WAS@SEA,WAS,SEA,,,,,,WR/FLEX
95781-26355,TE,Logan,Logan Thomas,Thomas,7.974999904632568,8,5300,WAS@SEA,WAS,SEA,,,,,,TE/FLEX
95781-29501,WR,Brandin,Brandin Cooks,Cooks,5.614285605294364,7,5300,NYG@DAL,DAL,NYG,,,,,,WR/FLEX
95781-71521,RB,Justice,Justice Hill,Hill,6.912499904632568,8,5300,CLE@BAL,BAL,CLE,,,,,,RB/FLEX
95781-29685,WR,Robert,Robert Woods,Woods,5.671428680419922,7,5300,HOU@CIN,HOU,CIN,Q,Foot,,,,WR/FLEX
95781-52345,WR,Brandon,Brandon Powell,Powell,3.1888889736599393,9,5200,NO@MIN,MIN,NO,,,,,,WR/FLEX
95781-12530,D,Dallas,Dallas Cowboys,Cowboys,12.5,8,5200,NYG@DAL,DAL,NYG,,,,,,DEF
95781-92413,RB,Elijah,Elijah Mitchell,Mitchell,1.3399999618530274,5,5200,SF@JAC,SF,JAC,,,,,,RB/FLEX
95781-69956,WR,Michael,Michael Gallup,Gallup,4.412499904632568,8,5200,NYG@DAL,DAL,NYG,,,,,,WR/FLEX
95781-89612,WR,Michael,Michael Wilson,Wilson,7.177777608235677,9,5200,ATL@ARI,ARI,ATL,Q,Shoulder,,,,WR/FLEX
95781-110259,WR,Treylon,Treylon Burks,Burks,3.5200000762939454,5,5200,TEN@TB,TEN,TB,O,Concussion,,,,WR/FLEX
95781-86811,TE,Cade,Cade Otton,Otton,7.050000190734863,8,5200,TEN@TB,TB,TEN,,,,,,TE/FLEX
95781-85845,WR,Rashod,Rashod Bateman,Bateman,3.5374999046325684,8,5200,CLE@BAL,BAL,CLE,,,,,,WR/FLEX
95781-104278,TE,Donald,Donald Parham Jr.,Parham Jr.,5.842857360839844,7,5200,DET@LAC,LAC,DET,,,,,,TE/FLEX
95781-102902,WR,Trey,Trey Palmer,Palmer,4.525000095367432,8,5100,TEN@TB,TB,TEN,Q,Neck,,,,WR/FLEX
95781-45631,RB,Jamaal,Jamaal Williams,Williams,3.4,5,5100,NO@MIN,NO,MIN,,,,,,RB/FLEX
95781-113228,TE,Luke,Luke Musgrave,Musgrave,5.550000190734863,8,5100,GB@PIT,GB,PIT,,,,,,TE/FLEX
95781-91750,TE,Trey,Trey McBride,McBride,5.411111195882161,9,5100,ATL@ARI,ARI,ATL,,,,,,TE/FLEX
95781-90933,RB,Antonio,Antonio Gibson,Gibson,5.511110941569011,9,5100,WAS@SEA,WAS,SEA,,,,,,RB/FLEX
95781-110457,WR,Dontayvion,Dontayvion Wicks,Wicks,3.819999933242798,8,5100,GB@PIT,GB,PIT,,,,,,WR/FLEX
95781-134023,RB,Keaton,Keaton Mitchell,Mitchell,7.099999745686849,3,5100,CLE@BAL,BAL,CLE,Q,Hamstring,,,,RB/FLEX
95781-64581,WR,Van,Van Jefferson,Jefferson,2.75,8,5000,ATL@ARI,ATL,ARI,,,,,,WR/FLEX
95781-89230,RB,Cam,Cam Akers,Akers,5.885714394705636,7,5000,NO@MIN,MIN,NO,IR,Achilles,,,,RB/FLEX
95781-86244,TE,Pat,Pat Freiermuth,Freiermuth,5.324999809265137,4,5000,GB@PIT,PIT,GB,IR,Hamstring,,,,TE/FLEX
95781-64843,WR,Jalen,Jalen Guyton,Guyton,0,1,5000,DET@LAC,LAC,DET,,,,,,WR/FLEX
95781-87418,WR,Joshua,Joshua Palmer,Palmer,7.600000108991351,7,5000,DET@LAC,LAC,DET,IR,Knee,,,,WR/FLEX
95781-73130,RB,Chris,Chris Evans,Evans,0.5333333412806193,3,5000,HOU@CIN,CIN,HOU,,,,,,RB/FLEX
95781-25011,TE,Darren,Darren Waller,Waller,7.800000190734863,8,5000,NYG@DAL,NYG,DAL,IR,Hamstring,,,,TE/FLEX
95781-114100,RB,Isaiah,Isaiah Spiller,Spiller,1.2399999618530273,5,5000,DET@LAC,LAC,DET,,,,,,RB/FLEX
95781-52916,WR,Russell,Russell Gage,Gage,7.149999891008649,14,5000,TEN@TB,TB,TEN,IR,Knee,,,,WR/FLEX
95781-91902,WR,Kyle,Kyle Philips,Philips,2.950000047683716,4,5000,TEN@TB,TEN,TB,,,,,,WR/FLEX
95781-57299,TE,Gerald,Gerald Everett,Everett,4.949999809265137,8,5000,DET@LAC,LAC,DET,,,,,,TE/FLEX
95781-29683,WR,Nelson,Nelson Agholor,Agholor,5.425000190734863,8,5000,CLE@BAL,BAL,CLE,,,,,,WR/FLEX
95781-72725,TE,Irv,Irv Smith Jr.,Smith Jr.,3.7599998474121095,5,4900,HOU@CIN,CIN,HOU,,,,,,TE/FLEX
95781-185593,WR,Andrei,Andrei Iosivas,Iosivas,4.074999809265137,4,4900,HOU@CIN,CIN,HOU,,,,,,WR/FLEX
95781-91426,WR,Donovan,Donovan Peoples-Jones,Peoples-Jones,1.9571428298950195,7,4900,DET@LAC,DET,LAC,Q,Ribs,,,,WR/FLEX
95781-64808,TE,Juwan,Juwan Johnson,Johnson,4.4,5,4900,NO@MIN,NO,MIN,,,,,,TE/FLEX
95781-94621,WR,Derius,Derius Davis,Davis,2.6624999046325684,8,4900,DET@LAC,LAC,DET,,,,,,WR/FLEX
95781-62055,WR,Ray-Ray,Ray-Ray McCloud III,McCloud III,1.912500023841858,8,4900,SF@JAC,SF,JAC,,,,,,WR/FLEX
95781-69295,WR,Byron,Byron Pringle,Pringle,2.25,6,4900,WAS@SEA,WAS,SEA,,,,,,WR/FLEX
95781-107293,RB,Tyjae,Tyjae Spears,Spears,6.375,8,4900,TEN@TB,TEN,TB,,,,,,RB/FLEX
95781-139094,WR,Jalin,Jalin Hyatt,Hyatt,4.483333269755046,6,4900,NYG@DAL,NYG,DAL,,,,,,WR/FLEX
95781-103376,RB,Zach,Zach Charbonnet,Charbonnet,3.8142858232770647,7,4900,WAS@SEA,SEA,WAS,,,,,,RB/FLEX
95781-104424,RB,Craig,Craig Reynolds,Reynolds,4.157142911638532,7,4900,DET@LAC,DET,LAC,,,,,,RB/FLEX
95781-88297,TE,Chig,Chig Okonkwo,Okonkwo,3.7125000953674316,8,4800,TEN@TB,TEN,TB,,,,,,TE/FLEX
95781-12525,D,Atlanta,Atlanta Falcons,Falcons,5.333333333333333,9,4800,ATL@ARI,ATL,ARI,,,,,,DEF
95781-33047,WR,Chris,Chris Moore,Moore,3.316666603088379,6,4800,TEN@TB,TEN,TB,,,,,,WR/FLEX
95781-64905,WR,Trenton,Trenton Irwin,Irwin,3.1200000762939455,5,4800,HOU@CIN,CIN,HOU,,,,,,WR/FLEX
95781-73121,RB,Tony,Tony Jones Jr.,Jones Jr.,6.199999809265137,4,4800,ATL@ARI,ARI,ATL,,,,,,RB/FLEX
95781-88548,WR,Jalen,Jalen Tolbert,Tolbert,3.5,6,4800,NYG@DAL,DAL,NYG,,,,,,WR/FLEX
95781-89613,WR,Simi,Simi Fehoko,Fehoko,7.400000095367432,1,4800,DET@LAC,LAC,DET,,,,,,WR/FLEX
95781-70422,WR,Kalif,Kalif Raymond,Raymond,5.412499904632568,8,4800,DET@LAC,DET,LAC,,,,,,WR/FLEX
95781-86875,RB,Jordan,Jordan Mason,Mason,5.1,5,4800,SF@JAC,SF,JAC,,,,,,RB/FLEX
95781-93055,WR,Isaiah,Isaiah Hodgins,Hodgins,3.142857142857143,7,4800,NYG@DAL,NYG,DAL,,,,,,WR/FLEX
95781-90307,TE,Daniel,Daniel Bellinger,Bellinger,1.6666666666666667,6,4700,NYG@DAL,NYG,DAL,,,,,,TE/FLEX
95781-93408,WR,Rondale,Rondale Moore,Moore,4.8666665818956165,9,4700,ATL@ARI,ARI,ATL,,,,,,WR/FLEX
95781-93538,WR,Dyami,Dyami Brown,Brown,2.2857142857142856,7,4700,WAS@SEA,WAS,SEA,,,,,,WR/FLEX
95781-128693,RB,Tank,Tank Bigsby,Bigsby,2.0714285714285716,7,4700,SF@JAC,JAC,SF,,,,,,RB/FLEX
95781-61273,WR,Scotty,Scotty Miller,Miller,2.7333332697550454,6,4700,ATL@ARI,ATL,ARI,,,,,,WR/FLEX
95781-93134,RB,Deon,Deon Jackson,Jackson,0.75,2,4700,NYG@DAL,NYG,DAL,O,Concussion,,,,RB/FLEX
95781-28643,WR,Allen,Allen Robinson II,Robinson II,3.112499952316284,8,4700,GB@PIT,PIT,GB,,,,,,WR/FLEX
95781-30733,RB,Cordarrelle,Cordarrelle Patterson,Patterson,1.8799999237060547,5,4600,ATL@ARI,ATL,ARI,,,,,,RB/FLEX
95781-71705,TE,Noah,Noah Fant,Fant,4.228571483067104,7,4600,WAS@SEA,SEA,WAS,,,,,,TE/FLEX
95781-87260,TE,Isaiah,Isaiah Likely,Likely,2.066666603088379,6,4600,CLE@BAL,BAL,CLE,,,,,,TE/FLEX
95781-91401,WR,Ronnie,Ronnie Bell,Bell,2.6500000953674316,4,4600,SF@JAC,SF,JAC,,,,,,WR/FLEX
95781-12555,D,Baltimore,Baltimore Ravens,Ravens,10.11111111111111,9,4600,CLE@BAL,BAL,CLE,,,,,,DEF
95781-87371,RB,Ty,Ty Chandler,Chandler,1.375,8,4600,NO@MIN,MIN,NO,,,,,,RB/FLEX
95781-60957,WR,KaVontae,KaVontae Turpin,Turpin,4.375,8,4600,NYG@DAL,DAL,NYG,Q,Shoulder,,,,WR/FLEX
95781-160306,RB,Pierre,Pierre Strong Jr.,Strong Jr.,4.266666730244954,6,4600,CLE@BAL,CLE,BAL,Q,Hamstring,,,,RB/FLEX
95781-63078,RB,Ke'Shawn,Ke'Shawn Vaughn,Vaughn,1.0800000190734864,5,4600,TEN@TB,TB,TEN,,,,,,RB/FLEX
95781-56262,WR,Parris,Parris Campbell,Campbell,2.375,8,4600,NYG@DAL,NYG,DAL,Q,Hamstring,,,,WR/FLEX
95781-93150,WR,Jake,Jake Bobo,Bobo,5.257142748151507,7,4600,WAS@SEA,SEA,WAS,,,,,,WR/FLEX
95781-88109,RB,Gary,Gary Brightwell,Brightwell,3.0333334604899087,3,4500,NYG@DAL,NYG,DAL,IR,Hamstring,,,,RB/FLEX
95781-29780,TE,Zach,Zach Ertz,Ertz,5.4571429661342075,7,4500,ATL@ARI,ARI,ATL,IR,Quadriceps,,,,TE/FLEX
95781-79979,WR,Jamal,Jamal Agnew,Agnew,1.6142857415335519,7,4500,SF@JAC,JAC,SF,,,,,,WR/FLEX
95781-83081,RB,Chase,Chase Edmonds,Edmonds,1.25,4,4500,TEN@TB,TB,TEN,,,,,,RB/FLEX
95781-28900,RB,Melvin,Melvin Gordon III,Gordon III,5.699999809265137,2,4500,CLE@BAL,BAL,CLE,,,,,,RB/FLEX
95781-12550,D,Seattle,Seattle Seahawks,Seahawks,9,8,4500,WAS@SEA,SEA,WAS,,,,,,DEF
95781-102696,WR,John,John Metchie III,Metchie III,2.4200000762939453,5,4500,HOU@CIN,HOU,CIN,,,,,,WR/FLEX
95781-71032,WR,Devin,Devin Duvernay,Duvernay,0.6625000238418579,8,4500,CLE@BAL,BAL,CLE,,,,,,WR/FLEX
95781-89493,RB,Chase,Chase Brown,Brown,0.699999988079071,4,4500,HOU@CIN,CIN,HOU,IR,Hamstring,,,,RB/FLEX
95781-89588,TE,Colby,Colby Parkinson,Parkinson,2.4749999046325684,8,4500,WAS@SEA,SEA,WAS,Q,Biceps,,,,TE/FLEX
95781-185861,RB,Emanuel,Emanuel Wilson,Wilson,2.549999952316284,4,4500,GB@PIT,GB,PIT,,,,,,RB/FLEX
95781-73247,RB,Kene,Kene Nwangwu,Nwangwu,0,2,4500,NO@MIN,MIN,NO,,,,,,RB/FLEX
95781-72297,RB,Rico,Rico Dowdle,Dowdle,3.5625,8,4500,NYG@DAL,DAL,NYG,,,,,,RB/FLEX
95781-92882,TE,Connor,Connor Heyward,Heyward,2.9166666666666665,6,4500,GB@PIT,PIT,GB,,,,,,TE/FLEX
95781-90870,WR,Calvin,Calvin Austin III,Austin III,3.950000047683716,8,4500,GB@PIT,PIT,GB,,,,,,WR/FLEX
95781-27441,RB,Damien,Damien Williams,Williams,2.1666666666666665,3,4500,ATL@ARI,ARI,ATL,Q,Foot,,,,RB/FLEX
95781-120657,RB,Kendre,Kendre Miller,Miller,3.9833332697550454,6,4500,NO@MIN,NO,MIN,O,Ankle,,,,RB/FLEX
95781-91046,TE,Brock,Brock Wright,Wright,2,4,4500,DET@LAC,DET,LAC,,,,,,TE/FLEX
95781-54426,TE,Andrew,Andrew Beck,Beck,2.6200000762939455,5,4400,HOU@CIN,HOU,CIN,O,Shoulder,,,,TE/FLEX
95781-103587,TE,Brenton,Brenton Strange,Strange,3.7999998728434243,3,4400,SF@JAC,JAC,SF,,,,,,TE/FLEX
95781-12528,D,Cincinnati,Cincinnati Bengals,Bengals,9,8,4400,HOU@CIN,CIN,HOU,,,,,,DEF
95781-91417,TE,Luke,Luke Schoonmaker,Schoonmaker,1.4833332697550456,6,4400,NYG@DAL,DAL,NYG,,,,,,TE/FLEX
95781-60712,TE,Foster,Foster Moreau,Moreau,4.6,5,4400,NO@MIN,NO,MIN,,,,,,TE/FLEX
95781-56711,TE,Drew,Drew Sample,Sample,2.6,5,4400,HOU@CIN,CIN,HOU,,,,,,TE/FLEX
95781-44449,WR,Willie,Willie Snead IV,Snead IV,0.699999988079071,2,4400,SF@JAC,SF,JAC,,,,,,WR/FLEX
95781-63907,TE,Josh,Josh Oliver,Oliver,2.8500000635782876,6,4400,NO@MIN,MIN,NO,,,,,,TE/FLEX
95781-32243,WR,Marquise,Marquise Goodwin,Goodwin,0.7250000238418579,8,4400,CLE@BAL,CLE,BAL,O,Concussion,,,,WR/FLEX
95781-102928,RB,Eric,Eric Gray,Gray,0.47142856461661203,7,4400,NYG@DAL,NYG,DAL,IR,Calf,,,,RB/FLEX
95781-22103,WR,Marvin,Marvin Jones Jr.,Jones Jr.,1,4,4400,DET@LAC,DET,LAC,,,,,,WR/FLEX
95781-58041,RB,Mike,Mike Boone,Boone,1.1999999682108562,6,4400,HOU@CIN,HOU,CIN,,,,,,RB/FLEX
95781-70601,TE,Harrison,Harrison Bryant,Bryant,1.100000023841858,8,4400,CLE@BAL,CLE,BAL,,,,,,TE/FLEX
95781-72705,TE,John,John Bates,Bates,2.0714285714285716,7,4300,WAS@SEA,WAS,SEA,,,,,,TE/FLEX
95781-62505,TE,MyCole,MyCole Pruitt,Pruitt,1.0666666825612385,6,4300,ATL@ARI,ATL,ARI,,,,,,TE/FLEX
95781-152631,WR,Samori,Samori Toure,Toure,1.7833333015441895,6,4300,GB@PIT,GB,PIT,,,,,,WR/FLEX
95781-87127,RB,Chris,Chris Rodriguez Jr.,Rodriguez Jr.,1.2199999809265136,5,4300,WAS@SEA,WAS,SEA,,,,,,RB/FLEX
95781-83117,TE,Tanner,Tanner Hudson,Hudson,4.433333396911621,3,4300,HOU@CIN,CIN,HOU,,,,,,TE/FLEX
95781-28907,WR,Alex,Alex Erickson,Erickson,0,1,4300,DET@LAC,LAC,DET,,,,,,WR/FLEX
95781-86255,TE,Josh,Josh Whyle,Whyle,3.0999999046325684,4,4300,TEN@TB,TEN,TB,,,,,,TE/FLEX
95781-12547,D,Pittsburgh,Pittsburgh Steelers,Steelers,10,8,4300,GB@PIT,PIT,GB,,,,,,DEF
95781-94481,WR,Deven,Deven Thompkins,Thompkins,2.5625,8,4300,TEN@TB,TB,TEN,,,,,,WR/FLEX
95781-89437,WR,Tim,Tim Jones,Jones,1.2999999523162842,4,4300,SF@JAC,JAC,SF,,,,,,WR/FLEX
95781-133477,TE,Darnell,Darnell Washington,Washington,0.9000000158945719,3,4300,GB@PIT,PIT,GB,,,,,,TE/FLEX
95781-56708,TE,Will,Will Dissly,Dissly,1.7200000762939454,5,4300,WAS@SEA,SEA,WAS,,,,,,TE/FLEX
95781-87432,WR,Cedric,Cedric Tillman,Tillman,0.5999999841054281,3,4300,CLE@BAL,CLE,BAL,,,,,,WR/FLEX
95781-40371,TE,Johnny,Johnny Mundt,Mundt,1.7333332697550456,3,4300,NO@MIN,MIN,NO,,,,,,TE/FLEX
95781-102893,RB,Tyrion,Tyrion Davis-Price,Davis-Price,1.0499999523162842,2,4300,SF@JAC,SF,JAC,,,,,,RB/FLEX
95781-61060,RB,Devine,Devine Ozigbo,Ozigbo,0.8999999761581421,2,4300,DET@LAC,DET,LAC,,,,,,RB/FLEX
95781-61112,TE,Josiah,Josiah Deguara,Deguara,2.625,4,4300,GB@PIT,GB,PIT,,,,,,TE/FLEX
95781-72493,WR,Trishton,Trishton Jackson,Jackson,1.9500000476837158,2,4300,NO@MIN,MIN,NO,,,,,,WR/FLEX
95781-27477,WR,Sterling,Sterling Shepard,Shepard,0.4333333174387614,6,4300,NYG@DAL,NYG,DAL,,,,,,WR/FLEX
95781-94087,RB,DeeJay,DeeJay Dallas,Dallas,0.3125,8,4300,WAS@SEA,SEA,WAS,Q,Shoulder,,,,RB/FLEX
95781-69558,WR,Greg,Greg Dortch,Dortch,0.07777777645323011,9,4300,ATL@ARI,ARI,ATL,,,,,,WR/FLEX
95781-119788,WR,Xavier,Xavier Hutchinson,Hutchinson,1.024999976158142,4,4300,HOU@CIN,HOU,CIN,,,,,,WR/FLEX
95781-57338,TE,Jordan,Jordan Akins,Akins,1.0333333015441895,6,4300,CLE@BAL,CLE,BAL,,,,,,TE/FLEX
95781-137254,RB,Deuce,Deuce Vaughn,Vaughn,1.6799999237060548,5,4200,NYG@DAL,DAL,NYG,,,,,,RB/FLEX
95781-89157,RB,Caleb,Caleb Huntley,Huntley,3.6583334604899087,12,4200,ATL@ARI,ATL,ARI,Q,Achilles,,,,RB/FLEX
95781-87112,WR,Josh,Josh Ali,Ali,0,1,4200,ATL@ARI,ATL,ARI,IR,Ankle,,,,WR/FLEX
95781-53390,WR,Zach,Zach Pascal,Pascal,0.5571428707667759,7,4200,ATL@ARI,ARI,ATL,,,,,,WR/FLEX
95781-28827,RB,Dare,Dare Ogunbowale,Ogunbowale,1.7000000476837158,2,4200,HOU@CIN,HOU,CIN,,,,,,RB/FLEX
95781-63646,TE,Lawrence,Lawrence Cager,Cager,1.350000023841858,2,4200,NYG@DAL,NYG,DAL,,,,,,TE/FLEX
95781-83138,TE,Ross,Ross Dwelley,Dwelley,0.5666666825612386,3,4200,SF@JAC,SF,JAC,,,,,,TE/FLEX
95781-57543,RB,D'Ernest,D'Ernest Johnson,Johnson,0.9285714285714286,7,4200,SF@JAC,JAC,SF,,,,,,RB/FLEX
95781-170184,RB,Julius,Julius Chestnut,Chestnut,1.1333333651224773,6,4200,TEN@TB,TEN,TB,IR,Hamstring,,,,RB/FLEX
95781-93391,TE,Payne,Payne Durham,Durham,0.32499998807907104,4,4200,TEN@TB,TB,TEN,,,,,,TE/FLEX
95781-88277,RB,Anthony,Anthony McFarland Jr.,McFarland Jr.,2.0999999046325684,1,4200,GB@PIT,PIT,GB,,,,,,RB/FLEX
95781-70889,RB,Benny,Benny Snell Jr.,Snell Jr.,2.9500001271565757,6,4200,DET@LAC,DET,LAC,,,,,,RB/FLEX
95781-12542,D,New Orleans,New Orleans Saints,Saints,8.88888888888889,9,4200,NO@MIN,NO,MIN,,,,,,DEF
95781-64827,WR,Miles,Miles Boykin,Boykin,0.6999999682108561,3,4200,GB@PIT,PIT,GB,,,,,,WR/FLEX
95781-149832,TE,Shane,Shane Zylstra,Zylstra,4.4375,8,4200,DET@LAC,DET,LAC,IR,Knee,,,,TE/FLEX
95781-93531,WR,Antoine,Antoine Green,Green,0.23333332935969034,3,4200,DET@LAC,DET,LAC,,,,,,WR/FLEX
95781-73176,TE,Luke,Luke Farrell,Farrell,1.5,4,4200,SF@JAC,JAC,SF,,,,,,TE/FLEX
95781-103966,TE,Stone,Stone Smartt,Smartt,0.7800000190734864,5,4200,DET@LAC,LAC,DET,,,,,,TE/FLEX
95781-61072,WR,Stanley,Stanley Morgan,Morgan,0,1,4200,HOU@CIN,CIN,HOU,,,,,,WR/FLEX
95781-30403,WR,Chris,Chris Conley,Conley,1.649999976158142,4,4200,SF@JAC,SF,JAC,,,,,,WR/FLEX
95781-92890,WR,Cody,Cody White,White,0.699999988079071,1,4200,WAS@SEA,SEA,WAS,,,,,,WR/FLEX
95781-72427,WR,Kwamie,Kwamie Lassiter II,Lassiter II,0.699999988079071,1,4200,HOU@CIN,CIN,HOU,,,,,,WR/FLEX
95781-88816,TE,Peyton,Peyton Hendershot,Hendershot,0.26666667064030963,3,4200,NYG@DAL,DAL,NYG,IR,Ankle,,,,TE/FLEX
95781-40726,RB,Godwin,Godwin Igwebuike,Igwebuike,0,3,4200,GB@PIT,PIT,GB,,,,,,RB/FLEX
95781-40758,RB,Corey,Corey Clement,Clement,0,1,4200,ATL@ARI,ARI,ATL,,,,,,RB/FLEX
95781-41806,WR,Laquon,Laquon Treadwell,Treadwell,2.3999999364217124,3,4200,CLE@BAL,BAL,CLE,,,,,,WR/FLEX
95781-70501,RB,C.J.,C.J. Ham,Ham,0.8999999761581421,4,4200,NO@MIN,MIN,NO,,,,,,RB/FLEX
95781-94094,TE,Brevin,Brevin Jordan,Jordan,3.4000000953674316,4,4200,HOU@CIN,HOU,CIN,O,Foot,,,,TE/FLEX
95781-45997,WR,Keith,Keith Kirkwood,Kirkwood,0.12000000476837158,5,4200,NO@MIN,NO,MIN,,,,,,WR/FLEX
95781-43973,RB,Keith,Keith Smith,Smith,0.925000011920929,4,4200,ATL@ARI,ATL,ARI,,,,,,RB/FLEX
95781-70663,WR,Frank,Frank Darby,Darby,2,1,4100,ATL@ARI,ATL,ARI,,,,,,WR/FLEX
95781-70705,TE,Trevon,Trevon Wesco,Wesco,0.8666666348775228,3,4100,TEN@TB,TEN,TB,,,,,,TE/FLEX
95781-72772,RB,Avery,Avery Williams,Williams,1.6176470588235294,17,4100,ATL@ARI,ATL,ARI,IR,Knee - acl,,,,RB/FLEX
95781-65607,TE,Jacob,Jacob Harris,Harris,1.100000023841858,1,4100,SF@JAC,JAC,SF,,,,,,TE/FLEX
95781-55366,RB,Qadree,Qadree Ollison,Ollison,,,4100,GB@PIT,PIT,GB,,,,,,RB/FLEX
95781-89185,TE,Ben,Ben Sims,Sims,0.8000000317891439,3,4100,GB@PIT,GB,PIT,,,,,,TE/FLEX
95781-68714,TE,Ko,Ko Kieft,Kieft,0,2,4100,TEN@TB,TB,TEN,,,,,,TE/FLEX
95781-55414,WR,Cody,Cody Thompson,Thompson,0.75,2,4100,WAS@SEA,SEA,WAS,,,,,,WR/FLEX
95781-68730,TE,Sean,Sean McKeon,McKeon,0,4,4100,NYG@DAL,DAL,NYG,,,,,,TE/FLEX
95781-104577,WR,Gunner,Gunner Olszewski,Olszewski,-0.875,4,4100,NYG@DAL,NYG,DAL,,,,,,WR/FLEX
95781-58499,TE,Parker,Parker Hesse,Hesse,1.4888888465033636,9,4100,ATL@ARI,ATL,ARI,O,Undisclosed,,,,TE/FLEX
95781-94345,TE,Cole,Cole Turner,Turner,2.4399999618530273,5,4100,WAS@SEA,WAS,SEA,,,,,,TE/FLEX
95781-65724,RB,JaMycal,JaMycal Hasty,Hasty,0,1,4100,SF@JAC,JAC,SF,,,,,,RB/FLEX
95781-32957,TE,Eric,Eric Tomlinson,Tomlinson,3.049999952316284,8,4100,CLE@BAL,BAL,CLE,,,,,,TE/FLEX
95781-93404,RB,Zander,Zander Horvath,Horvath,2.012500047683716,8,4100,GB@PIT,PIT,GB,,,,,,RB/FLEX
95781-91361,RB,Hassan,Hassan Haskins,Haskins,1.7083333333333333,12,4100,TEN@TB,TEN,TB,IR,Undisclosed,,,,RB/FLEX
95781-130288,RB,James,James Robinson,Robinson,7.55454531582919,11,4100,GB@PIT,GB,PIT,,,,,,RB/FLEX
95781-12529,D,Cleveland,Cleveland Browns,Browns,10.25,8,4100,CLE@BAL,CLE,BAL,,,,,,DEF
95781-11512,TE,Jimmy,Jimmy Graham,Graham,2.433333396911621,3,4100,NO@MIN,NO,MIN,,,,,,TE/FLEX
95781-12549,D,San Francisco,San Francisco 49ers,49ers,7.125,8,4100,SF@JAC,SF,JAC,,,,,,DEF
95781-30989,RB,Kenyan,Kenyan Drake,Drake,2.0999999046325684,1,4100,CLE@BAL,CLE,BAL,,,,,,RB/FLEX
95781-137516,WR,Parker,Parker Washington,Washington,0,1,4100,SF@JAC,JAC,SF,IR,Knee,,,,WR/FLEX
95781-102729,RB,Snoop,Snoop Conner,Conner,2.0399999618530273,5,4100,SF@JAC,JAC,SF,,,,,,RB/FLEX
95781-63839,TE,Tyler,Tyler Mabry,Mabry,7.199999809265137,1,4100,WAS@SEA,SEA,WAS,,,,,,TE/FLEX
95781-80294,TE,Anthony,Anthony Firkser,Firkser,1.8125,8,4100,DET@LAC,DET,LAC,,,,,,TE/FLEX
95781-80299,RB,Patrick,Patrick Ricard,Ricard,1.3600000381469726,5,4100,CLE@BAL,BAL,CLE,,,,,,RB/FLEX
95781-69068,RB,Jonathan,Jonathan Ward,Ward,0,1,4100,TEN@TB,TEN,TB,,,,,,RB/FLEX
95781-87515,WR,Tylan,Tylan Wallace,Wallace,0,2,4100,CLE@BAL,BAL,CLE,,,,,,WR/FLEX
95781-14820,RB,Nick,Nick Bellore,Bellore,0,2,4100,WAS@SEA,SEA,WAS,,,,,,RB/FLEX
95781-72182,WR,Dee,Dee Eskridge,Eskridge,-0.25,2,4100,WAS@SEA,SEA,WAS,,,,,,WR/FLEX
95781-39428,RB,Kyle,Kyle Juszczyk,Juszczyk,2.7,5,4100,SF@JAC,SF,JAC,,,,,,RB/FLEX
95781-185863,RB,Hunter,Hunter Luepke,Luepke,1.8600000381469726,5,4100,NYG@DAL,DAL,NYG,,,,,,RB/FLEX
95781-114180,WR,David,David Bell,Bell,1.0600000381469727,5,4100,CLE@BAL,CLE,BAL,O,Knee,,,,WR/FLEX
95781-185878,RB,Elijah,Elijah Dotson,Dotson,1.4500000476837158,2,4100,DET@LAC,LAC,DET,,,,,,RB/FLEX
95781-138786,WR,Malik,Malik Heath,Heath,0,4,4100,GB@PIT,GB,PIT,,,,,,WR/FLEX
95781-160303,TE,Tucker,Tucker Kraft,Kraft,0.75,2,4100,GB@PIT,GB,PIT,,,,,,TE/FLEX
95781-69168,WR,N'Keal,N'Keal Harry,Harry,0,1,4100,NO@MIN,MIN,NO,,,,,,WR/FLEX
95781-87621,WR,A.T.,A.T. Perry,Perry,0,1,4100,NO@MIN,NO,MIN,,,,,,WR/FLEX
95781-150090,WR,Cade,Cade Johnson,Johnson,2.8333333333333335,3,4100,WAS@SEA,SEA,WAS,,,,,,WR/FLEX
95781-102986,WR,Elijah,Elijah Higgins,Higgins,0.16666666666666666,3,4100,ATL@ARI,ARI,ATL,,,,,,WR/FLEX
95781-56947,TE,Chris,Chris Myarick,Myarick,2.2857142857142856,7,4100,NYG@DAL,NYG,DAL,IR,Hand,,,,TE/FLEX
95781-38523,TE,Geoff,Geoff Swaim,Swaim,0.9,5,4100,ATL@ARI,ARI,ATL,Q,Back,,,,TE/FLEX
95781-85635,TE,Charlie,Charlie Kolar,Kolar,0,3,4100,CLE@BAL,BAL,CLE,,,,,,TE/FLEX
95781-70282,WR,Demetric,Demetric Felton,Felton,0.27999999523162844,5,4100,HOU@CIN,CIN,HOU,,,,,,WR/FLEX
95781-69276,WR,Bryan,Bryan Edwards,Edwards,0.75,4,4100,NO@MIN,NO,MIN,,,,,,WR/FLEX
95781-65182,TE,Mitchell,Mitchell Wilcox,Wilcox,0.800000011920929,4,4100,HOU@CIN,CIN,HOU,,,,,,TE/FLEX
95781-52897,RB,Darrel,Darrel Williams,Williams,3.8200000762939452,5,4100,NO@MIN,NO,MIN,,,,,,RB/FLEX
95781-88752,WR,Charlie,Charlie Jones,Jones,2.366666634877523,3,4100,HOU@CIN,CIN,HOU,IR,Thumb,,,,WR/FLEX
95781-72370,RB,J.J.,J.J. Taylor,Taylor,2.200000047683716,1,4100,HOU@CIN,HOU,CIN,,,,,,RB/FLEX
95781-71351,TE,Charlie,Charlie Woerner,Woerner,0,1,4100,SF@JAC,SF,JAC,,,,,,TE/FLEX
95781-92859,WR,Jalen,Jalen Nailor,Nailor,0,1,4100,NO@MIN,MIN,NO,,,,,,WR/FLEX
95781-65231,RB,Adam,Adam Prentice,Prentice,-0.5,1,4100,NO@MIN,NO,MIN,Q,Knee,,,,RB/FLEX
95781-63186,WR,James,James Proche II,Proche II,0,1,4100,CLE@BAL,CLE,BAL,,,,,,WR/FLEX
95781-94936,RB,Larry,Larry Rountree III,Rountree III,2.1500000953674316,2,4100,HOU@CIN,HOU,CIN,,,,,,RB/FLEX
95781-61172,TE,Tyler,Tyler Davis,Davis,0.9199999809265137,5,4100,GB@PIT,GB,PIT,IR,Knee,,,,TE/FLEX
95781-136970,WR,Danny,Danny Gray,Gray,0.48000001907348633,5,4100,SF@JAC,SF,JAC,IR,Shoulder - ac joint,,,,WR/FLEX
95781-22288,WR,Cole,Cole Beasley,Beasley,3.1142856052943637,7,4100,NYG@DAL,NYG,DAL,,,,,,WR/FLEX
95781-103252,RB,Zonovan,Zonovan Knight,Knight,1.2999999523162842,2,4100,DET@LAC,DET,LAC,IR,Shoulder,,,,RB/FLEX
95781-136031,WR,Rakim,Rakim Jarrett,Jarrett,0.5666666825612386,6,4100,TEN@TB,TB,TEN,,,,,,WR/FLEX
95781-137059,RB,Sean,Sean Tucker,Tucker,1.0499999523162842,4,4100,TEN@TB,TB,TEN,,,,,,RB/FLEX
95781-93026,TE,Teagan,Teagan Quitoriano,Quitoriano,1.433333396911621,3,4100,HOU@CIN,HOU,CIN,IR,Groin,,,,TE/FLEX
95781-104297,WR,Jason,Jason Moore,Moore,1,1,4100,DET@LAC,DET,LAC,,,,,,WR/FLEX
95781-104388,WR,Tom,Tom Kennedy,Kennedy,3.0166667302449546,6,4100,DET@LAC,DET,LAC,,,,,,WR/FLEX
95781-56289,RB,Jason,Jason Cabinda,Cabinda,0,1,4100,DET@LAC,DET,LAC,IR,Knee,,,,RB/FLEX
95781-85986,TE,James,James Mitchell,Mitchell,0,1,4100,DET@LAC,DET,LAC,,,,,,TE/FLEX
95781-63479,RB,John,John Kelly Jr.,Kelly Jr.,,,4100,CLE@BAL,CLE,BAL,,,,,,RB/FLEX
95781-193538,RB,Aaron,Aaron Dykes,Dykes,,,4000,NO@MIN,MIN,NO,,,,,,RB/FLEX
95781-96269,RB,Owen,Owen Wright,Wright,0,1,4000,CLE@BAL,BAL,CLE,,,,,,RB/FLEX
95781-170000,WR,Shemar,Shemar Bridges,Bridges,,,4000,CLE@BAL,BAL,CLE,,,,,,WR/FLEX
95781-70680,WR,Jalen,Jalen Camp,Camp,1.2000000476837158,1,4000,GB@PIT,PIT,GB,,,,,,WR/FLEX
95781-86047,RB,Malik,Malik Davis,Davis,5.233333269755046,6,4000,NYG@DAL,DAL,NYG,,,,,,RB/FLEX
95781-110624,WR,C.J.,C.J. Johnson,Johnson,,,4000,WAS@SEA,SEA,WAS,,,,,,WR/FLEX
95781-138277,WR,Jalen,Jalen Brooks,Brooks,0,1,4000,NYG@DAL,DAL,NYG,,,,,,WR/FLEX
95781-133163,WR,Ra'Shaun,Ra'Shaun Henry,Henry,,,4000,WAS@SEA,SEA,WAS,Q,Undisclosed,,,,WR/FLEX
95781-71723,WR,Dez,Dez Fitzpatrick,Fitzpatrick,,,4000,GB@PIT,PIT,GB,,,,,,WR/FLEX
95781-86068,WR,Jacob,Jacob Copeland,Copeland,,,4000,GB@PIT,PIT,GB,,,,,,WR/FLEX
95781-94269,RB,Henry,Henry Pearson,Pearson,,,4000,GB@PIT,GB,PIT,,,,,,RB/FLEX
95781-64575,RB,Derrick,Derrick Gore,Gore,,,4000,WAS@SEA,WAS,SEA,,,,,,RB/FLEX
95781-59455,TE,Sammis,Sammis Reyes,Reyes,,,4000,SF@JAC,JAC,SF,IR,Concussion,,,,TE/FLEX
95781-174148,RB,Carlos,Carlos Washington Jr.,Washington Jr.,,,4000,ATL@ARI,ATL,ARI,,,,,,RB/FLEX
95781-91207,WR,Keytaon,Keytaon Thompson,Thompson,,,4000,DET@LAC,DET,LAC,,,,,,WR/FLEX
95781-89167,WR,Gavin,Gavin Holmes,Holmes,,,4000,TEN@TB,TEN,TB,,,,,,WR/FLEX
95781-68686,WR,C.J.,C.J. Saunders,Saunders,,,4000,ATL@ARI,ATL,ARI,,,,,,WR/FLEX
95781-87122,WR,Lynn,Lynn Bowden Jr.,Bowden Jr.,0,2,4000,NO@MIN,NO,MIN,,,,,,WR/FLEX
95781-89172,RB,John,John Lovett,Lovett,,,4000,GB@PIT,PIT,GB,,,,,,RB/FLEX
95781-63576,WR,Kirk,Kirk Merritt,Merritt,,,4000,NO@MIN,NO,MIN,,,,,,WR/FLEX
95781-65627,WR,Maurice,Maurice Alexander,Alexander,0.40000001589457196,3,4000,DET@LAC,DET,LAC,,,,,,WR/FLEX
95781-86108,RB,Monte,Monte Pottebaum,Pottebaum,,,4000,GB@PIT,PIT,GB,IR,Undisclosed,,,,RB/FLEX
95781-24671,WR,Adam,Adam Humphries,Humphries,,,4000,HOU@CIN,HOU,CIN,,,,,,WR/FLEX
95781-92256,WR,Malik,Malik Knowles,Knowles,,,4000,NO@MIN,MIN,NO,IR,Undisclosed,,,,WR/FLEX
95781-46177,TE,David,David Wells,Wells,0,2,4000,TEN@TB,TB,TEN,,,,,,TE/FLEX
95781-68708,TE,Seth,Seth Green,Green,,,4000,NYG@DAL,DAL,NYG,,,,,,TE/FLEX
95781-63591,RB,Ronald,Ronald Jones II,Jones II,2.616666634877523,6,4000,NYG@DAL,DAL,NYG,,,,,,RB/FLEX
95781-86125,WR,Brandon,Brandon Smith,Smith,,,4000,ATL@ARI,ARI,ATL,,,,,,WR/FLEX
95781-79980,TE,Eric,Eric Saubert,Saubert,0,1,4000,HOU@CIN,HOU,CIN,,,,,,TE/FLEX
95781-79982,RB,Alex,Alex Armah,Armah,0.25,2,4000,WAS@SEA,WAS,SEA,,,,,,RB/FLEX
95781-79987,WR,David,David Moore,Moore,,,4000,TEN@TB,TB,TEN,,,,,,WR/FLEX
95781-64627,WR,Scotty,Scotty Washington,Washington,,,4000,GB@PIT,PIT,GB,,,,,,WR/FLEX
95781-46200,TE,Daniel,Daniel Brunskill,Brunskill,0,1,4000,TEN@TB,TEN,TB,O,Ankle,,,,TE/FLEX
95781-64634,WR,Alex,Alex Bachman,Bachman,,,4000,HOU@CIN,HOU,CIN,,,,,,WR/FLEX
95781-89214,RB,Abram,Abram Smith,Smith,,,4000,NO@MIN,MIN,NO,,,,,,RB/FLEX
95781-71806,TE,Kaden,Kaden Smith,Smith,,,4000,WAS@SEA,WAS,SEA,,,,,,TE/FLEX
95781-95370,TE,Ryan,Ryan Miller,Miller,,,4000,TEN@TB,TB,TEN,,,,,,TE/FLEX
95781-83086,WR,Daurice,Daurice Fountain,Fountain,,,4000,DET@LAC,DET,LAC,,,,,,WR/FLEX
95781-94363,WR,Elijah,Elijah Cooks,Cooks,,,4000,SF@JAC,JAC,SF,,,,,,WR/FLEX
95781-89243,WR,Tre'Shaun,Tre'Shaun Harrison,Harrison,,,4000,TEN@TB,TEN,TB,,,,,,WR/FLEX
95781-72863,TE,Armani,Armani Rogers,Rogers,2.3,5,4000,WAS@SEA,WAS,SEA,IR,Achilles,,,,TE/FLEX
95781-89249,RB,Khalan,Khalan Laborn,Laborn,,,4000,SF@JAC,SF,JAC,,,,,,RB/FLEX
95781-178337,RB,Tyler,Tyler Hoosman,Hoosman,,,4000,DET@LAC,LAC,DET,,,,,,RB/FLEX
95781-86178,TE,Dominique,Dominique Dafney,Dafney,,,4000,TEN@TB,TB,TEN,Q,Undisclosed,,,,TE/FLEX
95781-61610,RB,Jacques,Jacques Patrick,Patrick,,,4000,TEN@TB,TEN,TB,,,,,,RB/FLEX
95781-157875,WR,Grant,Grant DuBose,DuBose,,,4000,GB@PIT,GB,PIT,,,,,,WR/FLEX
95781-89270,WR,Pokey,Pokey Wilson,Wilson,,,4000,DET@LAC,LAC,DET,,,,,,WR/FLEX
95781-86205,WR,Mac,Mac Hippenhammer,Hippenhammer,,,4000,HOU@CIN,CIN,HOU,,,,,,WR/FLEX
95781-54472,WR,Cam,Cam Sims,Sims,1.0749999682108562,12,4000,NYG@DAL,NYG,DAL,,,,,,WR/FLEX
95781-170206,TE,Rodney,Rodney Williams II,Williams II,0,2,4000,GB@PIT,PIT,GB,,,,,,TE/FLEX
95781-149727,TE,Bernhard,Bernhard Seikovits,Seikovits,,,4000,ATL@ARI,ARI,ATL,,,,,,TE/FLEX
95781-137439,WR,Zion,Zion Bowens,Bowens,,,4000,WAS@SEA,WAS,SEA,,,,,,WR/FLEX
95781-91358,WR,Oliver,Oliver Martin,Martin,,,4000,SF@JAC,JAC,SF,,,,,,WR/FLEX
95781-70881,TE,Justin,Justin Rigg,Rigg,,,4000,TEN@TB,TEN,TB,,,,,,TE/FLEX
95781-170208,WR,Kaden,Kaden Davis,Davis,,,4000,ATL@ARI,ARI,ATL,,,,,,WR/FLEX
95781-170214,WR,Dennis,Dennis Houston,Houston,1.2999999523162842,2,4000,NYG@DAL,NYG,DAL,,,,,,WR/FLEX
95781-130276,WR,Mason,Mason Kinsey,Kinsey,0,2,4000,TEN@TB,TEN,TB,,,,,,WR/FLEX
95781-90343,WR,Jordan,Jordan Byrd,Byrd,,,4000,GB@PIT,PIT,GB,,,,,,WR/FLEX
95781-170213,RB,Aaron,Aaron Shampklin,Shampklin,,,4000,DET@LAC,LAC,DET,,,,,,RB/FLEX
95781-88294,WR,Dontay,Dontay Demus Jr.,Demus Jr.,,,4000,CLE@BAL,BAL,CLE,,,,,,WR/FLEX
95781-92395,RB,Chris,Chris Smith,Smith,,,4000,WAS@SEA,SEA,WAS,,,,,,RB/FLEX
95781-149742,RB,Nate,Nate McCrary,McCrary,,,4000,CLE@BAL,CLE,BAL,,,,,,RB/FLEX
95781-91373,TE,Joel,Joel Honigford,Honigford,,,4000,ATL@ARI,ARI,ATL,,,,,,TE/FLEX
95781-86254,TE,Leonard,Leonard Taylor,Taylor,,,4000,SF@JAC,JAC,SF,IR,Undisclosed,,,,TE/FLEX
95781-52463,TE,Daniel,Daniel Helm,Helm,,,4000,DET@LAC,DET,LAC,,,,,,TE/FLEX
95781-90353,WR,Jesse,Jesse Matthews,Matthews,,,4000,HOU@CIN,HOU,CIN,IR,Knee - acl,,,,WR/FLEX
95781-12533,D,Green Bay,Green Bay Packers,Packers,7.375,8,4000,GB@PIT,GB,PIT,,,,,,DEF
95781-88313,WR,Brian,Brian Cobbs,Cobbs,,,4000,ATL@ARI,ARI,ATL,,,,,,WR/FLEX
95781-185599,WR,Colton,Colton Dowell,Dowell,0,2,4000,TEN@TB,TEN,TB,,,,,,WR/FLEX
95781-71935,WR,Kendric,Kendric Pryor,Pryor,,,4000,HOU@CIN,CIN,HOU,,,,,,WR/FLEX
95781-115971,WR,Shaq,Shaq Davis,Davis,,,4000,NO@MIN,NO,MIN,O,Undisclosed,,,,WR/FLEX
95781-12551,D,Tampa Bay,Tampa Bay Buccaneers,Buccaneers,7.625,8,4000,TEN@TB,TB,TEN,,,,,,DEF
95781-92432,WR,Jose,Jose Barbon,Barbon,,,4000,NYG@DAL,DAL,NYG,,,,,,WR/FLEX
95781-185627,WR,Jalen,Jalen Sample,Sample,,,4000,WAS@SEA,WAS,SEA,,,,,,WR/FLEX
95781-83226,TE,Kevin,Kevin Rader,Rader,0,1,4000,TEN@TB,TEN,TB,,,,,,TE/FLEX
95781-60705,WR,Tyron,Tyron Billy-Johnson,Billy-Johnson,0.6499999761581421,2,4000,NYG@DAL,DAL,NYG,,,,,,WR/FLEX
95781-29985,WR,Jaydon,Jaydon Mickens,Mickens,,,4000,NYG@DAL,NYG,DAL,,,,,,WR/FLEX
95781-68901,RB,Gerrid,Gerrid Doaks,Doaks,,,4000,HOU@CIN,HOU,CIN,,,,,,RB/FLEX
95781-185639,WR,Keilahn,Keilahn Harris,Harris,,,4000,ATL@ARI,ATL,ARI,Q,Undisclosed,,,,WR/FLEX
95781-91428,WR,Tarik,Tarik Black,Black,,,4000,CLE@BAL,BAL,CLE,,,,,,WR/FLEX
95781-130343,WR,Jeff,Jeff Cotton Jr.,Cotton Jr.,,,4000,GB@PIT,GB,PIT,Q,Undisclosed,,,,WR/FLEX
95781-91431,RB,Ben,Ben Mason,Mason,,,4000,CLE@BAL,BAL,CLE,,,,,,RB/FLEX
95781-90408,WR,Dax,Dax Milne,Milne,0.8466666539510092,15,4000,WAS@SEA,WAS,SEA,IR,Groin,,,,WR/FLEX
95781-185646,WR,Zay,Zay Malone,Malone,,,4000,ATL@ARI,ATL,ARI,,,,,,WR/FLEX
95781-86316,RB,Chuck,Chuck McClelland,McClelland,,,4000,TEN@TB,TEN,TB,,,,,,RB/FLEX
95781-130350,WR,Jaylon,Jaylon Moore,Moore,,,4000,SF@JAC,JAC,SF,IR,Undisclosed,,,,WR/FLEX
95781-170290,TE,Dre,Dre Miller,Miller,,,4000,GB@PIT,GB,PIT,,,,,,TE/FLEX
95781-92465,WR,Sean,Sean Ryan,Ryan,,,4000,CLE@BAL,BAL,CLE,,,,,,WR/FLEX
95781-53562,RB,Nick,Nick Chubb,Chubb,10.550000190734863,2,4000,CLE@BAL,CLE,BAL,IR,Knee - acl + mcl,,,,RB/FLEX
95781-45371,WR,Darius,Darius Phillips,Phillips,,,4000,DET@LAC,DET,LAC,,,,,,WR/FLEX
95781-102721,WR,Dontario,Dontario Drummond,Drummond,,,4000,NYG@DAL,DAL,NYG,,,,,,WR/FLEX
95781-64833,TE,Alize,Alize Mack,Mack,,,4000,TEN@TB,TEN,TB,Q,Undisclosed,,,,TE/FLEX
95781-56648,RB,Jeremy,Jeremy McNichols,McNichols,,,4000,SF@JAC,SF,JAC,,,,,,RB/FLEX
95781-91467,TE,Jake,Jake Tonges,Tonges,0,1,4000,SF@JAC,SF,JAC,,,,,,TE/FLEX
95781-90458,RB,Troy,Troy Hairston,Hairston,0.6285714421953473,7,4000,HOU@CIN,HOU,CIN,IR,Back,,,,RB/FLEX
95781-25957,TE,J.P.,J.P. Holtz,Holtz,,,4000,NO@MIN,NO,MIN,,,,,,TE/FLEX
95781-153957,TE,Zaire,Zaire Mitchell-Paden,Mitchell-Paden,,,4000,CLE@BAL,CLE,BAL,,,,,,TE/FLEX
95781-63851,TE,Tyree,Tyree Jackson,Jackson,,,4000,NYG@DAL,NYG,DAL,,,,,,TE/FLEX
95781-68975,TE,Josh,Josh Pederson,Pederson,,,4000,SF@JAC,JAC,SF,,,,,,TE/FLEX
95781-91504,WR,Blake,Blake Proehl,Proehl,,,4000,NO@MIN,MIN,NO,,,,,,WR/FLEX
95781-90487,WR,Kalil,Kalil Pimpleton,Pimpleton,,,4000,NYG@DAL,NYG,DAL,,,,,,WR/FLEX
95781-60791,TE,Tommy,Tommy Hudson,Hudson,,,4000,NO@MIN,NO,MIN,,,,,,TE/FLEX
95781-73089,TE,Devin,Devin Asiasi,Asiasi,0.375,4,4000,CLE@BAL,CLE,BAL,,,,,,TE/FLEX
95781-185728,TE,Patrick,Patrick Murtagh,Murtagh,,,4000,DET@LAC,DET,LAC,,,,,,TE/FLEX
95781-156039,WR,Shae,Shae Wyatt,Wyatt,,,4000,SF@JAC,SF,JAC,,,,,,WR/FLEX
95781-93577,WR,Dazz,Dazz Newsome,Newsome,,,4000,SF@JAC,SF,JAC,,,,,,WR/FLEX
95781-94600,WR,John,John Stephens Jr.,Stephens Jr.,,,4000,NYG@DAL,DAL,NYG,IR,Knee - acl,,,,WR/FLEX
95781-64907,WR,J.J.,J.J. Arcega-Whiteside,Arcega-Whiteside,,,4000,ATL@ARI,ATL,ARI,,,,,,WR/FLEX
95781-185743,RB,Darius,Darius Hagans,Hagans,,,4000,GB@PIT,PIT,GB,,,,,,RB/FLEX
95781-88463,WR,Johnny,Johnny Johnson III,Johnson III,,,4000,HOU@CIN,HOU,CIN,,,,,,WR/FLEX
95781-55694,WR,Mike,Mike Thomas,Thomas,1.7000000476837158,4,4000,CLE@BAL,BAL,CLE,Q,Shoulder - labrum,,,,WR/FLEX
95781-94606,WR,Taye,Taye Barber,Barber,,,4000,TEN@TB,TB,TEN,,,,,,WR/FLEX
95781-185747,WR,Cody,Cody Chrest,Chrest,,,4000,GB@PIT,GB,PIT,,,,,,WR/FLEX
95781-102802,WR,Makai,Makai Polk,Polk,,,4000,CLE@BAL,BAL,CLE,,,,,,WR/FLEX
95781-87442,TE,Princeton,Princeton Fant,Fant,,,4000,NYG@DAL,DAL,NYG,,,,,,TE/FLEX
95781-90518,WR,Slade,Slade Bolden,Bolden,,,4000,ATL@ARI,ATL,ARI,,,,,,WR/FLEX
95781-90522,TE,Cameron,Cameron Latu,Latu,,,4000,SF@JAC,SF,JAC,IR,Knee - meniscus,,,,TE/FLEX
95781-92573,TE,Travis,Travis Vokolek,Vokolek,,,4000,CLE@BAL,BAL,CLE,,,,,,TE/FLEX
95781-64926,WR,Michael,Michael Jacquet III,Jacquet III,,,4000,DET@LAC,LAC,DET,,,,,,WR/FLEX
95781-96673,WR,Garett,Garett Maag,Maag,,,4000,NO@MIN,MIN,NO,,,,,,WR/FLEX
95781-93600,WR,Bryce,Bryce Ford-Wheaton,Ford-Wheaton,,,4000,NYG@DAL,NYG,DAL,IR,Knee,,,,WR/FLEX
95781-111012,WR,Kaylon,Kaylon Geiger Sr.,Geiger Sr.,,,4000,TEN@TB,TB,TEN,,,,,,WR/FLEX
95781-60838,WR,Andre,Andre Baccellia,Baccellia,0,2,4000,ATL@ARI,ARI,ATL,,,,,,WR/FLEX
95781-185775,TE,Brian,Brian Walker,Walker,,,4000,CLE@BAL,BAL,CLE,,,,,,TE/FLEX
95781-60849,WR,Blake,Blake Lynch,Lynch,,,4000,DET@LAC,LAC,DET,,,,,,WR/FLEX
95781-64949,WR,Ja'Marcus,Ja'Marcus Bradley,Bradley,,,4000,GB@PIT,PIT,GB,Q,Undisclosed,,,,WR/FLEX
95781-92606,WR,Bo,Bo Melton,Melton,,,4000,GB@PIT,GB,PIT,,,,,,WR/FLEX
95781-47551,TE,Mason,Mason Schreck,Schreck,0.800000011920929,2,4000,HOU@CIN,HOU,CIN,,,,,,TE/FLEX
95781-69056,WR,Mathew,Mathew Sexton,Sexton,,,4000,ATL@ARI,ATL,ARI,,,,,,WR/FLEX
95781-86472,WR,John,John Hightower,Hightower,,,4000,DET@LAC,LAC,DET,,,,,,WR/FLEX
95781-88525,WR,Kawaan,Kawaan Baker,Baker,,,4000,NO@MIN,NO,MIN,,,,,,WR/FLEX
95781-117201,WR,Isaiah,Isaiah Winstead,Winstead,,,4000,SF@JAC,SF,JAC,,,,,,WR/FLEX
95781-31184,RB,Jonathan,Jonathan Williams,Williams,2.8375000953674316,8,4000,WAS@SEA,WAS,SEA,,,,,,RB/FLEX
95781-109008,WR,Jalen,Jalen Cropper,Cropper,,,4000,NYG@DAL,DAL,NYG,,,,,,WR/FLEX
95781-136663,RB,DeWayne,DeWayne McBride,McBride,,,4000,NO@MIN,MIN,NO,,,,,,RB/FLEX
95781-88536,WR,Cephus,Cephus Johnson III,Johnson III,,,4000,TEN@TB,TB,TEN,,,,,,WR/FLEX
95781-54746,TE,Tyler,Tyler Ott,Ott,0,2,4000,CLE@BAL,BAL,CLE,,,,,,TE/FLEX
95781-185822,TE,Thomas,Thomas Greaney,Greaney,,,4000,CLE@BAL,CLE,BAL,,,,,,TE/FLEX
95781-103901,WR,Davion,Davion Davis,Davis,,,4000,ATL@ARI,ARI,ATL,,,,,,WR/FLEX
95781-103900,TE,Brandon,Brandon Dillon,Dillon,,,4000,WAS@SEA,WAS,SEA,IR,Undisclosed,,,,TE/FLEX
95781-63967,WR,Lucky,Lucky Jackson,Jackson,,,4000,NO@MIN,MIN,NO,,,,,,WR/FLEX
95781-185827,RB,Jacob,Jacob Saylors,Saylors,,,4000,ATL@ARI,ATL,ARI,,,,,,RB/FLEX
95781-88547,WR,Jalen,Jalen Wayne,Wayne,,,4000,CLE@BAL,CLE,BAL,,,,,,WR/FLEX
95781-91618,TE,John,John FitzPatrick,FitzPatrick,0,1,4000,ATL@ARI,ATL,ARI,,,,,,TE/FLEX
95781-112101,WR,Jared,Jared Wayne,Wayne,,,4000,HOU@CIN,HOU,CIN,,,,,,WR/FLEX
95781-129508,WR,Duece,Duece Watts,Watts,,,4000,GB@PIT,PIT,GB,,,,,,WR/FLEX
95781-91635,WR,Kearis,Kearis Jackson,Jackson,0,2,4000,TEN@TB,TEN,TB,IR,Ankle,,,,WR/FLEX
95781-89586,TE,Tucker,Tucker Fisk,Fisk,0,1,4000,ATL@ARI,ATL,ARI,,,,,,TE/FLEX
95781-41469,TE,Darrell,Darrell Daniels,Daniels,,,4000,DET@LAC,DET,LAC,,,,,,TE/FLEX
95781-114177,WR,Milton,Milton Wright,Wright,,,4000,DET@LAC,LAC,DET,Q,Undisclosed,,,,WR/FLEX
95781-128515,RB,Ellis,Ellis Merriweather,Merriweather,,,4000,GB@PIT,GB,PIT,,,,,,RB/FLEX
95781-185862,WR,David,David Durden,Durden,,,4000,NYG@DAL,DAL,NYG,IR,Knee - acl,,,,WR/FLEX
95781-90628,TE,Griffin,Griffin Hebert,Hebert,,,4000,WAS@SEA,SEA,WAS,,,,,,TE/FLEX
95781-103943,WR,Trinity,Trinity Benson,Benson,,,4000,CLE@BAL,CLE,BAL,,,,,,WR/FLEX
95781-185875,TE,Noah,Noah Gindorff,Gindorff,,,4000,GB@PIT,PIT,GB,,,,,,TE/FLEX
95781-62994,WR,Steven,Steven Sims Jr.,Sims Jr.,2.0333333015441895,12,4000,HOU@CIN,HOU,CIN,,,,,,WR/FLEX
95781-154139,RB,Clint,Clint Ratkovich,Ratkovich,,,4000,ATL@ARI,ATL,ARI,,,,,,RB/FLEX
95781-89627,WR,Brycen,Brycen Tremayne,Tremayne,,,4000,WAS@SEA,WAS,SEA,,,,,,WR/FLEX
95781-91677,WR,Shi,Shi Smith,Smith,3.1624999046325684,16,4000,TEN@TB,TEN,TB,,,,,,WR/FLEX
95781-185887,RB,Ronnie,Ronnie Brown,Brown,,,4000,TEN@TB,TB,TEN,,,,,,RB/FLEX
95781-185884,WR,John,John Hall,Hall,,,4000,WAS@SEA,SEA,WAS,,,,,,WR/FLEX
95781-185889,TE,Tanner,Tanner Taula,Taula,,,4000,TEN@TB,TB,TEN,,,,,,TE/FLEX
95781-185893,RB,Alfonzo,Alfonzo Graham,Graham,,,4000,GB@PIT,PIT,GB,IR,Undisclosed,,,,RB/FLEX
95781-185907,RB,Zach,Zach Ojile,Ojile,,,4000,NO@MIN,MIN,NO,,,,,,RB/FLEX
95781-60977,RB,Ty'Son,Ty'Son Williams,Williams,1,1,4000,ATL@ARI,ARI,ATL,,,,,,RB/FLEX
95781-69173,TE,Hunter,Hunter Kampmoyer,Kampmoyer,,,4000,DET@LAC,LAC,DET,,,,,,TE/FLEX
95781-60981,TE,Charlie,Charlie Heck,Heck,,,4000,HOU@CIN,HOU,CIN,NA,Foot,,,,TE/FLEX
95781-57909,RB,Marlon,Marlon Mack,Mack,4.899999891008649,7,4000,ATL@ARI,ARI,ATL,IR,Achilles,,,,RB/FLEX
95781-60984,TE,Jake,Jake Bargas,Bargas,,,4000,NO@MIN,NO,MIN,,,,,,TE/FLEX
95781-89656,WR,Aron,Aron Cruickshank,Cruickshank,,,4000,GB@PIT,PIT,GB,,,,,,WR/FLEX
95781-30272,TE,Colin,Colin Thompson,Thompson,,,4000,NO@MIN,MIN,NO,,,,,,TE/FLEX
95781-86601,RB,SaRodorick,SaRodorick Thompson Jr.,Thompson Jr.,,,4000,WAS@SEA,SEA,WAS,,,,,,RB/FLEX
95781-54863,WR,C.J.,C.J. Goodwin,Goodwin,,,4000,NYG@DAL,DAL,NYG,IR,Pectoral,,,,WR/FLEX
95781-104019,TE,Matt,Matt Orzech,Orzech,0,1,4000,GB@PIT,GB,PIT,,,,,,TE/FLEX
95781-87634,TE,Blake,Blake Whiteheart,Whiteheart,0,2,4000,ATL@ARI,ARI,ATL,,,,,,TE/FLEX
95781-86612,TE,Brayden,Brayden Willis,Willis,0,1,4000,SF@JAC,SF,JAC,,,,,,TE/FLEX
95781-186983,WR,Jadakis,Jadakis Bonds,Bonds,,,4000,GB@PIT,GB,PIT,,,,,,WR/FLEX
95781-87657,WR,Seth,Seth Williams,Williams,,,4000,SF@JAC,JAC,SF,,,,,,WR/FLEX
95781-66155,TE,Michael,Michael Jacobson,Jacobson,,,4000,NO@MIN,NO,MIN,,,,,,TE/FLEX
95781-87662,WR,Anthony,Anthony Schwartz,Schwartz,2.7999998728434243,6,4000,CLE@BAL,CLE,BAL,,,,,,WR/FLEX
95781-87668,WR,Shedrick,Shedrick Jackson,Jackson,,,4000,HOU@CIN,CIN,HOU,,,,,,WR/FLEX
95781-88699,RB,Jaret,Jaret Patterson,Patterson,3.9000000953674316,2,4000,DET@LAC,LAC,DET,,,,,,RB/FLEX
95781-93824,WR,Easop,Easop Winston Jr.,Winston Jr.,,,4000,WAS@SEA,SEA,WAS,,,,,,WR/FLEX
95781-55941,RB,Patrick,Patrick Laird,Laird,,,4000,TEN@TB,TB,TEN,,,,,,RB/FLEX
95781-87690,TE,Sal,Sal Cannella,Cannella,,,4000,WAS@SEA,SEA,WAS,,,,,,TE/FLEX
95781-94864,RB,Jashaun,Jashaun Corbin,Corbin,0,1,4000,NYG@DAL,NYG,DAL,Q,Hamstring,,,,RB/FLEX
95781-93845,WR,Tay,Tay Martin,Martin,,,4000,SF@JAC,SF,JAC,,,,,,WR/FLEX
95781-110230,RB,Kenny,Kenny McIntosh,McIntosh,,,4000,WAS@SEA,SEA,WAS,Q,Knee,,,,RB/FLEX
95781-86678,TE,Ryan,Ryan Jones,Jones,,,4000,NYG@DAL,NYG,DAL,,,,,,TE/FLEX
95781-90778,TE,Derrick,Derrick Deese Jr.,Deese Jr.,,,4000,DET@LAC,DET,LAC,,,,,,TE/FLEX
95781-93853,WR,Thayer,Thayer Thomas,Thomas,,,4000,NO@MIN,MIN,NO,,,,,,WR/FLEX
95781-86692,TE,Thomas,Thomas Odukoya,Odukoya,,,4000,TEN@TB,TEN,TB,,,,,,TE/FLEX
95781-52902,WR,Trey,Trey Quinn,Quinn,,,4000,DET@LAC,DET,LAC,,,,,,WR/FLEX
95781-104102,TE,Leroy,Leroy Watson IV,Watson IV,0,1,4000,CLE@BAL,CLE,BAL,,,,,,TE/FLEX
95781-91823,RB,Ronald,Ronald Awatt,Awatt,,,4000,SF@JAC,SF,JAC,,,,,,RB/FLEX
95781-96942,WR,Keelan,Keelan Doss,Doss,,,4000,DET@LAC,LAC,DET,,,,,,WR/FLEX
95781-64175,WR,Hakeem,Hakeem Butler,Butler,,,4000,GB@PIT,PIT,GB,Q,Undisclosed,,,,WR/FLEX
95781-85687,WR,Jontre,Jontre Kirklin,Kirklin,,,4000,NO@MIN,NO,MIN,,,,,,WR/FLEX
95781-69302,TE,Feleipe,Feleipe Franks,Franks,0,2,4000,ATL@ARI,ATL,ARI,IR,Undisclosed,,,,TE/FLEX
95781-104124,WR,Darrius,Darrius Shepherd,Shepherd,,,4000,DET@LAC,LAC,DET,Q,Undisclosed,,,,WR/FLEX
95781-63189,TE,Hunter,Hunter Thedford,Thedford,,,4000,CLE@BAL,CLE,BAL,,,,,,TE/FLEX
95781-89817,WR,Austin,Austin Watkins Jr.,Watkins Jr.,,,4000,CLE@BAL,CLE,BAL,,,,,,WR/FLEX
95781-88793,RB,Stevie,Stevie Scott,Scott,,,4000,ATL@ARI,ARI,ATL,,,,,,RB/FLEX
95781-85720,WR,Jaray,Jaray Jenkins,Jenkins,,,4000,SF@JAC,JAC,SF,Q,Undisclosed,,,,WR/FLEX
95781-86747,WR,Dylan,Dylan Drummond,Drummond,,,4000,DET@LAC,DET,LAC,,,,,,WR/FLEX
95781-90844,TE,Christian,Christian Trahan,Trahan,,,4000,HOU@CIN,CIN,HOU,,,,,,TE/FLEX
95781-64221,TE,Zach,Zach Gentry,Gentry,1.6214286259242467,14,4000,HOU@CIN,CIN,HOU,,,,,,TE/FLEX
95781-147168,WR,Chris,Chris Blair,Blair,,,4000,ATL@ARI,ATL,ARI,,,,,,WR/FLEX
95781-91875,TE,Michael,Michael Ezeike,Ezeike,,,4000,DET@LAC,LAC,DET,,,,,,TE/FLEX
95781-87787,RB,J.K.,J.K. Dobbins,Dobbins,10.699999809265137,1,4000,CLE@BAL,BAL,CLE,IR,Achilles,,,,RB/FLEX
95781-90861,RB,Derek,Derek Parish,Parish,,,4000,SF@JAC,JAC,SF,,,,,,RB/FLEX
95781-54010,RB,Brian,Brian Hill,Hill,,,4000,SF@JAC,SF,JAC,,,,,,RB/FLEX
95781-86781,WR,Terrell,Terrell Bynum,Bynum,,,4000,DET@LAC,LAC,DET,,,,,,WR/FLEX
95781-85759,TE,Curtis,Curtis Hodges,Hodges,0,1,4000,WAS@SEA,WAS,SEA,,,,,,TE/FLEX
95781-85762,RB,Eno,Eno Benjamin,Benjamin,5.93076911339393,13,4000,NO@MIN,NO,MIN,IR,Achilles,,,,RB/FLEX
95781-72453,WR,Denzel,Denzel Mims,Mims,2.677777820163303,9,4000,GB@PIT,PIT,GB,,,,,,WR/FLEX
95781-91923,WR,Kazmeir,Kazmeir Allen,Allen,,,4000,WAS@SEA,WAS,SEA,,,,,,WR/FLEX
95781-87844,TE,Brady,Brady Russell,Russell,0,2,4000,WAS@SEA,SEA,WAS,,,,,,TE/FLEX
95781-40746,TE,Troy,Troy Fumagalli,Fumagalli,,,4000,NO@MIN,MIN,NO,,,,,,TE/FLEX
95781-86826,WR,Malachi,Malachi Carter,Carter,,,4000,HOU@CIN,CIN,HOU,,,,,,WR/FLEX
95781-86839,TE,Jack,Jack Coco,Coco,,,4000,ATL@ARI,ARI,ATL,,,,,,TE/FLEX
95781-174907,WR,Sy,Sy Barnett,Barnett,,,4000,NO@MIN,NO,MIN,,,,,,WR/FLEX
95781-92984,WR,Justin,Justin Marshall,Marshall,,,4000,WAS@SEA,SEA,WAS,,,,,,WR/FLEX
95781-158520,WR,Daylen,Daylen Baldwin,Baldwin,3.5,1,4000,CLE@BAL,CLE,BAL,Q,Hamstring,,,,WR/FLEX
95781-92990,RB,Hassan,Hassan Hall,Hall,,,4000,NYG@DAL,NYG,DAL,,,,,,RB/FLEX
95781-90952,WR,Kade,Kade Warner,Warner,,,4000,TEN@TB,TB,TEN,,,,,,WR/FLEX
95781-90955,WR,Tyjon,Tyjon Lindsey,Lindsey,,,4000,WAS@SEA,SEA,WAS,,,,,,WR/FLEX
95781-93002,RB,Calvin,Calvin Tyler Jr.,Tyler Jr.,,,4000,HOU@CIN,CIN,HOU,,,,,,RB/FLEX
95781-87882,WR,Daniel,Daniel Arias,Arias,,,4000,ATL@ARI,ARI,ATL,,,,,,WR/FLEX
95781-73551,WR,Stantley,Stantley Thomas-Oliver III,Thomas-Oliver III,,,4000,NYG@DAL,NYG,DAL,,,,,,WR/FLEX
95781-88915,RB,Bryant,Bryant Koback,Koback,,,4000,WAS@SEA,SEA,WAS,,,,,,RB/FLEX
95781-64339,WR,Auden,Auden Tate,Tate,,,4000,ATL@ARI,ARI,ATL,,,,,,WR/FLEX
95781-91989,RB,Jordan,Jordan Mims,Mims,,,4000,NO@MIN,NO,MIN,,,,,,RB/FLEX
95781-93016,RB,B.J.,B.J. Baylor,Baylor,,,4000,ATL@ARI,ATL,ARI,,,,,,RB/FLEX
95781-93019,RB,Jack,Jack Colletto,Colletto,,,4000,GB@PIT,PIT,GB,,,,,,RB/FLEX
95781-90971,TE,Austin,Austin Allen,Allen,,,4000,GB@PIT,GB,PIT,,,,,,TE/FLEX
95781-93023,RB,Jermar,Jermar Jefferson,Jefferson,,,4000,DET@LAC,DET,LAC,,,,,,RB/FLEX
95781-64350,WR,Jeff,Jeff Smith,Smith,2.4857142312186107,7,4000,ATL@ARI,ARI,ATL,Q,Undisclosed,,,,WR/FLEX
95781-169834,WR,Dareke,Dareke Young,Young,2.5,2,4000,WAS@SEA,SEA,WAS,,,,,,WR/FLEX
95781-85881,RB,Mohamed,Mohamed Ibrahim,Ibrahim,0,1,4000,DET@LAC,DET,LAC,O,Hip,,,,RB/FLEX
95781-63360,WR,Antonio,Antonio Callaway,Callaway,,,4000,NYG@DAL,DAL,NYG,,,,,,WR/FLEX
95781-91012,RB,Greg,Greg Bell,Bell,,,4000,GB@PIT,PIT,GB,,,,,,RB/FLEX
95781-41867,RB,Jordan,Jordan Wilkins,Wilkins,0,1,4000,CLE@BAL,CLE,BAL,,,,,,RB/FLEX
95781-23435,TE,Andrew,Andrew DePaola,DePaola,0,1,4000,NO@MIN,MIN,NO,,,,,,TE/FLEX
95781-89997,WR,Michael,Michael Woods II,Woods II,1.0833333333333333,6,4000,CLE@BAL,CLE,BAL,IR,Achilles,,,,WR/FLEX
95781-45964,WR,Marcus,Marcus Kemp,Kemp,1.7999999523162842,1,4000,WAS@SEA,WAS,SEA,,,,,,WR/FLEX
95781-128912,WR,Mitchell,Mitchell Tinsley,Tinsley,0,1,4000,WAS@SEA,WAS,SEA,,,,,,WR/FLEX
95781-56212,TE,Tommy,Tommy Sweeney,Sweeney,0,1,4000,NYG@DAL,NYG,DAL,IR,Undisclosed,,,,TE/FLEX
95781-64405,WR,Dan,Dan Chisena,Chisena,,,4000,NO@MIN,MIN,NO,,,,,,WR/FLEX
95781-39829,WR,Mike,Mike Williams,Williams,13.566666920979818,3,4000,DET@LAC,LAC,DET,IR,Knee - acl,,,,WR/FLEX
95781-87961,RB,Wayne,Wayne Taulapapa,Taulapapa,,,4000,WAS@SEA,SEA,WAS,,,,,,RB/FLEX
95781-92056,TE,Cal,Cal Adomitis,Adomitis,0,2,4000,HOU@CIN,CIN,HOU,,,,,,TE/FLEX
95781-28570,TE,Nick,Nick Vannett,Vannett,1.7,5,4000,DET@LAC,LAC,DET,,,,,,TE/FLEX
95781-88995,WR,Reggie,Reggie Roberson Jr.,Roberson Jr.,,,4000,TEN@TB,TEN,TB,,,,,,WR/FLEX
95781-94118,WR,Mike,Mike Harley Jr.,Harley Jr.,,,4000,CLE@BAL,CLE,BAL,,,,,,WR/FLEX
95781-91055,WR,Kevin,Kevin Austin Jr.,Austin Jr.,,,4000,SF@JAC,JAC,SF,,,,,,WR/FLEX
95781-85944,WR,Kyric,Kyric McGowan,McGowan,,,4000,WAS@SEA,WAS,SEA,,,,,,WR/FLEX
95781-92093,WR,Jaelon,Jaelon Darden,Darden,0,1,4000,CLE@BAL,CLE,BAL,,,,,,WR/FLEX
95781-32703,WR,Jakeem,Jakeem Grant Sr.,Grant Sr.,,,4000,CLE@BAL,CLE,BAL,IR,Kneecap,,,,WR/FLEX
95781-89029,TE,Chris,Chris Pierce Jr.,Pierce Jr.,,,4000,ATL@ARI,ARI,ATL,,,,,,TE/FLEX
95781-91082,WR,Avery,Avery Davis,Davis,,,4000,DET@LAC,DET,LAC,,,,,,WR/FLEX
95781-30678,WR,Damiere,Damiere Byrd,Byrd,0,1,4000,ATL@ARI,ATL,ARI,,,,,,WR/FLEX
95781-63447,WR,Penny,Penny Hart,Hart,1.1666666666666667,3,4000,ATL@ARI,ATL,ARI,Q,Concussion,,,,WR/FLEX
95781-41954,WR,Victor,Victor Bolden,Bolden,,,4000,HOU@CIN,HOU,CIN,,,,,,WR/FLEX
95781-85994,TE,Dalton,Dalton Keene,Keene,,,4000,HOU@CIN,HOU,CIN,,,,,,TE/FLEX
95781-14319,RB,Taiwan,Taiwan Jones,Jones,-1,2,4000,NYG@DAL,NYG,DAL,,,,,,RB/FLEX
95781-88056,WR,Stanley,Stanley Berryhill,Berryhill,,,4000,DET@LAC,DET,LAC,,,,,,WR/FLEX
95781-96254,TE,Nick,Nick Muse,Muse,0,1,4000,NO@MIN,MIN,NO,,,,,,TE/FLEX
95781-12532,D,Detroit,Detroit Lions,Lions,7.75,8,3900,DET@LAC,DET,LAC,,,,,,DEF
95781-12554,D,Jacksonville,Jacksonville Jaguars,Jaguars,9.375,8,3900,SF@JAC,JAC,SF,,,,,,DEF
95781-12534,D,Tennessee,Tennessee Titans,Titans,5.5,8,3800,TEN@TB,TEN,TB,,,,,,DEF
95781-12540,D,Minnesota,Minnesota Vikings,Vikings,8,9,3800,NO@MIN,MIN,NO,,,,,,DEF
95781-12546,D,Arizona,Arizona Cardinals,Cardinals,5.222222222222222,9,3700,ATL@ARI,ARI,ATL,,,,,,DEF
95781-12552,D,Washington,Washington Commanders,Commanders,5.222222222222222,9,3600,WAS@SEA,WAS,SEA,,,,,,DEF
95781-12548,D,Los Angeles,Los Angeles Chargers,Chargers,9.375,8,3500,DET@LAC,LAC,DET,,,,,,DEF
95781-12556,D,Houston,Houston Texans,Texans,6.625,8,3200,HOU@CIN,HOU,CIN,,,,,,DEF
95781-12543,D,New York,New York Giants,Giants,4.888888888888889,9,3000,NYG@DAL,NYG,DAL,,,,,,DEF