Id,Position,First Name,Nickname,Last Name,FPPG,Played,Salary,Game,Team,Opponent,Injury Indicator,Injury Details,Tier,,,Roster Position
79963-89675,RB,Jonathan,Jonathan Taylor,Taylor,20.770588594324447,17,10200,IND@HOU,IND,HOU,,,,,,RB/FLEX
79963-39280,RB,Derrick,Derrick Henry,Henry,21.833333333333332,9,9700,NYG@TEN,TEN,NYG,,,,,,RB/FLEX
79963-79970,WR,Cooper,Cooper Kupp,Kupp,22.180951799665177,21,9500,BUF@LAR,LAR,BUF,,,,,,WR/FLEX
79963-55050,RB,Christian,Christian McCaffrey,McCaffrey,15.571428571428571,7,9500,CLE@CAR,CAR,CLE,,,,,,RB/FLEX
79963-80001,RB,Austin,Austin Ekeler,Ekeler,19.299999237060547,16,9400,LV@LAC,LAC,LV,,,,,,RB/FLEX
79963-57439,QB,Patrick,Patrick Mahomes,Mahomes,23.782000732421874,20,8700,KC@ARI,KC,ARI,,,,,,QB
79963-62239,QB,Josh,Josh Allen,Allen,26.02421007658306,19,8700,BUF@LAR,BUF,LAR,,,,,,QB
79963-45889,WR,Davante,Davante Adams,Adams,17.42941104664522,17,8500,LV@LAC,LV,LAC,,,,,,WR/FLEX
79963-42104,RB,Alvin,Alvin Kamara,Kamara,16.246153611403244,13,8500,NO@ATL,NO,ATL,,,,,,RB/FLEX
79963-63115,QB,Lamar,Lamar Jackson,Jackson,21.081666310628254,12,8500,BAL@NYJ,BAL,NYJ,,,,,,QB
79963-56018,WR,Deebo,Deebo Samuel,Samuel,18.239999871504935,19,8400,SF@CHI,SF,CHI,Q,Knee,,,,WR/FLEX
79963-54140,RB,Dalvin,Dalvin Cook,Cook,14.561538696289062,13,8400,GB@MIN,MIN,GB,,,,,,RB/FLEX
79963-69189,QB,Justin,Justin Herbert,Herbert,23.28000057444853,17,8400,LV@LAC,LAC,LV,,,,,,QB
79963-52442,RB,Joe,Joe Mixon,Mixon,16.152000427246094,20,8300,PIT@CIN,CIN,PIT,,,,,,RB/FLEX
79963-90575,RB,Najee,Najee Harris,Harris,14.75,18,8200,PIT@CIN,PIT,CIN,,,,,,RB/FLEX
79963-85701,WR,Ja'Marr,Ja'Marr Chase,Chase,15.361905052548362,21,8200,PIT@CIN,CIN,PIT,,,,,,WR/FLEX
79963-63484,QB,Kyler,Kyler Murray,Murray,21.103999837239584,15,8200,KC@ARI,ARI,KC,,,,,,QB
79963-85671,WR,Justin,Justin Jefferson,Jefferson,16.258823170381433,17,8100,GB@MIN,MIN,GB,,,,,,WR/FLEX
79963-33076,TE,Travis,Travis Kelce,Kelce,14.751578883120889,19,8000,KC@ARI,KC,ARI,,,,,,TE/FLEX
79963-32384,WR,Mike,Mike Evans,Evans,14.977778116861979,18,8000,TB@DAL,TB,DAL,,,,,,WR/FLEX
79963-69531,QB,Jalen,Jalen Hurts,Hurts,21.21125030517578,16,8000,PHI@DET,PHI,DET,,,,,,QB
79963-52436,TE,Mark,Mark Andrews,Andrews,14.564706241383272,17,7900,BAL@NYJ,BAL,NYJ,,,,,,TE/FLEX
79963-53562,RB,Nick,Nick Chubb,Chubb,14.664285932268415,14,7800,CLE@CAR,CLE,CAR,,,,,,RB/FLEX
79963-6498,QB,Tom,Tom Brady,Brady,22.091578433388158,19,7800,TB@DAL,TB,DAL,,,,,,QB
79963-6894,QB,Aaron,Aaron Rodgers,Rodgers,20.341175752527572,17,7800,GB@MIN,GB,MIN,,,,,,QB
79963-53681,WR,Tyreek,Tyreek Hill,Hill,14.939999389648438,20,7700,NE@MIA,MIA,NE,,,,,,WR/FLEX
79963-40687,RB,James,James Conner,Conner,15.506250381469727,16,7700,KC@ARI,ARI,KC,,,,,,RB/FLEX
79963-63336,QB,Joe,Joe Burrow,Burrow,19.777000427246094,20,7700,PIT@CIN,CIN,PIT,Q,Appendix,,,,QB
79963-25079,WR,Stefon,Stefon Diggs,Diggs,12.931578786749588,19,7600,BUF@LAR,BUF,LAR,,,,,,WR/FLEX
79963-86631,WR,CeeDee,CeeDee Lamb,Lamb,11.552940817440257,17,7600,TB@DAL,DAL,TB,Q,Foot,,,,WR/FLEX
79963-31716,QB,Dak,Dak Prescott,Prescott,20.730589025160846,17,7600,TB@DAL,DAL,TB,,,,,,QB
79963-91598,RB,D'Andre,D'Andre Swift,Swift,13.684614915114183,13,7600,PHI@DET,DET,PHI,,,,,,RB/FLEX
79963-149696,QB,Trey,Trey Lance,Lance,11.153333028157553,6,7500,SF@CHI,SF,CHI,,,,,,QB
79963-22015,QB,Russell,Russell Wilson,Wilson,17.772857666015625,14,7500,DEN@SEA,DEN,SEA,,,,,,QB
79963-54879,QB,Deshaun,Deshaun Watson,Watson,23.520000457763672,16,7500,CLE@CAR,CLE,CAR,IR,Suspension,,,,QB
79963-6654,QB,Matthew,Matthew Stafford,Stafford,21.117142450241815,21,7400,BUF@LAR,LAR,BUF,,,,,,QB
79963-29253,WR,Keenan,Keenan Allen,Allen,12.800000190734863,16,7400,LV@LAC,LAC,LV,,,,,,WR/FLEX
79963-45859,QB,Derek,Derek Carr,Carr,15.908888075086805,18,7400,LV@LAC,LV,LAC,,,,,,QB
79963-40442,RB,Aaron,Aaron Jones,Jones,14.03125,16,7400,GB@MIN,GB,MIN,,,,,,RB/FLEX
79963-22038,QB,Kirk,Kirk Cousins,Cousins,19.208749771118164,16,7300,GB@MIN,MIN,GB,,,,,,QB
79963-69213,WR,Michael,Michael Pittman Jr.,Pittman Jr.,11.447059182559743,17,7200,IND@HOU,IND,HOU,,,,,,WR/FLEX
79963-52922,RB,Leonard,Leonard Fournette,Fournette,16.553333536783853,15,7200,TB@DAL,TB,DAL,,,,,,RB/FLEX
79963-38791,RB,Ezekiel,Ezekiel Elliott,Elliott,12.897777981228298,18,7200,TB@DAL,DAL,TB,,,,,,RB/FLEX
79963-63519,QB,Daniel,Daniel Jones,Jones,15.82000038840554,11,7100,NYG@TEN,NYG,TEN,,,,,,QB
79963-72846,WR,A.J.,A.J. Brown,Brown,12.292857578822545,14,7100,PHI@DET,PHI,DET,,,,,,WR/FLEX
79963-21948,QB,Ryan,Ryan Tannehill,Tannehill,16.297776963975693,18,7100,NYG@TEN,TEN,NYG,,,,,,QB
79963-55635,WR,Chris,Chris Godwin,Godwin,13.814285278320312,14,7000,TB@DAL,TB,DAL,Q,Knee - acl + mcl,,,,WR/FLEX
79963-25011,TE,Darren,Darren Waller,Waller,9.758333206176758,12,7000,LV@LAC,LV,LAC,Q,Hamstring,,,,TE/FLEX
79963-90572,QB,Tua,Tua Tagovailoa,Tagovailoa,14.686153705303486,13,7000,NE@MIA,MIA,NE,,,,,,QB
79963-56250,WR,Terry,Terry McLaurin,McLaurin,10.294117647058824,17,7000,JAC@WAS,WAS,JAC,,,,,,WR/FLEX
79963-72731,RB,Josh,Josh Jacobs,Jacobs,13.356249809265137,16,7000,LV@LAC,LV,LAC,,,,,,RB/FLEX
79963-89951,QB,Trevor,Trevor Lawrence,Lawrence,12.708234899184284,17,7000,JAC@WAS,JAC,WAS,,,,,,QB
79963-89981,WR,Tee,Tee Higgins,Higgins,13,18,7000,PIT@CIN,CIN,PIT,Q,Shoulder - labrum,,,,WR/FLEX
79963-6616,QB,Matt,Matt Ryan,Ryan,13.818823421702666,17,6900,IND@HOU,IND,HOU,,,,,,QB
79963-86687,WR,Marquise,Marquise Brown,Brown,11.300000190734863,16,6900,KC@ARI,ARI,KC,,,,,,WR/FLEX
79963-73048,WR,DK,DK Metcalf,Metcalf,12.164706061868106,17,6900,DEN@SEA,SEA,DEN,,,,,,WR/FLEX
79963-91591,QB,Justin,Justin Fields,Fields,11.40000025431315,12,6900,SF@CHI,CHI,SF,,,,,,QB
79963-87787,RB,J.K.,J.K. Dobbins,Dobbins,10.617647058823529,17,6900,BAL@NYJ,BAL,NYJ,Q,Knee - acl,,,,RB/FLEX
79963-90573,WR,Jaylen,Jaylen Waddle,Waddle,12.112500190734863,16,6800,NE@MIA,MIA,NE,Q,Lower body,,,,WR/FLEX
79963-70324,QB,Carson,Carson Wentz,Wentz,15.589411118451286,17,6800,JAC@WAS,WAS,JAC,,,,,,QB
79963-90933,RB,Antonio,Antonio Gibson,Gibson,13.006250381469727,16,6800,JAC@WAS,WAS,JAC,,,,,,RB/FLEX
79963-64401,RB,Saquon,Saquon Barkley,Barkley,9.853846623347355,13,6800,NYG@TEN,NYG,TEN,,,,,,RB/FLEX
79963-38435,QB,Jared,Jared Goff,Goff,14.464285714285714,14,6800,PHI@DET,DET,PHI,,,,,,QB
79963-92413,RB,Eli,Eli Mitchell,Mitchell,13.400000435965401,14,6700,SF@CHI,SF,CHI,Q,Hamstring,,,,RB/FLEX
79963-24849,QB,Jameis,Jameis Winston,Winston,17.2000002179827,7,6700,NO@ATL,NO,ATL,,,,,,QB
79963-66008,WR,Diontae,Diontae Johnson,Johnson,13.694117826573988,17,6700,PIT@CIN,PIT,CIN,Q,Shoulder,,,,WR/FLEX
79963-30733,RB,Cordarrelle,Cordarrelle Patterson,Patterson,13.037500381469727,16,6600,NO@ATL,ATL,NO,,,,,,RB/FLEX
79963-63589,QB,Sam,Sam Darnold,Darnold,14.18999989827474,12,6600,CLE@CAR,CAR,CLE,IR,Ankle,,,,QB
79963-90406,QB,Zach,Zach Wilson,Wilson,12.527692354642427,13,6600,BAL@NYJ,NYJ,BAL,Q,Knee - meniscus,,,,QB
79963-94534,WR,Gabe,Gabe Davis,Davis,9.858823888442096,17,6600,BUF@LAR,BUF,LAR,,,,,,WR/FLEX
79963-90584,QB,Mac,Mac Jones,Jones,14.167778015136719,18,6600,NE@MIA,NE,MIA,,,,,,QB
79963-41535,QB,Baker,Baker Mayfield,Mayfield,13.849999564034599,14,6600,CLE@CAR,CAR,CLE,,,,,,QB
79963-29501,WR,Brandin,Brandin Cooks,Cooks,11.675000190734863,16,6600,IND@HOU,HOU,IND,,,,,,WR/FLEX
79963-39829,WR,Mike,Mike Williams,Williams,13.037500381469727,16,6600,LV@LAC,LAC,LV,,,,,,WR/FLEX
79963-73273,RB,David,David Montgomery,Montgomery,13.461538461538462,13,6600,SF@CHI,CHI,SF,,,,,,RB/FLEX
79963-57403,WR,Courtland,Courtland Sutton,Sutton,7.131764580221737,17,6500,DEN@SEA,DEN,SEA,,,,,,WR/FLEX
79963-71845,RB,Miles,Miles Sanders,Sanders,8.346153846153847,13,6500,PHI@DET,PHI,DET,Q,Hamstring,,,,RB/FLEX
79963-29358,QB,Marcus,Marcus Mariota,Mariota,2.122857093811035,7,6500,NO@ATL,ATL,NO,,,,,,QB
79963-86997,WR,Amon-Ra,Amon-Ra St. Brown,St. Brown,11.393750190734863,16,6500,PHI@DET,DET,PHI,,,,,,WR/FLEX
79963-89628,QB,Davis,Davis Mills,Mills,12.843077439528246,13,6500,IND@HOU,HOU,IND,,,,,,QB
79963-31001,WR,Amari,Amari Cooper,Cooper,11.493749618530273,16,6400,CLE@CAR,CLE,CAR,,,,,,WR/FLEX
79963-103064,RB,Breece,Breece Hall,Hall,,,6400,BAL@NYJ,NYJ,BAL,,,,,,RB/FLEX
79963-63043,WR,DJ,DJ Moore,Moore,11.235294117647058,17,6400,CLE@CAR,CAR,CLE,,,,,,WR/FLEX
79963-38628,QB,Mitch,Mitch Trubisky,Trubisky,1.4866666793823242,6,6400,PIT@CIN,PIT,CIN,,,,,,QB
79963-28434,QB,Trevor,Trevor Siemian,Siemian,15.526667277018229,6,6400,SF@CHI,CHI,SF,,,,,,QB
79963-92020,QB,Kenny,Kenny Pickett,Pickett,,,6400,PIT@CIN,PIT,CIN,,,,,,QB
79963-45229,RB,Kareem,Kareem Hunt,Hunt,12.375,8,6300,CLE@CAR,CLE,CAR,,,,,,RB/FLEX
79963-27050,WR,Tyler,Tyler Lockett,Lockett,12.806249618530273,16,6300,DEN@SEA,SEA,DEN,,,,,,WR/FLEX
79963-64051,QB,Drew,Drew Lock,Lock,8.896666844685873,6,6300,DEN@SEA,SEA,DEN,,,,,,QB
79963-55987,WR,JuJu,JuJu Smith-Schuster,Smith-Schuster,5.400000254313151,6,6300,KC@ARI,KC,ARI,,,,,,WR/FLEX
79963-64576,RB,Damien,Damien Harris,Harris,12.831250190734863,16,6300,NE@MIA,NE,MIA,,,,,,RB/FLEX
79963-89230,RB,Cam,Cam Akers,Akers,5.520000076293945,5,6300,BUF@LAR,LAR,BUF,,,,,,RB/FLEX
79963-56809,WR,Allen,Allen Lazard,Lazard,8.239999898274739,15,6300,GB@MIN,GB,MIN,Q,Undisclosed,,,,WR/FLEX
79963-30231,QB,Jacoby,Jacoby Brissett,Brissett,7.631999969482422,10,6300,CLE@CAR,CLE,CAR,,,,,,QB
79963-26483,QB,Geno,Geno Smith,Smith,13.819999694824219,4,6300,DEN@SEA,SEA,DEN,,,,,,QB
79963-14377,QB,Tyrod,Tyrod Taylor,Taylor,14.456666310628256,6,6200,NYG@TEN,NYG,TEN,Q,Back,,,,QB
79963-53331,QB,Taylor,Taylor Heinicke,Heinicke,14.835000038146973,16,6200,JAC@WAS,WAS,JAC,,,,,,QB
79963-69777,WR,Darnell,Darnell Mooney,Mooney,10.54117629107307,17,6200,SF@CHI,CHI,SF,,,,,,WR/FLEX
79963-28900,RB,Melvin,Melvin Gordon III,Gordon III,11.318750381469727,16,6200,DEN@SEA,DEN,SEA,,,,,,RB/FLEX
79963-90561,WR,Jerry,Jerry Jeudy,Jeudy,6.6,10,6200,DEN@SEA,DEN,SEA,,,,,,WR/FLEX
79963-33259,QB,Teddy,Teddy Bridgewater,Bridgewater,14.977142333984375,14,6200,NE@MIA,MIA,NE,,,,,,QB
79963-45565,QB,Taysom,Taysom Hill,Hill,10.393333435058594,12,6200,NO@ATL,NO,ATL,,,,,,QB
79963-6714,QB,Joe,Joe Flacco,Flacco,11.90999984741211,2,6200,BAL@NYJ,NYJ,BAL,,,,,,QB
79963-130288,RB,James,James Robinson,Robinson,11.314285278320312,14,6200,JAC@WAS,JAC,WAS,Q,Achilles,,,,RB/FLEX
79963-54604,QB,Jimmy,Jimmy Garoppolo,Garoppolo,14.799999660915798,18,6200,SF@CHI,SF,CHI,,,,,,QB
79963-93541,RB,Javonte,Javonte Williams,Williams,10.788234935087317,17,6200,DEN@SEA,DEN,SEA,,,,,,RB/FLEX
79963-22027,QB,Nick,Nick Foles,Foles,16.799999237060547,1,6200,IND@HOU,IND,HOU,,,,,,QB
79963-89956,RB,Travis,Travis Etienne Jr.,Etienne Jr.,,,6200,JAC@WAS,JAC,WAS,,,,,,RB/FLEX
79963-28573,WR,Michael,Michael Thomas,Thomas,8.855555216471354,9,6200,NO@ATL,NO,ATL,Q,Hamstring,,,,WR/FLEX
79963-104576,QB,Sam,Sam Howell,Howell,,,6100,JAC@WAS,WAS,JAC,,,,,,QB
79963-86278,QB,Desmond,Desmond Ridder,Ridder,,,6100,NO@ATL,ATL,NO,,,,,,QB
79963-61798,QB,Gardner,Gardner Minshew II,Minshew II,11.553333282470703,3,6100,PHI@DET,PHI,DET,,,,,,QB
79963-70051,QB,Tyler,Tyler Huntley,Huntley,12.377142769949776,7,6100,BAL@NYJ,BAL,NYJ,,,,,,QB
79963-90576,WR,DeVonta,DeVonta Smith,Smith,9.088889227973091,18,6100,PHI@DET,PHI,DET,,,,,,WR/FLEX
79963-53729,QB,Mason,Mason Rudolph,Rudolph,9.6899995803833,2,6100,PIT@CIN,PIT,CIN,,,,,,QB
79963-88630,QB,Matt,Matt Corral,Corral,,,6100,CLE@CAR,CAR,CLE,IR,Foot,,,,QB
79963-41562,QB,Nick,Nick Mullens,Mullens,9.880000114440918,1,6100,GB@MIN,MIN,GB,,,,,,QB
79963-8803,QB,Chase,Chase Daniel,Daniel,-0.20000000298023224,1,6100,LV@LAC,LAC,LV,,,,,,QB
79963-29445,QB,Sean,Sean Mannion,Mannion,12.960000038146973,1,6100,DEN@SEA,SEA,DEN,,,,,,QB
79963-39716,WR,Adam,Adam Thielen,Thielen,12.792307927058292,13,6100,GB@MIN,MIN,GB,,,,,,WR/FLEX
79963-39793,TE,George,George Kittle,Kittle,10.752941355985755,17,6100,SF@CHI,SF,CHI,,,,,,TE/FLEX
79963-39795,QB,Davis,Davis Webb,Webb,-0.30000001192092896,1,6100,NYG@TEN,NYG,TEN,,,,,,QB
79963-56192,QB,John,John Wolford,Wolford,-0.44999998807907104,2,6100,BUF@LAR,LAR,BUF,,,,,,QB
79963-93107,RB,AJ,AJ Dillon,Dillon,9.838889227973091,18,6100,GB@MIN,GB,MIN,,,,,,RB/FLEX
79963-27801,QB,Nate,Nate Sudfeld,Sudfeld,-0.25999999046325684,2,6100,PHI@DET,DET,PHI,,,,,,QB
79963-11500,QB,Colt,Colt McCoy,McCoy,6.0428570338657925,7,6100,KC@ARI,ARI,KC,,,,,,QB
79963-27986,QB,C.J.,C.J. Beathard,Beathard,0.7599999904632568,2,6100,JAC@WAS,JAC,WAS,,,,,,QB
79963-69017,QB,Jordan,Jordan Love,Love,4.023333231608073,6,6100,GB@MIN,GB,MIN,,,,,,QB
79963-40407,QB,Joshua,Joshua Dobbs,Dobbs,1.0399999618530273,2,6100,CLE@CAR,CLE,CAR,,,,,,QB
79963-60947,QB,Jarrett,Jarrett Stidham,Stidham,2.6566665967305503,6,6100,LV@LAC,LV,LAC,,,,,,QB
79963-40482,QB,Tim,Tim Boyle,Boyle,7.585000038146973,4,6100,PHI@DET,DET,PHI,,,,,,QB
79963-40534,QB,Mike,Mike White,White,13.005000114440918,4,6100,BAL@NYJ,NYJ,BAL,,,,,,QB
79963-87691,QB,Malik,Malik Willis,Willis,,,6100,NYG@TEN,TEN,NYG,,,,,,QB
79963-44715,QB,Cooper,Cooper Rush,Rush,6.269999980926514,4,6100,TB@DAL,DAL,TB,,,,,,QB
79963-7872,QB,Brian,Brian Hoyer,Hoyer,2.4559999465942384,5,6100,NE@MIA,NE,MIA,,,,,,QB
79963-61157,QB,Brett,Brett Rypien,Rypien,0,1,6100,DEN@SEA,DEN,SEA,,,,,,QB
79963-85845,WR,Rashod,Rashod Bateman,Bateman,6.708333333333333,12,6100,BAL@NYJ,BAL,NYJ,,,,,,WR/FLEX
79963-53095,QB,Kyle,Kyle Allen,Allen,3.950000047683716,2,6100,IND@HOU,HOU,IND,,,,,,QB
79963-14194,QB,Blaine,Blaine Gabbert,Gabbert,0.33000000317891437,6,6100,TB@DAL,TB,DAL,,,,,,QB
79963-14225,QB,Andy,Andy Dalton,Dalton,11.649999618530273,8,6100,NO@ATL,NO,ATL,,,,,,QB
79963-71710,QB,Nate,Nate Stanley,Stanley,,,6000,GB@MIN,MIN,GB,,,,,,QB
79963-30761,QB,Nathan,Nathan Peterman,Peterman,0.20000000298023224,1,6000,SF@CHI,CHI,SF,,,,,,QB
79963-86080,TE,Kyle,Kyle Pitts,Pitts,8.388235653147978,17,6000,NO@ATL,ATL,NO,,,,,,TE/FLEX
79963-39034,QB,Kurt,Kurt Benkert,Benkert,-0.10000000149011612,1,6000,GB@MIN,GB,MIN,,,,,,QB
79963-94396,QB,Carson,Carson Strong,Strong,,,6000,PHI@DET,PHI,DET,,,,,,QB
79963-69833,QB,Shane,Shane Buechele,Buechele,,,6000,KC@ARI,KC,ARI,,,,,,QB
79963-45259,QB,Logan,Logan Woodside,Woodside,-0.15000000596046448,4,6000,NYG@TEN,TEN,NYG,,,,,,QB
79963-92362,QB,Levi,Levi Lewis,Lewis,,,6000,DEN@SEA,SEA,DEN,,,,,,QB
79963-16606,WR,DeAndre,DeAndre Hopkins,Hopkins,12.61999969482422,10,6000,KC@ARI,ARI,KC,IR,Suspension,,,,WR/FLEX
79963-170252,QB,Felix,Felix Harper,Harper,,,6000,CLE@CAR,CLE,CAR,,,,,,QB
79963-61751,QB,Josh,Josh Thomas,Thomas,,,6000,KC@ARI,ARI,KC,,,,,,QB
79963-84287,QB,Luis,Luis Perez,Perez,,,6000,BUF@LAR,LAR,BUF,,,,,,QB
79963-92560,QB,Sam,Sam Ehlinger,Ehlinger,0.29999999205271405,3,6000,IND@HOU,IND,HOU,,,,,,QB
79963-31170,QB,Brandon,Brandon Allen,Allen,2.7719999313354493,5,6000,PIT@CIN,CIN,PIT,,,,,,QB
79963-22994,QB,Case,Case Keenum,Keenum,5.936000061035156,5,6000,BUF@LAR,BUF,LAR,,,,,,QB
79963-57840,RB,Rashaad,Rashaad Penny,Penny,11.86999969482422,10,6000,DEN@SEA,SEA,DEN,,,,,,RB/FLEX
79963-88575,WR,Elijah,Elijah Moore,Moore,10.60909063165838,11,6000,BAL@NYJ,NYJ,BAL,,,,,,WR/FLEX
79963-72241,QB,Drew,Drew Plitt,Plitt,,,6000,PIT@CIN,CIN,PIT,,,,,,QB
79963-94797,QB,Kellen,Kellen Mond,Mond,0.20000000298023224,1,6000,CLE@CAR,CLE,CAR,,,,,,QB
79963-139985,QB,Bailey,Bailey Zappe,Zappe,,,6000,NE@MIA,NE,MIA,,,,,,QB
79963-95026,QB,Dustin,Dustin Crum,Crum,,,6000,KC@ARI,KC,ARI,,,,,,QB
79963-41827,QB,P.J.,P.J. Walker,Walker,3.3560001373291017,5,6000,CLE@CAR,CAR,CLE,,,,,,QB
79963-33647,QB,Kyle,Kyle Sloter,Sloter,,,6000,JAC@WAS,JAC,WAS,,,,,,QB
79963-62364,QB,Josh,Josh Rosen,Rosen,-0.41333333651224774,3,6000,CLE@CAR,CLE,CAR,,,,,,QB
79963-29605,QB,Matt,Matt Barkley,Barkley,2.569999933242798,4,6000,BUF@LAR,BUF,LAR,,,,,,QB
79963-33702,QB,Ryan,Ryan Griffin,Griffin,,,6000,TB@DAL,TB,DAL,,,,,,QB
79963-93103,QB,E.J.,E.J. Perry,Perry,,,6000,JAC@WAS,JAC,WAS,,,,,,QB
79963-56286,QB,Trace,Trace McSorley,McSorley,3.1000000635782876,3,6000,KC@ARI,ARI,KC,,,,,,QB
79963-29715,QB,Kevin,Kevin Hogan,Hogan,,,6000,IND@HOU,HOU,IND,,,,,,QB
79963-72776,RB,Alexander,Alexander Mattison,Mattison,6.868750095367432,16,6000,GB@MIN,MIN,GB,,,,,,RB/FLEX
79963-62566,QB,Travis,Travis Jonsen,Jonsen,,,6000,TB@DAL,TB,DAL,,,,,,QB
79963-52342,QB,Will,Will Grier,Grier,0,2,6000,TB@DAL,DAL,TB,,,,,,QB
79963-64637,QB,Brian,Brian Lewerke,Lewerke,0,1,6000,NYG@TEN,NYG,TEN,,,,,,QB
79963-68741,QB,Brandon,Brandon Peters,Peters,,,6000,LV@LAC,LAC,LV,,,,,,QB
79963-72863,QB,Armani,Armani Rogers,Rogers,,,6000,JAC@WAS,WAS,JAC,,,,,,QB
79963-29915,QB,Brett,Brett Hundley,Hundley,0,2,6000,BAL@NYJ,BAL,NYJ,,,,,,QB
79963-130269,QB,Reid,Reid Sinnett,Sinnett,0,1,6000,PHI@DET,PHI,DET,,,,,,QB
79963-91468,QB,Chase,Chase Garbers,Garbers,,,6000,LV@LAC,LV,LAC,,,,,,QB
79963-60787,QB,Bryce,Bryce Perkins,Perkins,0,2,6000,BUF@LAR,LAR,BUF,,,,,,QB
79963-52606,QB,David,David Blough,Blough,0.6000000238418579,1,6000,GB@MIN,MIN,GB,,,,,,QB
79963-103824,QB,Easton,Easton Stick,Stick,-0.03999999910593033,1,6000,LV@LAC,LAC,LV,,,,,,QB
79963-73118,QB,Ian,Ian Book,Book,4,1,6000,PHI@DET,PHI,DET,,,,,,QB
79963-71077,QB,Cole,Cole Kelley,Kelley,,,6000,JAC@WAS,WAS,JAC,,,,,,QB
79963-60840,QB,Jake,Jake Browning,Browning,,,6000,PIT@CIN,CIN,PIT,,,,,,QB
79963-30253,QB,Jeff,Jeff Driskel,Driskel,8.020000457763672,4,6000,IND@HOU,HOU,IND,,,,,,QB
79963-89658,QB,Jack,Jack Coan,Coan,,,6000,IND@HOU,IND,HOU,,,,,,QB
79963-71232,QB,D'Eriq,D'Eriq King,King,,,6000,NE@MIA,NE,MIA,,,,,,QB
79963-71242,QB,Jarrett,Jarrett Guarantano,Guarantano,,,6000,KC@ARI,ARI,KC,,,,,,QB
79963-85607,QB,Brock,Brock Purdy,Purdy,,,6000,SF@CHI,SF,CHI,,,,,,QB
79963-7844,QB,Chad,Chad Henne,Henne,0.8199999928474426,4,6000,KC@ARI,KC,ARI,,,,,,QB
79963-69294,QB,Skylar,Skylar Thompson,Thompson,,,6000,NE@MIA,MIA,NE,,,,,,QB
79963-69302,QB,Feleipe,Feleipe Franks,Franks,-0.13333333532015482,3,6000,NO@ATL,ATL,NO,,,,,,QB
79963-73398,QB,Chris,Chris Oladokun,Oladokun,,,6000,KC@ARI,KC,ARI,,,,,,QB
79963-69304,QB,Kyle,Kyle Trask,Trask,,,6000,TB@DAL,TB,DAL,,,,,,QB
79963-52929,QB,Jake,Jake Luton,Luton,6.851999664306641,5,6000,JAC@WAS,JAC,WAS,,,,,,QB
79963-69333,QB,Jacob,Jacob Eason,Eason,0,1,6000,CLE@CAR,CAR,CLE,,,,,,QB
79963-8023,QB,Josh,Josh Johnson,Johnson,12.079999923706055,4,6000,DEN@SEA,DEN,SEA,,,,,,QB
79963-38767,QB,Chris,Chris Streveler,Streveler,1.0199999809265137,2,6000,BAL@NYJ,NYJ,BAL,,,,,,QB
79963-169852,QB,Davis,Davis Cheek,Cheek,,,6000,CLE@CAR,CAR,CLE,,,,,,QB
79963-38837,QB,Danny,Danny Etling,Etling,0,1,6000,GB@MIN,GB,MIN,,,,,,QB
79963-69597,QB,Anthony,Anthony Brown,Brown,,,6000,BAL@NYJ,BAL,NYJ,,,,,,QB
79963-63469,QB,Ben,Ben DiNucci,DiNucci,2.3200000127156577,3,6000,TB@DAL,DAL,TB,,,,,,QB
79963-71672,QB,K.J.,K.J. Costello,Costello,,,6000,NO@ATL,NO,ATL,,,,,,QB
79963-57909,RB,Marlon,Marlon Mack,Mack,2.3799999237060545,5,5900,IND@HOU,HOU,IND,,,,,,RB/FLEX
79963-57986,WR,Hunter,Hunter Renfrow,Renfrow,12.077777438693577,18,5900,LV@LAC,LV,LAC,,,,,,WR/FLEX
79963-110259,WR,Treylon,Treylon Burks,Burks,,,5900,NYG@TEN,TEN,NYG,,,,,,WR/FLEX
79963-52916,WR,Russell,Russell Gage,Gage,10,13,5900,TB@DAL,TB,DAL,Q,Leg,,,,WR/FLEX
79963-28643,WR,Allen,Allen Robinson II,Robinson II,5.666666666666667,12,5900,BUF@LAR,LAR,BUF,,,,,,WR/FLEX
79963-69956,WR,Michael,Michael Gallup,Gallup,8.222222222222221,9,5800,TB@DAL,DAL,TB,O,Knee - acl,,,,WR/FLEX
79963-83081,RB,Chase,Chase Edmonds,Edmonds,9.584615267240084,13,5800,NE@MIA,MIA,NE,,,,,,RB/FLEX
79963-73111,WR,Chase,Chase Claypool,Claypool,8.818750381469727,16,5800,PIT@CIN,PIT,CIN,,,,,,WR/FLEX
79963-60858,WR,Christian,Christian Kirk,Kirk,9.845555623372396,18,5800,JAC@WAS,JAC,WAS,,,,,,WR/FLEX
79963-85741,RB,Clyde,Clyde Edwards-Helaire,Edwards-Helaire,10,12,5800,KC@ARI,KC,ARI,,,,,,RB/FLEX
79963-71706,TE,T.J.,T.J. Hockenson,Hockenson,9.566666920979818,12,5700,PHI@DET,DET,PHI,,,,,,TE/FLEX
79963-30989,RB,Kenyan,Kenyan Drake,Drake,7.291666666666667,12,5700,BAL@NYJ,BAL,NYJ,,,,,,RB/FLEX
79963-33260,WR,DeVante,DeVante Parker,Parker,9.277777777777779,9,5700,NE@MIA,NE,MIA,,,,,,WR/FLEX
79963-45631,RB,Jamaal,Jamaal Williams,Williams,8.215384850135216,13,5700,PHI@DET,DET,PHI,,,,,,RB/FLEX
79963-31394,WR,Jarvis,Jarvis Landry,Landry,8.916666666666666,12,5700,NO@ATL,NO,ATL,,,,,,WR/FLEX
79963-70603,RB,Devin,Devin Singletary,Singletary,11.252631739566201,19,5700,BUF@LAR,BUF,LAR,,,,,,RB/FLEX
79963-83074,TE,Dallas,Dallas Goedert,Goedert,9.324999809265137,16,5700,PHI@DET,PHI,DET,,,,,,TE/FLEX
79963-40669,WR,Tyler,Tyler Boyd,Boyd,8.756999969482422,20,5700,PIT@CIN,CIN,PIT,,,,,,WR/FLEX
79963-14187,WR,A.J.,A.J. Green,Green,7.635294297162225,17,5700,KC@ARI,ARI,KC,,,,,,WR/FLEX
79963-111540,RB,Rhamondre,Rhamondre Stevenson,Stevenson,8.915384732759916,13,5600,NE@MIA,NE,MIA,,,,,,RB/FLEX
79963-54244,WR,Kenny,Kenny Golladay,Golladay,5.0428570338657925,14,5600,NYG@TEN,NYG,TEN,,,,,,WR/FLEX
79963-29685,WR,Robert,Robert Woods,Woods,12.744444105360243,9,5600,NYG@TEN,TEN,NYG,,,,,,WR/FLEX
79963-29780,TE,Zach,Zach Ertz,Ertz,8.183333502875435,18,5600,KC@ARI,ARI,KC,Q,Calf,,,,TE/FLEX
79963-85798,WR,Brandon,Brandon Aiyuk,Aiyuk,8.015000152587891,20,5600,SF@CHI,SF,CHI,,,,,,WR/FLEX
79963-14190,WR,Julio,Julio Jones,Jones,6.736363497647372,11,5600,TB@DAL,TB,DAL,,,,,,WR/FLEX
79963-30635,RB,Mike,Mike Davis,Davis,6.835293938131893,17,5600,BAL@NYJ,BAL,NYJ,,,,,,RB/FLEX
79963-24641,WR,Sammy,Sammy Watkins,Watkins,5.172727411443537,11,5500,GB@MIN,GB,MIN,,,,,,WR/FLEX
79963-28744,RB,Raheem,Raheem Mostert,Mostert,2,1,5500,NE@MIA,MIA,NE,,,,,,RB/FLEX
79963-63591,RB,Ronald,Ronald Jones II,Jones II,4.946666463216146,15,5500,KC@ARI,KC,ARI,,,,,,RB/FLEX
79963-112745,WR,Drake,Drake London,London,,,5500,NO@ATL,ATL,NO,Q,Knee,,,,WR/FLEX
79963-63634,WR,Jakobi,Jakobi Meyers,Meyers,8.929411944221048,17,5500,NE@MIA,NE,MIA,Q,Leg,,,,WR/FLEX
79963-55552,RB,Jeff,Jeff Wilson Jr.,Wilson Jr.,8,6,5500,SF@CHI,SF,CHI,,,,,,RB/FLEX
79963-63759,RB,Tony,Tony Pollard,Pollard,9.168749809265137,16,5500,TB@DAL,DAL,TB,,,,,,RB/FLEX
79963-27477,WR,Sterling,Sterling Shepard,Shepard,8.52857153756278,7,5500,NYG@TEN,NYG,TEN,Q,Achilles,,,,WR/FLEX
79963-56265,TE,Mike,Mike Gesicki,Gesicki,7.5588235294117645,17,5500,NE@MIA,MIA,NE,,,,,,TE/FLEX
79963-64585,TE,Dawson,Dawson Knox,Knox,9.699999640969668,17,5500,BUF@LAR,BUF,LAR,,,,,,TE/FLEX
79963-93408,WR,Rondale,Rondale Moore,Moore,5.853333536783854,15,5500,KC@ARI,ARI,KC,Q,Undisclosed,,,,WR/FLEX
79963-40167,RB,Gus,Gus Edwards,Edwards,7.316666497124566,18,5500,BAL@NYJ,BAL,NYJ,NA,Knee - acl,,,,RB/FLEX
79963-87467,RB,Chuba,Chuba Hubbard,Hubbard,7.818749904632568,16,5500,CLE@CAR,CAR,CLE,,,,,,RB/FLEX
79963-52808,RB,Dontrell,Dontrell Hilliard,Hilliard,8.25,8,5500,NYG@TEN,TEN,NYG,,,,,,RB/FLEX
79963-22103,WR,Marvin,Marvin Jones Jr.,Jones Jr.,8.452940996955423,17,5500,JAC@WAS,JAC,WAS,,,,,,WR/FLEX
79963-40647,WR,Marquez,Marquez Valdes-Scantling,Valdes-Scantling,6.7272727272727275,11,5500,KC@ARI,KC,ARI,,,,,,WR/FLEX
79963-26355,TE,Logan,Logan Thomas,Thomas,8.919999694824218,5,5500,JAC@WAS,WAS,JAC,Q,Knee - acl,,,,TE/FLEX
79963-14211,RB,Mark,Mark Ingram II,Ingram II,6.7928570338657925,14,5500,NO@ATL,NO,ATL,,,,,,RB/FLEX
79963-86055,RB,Dameon,Dameon Pierce,Pierce,,,5400,IND@HOU,HOU,IND,,,,,,RB/FLEX
79963-53303,RB,Matt,Matt Breida,Breida,5.600000108991351,7,5400,NYG@TEN,NYG,TEN,,,,,,RB/FLEX
79963-63625,RB,Nyheim,Nyheim Hines,Hines,5.447058733771829,17,5400,IND@HOU,IND,HOU,,,,,,RB/FLEX
79963-57543,RB,D'Ernest,D'Ernest Johnson,Johnson,7.883333206176758,12,5400,CLE@CAR,CLE,CAR,,,,,,RB/FLEX
79963-45439,WR,Corey,Corey Davis,Davis,9.799999660915798,9,5400,BAL@NYJ,NYJ,BAL,,,,,,WR/FLEX
79963-70157,RB,Darrell,Darrell Henderson Jr.,Henderson Jr.,11.953845684344952,13,5400,BUF@LAR,LAR,BUF,,,,,,RB/FLEX
79963-91426,WR,Donovan,Donovan Peoples-Jones,Peoples-Jones,7.13076899601863,13,5400,CLE@CAR,CLE,CAR,,,,,,WR/FLEX
79963-52897,RB,Darrel,Darrel Williams,Williams,9.494444105360243,18,5400,KC@ARI,ARI,KC,,,,,,RB/FLEX
79963-71352,WR,Mecole,Mecole Hardman,Hardman,7.25,20,5400,KC@ARI,KC,ARI,,,,,,WR/FLEX
79963-40845,TE,Hunter,Hunter Henry,Henry,8.400000179515166,17,5400,NE@MIA,NE,MIA,,,,,,TE/FLEX
79963-86052,WR,Kadarius,Kadarius Toney,Toney,6.984444512261285,9,5300,NYG@TEN,NYG,TEN,Q,Leg,,,,WR/FLEX
79963-24755,WR,Jamison,Jamison Crowder,Crowder,7.016666412353516,12,5300,BUF@LAR,BUF,LAR,,,,,,WR/FLEX
79963-86244,TE,Pat,Pat Freiermuth,Freiermuth,7.423529232249541,17,5300,PIT@CIN,PIT,CIN,,,,,,TE/FLEX
79963-72412,RB,Khalil,Khalil Herbert,Herbert,4.493750095367432,16,5300,SF@CHI,CHI,SF,,,,,,RB/FLEX
79963-47870,TE,Tyler,Tyler Higbee,Higbee,7.361111111111111,18,5300,BUF@LAR,LAR,BUF,,,,,,TE/FLEX
79963-90912,RB,Kenneth,Kenneth Gainwell,Gainwell,7.111764795639935,17,5300,PHI@DET,PHI,DET,,,,,,RB/FLEX
79963-27441,RB,Damien,Damien Williams,Williams,5.270000076293945,10,5300,NO@ATL,ATL,NO,,,,,,RB/FLEX
79963-103564,WR,Garrett,Garrett Wilson,Wilson,,,5300,BAL@NYJ,NYJ,BAL,,,,,,WR/FLEX
79963-52451,RB,Samaje,Samaje Perine,Perine,4.347368340743215,19,5300,PIT@CIN,CIN,PIT,,,,,,RB/FLEX
79963-26251,WR,Robbie,Robbie Anderson,Anderson,6.588235294117647,17,5300,CLE@CAR,CAR,CLE,Q,Quadriceps,,,,WR/FLEX
79963-69295,WR,Byron,Byron Pringle,Pringle,7.2631578947368425,19,5300,SF@CHI,CHI,SF,Q,Quadriceps,,,,WR/FLEX
79963-52917,WR,DJ,DJ Chark Jr.,Chark Jr.,10.299999872843424,3,5300,PHI@DET,DET,PHI,,,,,,WR/FLEX
79963-55042,TE,Dalton,Dalton Schultz,Schultz,10.122222052680122,18,5300,TB@DAL,DAL,TB,,,,,,TE/FLEX
79963-43334,RB,J.D.,J.D. McKissic,McKissic,9.672727411443537,11,5200,JAC@WAS,WAS,JAC,Q,Groin,,,,RB/FLEX
79963-63855,WR,K.J.,K.J. Osborn,Osborn,7.852941176470588,17,5200,GB@MIN,MIN,GB,,,,,,WR/FLEX
79963-86646,RB,Trey,Trey Sermon,Sermon,5.3599998474121096,5,5200,PHI@DET,PHI,DET,,,,,,RB/FLEX
79963-56262,WR,Parris,Parris Campbell,Campbell,4.533333460489909,6,5200,IND@HOU,IND,HOU,,,,,,WR/FLEX
79963-64581,WR,Van,Van Jefferson,Jefferson,7.590475899832589,21,5200,BUF@LAR,LAR,BUF,Q,Knee,,,,WR/FLEX
79963-70889,RB,Benny,Benny Snell Jr.,Snell Jr.,1.1571429116385323,14,5200,PIT@CIN,PIT,CIN,,,,,,RB/FLEX
79963-91419,WR,Nico,Nico Collins,Collins,4.7928570338657925,14,5200,IND@HOU,HOU,IND,,,,,,WR/FLEX
79963-54608,RB,Jerick,Jerick McKinnon,McKinnon,6.718181956898082,11,5200,KC@ARI,KC,ARI,,,,,,RB/FLEX
79963-93539,RB,Michael,Michael Carter,Carter,9.742856706891741,14,5200,BAL@NYJ,NYJ,BAL,,,,,,RB/FLEX
79963-114100,RB,Isaiah,Isaiah Spiller,Spiller,,,5200,LV@LAC,LAC,LV,,,,,,RB/FLEX
79963-110246,WR,George,George Pickens,Pickens,,,5200,PIT@CIN,PIT,CIN,,,,,,WR/FLEX
79963-57091,WR,Tim,Tim Patrick,Patrick,8.118749618530273,16,5200,DEN@SEA,DEN,SEA,IR,Knee - acl,,,,WR/FLEX
79963-169776,WR,Christian,Christian Watson,Watson,,,5200,GB@MIN,GB,MIN,Q,Knee,,,,WR/FLEX
79963-57299,TE,Gerald,Gerald Everett,Everett,6.253333536783854,15,5200,LV@LAC,LAC,LV,,,,,,TE/FLEX
79963-73687,WR,Quez,Quez Watkins,Watkins,5.5,18,5200,PHI@DET,PHI,DET,,,,,,WR/FLEX
79963-71705,TE,Noah,Noah Fant,Fant,7.8125,16,5100,DEN@SEA,SEA,DEN,,,,,,TE/FLEX
79963-63819,WR,Darius,Darius Slayton,Slayton,4.276922959547776,13,5100,NYG@TEN,NYG,TEN,,,,,,WR/FLEX
79963-41305,WR,Zay,Zay Jones,Jones,6.0625,16,5100,JAC@WAS,JAC,WAS,,,,,,WR/FLEX
79963-53639,WR,Isaiah,Isaiah McKenzie,McKenzie,3.158823574290556,17,5100,BUF@LAR,BUF,LAR,,,,,,WR/FLEX
79963-80289,WR,Kendrick,Kendrick Bourne,Bourne,9.866667005750868,18,5100,NE@MIA,NE,MIA,,,,,,WR/FLEX
79963-72133,WR,Antoine,Antoine Wesley,Wesley,5.588888804117839,9,5100,KC@ARI,ARI,KC,IR,Hip,,,,WR/FLEX
79963-41426,RB,Phillip,Phillip Lindsay,Lindsay,3.1000001089913503,14,5100,IND@HOU,IND,HOU,,,,,,RB/FLEX
79963-80353,TE,Robert,Robert Tonyan,Tonyan,5.175000190734863,8,5100,GB@MIN,GB,MIN,Q,Knee - acl,,,,TE/FLEX
79963-88548,WR,Jalen,Jalen Tolbert,Tolbert,,,5100,TB@DAL,DAL,TB,,,,,,WR/FLEX
79963-55970,RB,Royce,Royce Freeman,Freeman,2.6909091255881568,11,5100,IND@HOU,HOU,IND,,,,,,RB/FLEX
79963-27338,RB,Rex,Rex Burkhead,Burkhead,6.557143075125558,14,5100,IND@HOU,HOU,IND,,,,,,RB/FLEX
79963-93023,RB,Jermar,Jermar Jefferson,Jefferson,5.925000190734863,4,5100,PHI@DET,DET,PHI,,,,,,RB/FLEX
79963-64389,WR,Nick,Nick Westbrook-Ikhine,Westbrook-Ikhine,5.537499904632568,16,5100,NYG@TEN,TEN,NYG,,,,,,WR/FLEX
79963-72725,TE,Irv,Irv Smith Jr.,Smith Jr.,6.958333333333333,12,5100,GB@MIN,MIN,GB,Q,Thumb,,,,TE/FLEX
79963-52613,WR,Curtis,Curtis Samuel,Samuel,1.3600000381469726,5,5100,JAC@WAS,WAS,JAC,,,,,,WR/FLEX
79963-34295,WR,Breshad,Breshad Perriman,Perriman,4.816666603088379,6,5100,TB@DAL,TB,DAL,,,,,,WR/FLEX
79963-69276,WR,Bryan,Bryan Edwards,Edwards,5.747058644014246,17,5100,NO@ATL,ATL,NO,,,,,,WR/FLEX
79963-53097,WR,Josh,Josh Reynolds,Reynolds,6.6099998474121096,10,5100,PHI@DET,DET,PHI,,,,,,WR/FLEX
79963-14257,WR,Randall,Randall Cobb,Cobb,6.633333206176758,12,5100,GB@MIN,GB,MIN,,,,,,WR/FLEX
79963-69581,WR,Cedrick,Cedrick Wilson Jr.,Wilson Jr.,8.934666951497396,15,5100,NE@MIA,MIA,NE,,,,,,WR/FLEX
79963-55335,TE,David,David Njoku,Njoku,5.9733332316080725,15,5000,CLE@CAR,CLE,CAR,,,,,,TE/FLEX
79963-94370,WR,Romeo,Romeo Doubs,Doubs,,,5000,GB@MIN,GB,MIN,,,,,,WR/FLEX
79963-88277,RB,Anthony,Anthony McFarland Jr.,McFarland Jr.,0.949999988079071,2,5000,PIT@CIN,PIT,CIN,,,,,,RB/FLEX
79963-149742,RB,Nate,Nate McCrary,McCrary,-0.10000000149011612,1,5000,BAL@NYJ,BAL,NYJ,,,,,,RB/FLEX
79963-12549,D,San Francisco,San Francisco 49ers,49ers,7.65,20,5000,SF@CHI,SF,CHI,,,,,,DEF
79963-53640,RB,Sony,Sony Michel,Michel,6.880952380952381,21,5000,LV@LAC,LAC,LV,,,,,,RB/FLEX
79963-55748,WR,James,James Washington,Washington,4.03125,16,5000,TB@DAL,DAL,TB,IR,Foot,,,,WR/FLEX
79963-137902,RB,Rachaad,Rachaad White,White,,,5000,TB@DAL,TB,DAL,,,,,,RB/FLEX
79963-91047,TE,Cole,Cole Kmet,Kmet,5.364705702837775,17,5000,SF@CHI,CHI,SF,,,,,,TE/FLEX
79963-103342,RB,Kenneth,Kenneth Walker III,Walker III,,,5000,DEN@SEA,SEA,DEN,Q,Abdomen,,,,RB/FLEX
79963-72627,RB,Patrick,Patrick Taylor,Taylor,4.050000190734863,4,5000,GB@MIN,GB,MIN,,,,,,RB/FLEX
79963-64496,WR,Olamide,Olamide Zaccheaus,Zaccheaus,4.9533335367838545,15,5000,NO@ATL,ATL,NO,,,,,,WR/FLEX
79963-111631,WR,Jameson,Jameson Williams,Williams,,,5000,PHI@DET,DET,PHI,IR,Knee - acl,,,,WR/FLEX
79963-60451,TE,Tyler,Tyler Conklin,Conklin,6.3411766501034,17,5000,BAL@NYJ,NYJ,BAL,,,,,,TE/FLEX
79963-27776,RB,Tevin,Tevin Coleman,Coleman,4.181818181818182,11,5000,BAL@NYJ,NYJ,BAL,,,,,,RB/FLEX
79963-64786,RB,Ryquell,Ryquell Armstead,Armstead,5.550000190734863,2,5000,JAC@WAS,JAC,WAS,,,,,,RB/FLEX
79963-71032,WR,Devin,Devin Duvernay,Duvernay,4.168749809265137,16,5000,BAL@NYJ,BAL,NYJ,,,,,,WR/FLEX
79963-73121,RB,Tony,Tony Jones Jr.,Jones Jr.,1.9600000381469727,10,5000,NO@ATL,NO,ATL,,,,,,RB/FLEX
79963-114180,WR,David,David Bell,Bell,,,5000,CLE@CAR,CLE,CAR,,,,,,WR/FLEX
79963-85672,WR,Terrace,Terrace Marshall Jr.,Marshall Jr.,2.0249999364217124,12,5000,CLE@CAR,CAR,CLE,,,,,,WR/FLEX
79963-87770,WR,Chris,Chris Olave,Olave,,,5000,NO@ATL,NO,ATL,,,,,,WR/FLEX
79963-91872,RB,Joshua,Joshua Kelley,Kelley,1.8125,8,5000,LV@LAC,LAC,LV,,,,,,RB/FLEX
79963-87859,WR,Laviska,Laviska Shenault Jr.,Shenault Jr.,5.96875,16,5000,CLE@CAR,CAR,CLE,,,,,,WR/FLEX
79963-88109,RB,Gary,Gary Brightwell,Brightwell,0.75,2,4900,NYG@TEN,NYG,TEN,Q,Undisclosed,,,,RB/FLEX
79963-86113,WR,Ihmir,Ihmir Smith-Marsette,Smith-Marsette,4.350000063578288,6,4900,SF@CHI,CHI,SF,,,,,,WR/FLEX
79963-53390,WR,Zach,Zach Pascal,Pascal,4.71875,16,4900,PHI@DET,PHI,DET,,,,,,WR/FLEX
79963-61593,WR,Jauan,Jauan Jennings,Jennings,4.84375,16,4900,SF@CHI,SF,CHI,,,,,,WR/FLEX
79963-86192,WR,KJ,KJ Hamler,Hamler,3.2999998728434243,3,4900,DEN@SEA,DEN,SEA,,,,,,WR/FLEX
79963-86229,WR,Jahan,Jahan Dotson,Dotson,,,4900,JAC@WAS,WAS,JAC,,,,,,WR/FLEX
79963-12542,D,New Orleans,New Orleans Saints,Saints,8.529411764705882,17,4900,NO@ATL,NO,ATL,,,,,,DEF
79963-86312,WR,Alec,Alec Pierce,Pierce,,,4900,IND@HOU,IND,HOU,,,,,,WR/FLEX
79963-70027,RB,Zack,Zack Moss,Moss,6.692856924874442,14,4900,BUF@LAR,BUF,LAR,,,,,,RB/FLEX
79963-43433,RB,Boston,Boston Scott,Scott,9.281818043101918,11,4900,PHI@DET,PHI,DET,,,,,,RB/FLEX
79963-90562,RB,Brian,Brian Robinson Jr.,Robinson Jr.,,,4900,JAC@WAS,WAS,JAC,IR,Lower body,,,,RB/FLEX
79963-102893,RB,Tyrion,Tyrion Davis-Price,Davis-Price,,,4900,SF@CHI,SF,CHI,,,,,,RB/FLEX
79963-55830,RB,D'Onta,D'Onta Foreman,Foreman,9.6,10,4900,CLE@CAR,CAR,CLE,,,,,,RB/FLEX
79963-64031,TE,Hayden,Hayden Hurst,Hurst,4.258333206176758,12,4900,PIT@CIN,CIN,PIT,,,,,,TE/FLEX
79963-94887,RB,Tyler,Tyler Badie,Badie,,,4900,BAL@NYJ,BAL,NYJ,,,,,,RB/FLEX
79963-94936,RB,Larry,Larry Rountree III,Rountree III,1.677777820163303,9,4900,LV@LAC,LAC,LV,,,,,,RB/FLEX
79963-41872,TE,Evan,Evan Engram,Engram,5.3,15,4900,JAC@WAS,JAC,WAS,,,,,,TE/FLEX
79963-29683,WR,Nelson,Nelson Agholor,Agholor,5.813333129882812,15,4900,NE@MIA,NE,MIA,,,,,,WR/FLEX
79963-40126,TE,Austin,Austin Hooper,Hooper,4.9,15,4900,NYG@TEN,TEN,NYG,,,,,,TE/FLEX
79963-70859,TE,Albert,Albert Okwuegbunam,Okwuegbunam,4.576923076923077,13,4900,DEN@SEA,DEN,SEA,Q,Lower body,,,,TE/FLEX
79963-91361,RB,Hassan,Hassan Haskins,Haskins,,,4900,NYG@TEN,TEN,NYG,,,,,,RB/FLEX
79963-38264,WR,Demarcus,Demarcus Robinson,Robinson,3.911764705882353,17,4900,BAL@NYJ,BAL,NYJ,,,,,,WR/FLEX
79963-87418,WR,Joshua,Joshua Palmer,Palmer,5.093333435058594,15,4900,LV@LAC,LAC,LV,,,,,,WR/FLEX
79963-73130,RB,Chris,Chris Evans,Evans,3.415384732759916,13,4900,PIT@CIN,CIN,PIT,,,,,,RB/FLEX
79963-64949,WR,Ja'Marcus,Ja'Marcus Bradley,Bradley,2.7999998728434243,3,4900,CLE@CAR,CLE,CAR,,,,,,WR/FLEX
79963-91578,RB,Zamir,Zamir White,White,,,4900,LV@LAC,LV,LAC,,,,,,RB/FLEX
79963-54782,TE,Cameron,Cameron Brate,Brate,3.850000169542101,18,4900,TB@DAL,TB,DAL,,,,,,TE/FLEX
79963-60930,RB,Myles,Myles Gaskin,Gaskin,8.77058859432445,17,4900,NE@MIA,MIA,NE,,,,,,RB/FLEX
79963-89613,WR,Simi,Simi Fehoko,Fehoko,,,4900,TB@DAL,DAL,TB,,,,,,WR/FLEX
79963-71246,WR,Marquez,Marquez Callaway,Callaway,7.576470767750459,17,4900,NO@ATL,NO,ATL,,,,,,WR/FLEX
79963-69303,WR,Freddie,Freddie Swain,Swain,4.352941176470588,17,4900,DEN@SEA,SEA,DEN,,,,,,WR/FLEX
79963-30403,WR,Chris,Chris Conley,Conley,3.828571319580078,14,4900,IND@HOU,HOU,IND,,,,,,WR/FLEX
79963-63186,WR,James,James Proche II,Proche II,4.028571537562779,7,4900,BAL@NYJ,BAL,NYJ,,,,,,WR/FLEX
79963-85762,RB,Eno,Eno Benjamin,Benjamin,3.674999952316284,8,4900,KC@ARI,ARI,KC,,,,,,RB/FLEX
79963-69558,WR,Greg,Greg Dortch,Dortch,1.350000023841858,4,4900,KC@ARI,ARI,KC,,,,,,WR/FLEX
79963-79920,WR,Cyril,Cyril Grayson Jr.,Grayson Jr.,13.199999491373697,3,4800,TB@DAL,TB,DAL,Q,Undisclosed,,,,WR/FLEX
79963-79979,WR,Jamal,Jamal Agnew,Agnew,6.4,10,4800,JAC@WAS,JAC,WAS,,,,,,WR/FLEX
79963-79998,WR,Keelan,Keelan Cole,Cole,4.635714394705636,14,4800,LV@LAC,LV,LAC,,,,,,WR/FLEX
79963-53498,WR,Richie,Richie James Jr.,James Jr.,5.290000152587891,10,4800,NYG@TEN,NYG,TEN,,,,,,WR/FLEX
79963-12555,D,Baltimore,Baltimore Ravens,Ravens,5.0588235294117645,17,4800,BAL@NYJ,BAL,NYJ,,,,,,DEF
79963-71957,WR,Quintez,Quintez Cephus,Cephus,8.38000030517578,5,4800,PHI@DET,DET,PHI,,,,,,WR/FLEX
79963-33047,WR,Chris,Chris Moore,Moore,5.650000095367432,8,4800,IND@HOU,HOU,IND,,,,,,WR/FLEX
79963-90428,RB,Tyler,Tyler Allgeier,Allgeier,,,4800,NO@ATL,ATL,NO,,,,,,RB/FLEX
79963-102729,RB,Snoop,Snoop Conner,Conner,,,4800,JAC@WAS,JAC,WAS,,,,,,RB/FLEX
79963-94625,WR,Jalen,Jalen Reagor,Reagor,3.3499999576144748,18,4800,GB@MIN,MIN,GB,,,,,,WR/FLEX
79963-90533,RB,Jerome,Jerome Ford,Ford,,,4800,CLE@CAR,CLE,CAR,,,,,,RB/FLEX
79963-31207,TE,C.J.,C.J. Uzomah,Uzomah,6.594999694824219,20,4800,BAL@NYJ,NYJ,BAL,,,,,,TE/FLEX
79963-72370,RB,J.J.,J.J. Taylor,Taylor,3.3,5,4800,NE@MIA,NE,MIA,,,,,,RB/FLEX
79963-70383,RB,Darrynton,Darrynton Evans,Evans,2.799999952316284,1,4800,SF@CHI,CHI,SF,,,,,,RB/FLEX
79963-72453,WR,Denzel,Denzel Mims,Mims,1.7299999237060546,10,4800,BAL@NYJ,NYJ,BAL,,,,,,WR/FLEX
79963-56248,WR,Noah,Noah Brown,Brown,2.9333332909478083,9,4800,TB@DAL,DAL,TB,Q,Toe,,,,WR/FLEX
79963-56648,RB,Jeremy,Jeremy McNichols,McNichols,4.584615267240084,13,4800,PIT@CIN,PIT,CIN,IR,Shoulder,,,,RB/FLEX
79963-64843,WR,Jalen,Jalen Guyton,Guyton,5.106249809265137,16,4800,LV@LAC,LAC,LV,,,,,,WR/FLEX
79963-91626,RB,James,James Cook,Cook,,,4800,BUF@LAR,BUF,LAR,,,,,,RB/FLEX
79963-63050,RB,Ty,Ty Johnson,Johnson,6.666666666666667,15,4800,BAL@NYJ,NYJ,BAL,,,,,,RB/FLEX
79963-87662,WR,Anthony,Anthony Schwartz,Schwartz,2.1846153552715597,13,4800,CLE@CAR,CLE,CAR,,,,,,WR/FLEX
79963-94087,RB,DeeJay,DeeJay Dallas,Dallas,2.9176469690659466,17,4800,DEN@SEA,SEA,DEN,,,,,,RB/FLEX
79963-94094,TE,Brevin,Brevin Jordan,Jordan,5.724999904632568,8,4800,IND@HOU,HOU,IND,,,,,,TE/FLEX
79963-24533,TE,Mo,Mo Alie-Cox,Alie-Cox,3.9764704984777115,17,4800,IND@HOU,IND,HOU,,,,,,TE/FLEX
79963-30678,WR,Damiere,Damiere Byrd,Byrd,4.718181956898082,11,4800,NO@ATL,ATL,NO,,,,,,WR/FLEX
79963-104424,RB,Craig,Craig Reynolds,Reynolds,6.340000152587891,5,4800,PHI@DET,DET,PHI,,,,,,RB/FLEX
79963-71723,WR,Dez,Dez Fitzpatrick,Fitzpatrick,4.466666539510091,3,4700,NYG@TEN,TEN,NYG,,,,,,WR/FLEX
79963-61631,WR,Bisi,Bisi Johnson,Johnson,3.487499952316284,8,4700,GB@MIN,MIN,GB,IR,Knee - acl,,,,WR/FLEX
79963-12553,D,Carolina,Carolina Panthers,Panthers,5.235294117647059,17,4700,CLE@CAR,CAR,CLE,,,,,,DEF
79963-55694,WR,Mike,Mike Thomas,Thomas,1.2374999523162842,8,4700,PIT@CIN,CIN,PIT,,,,,,WR/FLEX
79963-47523,WR,Tajae,Tajae Sharpe,Sharpe,2.5357142857142856,14,4700,SF@CHI,CHI,SF,IR,Ribs,,,,WR/FLEX
79963-72182,WR,Dee,Dee Eskridge,Eskridge,2.9124999046325684,8,4700,DEN@SEA,SEA,DEN,,,,,,WR/FLEX
79963-62055,WR,Ray-Ray,Ray-Ray McCloud III,McCloud III,2.923529456643497,17,4700,SF@CHI,SF,CHI,,,,,,WR/FLEX
79963-88699,RB,Jaret,Jaret Patterson,Patterson,3.6357143947056363,14,4700,JAC@WAS,WAS,JAC,,,,,,RB/FLEX
79963-25290,RB,Giovani,Giovani Bernard,Bernard,5.366666793823242,12,4700,TB@DAL,TB,DAL,Q,Ankle,,,,RB/FLEX
79963-64221,TE,Zach,Zach Gentry,Gentry,2.8636363636363638,11,4700,PIT@CIN,PIT,CIN,,,,,,TE/FLEX
79963-45791,WR,Rashard,Rashard Higgins,Higgins,3.7916666666666665,12,4700,CLE@CAR,CAR,CLE,,,,,,WR/FLEX
79963-70372,WR,Chester,Chester Rogers,Rogers,2.9882352492388558,17,4700,IND@HOU,HOU,IND,Q,Undisclosed,,,,WR/FLEX
79963-70422,WR,Kalif,Kalif Raymond,Raymond,6.775000095367432,16,4700,PHI@DET,DET,PHI,,,,,,WR/FLEX
79963-92976,WR,Tutu,Tutu Atwell,Atwell,0,6,4700,BUF@LAR,LAR,BUF,,,,,,WR/FLEX
79963-41806,WR,Laquon,Laquon Treadwell,Treadwell,5.491666793823242,12,4700,JAC@WAS,JAC,WAS,,,,,,WR/FLEX
79963-41936,WR,Anthony,Anthony Miller,Miller,3.8333333333333335,3,4700,PIT@CIN,PIT,CIN,IR,Shoulder,,,,WR/FLEX
79963-48116,TE,Jonnu,Jonnu Smith,Smith,3.5600001017252603,15,4700,NE@MIA,NE,MIA,,,,,,TE/FLEX
79963-72705,TE,John,John Bates,Bates,3.7181819568980825,11,4700,JAC@WAS,WAS,JAC,Q,Calf,,,,TE/FLEX
79963-29734,WR,Ty,Ty Montgomery,Montgomery,1.8249999682108562,12,4700,NE@MIA,NE,MIA,Q,Ankle,,,,WR/FLEX
79963-64575,RB,Derrick,Derrick Gore,Gore,5.822222391764323,9,4700,KC@ARI,KC,ARI,Q,Thumb,,,,RB/FLEX
79963-87122,WR,Lynn,Lynn Bowden Jr.,Bowden Jr.,3.9580001831054688,10,4700,NE@MIA,NE,MIA,,,,,,WR/FLEX
79963-68694,RB,Antonio,Antonio Williams,Williams,20.799999237060547,1,4700,NYG@TEN,NYG,TEN,,,,,,RB/FLEX
79963-91225,RB,Kylin,Kylin Hill,Hill,0.42500001192092896,8,4700,GB@MIN,GB,MIN,NA,Knee - acl,,,,RB/FLEX
79963-68712,WR,Tyler,Tyler Johnson,Johnson,3.588235294117647,17,4700,IND@HOU,HOU,IND,,,,,,WR/FLEX
79963-103539,WR,Wan'Dale,Wan'Dale Robinson,Robinson,,,4700,NYG@TEN,NYG,TEN,,,,,,WR/FLEX
79963-89220,WR,Tyquan,Tyquan Thornton,Thornton,,,4700,NE@MIA,NE,MIA,IR,Collarbone,,,,WR/FLEX
79963-83083,WR,Justin,Justin Watson,Watson,2.5799999237060547,5,4700,KC@ARI,KC,ARI,,,,,,WR/FLEX
79963-62628,WR,DeAndre,DeAndre Carter,Carter,4.382352941176471,17,4700,LV@LAC,LAC,LV,,,,,,WR/FLEX
79963-25813,WR,Phillip,Phillip Dorsett II,Dorsett II,2.9,5,4700,IND@HOU,HOU,IND,,,,,,WR/FLEX
79963-130270,TE,Adam,Adam Trautman,Trautman,4.527272657914595,11,4700,NO@ATL,NO,ATL,,,,,,TE/FLEX
79963-130275,WR,Kristian,Kristian Wilkerson,Wilkerson,18.200000762939453,1,4700,NE@MIA,NE,MIA,IR,Concussion,,,,WR/FLEX
79963-52495,WR,Braxton,Braxton Berrios,Berrios,6.131249904632568,16,4700,BAL@NYJ,NYJ,BAL,,,,,,WR/FLEX
79963-85306,WR,KhaDarel,KhaDarel Hodge,Hodge,2.4200000762939453,10,4700,NO@ATL,ATL,NO,,,,,,WR/FLEX
79963-32234,RB,Malcolm,Malcolm Brown,Brown,3.5,6,4700,NO@ATL,NO,ATL,,,,,,RB/FLEX
79963-32243,WR,Marquise,Marquise Goodwin,Goodwin,3.3714286259242465,14,4700,DEN@SEA,SEA,DEN,Q,Hamstring,,,,WR/FLEX
79963-60977,RB,Ty'Son,Ty'Son Williams,Williams,5.342857360839844,7,4700,IND@HOU,IND,HOU,,,,,,RB/FLEX
79963-104012,WR,Ashton,Ashton Dulin,Dulin,2.7857142857142856,14,4700,IND@HOU,IND,HOU,,,,,,WR/FLEX
79963-104176,WR,Deonte,Deonte Harty,Harty,7.315384498009315,13,4700,NO@ATL,NO,ATL,,,,,,WR/FLEX
79963-71444,RB,Travis,Travis Homer,Homer,4.138461479773889,13,4700,DEN@SEA,SEA,DEN,,,,,,RB/FLEX
79963-63419,WR,Andy,Andy Isabella,Isabella,1.7999999523162842,1,4700,KC@ARI,ARI,KC,,,,,,WR/FLEX
79963-32703,WR,Jakeem,Jakeem Grant Sr.,Grant Sr.,2.2666666666666666,15,4700,CLE@CAR,CLE,CAR,IR,Achilles,,,,WR/FLEX
79963-57342,WR,Tre'Quan,Tre'Quan Smith,Smith,7.169999694824218,10,4700,NO@ATL,NO,ATL,Q,Shoulder,,,,WR/FLEX
79963-40977,TE,Ricky,Ricky Seals-Jones,Seals-Jones,4.918181679465554,11,4600,NYG@TEN,NYG,TEN,Q,Toe,,,,TE/FLEX
79963-61555,WR,David,David Sills V,Sills V,0.675000011920929,4,4600,NYG@TEN,NYG,TEN,,,,,,WR/FLEX
79963-28827,RB,Dare,Dare Ogunbowale,Ogunbowale,4.3599998474121096,10,4600,IND@HOU,HOU,IND,,,,,,RB/FLEX
79963-149710,WR,Mike,Mike Strachan,Strachan,1.7999999523162842,2,4600,IND@HOU,IND,HOU,,,,,,WR/FLEX
79963-69836,WR,Collin,Collin Johnson,Johnson,2.2857142857142856,7,4600,NYG@TEN,NYG,TEN,IR,Achilles,,,,WR/FLEX
79963-57565,RB,Austin,Austin Walter,Walter,4.5,4,4600,LV@LAC,LV,LAC,,,,,,RB/FLEX
79963-12534,D,Tennessee,Tennessee Titans,Titans,7.5,18,4600,NYG@TEN,TEN,NYG,,,,,,DEF
79963-90408,WR,Dax,Dax Milne,Milne,1.211111068725586,9,4600,JAC@WAS,WAS,JAC,,,,,,WR/FLEX
79963-22898,RB,Brandon,Brandon Bolden,Bolden,6.3705884148092835,17,4600,LV@LAC,LV,LAC,,,,,,RB/FLEX
79963-80294,TE,Anthony,Anthony Firkser,Firkser,3.8812499046325684,16,4600,NO@ATL,ATL,NO,,,,,,TE/FLEX
79963-92606,WR,Bo,Bo Melton,Melton,,,4600,DEN@SEA,SEA,DEN,,,,,,WR/FLEX
79963-86518,WR,Khalil,Khalil Shakir,Shakir,,,4600,BUF@LAR,BUF,LAR,,,,,,WR/FLEX
79963-86543,WR,Erik,Erik Ezukanma,Ezukanma,,,4600,NE@MIA,MIA,NE,,,,,,WR/FLEX
79963-70206,RB,Jason,Jason Huntley,Huntley,5.099999904632568,1,4600,PHI@DET,PHI,DET,,,,,,RB/FLEX
79963-72297,RB,Rico,Rico Dowdle,Dowdle,0.8000000317891439,3,4600,TB@DAL,DAL,TB,,,,,,RB/FLEX
79963-86657,RB,Kennedy,Kennedy Brooks,Brooks,,,4600,PHI@DET,PHI,DET,,,,,,RB/FLEX
79963-70282,WR,Demetric,Demetric Felton,Felton,2.7666666666666666,15,4600,CLE@CAR,CLE,CAR,,,,,,WR/FLEX
79963-23194,WR,Josh,Josh Gordon,Gordon,1.2999999788072374,9,4600,NYG@TEN,TEN,NYG,,,,,,WR/FLEX
79963-25267,WR,Mack,Mack Hollins,Hollins,4.099999941312349,13,4600,LV@LAC,LV,LAC,,,,,,WR/FLEX
79963-58041,RB,Mike,Mike Boone,Boone,3.3499999046325684,2,4600,DEN@SEA,DEN,SEA,,,,,,RB/FLEX
79963-92859,WR,Jalen,Jalen Nailor,Nailor,,,4600,GB@MIN,MIN,GB,Q,Concussion,,,,WR/FLEX
79963-90870,WR,Calvin,Calvin Austin III,Austin III,,,4600,PIT@CIN,PIT,CIN,IR,Foot,,,,WR/FLEX
79963-56059,WR,Trent,Trent Sherfield,Sherfield,1.9200000762939453,10,4600,NE@MIA,MIA,NE,,,,,,WR/FLEX
79963-82731,WR,Brandon,Brandon Zylstra,Zylstra,4.444444444444445,9,4600,CLE@CAR,CAR,CLE,,,,,,WR/FLEX
79963-56142,WR,Juwann,Juwann Winfree,Winfree,1.5600000381469727,5,4600,GB@MIN,GB,MIN,,,,,,WR/FLEX
79963-64339,WR,Auden,Auden Tate,Tate,2.8499999046325684,4,4600,NO@ATL,ATL,NO,,,,,,WR/FLEX
79963-64350,WR,Jeff,Jeff Smith,Smith,1.899999976158142,8,4600,BAL@NYJ,NYJ,BAL,,,,,,WR/FLEX
79963-70601,TE,Harrison,Harrison Bryant,Bryant,3.9846153259277344,13,4600,CLE@CAR,CLE,CAR,,,,,,TE/FLEX
79963-91101,TE,Tommy,Tommy Tremble,Tremble,2.873333231608073,15,4600,CLE@CAR,CAR,CLE,,,,,,TE/FLEX
79963-70661,WR,Velus,Velus Jones Jr.,Jones Jr.,,,4600,SF@CHI,CHI,SF,Q,Undisclosed,,,,WR/FLEX
79963-89209,RB,Trestan,Trestan Ebner,Ebner,,,4600,SF@CHI,CHI,SF,Q,Ankle,,,,RB/FLEX
79963-52345,WR,Brandon,Brandon Powell,Powell,0.6,10,4600,BUF@LAR,LAR,BUF,,,,,,WR/FLEX
79963-54472,WR,Cam,Cam Sims,Sims,4.1299999237060545,10,4600,JAC@WAS,WAS,JAC,Q,Concussion,,,,WR/FLEX
79963-48344,WR,Albert,Albert Wilson,Wilson,3.55,10,4600,GB@MIN,MIN,GB,,,,,,WR/FLEX
79963-25837,RB,Duke,Duke Johnson,Johnson,11.419999694824218,5,4600,BUF@LAR,BUF,LAR,,,,,,RB/FLEX
79963-29949,WR,Marvin,Marvin Hall,Hall,1.5,1,4600,JAC@WAS,JAC,WAS,,,,,,WR/FLEX
79963-64827,WR,Miles,Miles Boykin,Boykin,1.100000023841858,1,4600,PIT@CIN,PIT,CIN,,,,,,WR/FLEX
79963-64841,WR,Equanimeous,Equanimeous St. Brown,St. Brown,1.5800000190734864,10,4600,SF@CHI,CHI,SF,,,,,,WR/FLEX
79963-87371,RB,Ty,Ty Chandler,Chandler,,,4600,GB@MIN,MIN,GB,,,,,,RB/FLEX
79963-93538,WR,Dyami,Dyami Brown,Brown,2.4555555979410806,9,4600,JAC@WAS,WAS,JAC,,,,,,WR/FLEX
79963-71031,WR,Lil'Jordan,Lil'Jordan Humphrey,Humphrey,6.2000002179827005,7,4600,NE@MIA,NE,MIA,,,,,,WR/FLEX
79963-56698,WR,Dante,Dante Pettis,Pettis,6.78000005086263,3,4600,SF@CHI,CHI,SF,,,,,,WR/FLEX
79963-93577,WR,Dazz,Dazz Newsome,Newsome,1.099999984105428,3,4600,SF@CHI,CHI,SF,,,,,,WR/FLEX
79963-112062,WR,Skyy,Skyy Moore,Moore,,,4600,KC@ARI,KC,ARI,,,,,,WR/FLEX
79963-71105,WR,Ben,Ben Skowronek,Skowronek,2.1,10,4600,BUF@LAR,LAR,BUF,,,,,,WR/FLEX
79963-87515,WR,Tylan,Tylan Wallace,Wallace,0.824999988079071,4,4600,BAL@NYJ,BAL,NYJ,,,,,,WR/FLEX
79963-103901,WR,Davion,Davion Davis,Davis,1.100000023841858,2,4600,IND@HOU,HOU,IND,Q,Hamstring,,,,WR/FLEX
79963-40434,WR,Greg,Greg Ward,Ward,3.4533333248562283,9,4600,PHI@DET,PHI,DET,IR,Toe,,,,WR/FLEX
79963-62967,WR,Preston,Preston Williams,Williams,1.8000000317891438,6,4600,NE@MIA,MIA,NE,,,,,,WR/FLEX
79963-91677,WR,Shi,Shi Smith,Smith,2.6200000762939455,5,4600,CLE@CAR,CAR,CLE,,,,,,WR/FLEX
79963-73247,RB,Kene,Kene Nwangwu,Nwangwu,2.3333333333333335,9,4600,GB@MIN,MIN,GB,,,,,,RB/FLEX
79963-69168,WR,N'Keal,N'Keal Harry,Harry,2.2399999618530275,10,4600,SF@CHI,CHI,SF,IR,Ankle,,,,WR/FLEX
79963-63078,RB,Ke'Shawn,Ke'Shawn Vaughn,Vaughn,6.828571319580078,7,4600,TB@DAL,TB,DAL,,,,,,RB/FLEX
79963-87657,WR,Seth,Seth Williams,Williams,3.9000000953674316,1,4600,JAC@WAS,JAC,WAS,,,,,,WR/FLEX
79963-95854,WR,Montrell,Montrell Washington,Washington,,,4600,DEN@SEA,DEN,SEA,,,,,,WR/FLEX
79963-61042,WR,Kendall,Kendall Hinton,Hinton,2.8218182650479404,11,4600,DEN@SEA,DEN,SEA,,,,,,WR/FLEX
79963-61072,WR,Stanley,Stanley Morgan,Morgan,0.6000000238418579,4,4600,PIT@CIN,CIN,PIT,,,,,,WR/FLEX
79963-85731,WR,Racey,Racey McMath,McMath,-0.04000000059604645,5,4600,NYG@TEN,TEN,NYG,IR,Undisclosed,,,,WR/FLEX
79963-91902,WR,Kyle,Kyle Philips,Philips,,,4600,NYG@TEN,TEN,NYG,,,,,,WR/FLEX
79963-69383,WR,Dezmon,Dezmon Patmon,Patmon,2.2750000953674316,4,4600,IND@HOU,IND,HOU,,,,,,WR/FLEX
79963-136970,WR,Danny,Danny Gray,Gray,,,4600,SF@CHI,SF,CHI,,,,,,WR/FLEX
79963-55088,WR,Malik,Malik Turner,Turner,5,8,4600,SF@CHI,SF,CHI,,,,,,WR/FLEX
79963-61273,WR,Scotty,Scotty Miller,Miller,3.075000047683716,8,4600,TB@DAL,TB,DAL,,,,,,WR/FLEX
79963-26458,WR,Tavon,Tavon Austin,Austin,3.2833334604899087,12,4600,BUF@LAR,BUF,LAR,,,,,,WR/FLEX
79963-71521,RB,Justice,Justice Hill,Hill,1.3125,8,4600,BAL@NYJ,BAL,NYJ,,,,,,RB/FLEX
79963-104297,WR,Jason,Jason Moore Jr.,Moore Jr.,7.099999904632568,1,4600,LV@LAC,LAC,LV,,,,,,WR/FLEX
79963-89970,WR,Amari,Amari Rodgers,Rodgers,0.5066666603088379,15,4600,GB@MIN,GB,MIN,,,,,,WR/FLEX
79963-92093,WR,Jaelon,Jaelon Darden,Darden,0.7636363289572976,11,4600,TB@DAL,TB,DAL,,,,,,WR/FLEX
79963-63447,WR,Penny,Penny Hart,Hart,1.0444444020589192,9,4600,DEN@SEA,SEA,DEN,,,,,,WR/FLEX
79963-104433,RB,Kyren,Kyren Williams,Williams,,,4600,BUF@LAR,LAR,BUF,,,,,,RB/FLEX
79963-169990,WR,Cyrus,Cyrus Holder,Holder,,,4500,SF@CHI,CHI,SF,,,,,,WR/FLEX
79963-169991,WR,Landon,Landon Lenoir,Lenoir,,,4500,SF@CHI,CHI,SF,,,,,,WR/FLEX
79963-169989,WR,Henry,Henry Litwin,Litwin,,,4500,SF@CHI,CHI,SF,,,,,,WR/FLEX
79963-170000,WR,Shemar,Shemar Bridges,Bridges,,,4500,BAL@NYJ,BAL,NYJ,Q,Undisclosed,,,,WR/FLEX
79963-55323,RB,Jaylen,Jaylen Samuels,Samuels,1.2666666507720947,3,4500,KC@ARI,ARI,KC,,,,,,RB/FLEX
79963-86047,RB,Malik,Malik Davis,Davis,,,4500,TB@DAL,DAL,TB,,,,,,RB/FLEX
79963-133163,WR,Ra'Shaun,Ra'Shaun Henry,Henry,,,4500,CLE@CAR,CAR,CLE,,,,,,WR/FLEX
79963-63550,WR,Isaiah,Isaiah Zuber,Zuber,1.5,4,4500,LV@LAC,LV,LAC,,,,,,WR/FLEX
79963-94277,WR,Thomas,Thomas Hennigan,Hennigan,,,4500,GB@MIN,MIN,GB,IR,Undisclosed,,,,WR/FLEX
79963-55366,RB,Qadree,Qadree Ollison,Ollison,2.9500001271565757,6,4500,TB@DAL,DAL,TB,,,,,,RB/FLEX
79963-71756,WR,Aaron,Aaron Fuller,Fuller,0,1,4500,DEN@SEA,SEA,DEN,,,,,,WR/FLEX
79963-41042,WR,Marcell,Marcell Ateman,Ateman,,,4500,KC@ARI,ARI,KC,,,,,,WR/FLEX
79963-57432,WR,Cameron,Cameron Batson,Batson,2.5,4,4500,NO@ATL,ATL,NO,,,,,,WR/FLEX
79963-63576,WR,Kirk,Kirk Merritt,Merritt,1.7999999523162842,1,4500,NO@ATL,NO,ATL,,,,,,WR/FLEX
79963-65627,WR,Maurice,Maurice Alexander,Alexander,,,4500,PHI@DET,DET,PHI,,,,,,WR/FLEX
79963-94310,WR,Malik,Malik Williams,Williams,,,4500,BUF@LAR,BUF,LAR,,,,,,WR/FLEX
79963-86125,WR,Brandon,Brandon Smith,Smith,,,4500,TB@DAL,DAL,TB,,,,,,WR/FLEX
79963-79982,RB,Alex,Alex Armah,Armah,1.4499999682108562,6,4500,JAC@WAS,WAS,JAC,Q,Undisclosed,,,,RB/FLEX
79963-79987,WR,David,David Moore,Moore,0,2,4500,SF@CHI,CHI,SF,IR,Lower leg,,,,WR/FLEX
79963-63603,WR,Jared,Jared Pinkney,Pinkney,0,1,4500,BUF@LAR,LAR,BUF,,,,,,WR/FLEX
79963-30837,WR,Jordan,Jordan Matthews,Matthews,,,4500,SF@CHI,SF,CHI,IR,Knee - acl,,,,WR/FLEX
79963-55414,WR,Cody,Cody Thompson,Thompson,0,1,4500,DEN@SEA,SEA,DEN,IR,Shoulder,,,,WR/FLEX
79963-69752,WR,Jalen,Jalen Virgil,Virgil,,,4500,DEN@SEA,DEN,SEA,,,,,,WR/FLEX
79963-104577,WR,Gunner,Gunner Olszewski,Olszewski,0.3333333333333333,15,4500,PIT@CIN,PIT,CIN,,,,,,WR/FLEX
79963-84101,WR,Vyncint,Vyncint Smith,Smith,0,1,4500,DEN@SEA,DEN,SEA,,,,,,WR/FLEX
79963-69769,RB,Darius,Darius Bradwell,Bradwell,0,1,4500,CLE@CAR,CAR,CLE,,,,,,RB/FLEX
79963-71821,WR,Joe,Joe Reed,Reed,0.9888888465033637,9,4500,LV@LAC,LAC,LV,,,,,,WR/FLEX
79963-112790,WR,Trevon,Trevon Clark,Clark,,,4500,BAL@NYJ,BAL,NYJ,,,,,,WR/FLEX
79963-86173,RB,Mekhi,Mekhi Sargent,Sargent,0.2750000059604645,4,4500,JAC@WAS,JAC,WAS,,,,,,RB/FLEX
79963-63646,WR,Lawrence,Lawrence Cager,Cager,1.5,3,4500,BAL@NYJ,NYJ,BAL,,,,,,WR/FLEX
79963-84137,WR,Deontez,Deontez Alexander,Alexander,,,4500,DEN@SEA,SEA,DEN,,,,,,WR/FLEX
79963-61610,RB,Jacques,Jacques Patrick,Patrick,1.2000000476837158,1,4500,PIT@CIN,CIN,PIT,,,,,,RB/FLEX
79963-65724,RB,JaMycal,JaMycal Hasty,Hasty,2.7928570338657925,14,4500,JAC@WAS,JAC,WAS,,,,,,RB/FLEX
79963-170184,RB,Julius,Julius Chestnut,Chestnut,,,4500,NYG@TEN,TEN,NYG,,,,,,RB/FLEX
79963-170190,WR,Isaiah,Isaiah Weston,Weston,,,4500,CLE@CAR,CLE,CAR,IR,Knee,,,,WR/FLEX
79963-149717,RB,JaQuan,JaQuan Hardy,Hardy,4.449999809265137,2,4500,DEN@SEA,DEN,SEA,,,,,,RB/FLEX
79963-28890,RB,Derek,Derek Watt,Watt,0.6199999809265136,5,4500,PIT@CIN,PIT,CIN,,,,,,RB/FLEX
79963-170208,WR,Kaden,Kaden Davis,Davis,,,4500,DEN@SEA,DEN,SEA,,,,,,WR/FLEX
79963-170209,WR,Tyreik,Tyreik McAllister,McAllister,,,4500,DEN@SEA,DEN,SEA,Q,Hamstring,,,,WR/FLEX
79963-170214,WR,Dennis,Dennis Houston,Houston,,,4500,TB@DAL,DAL,TB,,,,,,WR/FLEX
79963-63717,RB,Alec,Alec Ingold,Ingold,2.8000000544956754,7,4500,NE@MIA,MIA,NE,,,,,,RB/FLEX
79963-69860,RB,Trayveon,Trayveon Williams,Williams,3,2,4500,PIT@CIN,CIN,PIT,,,,,,RB/FLEX
79963-170213,RB,Aaron,Aaron Shampklin,Shampklin,,,4500,TB@DAL,DAL,TB,Q,Ankle,,,,RB/FLEX
79963-170219,WR,Kevin,Kevin Kassis,Kassis,,,4500,DEN@SEA,SEA,DEN,,,,,,WR/FLEX
79963-28907,WR,Alex,Alex Erickson,Erickson,0.5833333333333334,12,4500,JAC@WAS,WAS,JAC,,,,,,WR/FLEX
79963-88307,RB,Tayon,Tayon Fleet-Davis,Fleet-Davis,,,4500,KC@ARI,KC,ARI,,,,,,RB/FLEX
79963-12531,D,Denver,Denver Broncos,Broncos,7,17,4500,DEN@SEA,DEN,SEA,,,,,,DEF
79963-94453,RB,Darwin,Darwin Thompson,Thompson,5.94000015258789,5,4500,DEN@SEA,SEA,DEN,,,,,,RB/FLEX
79963-12535,D,Indianapolis,Indianapolis Colts,Colts,8.117647058823529,17,4500,IND@HOU,IND,HOU,,,,,,DEF
79963-45307,WR,Rodney,Rodney Adams,Adams,0,1,4500,BAL@NYJ,NYJ,BAL,IR,Illness,,,,WR/FLEX
79963-69884,RB,Darius,Darius Anderson,Anderson,0,1,4500,IND@HOU,HOU,IND,IR,Knee,,,,RB/FLEX
79963-71935,WR,Kendric,Kendric Pryor,Pryor,,,4500,JAC@WAS,JAC,WAS,,,,,,WR/FLEX
79963-94468,WR,Savon,Savon Scarver,Scarver,,,4500,SF@CHI,CHI,SF,,,,,,WR/FLEX
79963-90380,WR,Neil,Neil Pau'u,Pau'u,,,4500,BUF@LAR,BUF,LAR,,,,,,WR/FLEX
79963-94481,WR,Deven,Deven Thompkins,Thompkins,,,4500,TB@DAL,TB,DAL,,,,,,WR/FLEX
79963-102696,WR,John,John Metchie III,Metchie III,,,4500,IND@HOU,HOU,IND,IR,Illness,,,,WR/FLEX
79963-170287,WR,Rashid,Rashid Shaheed,Shaheed,,,4500,NO@ATL,NO,ATL,,,,,,WR/FLEX
79963-57651,WR,Travis,Travis Fulgham,Fulgham,8.075000127156576,12,4500,GB@MIN,GB,MIN,,,,,,WR/FLEX
79963-45371,WR,Darius,Darius Phillips,Phillips,-0.36363636363636365,11,4500,DEN@SEA,DEN,SEA,,,,,,WR/FLEX
79963-102721,WR,Dontario,Dontario Drummond,Drummond,,,4500,TB@DAL,DAL,TB,,,,,,WR/FLEX
79963-102762,RB,Kevin,Kevin Harris,Harris,,,4500,NE@MIA,NE,MIA,,,,,,RB/FLEX
79963-88430,RB,CJ,CJ Verdell,Verdell,,,4500,IND@HOU,IND,HOU,,,,,,RB/FLEX
79963-90487,WR,Kalil,Kalil Pimpleton,Pimpleton,,,4500,NYG@TEN,NYG,TEN,,,,,,WR/FLEX
79963-92545,RB,Keaontay,Keaontay Ingram,Ingram,,,4500,KC@ARI,ARI,KC,,,,,,RB/FLEX
79963-70023,WR,Cornell,Cornell Powell,Powell,,,4500,KC@ARI,KC,ARI,,,,,,WR/FLEX
79963-47501,WR,Marken,Marken Michel,Michel,0,2,4500,JAC@WAS,WAS,JAC,,,,,,WR/FLEX
79963-53646,WR,Austin,Austin Proehl,Proehl,,,4500,NYG@TEN,NYG,TEN,Q,Undisclosed,,,,WR/FLEX
79963-88463,WR,Johnny,Johnny Johnson III,Johnson III,,,4500,IND@HOU,HOU,IND,,,,,,WR/FLEX
79963-102802,WR,Makai,Makai Polk,Polk,,,4500,BAL@NYJ,BAL,NYJ,,,,,,WR/FLEX
79963-90518,WR,Slade,Slade Bolden,Bolden,,,4500,BAL@NYJ,BAL,NYJ,IR,Undisclosed,,,,WR/FLEX
79963-43416,WR,Trent,Trent Taylor,Taylor,1.0142857006617956,7,4500,PIT@CIN,CIN,PIT,,,,,,WR/FLEX
79963-80281,WR,C.J.,C.J. Board,Board,1.2833333015441895,6,4500,NYG@TEN,NYG,TEN,Q,Ribs,,,,WR/FLEX
79963-72091,RB,Raymond,Raymond Calais,Calais,0,5,4500,BUF@LAR,LAR,BUF,,,,,,RB/FLEX
79963-92575,RB,Isiah,Isiah Pacheco,Pacheco,,,4500,KC@ARI,KC,ARI,,,,,,RB/FLEX
79963-111012,WR,Kaylon,Kaylon Geiger Sr.,Geiger Sr.,,,4500,TB@DAL,TB,DAL,,,,,,WR/FLEX
79963-72103,RB,Trey,Trey Ragas,Ragas,2.5,1,4500,BUF@LAR,LAR,BUF,,,,,,RB/FLEX
79963-80299,RB,Patrick,Patrick Ricard,Ricard,2.3857143947056363,7,4500,BAL@NYJ,BAL,NYJ,,,,,,RB/FLEX
79963-63919,WR,Bailey,Bailey Gaither,Gaither,,,4500,NYG@TEN,NYG,TEN,,,,,,WR/FLEX
79963-92590,RB,Raheem,Raheem Blackshear,Blackshear,,,4500,BUF@LAR,BUF,LAR,,,,,,RB/FLEX
79963-72122,WR,Jake,Jake Herslow,Herslow,,,4500,DEN@SEA,SEA,DEN,,,,,,WR/FLEX
79963-55750,WR,Chris,Chris Lacy,Lacy,0,1,4500,LV@LAC,LV,LAC,,,,,,WR/FLEX
79963-72135,WR,T.J.,T.J. Vasher,Vasher,,,4500,TB@DAL,DAL,TB,,,,,,WR/FLEX
79963-86472,WR,John,John Hightower,Hightower,0,1,4500,PHI@DET,PHI,DET,,,,,,WR/FLEX
79963-96714,WR,Travis,Travis Toivonen,Toivonen,,,4500,GB@MIN,MIN,GB,,,,,,WR/FLEX
79963-88525,WR,Kawaan,Kawaan Baker,Baker,,,4500,NO@ATL,NO,ATL,IR,Suspension,,,,WR/FLEX
79963-31184,RB,Jonathan,Jonathan Williams,Williams,3.7400001525878905,5,4500,JAC@WAS,WAS,JAC,,,,,,RB/FLEX
79963-109015,WR,Keric,Keric Wheatfall,Wheatfall,,,4500,PHI@DET,PHI,DET,Q,Undisclosed,,,,WR/FLEX
79963-14820,RB,Nick,Nick Bellore,Bellore,0.8999999761581421,1,4500,DEN@SEA,SEA,DEN,,,,,,RB/FLEX
79963-152042,WR,Drew,Drew Estrada,Estrada,,,4500,IND@HOU,HOU,IND,Q,Leg,,,,WR/FLEX
79963-72174,WR,Andrew,Andrew Parchment,Parchment,,,4500,CLE@CAR,CAR,CLE,Q,Undisclosed,,,,WR/FLEX
79963-113138,WR,Talolo,Talolo Limu-Jones,Limu-Jones,,,4500,CLE@CAR,CAR,CLE,,,,,,WR/FLEX
79963-70133,RB,Jake,Jake Funk,Funk,0.2,5,4500,BUF@LAR,LAR,BUF,,,,,,RB/FLEX
79963-39428,RB,Kyle,Kyle Juszczyk,Juszczyk,3.4833333757188587,18,4500,SF@CHI,SF,CHI,,,,,,RB/FLEX
79963-88590,RB,Scottie,Scottie Phillips,Phillips,1.600000023841858,2,4500,IND@HOU,HOU,IND,,,,,,RB/FLEX
79963-88607,WR,Braylon,Braylon Sanders,Sanders,,,4500,NE@MIA,MIA,NE,,,,,,WR/FLEX
79963-96798,RB,Josh,Josh Johnson,Johnson,,,4500,DEN@SEA,SEA,DEN,IR,Undisclosed,,,,RB/FLEX
79963-72235,WR,Damon,Damon Hazelton,Hazelton,,,4500,IND@HOU,HOU,IND,,,,,,WR/FLEX
79963-160306,RB,Pierre,Pierre Strong Jr.,Strong Jr.,,,4500,NE@MIA,NE,MIA,,,,,,RB/FLEX
79963-150090,WR,Cade,Cade Johnson,Johnson,,,4500,DEN@SEA,SEA,DEN,,,,,,WR/FLEX
79963-86614,RB,Jeremiah,Jeremiah Hall,Hall,,,4500,NYG@TEN,NYG,TEN,,,,,,RB/FLEX
79963-62042,WR,Deon,Deon Cain,Cain,0,1,4500,PHI@DET,PHI,DET,,,,,,WR/FLEX
79963-27229,RB,Ameer,Ameer Abdullah,Abdullah,4.147058823529412,17,4500,LV@LAC,LV,LAC,,,,,,RB/FLEX
79963-86635,WR,Charleston,Charleston Rambo,Rambo,,,4500,CLE@CAR,CAR,CLE,,,,,,WR/FLEX
79963-86634,RB,TJ,TJ Pledger,Pledger,,,4500,KC@ARI,ARI,KC,,,,,,RB/FLEX
79963-88685,WR,Austin,Austin Trammell,Trammell,,,4500,BUF@LAR,LAR,BUF,,,,,,WR/FLEX
79963-88707,RB,Kevin,Kevin Marks Jr.,Marks Jr.,,,4500,LV@LAC,LAC,LV,,,,,,RB/FLEX
79963-55941,RB,Patrick,Patrick Laird,Laird,1.1999999682108562,3,4500,TB@DAL,TB,DAL,,,,,,RB/FLEX
79963-27273,RB,Andy,Andy Janovich,Janovich,2.0799999237060547,5,4500,IND@HOU,HOU,IND,,,,,,RB/FLEX
79963-94864,RB,Jashaun,Jashaun Corbin,Corbin,,,4500,NYG@TEN,NYG,TEN,,,,,,RB/FLEX
79963-64147,WR,Britain,Britain Covey,Covey,,,4500,PHI@DET,PHI,DET,,,,,,WR/FLEX
79963-53913,WR,Cody,Cody Hollister,Hollister,1.7666667302449544,3,4500,NYG@TEN,TEN,NYG,,,,,,WR/FLEX
79963-29357,RB,Kenjon,Kenjon Barner,Barner,0,3,4500,TB@DAL,TB,DAL,IR,Undisclosed,,,,RB/FLEX
79963-96942,WR,Keelan,Keelan Doss,Doss,,,4500,NYG@TEN,NYG,TEN,,,,,,WR/FLEX
79963-72382,RB,Gabe,Gabe Nabers,Nabers,0.8,5,4500,LV@LAC,LAC,LV,,,,,,RB/FLEX
79963-139971,WR,Jerreth,Jerreth Sterns,Sterns,,,4500,TB@DAL,TB,DAL,,,,,,WR/FLEX
79963-80584,WR,Lance,Lance Lenoir,Lenoir,0,1,4500,PHI@DET,PHI,DET,Q,Undisclosed,,,,WR/FLEX
79963-88776,WR,Ty,Ty Fryfogle,Fryfogle,,,4500,TB@DAL,DAL,TB,Q,Undisclosed,,,,WR/FLEX
79963-53967,RB,Nick,Nick Bawden,Bawden,2.5,1,4500,BAL@NYJ,NYJ,BAL,IR,Undisclosed,,,,RB/FLEX
79963-88793,RB,Stevie,Stevie Scott III,Scott III,,,4500,DEN@SEA,DEN,SEA,,,,,,RB/FLEX
79963-92890,WR,Cody,Cody White,White,1.933333396911621,3,4500,PIT@CIN,PIT,CIN,,,,,,WR/FLEX
79963-64222,RB,Jordan,Jordan Glasgow,Glasgow,0,2,4500,IND@HOU,IND,HOU,Q,Undisclosed,,,,RB/FLEX
79963-56041,RB,Khari,Khari Blasingame,Blasingame,0,4,4500,SF@CHI,CHI,SF,,,,,,RB/FLEX
79963-72427,WR,Kwamie,Kwamie Lassiter II,Lassiter II,,,4500,PIT@CIN,CIN,PIT,,,,,,WR/FLEX
79963-64242,WR,Keke,Keke Coutee,Coutee,1,1,4500,IND@HOU,IND,HOU,,,,,,WR/FLEX
79963-86780,RB,Salvon,Salvon Ahmed,Ahmed,2.9636362249200996,11,4500,NE@MIA,MIA,NE,,,,,,RB/FLEX
79963-94975,WR,Stephon,Stephon Robinson Jr.,Robinson Jr.,,,4500,KC@ARI,ARI,KC,,,,,,WR/FLEX
79963-41741,WR,DaeSean,DaeSean Hamilton,Hamilton,4.233333269755046,12,4500,IND@HOU,HOU,IND,Q,Knee,,,,WR/FLEX
79963-94993,RB,Pooka,Pooka Williams Jr.,Williams Jr.,0,1,4500,PIT@CIN,CIN,PIT,,,,,,RB/FLEX
79963-111377,RB,De'Montre,De'Montre Tuggle,Tuggle,,,4500,SF@CHI,CHI,SF,,,,,,RB/FLEX
79963-31524,WR,Cody,Cody Core,Core,0,1,4500,NE@MIA,MIA,NE,Q,Undisclosed,,,,WR/FLEX
79963-72493,WR,Trishton,Trishton Jackson,Jackson,0,2,4500,GB@MIN,MIN,GB,,,,,,WR/FLEX
79963-158520,WR,Daylen,Daylen Baldwin,Baldwin,,,4500,CLE@CAR,CLE,CAR,,,,,,WR/FLEX
79963-72531,WR,Taysir,Taysir Mack,Mack,,,4500,SF@CHI,SF,CHI,,,,,,WR/FLEX
79963-88915,RB,Bryant,Bryant Koback,Koback,,,4500,GB@MIN,MIN,GB,,,,,,RB/FLEX
79963-103252,RB,Zonovan,Zonovan Knight,Knight,,,4500,BAL@NYJ,NYJ,BAL,,,,,,RB/FLEX
79963-93016,RB,B.J.,B.J. Baylor,Baylor,,,4500,GB@MIN,GB,MIN,,,,,,RB/FLEX
79963-86875,RB,Jordan,Jordan Mason,Mason,,,4500,SF@CHI,SF,CHI,,,,,,RB/FLEX
79963-70501,RB,C.J.,C.J. Ham,Ham,1.6266666412353517,15,4500,GB@MIN,MIN,GB,,,,,,RB/FLEX
79963-95092,WR,Tyler,Tyler Snead,Snead,,,4500,PIT@CIN,PIT,CIN,,,,,,WR/FLEX
79963-93055,WR,Isaiah,Isaiah Hodgins,Hodgins,,,4500,BUF@LAR,BUF,LAR,,,,,,WR/FLEX
79963-70531,WR,Jack,Jack Sorenson,Sorenson,,,4500,PIT@CIN,CIN,PIT,,,,,,WR/FLEX
79963-91012,RB,Greg,Greg Bell,Bell,,,4500,PHI@DET,DET,PHI,IR,Hamstring,,,,RB/FLEX
79963-43912,WR,Chad,Chad Beebe,Beebe,3.6454544067382812,11,4500,IND@HOU,HOU,IND,,,,,,WR/FLEX
79963-41867,RB,Jordan,Jordan Wilkins,Wilkins,0,1,4500,NYG@TEN,TEN,NYG,,,,,,RB/FLEX
79963-45964,WR,Marcus,Marcus Kemp,Kemp,0.6800000190734863,5,4500,NYG@TEN,NYG,TEN,Q,Hamstring,,,,WR/FLEX
79963-64403,WR,Irvin,Irvin Charles,Charles,,,4500,BAL@NYJ,NYJ,BAL,,,,,,WR/FLEX
79963-64405,WR,Dan,Dan Chisena,Chisena,,,4500,GB@MIN,MIN,GB,Q,Lower leg,,,,WR/FLEX
79963-88995,WR,Reggie,Reggie Roberson Jr.,Roberson Jr.,,,4500,NYG@TEN,TEN,NYG,,,,,,WR/FLEX
79963-91046,TE,Brock,Brock Wright,Wright,4.242857251848493,7,4500,PHI@DET,DET,PHI,,,,,,TE/FLEX
79963-45997,WR,Keith,Keith Kirkwood,Kirkwood,1.0666666825612385,3,4500,CLE@CAR,CAR,CLE,,,,,,WR/FLEX
79963-91055,WR,Kevin,Kevin Austin Jr.,Austin Jr.,,,4500,JAC@WAS,JAC,WAS,,,,,,WR/FLEX
79963-93112,RB,Mataeo,Mataeo Durant,Durant,,,4500,PIT@CIN,PIT,CIN,,,,,,RB/FLEX
79963-103352,RB,Christian,Christian Wade,Wade,,,4500,BUF@LAR,BUF,LAR,,,,,,RB/FLEX
79963-43973,RB,Keith,Keith Smith,Smith,1.199999982660467,11,4500,NO@ATL,ATL,NO,,,,,,RB/FLEX
79963-86984,WR,Devon,Devon Williams,Williams,,,4500,BAL@NYJ,BAL,NYJ,,,,,,WR/FLEX
79963-91085,WR,Michael,Michael Young Jr.,Young Jr.,,,4500,IND@HOU,IND,HOU,,,,,,WR/FLEX
79963-93134,RB,Deon,Deon Jackson,Jackson,3.0333334604899087,3,4500,IND@HOU,IND,HOU,,,,,,RB/FLEX
79963-138189,WR,Changa,Changa Hodge,Hodge,,,4500,KC@ARI,ARI,KC,,,,,,WR/FLEX
79963-56289,RB,Jason,Jason Cabinda,Cabinda,1.6999999455043249,7,4500,PHI@DET,DET,PHI,NA,Ankle,,,,RB/FLEX
79963-41954,WR,Victor,Victor Bolden Jr.,Bolden Jr.,0,1,4500,KC@ARI,ARI,KC,,,,,,WR/FLEX
79963-31732,WR,Corey,Corey Coleman,Coleman,0,1,4500,KC@ARI,KC,ARI,,,,,,WR/FLEX
79963-93187,RB,D'vonte,D'vonte Price,Price,,,4500,IND@HOU,IND,HOU,,,,,,RB/FLEX
79963-70663,WR,Frank,Frank Darby,Darby,0.949999988079071,2,4500,NO@ATL,ATL,NO,,,,,,WR/FLEX
79963-70662,WR,Tyler,Tyler Vaughns,Vaughns,,,4500,PIT@CIN,PIT,CIN,,,,,,WR/FLEX
79963-41997,WR,River,River Cracraft,Cracraft,1.4199999809265136,5,4500,NE@MIA,MIA,NE,,,,,,WR/FLEX
79963-27671,WR,Jake,Jake Kumerow,Kumerow,0.7599999904632568,5,4500,BUF@LAR,BUF,LAR,,,,,,WR/FLEX
79963-70680,WR,Jalen,Jalen Camp,Camp,,,4500,IND@HOU,HOU,IND,,,,,,WR/FLEX
79963-56356,WR,Isaiah,Isaiah Ford,Ford,3.4099998474121094,10,4500,IND@HOU,IND,HOU,,,,,,WR/FLEX
79963-89127,WR,Justin,Justin Hall,Hall,,,4500,LV@LAC,LV,LAC,,,,,,WR/FLEX
79963-154661,WR,Michael,Michael Bandy,Bandy,0,1,4500,LV@LAC,LAC,LV,,,,,,WR/FLEX
79963-64555,WR,Calvin,Calvin Ridley,Ridley,11.11999969482422,5,4500,NO@ATL,ATL,NO,IR,Suspension,,,,WR/FLEX
79963-152631,WR,Samori,Samori Toure,Toure,,,4500,GB@MIN,GB,MIN,,,,,,WR/FLEX
79963-89157,RB,Caleb,Caleb Huntley,Huntley,,,4500,NO@ATL,ATL,NO,,,,,,RB/FLEX
79963-27721,WR,Justin,Justin Hardee Sr.,Hardee Sr.,,,4500,BAL@NYJ,NYJ,BAL,,,,,,WR/FLEX
79963-68685,WR,Austin,Austin Mack,Mack,2.5200000762939454,5,4500,SF@CHI,SF,CHI,Q,Hamstring,,,,WR/FLEX
79963-72780,RB,Josh,Josh Hokit,Hokit,0,1,4500,KC@ARI,ARI,KC,,,,,,RB/FLEX
79963-68686,WR,C.J.,C.J. Saunders,Saunders,2.0999999046325684,1,4500,CLE@CAR,CAR,CLE,,,,,,WR/FLEX
79963-89172,RB,John,John Lovett,Lovett,,,4500,CLE@CAR,CAR,CLE,,,,,,RB/FLEX
79963-64627,WR,Scotty,Scotty Washington,Washington,0,1,4500,PIT@CIN,CIN,PIT,,,,,,WR/FLEX
79963-64634,WR,Alex,Alex Bachman,Bachman,-0.30000001192092896,1,4500,NYG@TEN,NYG,TEN,,,,,,WR/FLEX
79963-42107,WR,Robert,Robert Foster,Foster,1.566666603088379,3,4500,NYG@TEN,NYG,TEN,Q,Hamstring,,,,WR/FLEX
79963-89214,RB,Abram,Abram Smith,Smith,,,4500,NO@ATL,NO,ATL,,,,,,RB/FLEX
79963-111756,WR,JaVonta,JaVonta Payton,Payton,,,4500,KC@ARI,ARI,KC,,,,,,WR/FLEX
79963-83086,WR,Daurice,Daurice Fountain,Fountain,1.099999984105428,3,4500,KC@ARI,KC,ARI,,,,,,WR/FLEX
79963-83091,RB,Trenton,Trenton Cannon,Cannon,-0.1777777804268731,9,4500,NYG@TEN,TEN,NYG,,,,,,RB/FLEX
79963-105648,RB,Tyler,Tyler Goodson,Goodson,,,4500,GB@MIN,GB,MIN,,,,,,RB/FLEX
79963-52409,RB,Jakob,Jakob Johnson,Johnson,1.2600000381469727,5,4500,LV@LAC,LV,LAC,,,,,,RB/FLEX
79963-89272,RB,ZaQuandre,ZaQuandre White,White,,,4500,NE@MIA,MIA,NE,,,,,,RB/FLEX
79963-52410,WR,Josh,Josh Malone,Malone,1.2000000476837158,4,4500,NYG@TEN,TEN,NYG,,,,,,WR/FLEX
79963-40148,WR,Ishmael,Ishmael Hyman,Hyman,0,2,4500,GB@MIN,GB,MIN,IR,Undisclosed,,,,WR/FLEX
79963-70868,RB,Damarea,Damarea Crockett,Crockett,0.699999988079071,1,4500,DEN@SEA,DEN,SEA,IR,Knee - acl,,,,RB/FLEX
79963-130265,WR,John,John Hurst,Hurst,,,4500,IND@HOU,IND,HOU,Q,Ankle,,,,WR/FLEX
79963-93404,RB,Zander,Zander Horvath,Horvath,,,4500,LV@LAC,LAC,LV,,,,,,RB/FLEX
79963-95455,WR,D.J.,D.J. Montgomery,Montgomery,5.099999904632568,1,4500,IND@HOU,IND,HOU,,,,,,WR/FLEX
79963-130274,WR,Isaiah,Isaiah Coulter,Coulter,0,1,4500,SF@CHI,CHI,SF,,,,,,WR/FLEX
79963-130276,WR,Mason,Mason Kinsey,Kinsey,0,1,4500,NYG@TEN,TEN,NYG,,,,,,WR/FLEX
79963-130279,WR,Matt,Matt Cole,Cole,0,1,4500,JAC@WAS,WAS,JAC,,,,,,WR/FLEX
79963-70892,RB,A.J.,A.J. Rose Jr.,Rose Jr.,,,4500,BUF@LAR,LAR,BUF,,,,,,RB/FLEX
79963-101614,WR,Brandon,Brandon Lewis,Lewis,,,4500,NYG@TEN,TEN,NYG,,,,,,WR/FLEX
79963-11504,WR,Andre,Andre Roberts,Roberts,0.5266666730244954,15,4500,CLE@CAR,CAR,CLE,,,,,,WR/FLEX
79963-56580,WR,Christian,Christian Blake,Blake,0.6428571428571429,7,4500,PIT@CIN,PIT,CIN,,,,,,WR/FLEX
79963-130309,WR,J.J.,J.J. Koski,Koski,-0.6666666666666666,3,4500,BUF@LAR,LAR,BUF,IR,Shoulder,,,,WR/FLEX
79963-130317,WR,Juwan,Juwan Green,Green,0,1,4500,NYG@TEN,TEN,NYG,,,,,,WR/FLEX
79963-130320,WR,Aaron,Aaron Parker,Parker,0,1,4500,KC@ARI,KC,ARI,,,,,,WR/FLEX
79963-68890,WR,Devin,Devin Gray,Gray,0,1,4500,KC@ARI,KC,ARI,,,,,,WR/FLEX
79963-60704,WR,Derrick,Derrick Dillon,Dillon,0,1,4500,CLE@CAR,CLE,CAR,,,,,,WR/FLEX
79963-60705,WR,Tyron,Tyron Johnson,Johnson,0.32499998807907104,8,4500,LV@LAC,LV,LAC,,,,,,WR/FLEX
79963-130336,RB,Sandro,Sandro Platzgummer,Platzgummer,0,1,4500,NYG@TEN,NYG,TEN,,,,,,RB/FLEX
79963-130338,WR,Rysen,Rysen John,John,0,1,4500,SF@CHI,CHI,SF,,,,,,WR/FLEX
79963-68901,RB,Gerrid,Gerrid Doaks,Doaks,,,4500,NE@MIA,MIA,NE,,,,,,RB/FLEX
79963-91428,WR,Tarik,Tarik Black,Black,1.5,1,4500,BAL@NYJ,NYJ,BAL,,,,,,WR/FLEX
79963-46374,WR,Tanner,Tanner Gentry,Gentry,,,4500,BUF@LAR,BUF,LAR,Q,Knee,,,,WR/FLEX
79963-91431,RB,Ben,Ben Mason,Mason,,,4500,BAL@NYJ,BAL,NYJ,,,,,,RB/FLEX
79963-130343,WR,Jeff,Jeff Cotton Jr.,Cotton Jr.,0,1,4500,JAC@WAS,JAC,WAS,,,,,,WR/FLEX
79963-60712,TE,Foster,Foster Moreau,Moreau,5.407692542442908,13,4500,LV@LAC,LV,LAC,,,,,,TE/FLEX
79963-89384,WR,DeMichael,DeMichael Harris,Harris,2.9166666666666665,6,4500,IND@HOU,IND,HOU,,,,,,WR/FLEX
79963-87338,WR,Jaivon,Jaivon Heiligh,Heiligh,,,4500,PIT@CIN,CIN,PIT,,,,,,WR/FLEX
79963-111917,WR,Keshunn,Keshunn Abram,Abram,,,4500,BAL@NYJ,NYJ,BAL,,,,,,WR/FLEX
79963-130350,WR,Jaylon,Jaylon Moore,Moore,0,1,4500,JAC@WAS,JAC,WAS,,,,,,WR/FLEX
79963-64828,WR,Chris,Chris Finke,Finke,0,1,4500,SF@CHI,CHI,SF,,,,,,WR/FLEX
79963-64835,RB,Dexter,Dexter Williams,Williams,0.4000000059604645,2,4500,GB@MIN,GB,MIN,,,,,,RB/FLEX
79963-52560,WR,Geronimo,Geronimo Allison,Allison,0,1,4500,NO@ATL,ATL,NO,,,,,,WR/FLEX
79963-103764,WR,Jared,Jared Smart,Smart,,,4500,KC@ARI,ARI,KC,,,,,,WR/FLEX
79963-73046,WR,Tre,Tre Nixon,Nixon,,,4500,NE@MIA,NE,MIA,,,,,,WR/FLEX
79963-89437,WR,Tim,Tim Jones,Jones,,,4500,JAC@WAS,JAC,WAS,,,,,,WR/FLEX
79963-91504,WR,Blake,Blake Proehl,Proehl,,,4500,GB@MIN,MIN,GB,NA,Knee - acl,,,,WR/FLEX
79963-71039,WR,Kelvin,Kelvin Harmon,Harmon,0,1,4500,JAC@WAS,WAS,JAC,,,,,,WR/FLEX
79963-73088,WR,Kekoa,Kekoa Crawford,Crawford,,,4500,IND@HOU,IND,HOU,,,,,,WR/FLEX
79963-73095,WR,Samson,Samson Nacua,Nacua,,,4500,IND@HOU,IND,HOU,,,,,,WR/FLEX
79963-64905,WR,Trenton,Trenton Irwin,Irwin,1.100000023841858,4,4500,PIT@CIN,CIN,PIT,,,,,,WR/FLEX
79963-64907,WR,J.J.,J.J. Arcega-Whiteside,Arcega-Whiteside,1.149999976158142,4,4500,DEN@SEA,SEA,DEN,,,,,,WR/FLEX
79963-56716,WR,Brayden,Brayden Lenius,Lenius,,,4500,NO@ATL,ATL,NO,,,,,,WR/FLEX
79963-93594,RB,Leddie,Leddie Brown,Brown,,,4500,LV@LAC,LAC,LV,,,,,,RB/FLEX
79963-73116,WR,Javon,Javon McKinley,McKinley,,,4500,PIT@CIN,PIT,CIN,Q,Undisclosed,,,,WR/FLEX
79963-64926,WR,Michael,Michael Jacquet III,Jacquet III,0,1,4500,LV@LAC,LAC,LV,,,,,,WR/FLEX
79963-44449,WR,Willie,Willie Snead IV,Snead IV,0.8285714558192662,7,4500,SF@CHI,SF,CHI,,,,,,WR/FLEX
79963-60838,WR,Andre,Andre Baccellia,Baccellia,0,1,4500,KC@ARI,ARI,KC,,,,,,WR/FLEX
79963-62891,WR,Omar,Omar Bayless,Bayless,0,2,4500,KC@ARI,KC,ARI,,,,,,WR/FLEX
79963-40365,WR,Devon,Devon Allen,Allen,,,4500,PHI@DET,PHI,DET,,,,,,WR/FLEX
79963-60849,WR,Blake,Blake Lynch,Lynch,,,4500,GB@MIN,MIN,GB,,,,,,WR/FLEX
79963-112057,RB,Jaylen,Jaylen Warren,Warren,,,4500,PIT@CIN,PIT,CIN,,,,,,RB/FLEX
79963-69056,WR,Mathew,Mathew Sexton,Sexton,,,4500,KC@ARI,KC,ARI,Q,Undisclosed,,,,WR/FLEX
79963-26057,RB,Michael,Michael Burton,Burton,1.2363636710427024,11,4500,KC@ARI,KC,ARI,,,,,,RB/FLEX
79963-69068,RB,Jonathan,Jonathan Ward,Ward,1.3666666348775227,6,4500,KC@ARI,ARI,KC,Q,Shoulder - ac joint,,,,RB/FLEX
79963-103896,WR,Nsimba,Nsimba Webster,Webster,0,3,4500,SF@CHI,CHI,SF,,,,,,WR/FLEX
79963-112088,RB,Jerrion,Jerrion Ealy,Ealy,,,4500,KC@ARI,KC,ARI,,,,,,RB/FLEX
79963-73180,WR,Binjimen,Binjimen Victor,Victor,0,1,4500,BAL@NYJ,BAL,NYJ,,,,,,WR/FLEX
79963-32235,WR,Marcus,Marcus Johnson,Johnson,2.8999998910086497,7,4500,SF@CHI,SF,CHI,,,,,,WR/FLEX
79963-103930,WR,Derek,Derek Wright,Wright,,,4500,CLE@CAR,CAR,CLE,,,,,,WR/FLEX
79963-22018,WR,Mohamed,Mohamed Sanu Sr.,Sanu Sr.,3.1500000953674316,8,4500,NE@MIA,MIA,NE,,,,,,WR/FLEX
79963-103943,WR,Trinity,Trinity Benson,Benson,2.1857143129621233,7,4500,PHI@DET,DET,PHI,Q,Undisclosed,,,,WR/FLEX
79963-62994,WR,Steven,Steven Sims Jr.,Sims Jr.,3.9285714285714284,14,4500,PIT@CIN,PIT,CIN,,,,,,WR/FLEX
79963-69150,WR,Jordan,Jordan Veasy,Veasy,0,1,4500,LV@LAC,LV,LAC,,,,,,WR/FLEX
79963-89632,WR,Connor,Connor Wedington,Wedington,,,4500,IND@HOU,HOU,IND,,,,,,WR/FLEX
79963-63025,RB,Nathan,Nathan Cottrell,Cottrell,0.30000001192092896,1,4500,JAC@WAS,JAC,WAS,Q,Undisclosed,,,,RB/FLEX
79963-128566,WR,Kameron,Kameron Brown,Brown,,,4500,TB@DAL,TB,DAL,,,,,,WR/FLEX
79963-71228,WR,Marquez,Marquez Stevenson,Stevenson,0,5,4500,BUF@LAR,BUF,LAR,IR,Foot,,,,WR/FLEX
79963-89663,WR,Danny,Danny Davis,Davis,,,4500,GB@MIN,GB,MIN,Q,Ankle,,,,WR/FLEX
79963-128574,RB,Shermari,Shermari Jones,Jones,,,4500,PIT@CIN,CIN,PIT,,,,,,RB/FLEX
79963-87617,WR,Sage,Sage Surratt,Surratt,,,4500,LV@LAC,LAC,LV,Q,Undisclosed,,,,WR/FLEX
79963-93767,WR,Calvin,Calvin Jackson Jr.,Jackson Jr.,,,4500,BAL@NYJ,NYJ,BAL,,,,,,WR/FLEX
79963-71241,WR,Brandon,Brandon Johnson,Johnson,,,4500,DEN@SEA,DEN,SEA,IR,Ankle,,,,WR/FLEX
79963-54863,WR,C.J.,C.J. Goodwin,Goodwin,2.0999999046325684,1,4500,TB@DAL,DAL,TB,,,,,,WR/FLEX
79963-69205,WR,Trevon,Trevon Bradford,Bradford,,,4500,LV@LAC,LAC,LV,,,,,,WR/FLEX
79963-63061,WR,Gary,Gary Jennings,Jennings,0,1,4500,KC@ARI,KC,ARI,Q,Concussion,,,,WR/FLEX
79963-93782,WR,Travell,Travell Harris,Harris,,,4500,CLE@CAR,CLE,CAR,,,,,,WR/FLEX
79963-104025,RB,John,John Lovett,Lovett,0.30000001192092896,2,4500,NE@MIA,MIA,NE,IR,Undisclosed,,,,RB/FLEX
79963-87649,WR,Jaquarii,Jaquarii Roberson,Roberson,,,4500,TB@DAL,DAL,TB,,,,,,WR/FLEX
79963-104041,WR,Myron,Myron Mitchell,Mitchell,,,4500,GB@MIN,MIN,GB,,,,,,WR/FLEX
79963-38514,WR,Kevin,Kevin White,White,1.433333396911621,3,4500,NO@ATL,NO,ATL,Q,Undisclosed,,,,WR/FLEX
79963-93814,RB,Max,Max Borghi,Borghi,,,4500,PIT@CIN,PIT,CIN,,,,,,RB/FLEX
79963-104054,RB,Sincere,Sincere McCormick,McCormick,,,4500,LV@LAC,LV,LAC,IR,Undisclosed,,,,RB/FLEX
79963-93824,WR,Easop,Easop Winston,Winston,0.3333333333333333,3,4500,CLE@CAR,CLE,CAR,,,,,,WR/FLEX
79963-61060,RB,Devine,Devine Ozigbo,Ozigbo,0.8999999761581421,1,4500,DEN@SEA,DEN,SEA,,,,,,RB/FLEX
79963-85636,WR,Josh,Josh Johnson,Johnson,,,4500,PHI@DET,DET,PHI,Q,Undisclosed,,,,WR/FLEX
79963-91783,WR,Warren,Warren Jackson,Jackson,,,4500,BUF@LAR,LAR,BUF,Q,Undisclosed,,,,WR/FLEX
79963-93845,WR,Tay,Tay Martin,Martin,,,4500,SF@CHI,SF,CHI,,,,,,WR/FLEX
79963-52902,WR,Trey,Trey Quinn,Quinn,0,3,4500,DEN@SEA,DEN,SEA,,,,,,WR/FLEX
79963-93864,RB,Ricky,Ricky Person Jr.,Person Jr.,,,4500,BAL@NYJ,BAL,NYJ,IR,Undisclosed,,,,RB/FLEX
79963-7856,WR,Matthew,Matthew Slater,Slater,0,1,4500,NE@MIA,NE,MIA,,,,,,WR/FLEX
79963-69296,WR,Corey,Corey Sutton,Sutton,,,4500,PHI@DET,DET,PHI,,,,,,WR/FLEX
79963-87731,WR,Dominique,Dominique Robinson,Robinson,,,4500,SF@CHI,CHI,SF,Q,Leg,,,,WR/FLEX
79963-85687,WR,Jontre,Jontre Kirklin,Kirklin,,,4500,KC@ARI,ARI,KC,,,,,,WR/FLEX
79963-61112,TE,Josiah,Josiah Deguara,Deguara,3.769230769230769,13,4500,GB@MIN,GB,MIN,,,,,,TE/FLEX
79963-89785,RB,Spencer,Spencer Brown,Brown,,,4500,CLE@CAR,CAR,CLE,IR,Ankle,,,,RB/FLEX
79963-71355,RB,Elijah,Elijah Holyfield,Holyfield,0,1,4500,PIT@CIN,CIN,PIT,IR,Knee,,,,RB/FLEX
79963-104124,WR,Darrius,Darrius Shepherd,Shepherd,0.7285714149475098,7,4500,DEN@SEA,DEN,SEA,,,,,,WR/FLEX
79963-71359,WR,Javon,Javon Wims,Wims,1.5727272033691406,11,4500,CLE@CAR,CLE,CAR,,,,,,WR/FLEX
79963-69310,WR,Josh,Josh Hammond,Hammond,0,2,4500,NE@MIA,NE,MIA,,,,,,WR/FLEX
79963-71367,RB,La'Mical,La'Mical Perine,Perine,1.5499999523162842,2,4500,PHI@DET,PHI,DET,,,,,,RB/FLEX
79963-71372,WR,Tyrie,Tyrie Cleveland,Cleveland,0,1,4500,DEN@SEA,DEN,SEA,Q,Neck,,,,WR/FLEX
79963-65231,RB,Adam,Adam Prentice,Prentice,0.8999999761581421,4,4500,NO@ATL,NO,ATL,,,,,,RB/FLEX
79963-81616,WR,Rashard,Rashard Davis,Davis,,,4500,BAL@NYJ,NYJ,BAL,,,,,,WR/FLEX
79963-85714,RB,Tory,Tory Carter,Carter,0,1,4500,NYG@TEN,TEN,NYG,,,,,,RB/FLEX
79963-71382,WR,Osirus,Osirus Mitchell,Mitchell,,,4500,GB@MIN,GB,MIN,IR,Quadriceps,,,,WR/FLEX
79963-69343,WR,Landen,Landen Akers,Akers,,,4500,BUF@LAR,LAR,BUF,,,,,,WR/FLEX
79963-63201,RB,Xavier,Xavier Jones,Jones,0,3,4500,BUF@LAR,LAR,BUF,IR,Achilles,,,,RB/FLEX
79963-57064,RB,Ryan,Ryan Nall,Nall,0.6499999761581421,2,4500,TB@DAL,DAL,TB,IR,Shoulder,,,,RB/FLEX
79963-91897,WR,Ethan,Ethan Fernea,Fernea,,,4500,IND@HOU,IND,HOU,,,,,,WR/FLEX
79963-87813,RB,Master,Master Teague III,Teague III,,,4500,PIT@CIN,PIT,CIN,Q,Ankle,,,,RB/FLEX
79963-26384,RB,Trey,Trey Edmunds,Edmunds,0,1,4500,PIT@CIN,PIT,CIN,,,,,,RB/FLEX
79963-61200,WR,Jaylinn,Jaylinn Hawkins,Hawkins,0,1,4500,NO@ATL,ATL,NO,,,,,,WR/FLEX
79963-40726,RB,Godwin,Godwin Igwebuike,Igwebuike,1.792307633620042,13,4500,PHI@DET,DET,PHI,,,,,,RB/FLEX
79963-71459,RB,Brittain,Brittain Brown,Brown,,,4500,LV@LAC,LV,LAC,,,,,,RB/FLEX
79963-71477,WR,Maurice,Maurice Ffrench,Ffrench,0.30000001192092896,1,4500,LV@LAC,LAC,LV,,,,,,WR/FLEX
79963-40758,RB,Corey,Corey Clement,Clement,3.6999999455043246,7,4500,BAL@NYJ,BAL,NYJ,,,,,,RB/FLEX
79963-38721,RB,Johnny,Johnny Stanton IV,Stanton IV,2.7333332697550454,3,4500,CLE@CAR,CLE,CAR,,,,,,RB/FLEX
79963-91971,RB,Ronnie,Ronnie Rivers,Rivers,,,4500,DEN@SEA,SEA,DEN,,,,,,RB/FLEX
79963-73551,WR,Stantley,Stantley Thomas-Oliver III,Thomas-Oliver III,0,2,4500,CLE@CAR,CAR,CLE,,,,,,WR/FLEX
79963-104278,TE,Donald,Donald Parham Jr.,Parham Jr.,4.083333333333333,12,4500,LV@LAC,LAC,LV,Q,Hamstring,,,,TE/FLEX
79963-71519,WR,Dillon,Dillon Stoner,Stoner,,,4500,LV@LAC,LV,LAC,,,,,,WR/FLEX
79963-104289,WR,Malik,Malik Taylor,Taylor,0.0800000011920929,5,4500,GB@MIN,GB,MIN,IR,Undisclosed,,,,WR/FLEX
79963-169834,WR,Dareke,Dareke Young,Young,,,4500,DEN@SEA,SEA,DEN,,,,,,WR/FLEX
79963-89964,WR,Justyn,Justyn Ross,Ross,,,4500,KC@ARI,KC,ARI,IR,Foot,,,,WR/FLEX
79963-57208,WR,KeeSean,KeeSean Johnson,Johnson,2.4799999237060546,10,4500,NO@ATL,ATL,NO,,,,,,WR/FLEX
79963-55165,RB,Justin,Justin Jackson,Jackson,5.784615149864783,13,4500,PHI@DET,DET,PHI,,,,,,RB/FLEX
79963-89997,WR,Michael,Michael Woods II,Woods II,,,4500,CLE@CAR,CLE,CAR,,,,,,WR/FLEX
79963-73616,WR,Willie,Willie Johnson,Johnson,,,4500,JAC@WAS,JAC,WAS,IR,Undisclosed,,,,WR/FLEX
79963-141201,WR,Raleigh,Raleigh Webb,Webb,,,4500,BAL@NYJ,BAL,NYJ,,,,,,WR/FLEX
79963-63387,WR,Jayson,Jayson Stanley,Stanley,0,1,4500,SF@CHI,CHI,SF,Q,Knee,,,,WR/FLEX
79963-169890,WR,LuJuan,LuJuan Winningham,Winningham,,,4500,JAC@WAS,JAC,WAS,,,,,,WR/FLEX
79963-63399,WR,Terry,Terry Godwin,Godwin,1.25,4,4500,NYG@TEN,TEN,NYG,,,,,,WR/FLEX
79963-94118,WR,Mike,Mike Harley Jr.,Harley Jr.,,,4500,CLE@CAR,CLE,CAR,,,,,,WR/FLEX
79963-169898,WR,Jequez,Jequez Ezzard,Ezzard,,,4500,JAC@WAS,WAS,JAC,Q,Undisclosed,,,,WR/FLEX
79963-34729,RB,Dwayne,Dwayne Washington,Washington,0.949999988079071,4,4500,NO@ATL,NO,ATL,,,,,,RB/FLEX
79963-169900,WR,Jared,Jared Bernhardt,Bernhardt,,,4500,NO@ATL,ATL,NO,,,,,,WR/FLEX
79963-169901,WR,Tyshaun,Tyshaun James,James,,,4500,NO@ATL,ATL,NO,,,,,,WR/FLEX
79963-169908,WR,Dai'Jean,Dai'Jean Dixon,Dixon,,,4500,NO@ATL,NO,ATL,,,,,,WR/FLEX
79963-55224,RB,Reggie,Reggie Bonnafon,Bonnafon,2.5999999046325684,1,4500,JAC@WAS,WAS,JAC,,,,,,RB/FLEX
79963-85944,WR,Kyric,Kyric McGowan,McGowan,,,4500,JAC@WAS,WAS,JAC,,,,,,WR/FLEX
79963-71613,WR,Demetris,Demetris Robertson,Robertson,,,4500,DEN@SEA,SEA,DEN,,,,,,WR/FLEX
79963-104388,WR,Tom,Tom Kennedy,Kennedy,2.566666603088379,6,4500,PHI@DET,DET,PHI,,,,,,WR/FLEX
79963-88016,WR,Ryan,Ryan McDaniel,McDaniel,,,4500,JAC@WAS,JAC,WAS,,,,,,WR/FLEX
79963-169937,WR,Lance,Lance McCutcheon,McCutcheon,,,4500,BUF@LAR,LAR,BUF,,,,,,WR/FLEX
79963-94185,WR,Kevin,Kevin Shaa,Shaa,,,4500,SF@CHI,CHI,SF,,,,,,WR/FLEX
79963-71661,WR,Tino,Tino Ellis,Ellis,,,4500,NE@MIA,MIA,NE,Q,Undisclosed,,,,WR/FLEX
79963-14319,RB,Taiwan,Taiwan Jones,Jones,0,1,4500,BUF@LAR,BUF,LAR,,,,,,RB/FLEX
79963-71662,WR,DJ,DJ Turner,Turner,,,4500,LV@LAC,LV,LAC,,,,,,WR/FLEX
79963-86007,WR,Tre,Tre Turner,Turner,,,4500,LV@LAC,LV,LAC,,,,,,WR/FLEX
79963-63479,RB,John,John Kelly Jr.,Kelly Jr.,1.2999999523162842,1,4500,CLE@CAR,CLE,CAR,,,,,,RB/FLEX
79963-88056,WR,Stanley,Stanley Berryhill,Berryhill,,,4500,NO@ATL,ATL,NO,,,,,,WR/FLEX
79963-96250,WR,DeVonte,DeVonte Dedmon,Dedmon,,,4500,NE@MIA,MIA,NE,,,,,,WR/FLEX
79963-12528,D,Cincinnati,Cincinnati Bengals,Bengals,6.571428571428571,21,4400,PIT@CIN,CIN,PIT,,,,,,DEF
79963-55895,TE,Kendall,Kendall Blanton,Blanton,3.7833334604899087,6,4400,KC@ARI,KC,ARI,,,,,,TE/FLEX
79963-80546,TE,Dan,Dan Arnold,Arnold,5.829999923706055,10,4400,JAC@WAS,JAC,WAS,,,,,,TE/FLEX
79963-42046,TE,Durham,Durham Smythe,Smythe,3.533333333333333,15,4400,NE@MIA,MIA,NE,,,,,,TE/FLEX
79963-56708,TE,Will,Will Dissly,Dissly,3.2999998728434243,12,4400,DEN@SEA,SEA,DEN,,,,,,TE/FLEX
79963-26038,TE,Tyler,Tyler Kroft,Kroft,3.4777776930067272,9,4400,SF@CHI,SF,CHI,,,,,,TE/FLEX
79963-71143,TE,Kylen,Kylen Granson,Granson,1.6100000381469726,10,4400,IND@HOU,IND,HOU,,,,,,TE/FLEX
79963-38523,TE,Geoff,Geoff Swaim,Swaim,3.40625,16,4400,NYG@TEN,TEN,NYG,,,,,,TE/FLEX
79963-12529,D,Cleveland,Cleveland Browns,Browns,6.235294117647059,17,4300,CLE@CAR,CLE,CAR,,,,,,DEF
79963-39286,TE,O.J.,O.J. Howard,Howard,2.590909090909091,11,4300,IND@HOU,HOU,IND,,,,,,TE/FLEX
79963-29411,TE,Pharaoh,Pharaoh Brown,Brown,2.2166666984558105,12,4300,IND@HOU,HOU,IND,Q,Hamstring,,,,TE/FLEX
79963-62508,TE,James,James O'Shaughnessy,O'Shaughnessy,5.485714503696987,7,4300,SF@CHI,CHI,SF,Q,Illness,,,,TE/FLEX
79963-91931,TE,Greg,Greg Dulcich,Dulcich,,,4300,DEN@SEA,DEN,SEA,IR,Hamstring,,,,TE/FLEX
79963-69451,TE,Jack,Jack Stoll,Stoll,1.0499999523162842,4,4300,PHI@DET,PHI,DET,,,,,,TE/FLEX
79963-28570,TE,Nick,Nick Vannett,Vannett,3.3999998910086497,7,4300,NO@ATL,NO,ATL,,,,,,TE/FLEX
79963-14237,TE,Kyle,Kyle Rudolph,Rudolph,3.1133333841959634,15,4300,TB@DAL,TB,DAL,,,,,,TE/FLEX
79963-104447,TE,Jody,Jody Fortson,Fortson,4.800000190734863,4,4300,KC@ARI,KC,ARI,,,,,,TE/FLEX
79963-79967,TE,Adam,Adam Shaheen,Shaheen,2.4285714285714284,7,4200,NE@MIA,MIA,NE,IR,Knee,,,,TE/FLEX
79963-80011,TE,Antony,Antony Auclair,Auclair,3.299999952316284,4,4200,IND@HOU,HOU,IND,Q,Knee,,,,TE/FLEX
79963-88297,TE,Chig,Chig Okonkwo,Okonkwo,,,4200,NYG@TEN,TEN,NYG,,,,,,TE/FLEX
79963-12533,D,Green Bay,Green Bay Packers,Packers,7.111111111111111,18,4200,GB@MIN,GB,MIN,,,,,,DEF
79963-149832,TE,Shane,Shane Zylstra,Zylstra,2.450000047683716,2,4200,PHI@DET,DET,PHI,,,,,,TE/FLEX
79963-63851,TE,Tyree,Tyree Jackson,Jackson,3.2333332697550454,3,4200,PHI@DET,PHI,DET,NA,Knee - acl,,,,TE/FLEX
79963-6672,TE,Marcedes,Marcedes Lewis,Lewis,2.242857115609305,14,4200,GB@MIN,GB,MIN,,,,,,TE/FLEX
79963-54007,TE,Jacob,Jacob Hollister,Hollister,2.6666666666666665,6,4200,LV@LAC,LV,LAC,Q,Undisclosed,,,,TE/FLEX
79963-72515,TE,Ian,Ian Thomas,Thomas,1.9857142312186105,14,4200,CLE@CAR,CAR,CLE,,,,,,TE/FLEX
79963-93143,TE,Noah,Noah Gray,Gray,1.7222222222222223,9,4200,KC@ARI,KC,ARI,,,,,,TE/FLEX
79963-70705,TE,Trevon,Trevon Wesco,Wesco,1.25,4,4200,SF@CHI,CHI,SF,,,,,,TE/FLEX
79963-130286,TE,Ben,Ben Ellefson,Ellefson,0,1,4200,GB@MIN,MIN,GB,,,,,,TE/FLEX
79963-64808,TE,Juwan,Juwan Johnson,Johnson,4.218181956898082,11,4200,NO@ATL,NO,ATL,,,,,,TE/FLEX
79963-56711,TE,Drew,Drew Sample,Sample,1.6111111111111112,9,4200,PIT@CIN,CIN,PIT,Q,Knee,,,,TE/FLEX
79963-28080,TE,Devin,Devin Funchess,Funchess,,,4200,PHI@DET,DET,PHI,,,,,,TE/FLEX
79963-40371,TE,Johnny,Johnny Mundt,Mundt,1.399999976158142,1,4200,GB@MIN,MIN,GB,,,,,,TE/FLEX
79963-89680,TE,Jake,Jake Ferguson,Ferguson,,,4200,TB@DAL,DAL,TB,,,,,,TE/FLEX
79963-18009,TE,Chris,Chris Manhertz,Manhertz,2.012500047683716,8,4200,JAC@WAS,JAC,WAS,,,,,,TE/FLEX
79963-91750,TE,Trey,Trey McBride,McBride,,,4200,KC@ARI,ARI,KC,,,,,,TE/FLEX
79963-85635,TE,Charlie,Charlie Kolar,Kolar,,,4200,BAL@NYJ,BAL,NYJ,IR,Sports hernia,,,,TE/FLEX
79963-71351,TE,Charlie,Charlie Woerner,Woerner,1.5399999618530273,5,4200,SF@CHI,SF,CHI,,,,,,TE/FLEX
79963-57338,TE,Jordan,Jordan Akins,Akins,2.4750000635782876,12,4200,IND@HOU,HOU,IND,,,,,,TE/FLEX
79963-69655,TE,Stephen,Stephen Sullivan,Sullivan,0,1,4100,CLE@CAR,CAR,CLE,,,,,,TE/FLEX
79963-55336,TE,Chris,Chris Herndon,Herndon,2.4,5,4100,NO@ATL,NO,ATL,,,,,,TE/FLEX
79963-79980,TE,Eric,Eric Saubert,Saubert,2.0999999727521623,7,4100,DEN@SEA,DEN,SEA,,,,,,TE/FLEX
79963-86178,TE,Dominique,Dominique Dafney,Dafney,0.8800000190734864,5,4100,GB@MIN,GB,MIN,Q,Knee,,,,TE/FLEX
79963-90307,TE,Daniel,Daniel Bellinger,Bellinger,,,4100,NYG@TEN,NYG,TEN,Q,Concussion,,,,TE/FLEX
79963-63697,TE,Brycen,Brycen Hopkins,Hopkins,4.050000190734863,2,4100,BUF@LAR,LAR,BUF,,,,,,TE/FLEX
79963-12526,D,Buffalo,Buffalo Bills,Bills,8.421052631578947,19,4100,BUF@LAR,BUF,LAR,,,,,,DEF
79963-12530,D,Dallas,Dallas Cowboys,Cowboys,10.38888888888889,18,4100,TB@DAL,DAL,TB,,,,,,DEF
79963-12545,D,Philadelphia,Philadelphia Eagles,Eagles,6.333333333333333,18,4100,PHI@DET,PHI,DET,,,,,,DEF
79963-12551,D,Tampa Bay,Tampa Bay Buccaneers,Buccaneers,8.368421052631579,19,4100,TB@DAL,TB,DAL,,,,,,DEF
79963-65839,TE,Kahale,Kahale Warring,Warring,1.25,4,4100,NO@ATL,NO,ATL,,,,,,TE/FLEX
79963-29277,TE,Stephen,Stephen Anderson,Anderson,2.772727272727273,11,4100,KC@ARI,ARI,KC,,,,,,TE/FLEX
79963-29314,TE,Richard,Richard Rodgers,Rodgers,2.0999999046325684,1,4100,PHI@DET,PHI,DET,,,,,,TE/FLEX
79963-86682,TE,Grant,Grant Calcaterra,Calcaterra,,,4100,PHI@DET,PHI,DET,,,,,,TE/FLEX
79963-27403,TE,Blake,Blake Bell,Bell,1.25,12,4100,KC@ARI,KC,ARI,IR,Hip,,,,TE/FLEX
79963-86811,TE,Cade,Cade Otton,Otton,,,4100,TB@DAL,TB,DAL,,,,,,TE/FLEX
79963-93026,TE,Teagan,Teagan Quitoriano,Quitoriano,,,4100,IND@HOU,HOU,IND,IR,Knee,,,,TE/FLEX
79963-93075,TE,Hunter,Hunter Long,Long,0.4333333174387614,3,4100,NE@MIA,MIA,NE,,,,,,TE/FLEX
79963-56212,TE,Tommy,Tommy Sweeney,Sweeney,2.1285713740757535,7,4100,BUF@LAR,BUF,LAR,,,,,,TE/FLEX
79963-64408,TE,Nick,Nick Bowers,Bowers,,,4100,PIT@CIN,CIN,PIT,,,,,,TE/FLEX
79963-62510,TE,Nick,Nick Boyle,Boyle,0.3499999940395355,2,4100,BAL@NYJ,BAL,NYJ,,,,,,TE/FLEX
79963-68730,TE,Sean,Sean McKeon,McKeon,2.674999952316284,4,4100,TB@DAL,DAL,TB,Q,Ankle,,,,TE/FLEX
79963-58499,TE,Parker,Parker Hesse,Hesse,1.7000000476837158,4,4100,NO@ATL,ATL,NO,,,,,,TE/FLEX
79963-89283,TE,Tre',Tre' McKitty,McKitty,1.25,6,4100,LV@LAC,LAC,LV,Q,Undisclosed,,,,TE/FLEX
79963-83138,TE,Ross,Ross Dwelley,Dwelley,3.2750000953674316,4,4100,SF@CHI,SF,CHI,,,,,,TE/FLEX
79963-87260,TE,Isaiah,Isaiah Likely,Likely,,,4100,BAL@NYJ,BAL,NYJ,,,,,,TE/FLEX
79963-34073,TE,Ryan,Ryan Griffin,Griffin,3.6857141767229353,14,4100,SF@CHI,CHI,SF,,,,,,TE/FLEX
79963-60791,TE,Tommy,Tommy Hudson,Hudson,1.149999976158142,4,4100,NYG@TEN,TEN,NYG,IR,Undisclosed,,,,TE/FLEX
79963-73089,TE,Devin,Devin Asiasi,Asiasi,2.1799999237060548,5,4100,PIT@CIN,CIN,PIT,,,,,,TE/FLEX
79963-87469,TE,Jelani,Jelani Woods,Woods,,,4100,IND@HOU,IND,HOU,,,,,,TE/FLEX
79963-73176,TE,Luke,Luke Farrell,Farrell,1.1375000476837158,8,4100,JAC@WAS,JAC,WAS,,,,,,TE/FLEX
79963-89588,TE,Colby,Colby Parkinson,Parkinson,1.1600000381469726,5,4100,DEN@SEA,SEA,DEN,,,,,,TE/FLEX
79963-62998,TE,Jace,Jace Sternberger,Sternberger,2.924999952316284,8,4100,PIT@CIN,PIT,CIN,,,,,,TE/FLEX
79963-147049,TE,Drew,Drew Ogletree,Ogletree,,,4100,IND@HOU,IND,HOU,IR,Knee - acl,,,,TE/FLEX
79963-56947,TE,Chris,Chris Myarick,Myarick,2.299999952316284,4,4100,NYG@TEN,NYG,TEN,Q,Foot,,,,TE/FLEX
79963-65182,TE,Mitchell,Mitchell Wilcox,Wilcox,3.0999999046325684,1,4100,PIT@CIN,CIN,PIT,Q,Ankle,,,,TE/FLEX
79963-28346,TE,Maxx,Maxx Williams,Williams,6.659999847412109,5,4100,KC@ARI,ARI,KC,Q,Knee - acl,,,,TE/FLEX
79963-61172,TE,Tyler,Tyler Davis,Davis,1.375,4,4100,GB@MIN,GB,MIN,,,,,,TE/FLEX
79963-87815,TE,Jeremy,Jeremy Ruckert,Ruckert,,,4100,BAL@NYJ,NYJ,BAL,,,,,,TE/FLEX
79963-69516,TE,Miller,Miller Forristall,Forristall,,,4100,CLE@CAR,CLE,CAR,,,,,,TE/FLEX
79963-85986,TE,James,James Mitchell,Mitchell,,,4100,PHI@DET,DET,PHI,,,,,,TE/FLEX
79963-104421,TE,Jesper,Jesper Horsted,Horsted,5.033333460489909,3,4100,LV@LAC,LV,LAC,,,,,,TE/FLEX
79963-90123,TE,Quintin,Quintin Morris,Morris,,,4000,BUF@LAR,BUF,LAR,Q,Hamstring,,,,TE/FLEX
79963-71697,TE,Shaun,Shaun Beyer,Beyer,,,4000,GB@MIN,GB,MIN,,,,,,TE/FLEX
79963-137249,TE,Briley,Briley Moore,Moore,,,4000,NYG@TEN,TEN,NYG,,,,,,TE/FLEX
79963-69676,TE,Jamal,Jamal Pettigrew,Pettigrew,,,4000,BUF@LAR,LAR,BUF,,,,,,TE/FLEX
79963-69686,TE,Dylan,Dylan Parham,Parham,,,4000,DEN@SEA,DEN,SEA,,,,,,TE/FLEX
79963-86075,TE,Lucas,Lucas Krull,Krull,,,4000,NO@ATL,NO,ATL,,,,,,TE/FLEX
79963-59455,TE,Sammis,Sammis Reyes,Reyes,,,4000,JAC@WAS,WAS,JAC,Q,Undisclosed,,,,TE/FLEX
79963-30787,TE,Alex,Alex Ellis,Ellis,0,1,4000,KC@ARI,ARI,KC,Q,Undisclosed,,,,TE/FLEX
79963-65607,TE,Jacob,Jacob Harris,Harris,,,4000,BUF@LAR,LAR,BUF,,,,,,TE/FLEX
79963-69705,TE,Garrett,Garrett Walston,Walston,,,4000,SF@CHI,SF,CHI,,,,,,TE/FLEX
79963-165962,TE,Nikola,Nikola Kalinic,Kalinic,,,4000,IND@HOU,IND,HOU,,,,,,TE/FLEX
79963-94345,TE,Cole,Cole Turner,Turner,,,4000,JAC@WAS,WAS,JAC,Q,Hamstring,,,,TE/FLEX
79963-32957,TE,Eric,Eric Tomlinson,Tomlinson,0.6000000238418579,2,4000,DEN@SEA,DEN,SEA,,,,,,TE/FLEX
79963-65737,TE,Sam,Sam Tecklenburg,Tecklenburg,0,2,4000,CLE@CAR,CAR,CLE,,,,,,TE/FLEX
79963-170191,TE,Ben,Ben Beise,Beise,,,4000,TB@DAL,TB,DAL,,,,,,TE/FLEX
79963-149708,TE,Zach,Zach Davidson,Davidson,,,4000,BUF@LAR,BUF,LAR,,,,,,TE/FLEX
79963-170188,TE,Tanner,Tanner Conner,Conner,,,4000,NE@MIA,MIA,NE,,,,,,TE/FLEX
79963-170206,TE,Rodney,Rodney Williams II,Williams II,,,4000,DEN@SEA,DEN,SEA,,,,,,TE/FLEX
79963-149727,TE,Bernhard,Bernhard Seikovits,Seikovits,,,4000,KC@ARI,ARI,KC,,,,,,TE/FLEX
79963-12538,D,Los Angeles,Los Angeles Rams,Rams,7.380952380952381,21,4000,BUF@LAR,LAR,BUF,,,,,,DEF
79963-61693,TE,Danny,Danny Pinter,Pinter,6.699999809265137,1,4000,IND@HOU,IND,HOU,,,,,,TE/FLEX
79963-12548,D,Los Angeles,Los Angeles Chargers,Chargers,4.588235294117647,17,4000,LV@LAC,LAC,LV,,,,,,DEF
79963-90398,TE,Matt,Matt Bushman,Bushman,,,4000,KC@ARI,KC,ARI,IR,Collarbone,,,,TE/FLEX
79963-170282,TE,JJ,JJ Howland,Howland,,,4000,TB@DAL,TB,DAL,,,,,,TE/FLEX
79963-170290,TE,Andre,Andre Miller,Miller,,,4000,NYG@TEN,NYG,TEN,Q,Wrist,,,,TE/FLEX
79963-55609,TE,Ryan,Ryan Izzo,Izzo,2.4399999618530273,10,4000,CLE@CAR,CAR,CLE,,,,,,TE/FLEX
79963-86359,TE,Jared,Jared Scott,Scott,,,4000,IND@HOU,IND,HOU,,,,,,TE/FLEX
79963-63839,TE,Tyler,Tyler Mabry,Mabry,0,1,4000,DEN@SEA,SEA,DEN,,,,,,TE/FLEX
79963-153957,TE,Zaire,Zaire Mitchell-Paden,Mitchell-Paden,,,4000,CLE@CAR,CLE,CAR,,,,,,TE/FLEX
79963-90483,TE,Bernhard,Bernhard Raimann,Raimann,,,4000,IND@HOU,IND,HOU,,,,,,TE/FLEX
79963-92530,TE,Cade,Cade Brewer,Brewer,,,4000,DEN@SEA,SEA,DEN,,,,,,TE/FLEX
79963-70043,TE,Cole,Cole Fotheringham,Fotheringham,,,4000,LV@LAC,LV,LAC,,,,,,TE/FLEX
79963-45472,TE,Garrett,Garrett Griffin,Griffin,2.950000047683716,2,4000,PHI@DET,DET,PHI,,,,,,TE/FLEX
79963-63907,TE,Josh,Josh Oliver,Oliver,1.1100000381469726,10,4000,BAL@NYJ,BAL,NYJ,,,,,,TE/FLEX
79963-72110,TE,John,John Mitchell,Mitchell,,,4000,DEN@SEA,SEA,DEN,,,,,,TE/FLEX
79963-47551,TE,Mason,Mason Schreck,Schreck,0,2,4000,IND@HOU,HOU,IND,,,,,,TE/FLEX
79963-31169,TE,Jeremy,Jeremy Sprinkle,Sprinkle,2.299999952316284,2,4000,TB@DAL,DAL,TB,Q,Achilles,,,,TE/FLEX
79963-84440,TE,Jaeden,Jaeden Graham,Graham,0.6666666666666666,6,4000,PHI@DET,PHI,DET,Q,Undisclosed,,,,TE/FLEX
79963-41469,TE,Darrell,Darrell Daniels,Daniels,0.34000000953674314,5,4000,IND@HOU,HOU,IND,,,,,,TE/FLEX
79963-64023,TE,Kyle,Kyle Markway,Markway,0,1,4000,BUF@LAR,LAR,BUF,Q,Undisclosed,,,,TE/FLEX
79963-14895,TE,Patrick,Patrick Scales,Scales,0,2,4000,SF@CHI,CHI,SF,,,,,,TE/FLEX
79963-72246,TE,Nolan,Nolan Givan,Givan,,,4000,PHI@DET,DET,PHI,,,,,,TE/FLEX
79963-68155,TE,Codey,Codey McElroy,McElroy,0.25,2,4000,TB@DAL,TB,DAL,Q,Foot,,,,TE/FLEX
79963-66155,TE,Michael,Michael Jacobson,Jacobson,,,4000,IND@HOU,IND,HOU,,,,,,TE/FLEX
79963-101007,TE,Mark,Mark Vital,Vital,,,4000,KC@ARI,KC,ARI,,,,,,TE/FLEX
79963-90778,TE,Derrick,Derrick Deese Jr.,Deese Jr.,,,4000,PHI@DET,DET,PHI,,,,,,TE/FLEX
79963-86692,TE,Thomas,Thomas Odukoya,Odukoya,,,4000,NYG@TEN,TEN,NYG,,,,,,TE/FLEX
79963-47788,TE,Deon,Deon Yelder,Yelder,0.5,1,4000,KC@ARI,ARI,KC,,,,,,TE/FLEX
79963-92882,TE,Connor,Connor Heyward,Heyward,,,4000,PIT@CIN,PIT,CIN,,,,,,TE/FLEX
79963-88816,TE,Peyton,Peyton Hendershot,Hendershot,,,4000,TB@DAL,DAL,TB,,,,,,TE/FLEX
79963-70426,TE,Reggie,Reggie Gilliam,Gilliam,0.8500000238418579,8,4000,BUF@LAR,BUF,LAR,,,,,,TE/FLEX
79963-86839,TE,Jack,Jack Coco,Coco,,,4000,GB@MIN,GB,MIN,,,,,,TE/FLEX
79963-90971,TE,Austin,Austin Allen,Allen,,,4000,NYG@TEN,NYG,TEN,,,,,,TE/FLEX
79963-66402,TE,Jack,Jack Driscoll,Driscoll,0,1,4000,PHI@DET,PHI,DET,,,,,,TE/FLEX
79963-23435,TE,Andrew,Andrew DePaola,DePaola,,,4000,GB@MIN,MIN,GB,,,,,,TE/FLEX
79963-89029,TE,Chris,Chris Pierce Jr.,Pierce Jr.,,,4000,KC@ARI,ARI,KC,Q,Undisclosed,,,,TE/FLEX
79963-70604,TE,John,John Raine,Raine,,,4000,NO@ATL,ATL,NO,IR,Undisclosed,,,,TE/FLEX
79963-72665,TE,Kenny,Kenny Yeboah,Yeboah,2.299999952316284,2,4000,BAL@NYJ,NYJ,BAL,,,,,,TE/FLEX
79963-54239,TE,Matt,Matt Sokol,Sokol,0,1,4000,NE@MIA,NE,MIA,,,,,,TE/FLEX
79963-87013,TE,Erik,Erik Krommenhoek,Krommenhoek,,,4000,LV@LAC,LAC,LV,,,,,,TE/FLEX
79963-62505,TE,MyCole,MyCole Pruitt,Pruitt,3.772727272727273,11,4000,NO@ATL,ATL,NO,,,,,,TE/FLEX
79963-42077,TE,James,James Winchester,Winchester,,,4000,KC@ARI,KC,ARI,,,,,,TE/FLEX
79963-46177,TE,David,David Wells,Wells,,,4000,NYG@TEN,TEN,NYG,,,,,,TE/FLEX
79963-68708,TE,Seth,Seth Green,Green,,,4000,IND@HOU,HOU,IND,,,,,,TE/FLEX
79963-68714,TE,Ko,Ko Kieft,Kieft,,,4000,TB@DAL,TB,DAL,,,,,,TE/FLEX
79963-46200,TE,Daniel,Daniel Brunskill,Brunskill,0,1,4000,SF@CHI,SF,CHI,Q,Hamstring,,,,TE/FLEX
79963-54426,TE,Andrew,Andrew Beck,Beck,0,1,4000,DEN@SEA,DEN,SEA,,,,,,TE/FLEX
79963-93343,TE,Roger,Roger Carter Jr.,Carter Jr.,,,4000,BUF@LAR,LAR,BUF,,,,,,TE/FLEX
79963-83117,TE,Tanner,Tanner Hudson,Hudson,1.1199999809265138,5,4000,NYG@TEN,NYG,TEN,,,,,,TE/FLEX
79963-9409,TE,Clark,Clark Harris,Harris,0,1,4000,PIT@CIN,CIN,PIT,,,,,,TE/FLEX
79963-70881,TE,Justin,Justin Rigg,Rigg,,,4000,PIT@CIN,PIT,CIN,,,,,,TE/FLEX
79963-52468,TE,Ethan,Ethan Wolf,Wolf,1.7999999523162842,1,4000,NO@ATL,NO,ATL,,,,,,TE/FLEX
79963-64762,TE,Nakia,Nakia Griffin-Stewart,Griffin-Stewart,,,4000,CLE@CAR,CLE,CAR,,,,,,TE/FLEX
79963-97537,TE,Naz,Naz Bohannon,Bohannon,,,4000,JAC@WAS,JAC,WAS,,,,,,TE/FLEX
79963-83226,TE,Kevin,Kevin Rader,Rader,0.8999999761581421,2,4000,NYG@TEN,TEN,NYG,,,,,,TE/FLEX
79963-64833,TE,Alize,Alize Mack,Mack,,,4000,GB@MIN,GB,MIN,Q,Undisclosed,,,,TE/FLEX
79963-91467,TE,Jake,Jake Tonges,Tonges,,,4000,SF@CHI,CHI,SF,,,,,,TE/FLEX
79963-64864,TE,Noah,Noah Togiai,Togiai,0,2,4000,PHI@DET,PHI,DET,,,,,,TE/FLEX
79963-25957,TE,J.P.,J.P. Holtz,Holtz,0,7,4000,NO@ATL,NO,ATL,,,,,,TE/FLEX
79963-60788,TE,Nick,Nick Ralston,Ralston,,,4000,TB@DAL,DAL,TB,,,,,,TE/FLEX
79963-71048,TE,Thaddeus,Thaddeus Moss,Moss,0,1,4000,PIT@CIN,CIN,PIT,,,,,,TE/FLEX
79963-71058,TE,Grayson,Grayson Gunter,Gunter,,,4000,JAC@WAS,JAC,WAS,,,,,,TE/FLEX
79963-73147,TE,Nick,Nick Eubanks,Eubanks,,,4000,PIT@CIN,CIN,PIT,,,,,,TE/FLEX
79963-114112,TE,Jalen,Jalen Wydermyer,Wydermyer,,,4000,NE@MIA,NE,MIA,,,,,,TE/FLEX
79963-73161,TE,Chase,Chase Allen,Allen,,,4000,SF@CHI,CHI,SF,,,,,,TE/FLEX
79963-69069,TE,Tony,Tony Poljan,Poljan,,,4000,BAL@NYJ,BAL,NYJ,,,,,,TE/FLEX
79963-73172,TE,Jake,Jake Hausmann,Hausmann,,,4000,JAC@WAS,WAS,JAC,,,,,,TE/FLEX
79963-54746,TE,Tyler,Tyler Ott,Ott,0,1,4000,DEN@SEA,SEA,DEN,,,,,,TE/FLEX
79963-103900,TE,Brandon,Brandon Dillon,Dillon,1.100000023841858,1,4000,NO@ATL,NO,ATL,,,,,,TE/FLEX
79963-91618,TE,John,John FitzPatrick,FitzPatrick,,,4000,NO@ATL,ATL,NO,IR,Undisclosed,,,,TE/FLEX
79963-97771,TE,Marcus,Marcus Santos-Silva,Santos-Silva,,,4000,CLE@CAR,CLE,CAR,,,,,,TE/FLEX
79963-89586,TE,Tucker,Tucker Fisk,Fisk,,,4000,NO@ATL,ATL,NO,,,,,,TE/FLEX
79963-62981,TE,Eli,Eli Wolf,Wolf,0,1,4000,JAC@WAS,WAS,JAC,IR,Undisclosed,,,,TE/FLEX
79963-103966,TE,Stone,Stone Smartt,Smartt,,,4000,LV@LAC,LAC,LV,IR,Undisclosed,,,,TE/FLEX
79963-73266,TE,Dylan,Dylan Soehner,Soehner,,,4000,NO@ATL,NO,ATL,NA,Undisclosed,,,,TE/FLEX
79963-46644,TE,Paul,Paul Quessenberry,Quessenberry,0,1,4000,IND@HOU,HOU,IND,,,,,,TE/FLEX
79963-69173,TE,Hunter,Hunter Kampmoyer,Kampmoyer,,,4000,LV@LAC,LAC,LV,,,,,,TE/FLEX
79963-60981,TE,Charlie,Charlie Heck,Heck,0.800000011920929,1,4000,IND@HOU,HOU,IND,,,,,,TE/FLEX
79963-60984,TE,Jake,Jake Bargas,Bargas,,,4000,SF@CHI,CHI,SF,,,,,,TE/FLEX
79963-30272,TE,Colin,Colin Thompson,Thompson,0,1,4000,CLE@CAR,CAR,CLE,Q,Calf,,,,TE/FLEX
79963-104019,TE,Matt,Matt Orzech,Orzech,0,1,4000,BUF@LAR,LAR,BUF,,,,,,TE/FLEX
79963-87690,TE,Sal,Sal Cannella,Cannella,,,4000,GB@MIN,GB,MIN,,,,,,TE/FLEX
79963-89814,TE,Gerrit,Gerrit Prince,Prince,,,4000,JAC@WAS,JAC,WAS,,,,,,TE/FLEX
79963-38636,TE,Bug,Bug Howard,Howard,0,1,4000,TB@DAL,TB,DAL,Q,Undisclosed,,,,TE/FLEX
79963-85759,TE,Curtis,Curtis Hodges,Hodges,,,4000,JAC@WAS,WAS,JAC,IR,Thigh,,,,TE/FLEX
79963-40746,TE,Troy,Troy Fumagalli,Fumagalli,2.5714285714285716,7,4000,SF@CHI,SF,CHI,,,,,,TE/FLEX
79963-55099,TE,Ian,Ian Bunting,Bunting,0,1,4000,TB@DAL,DAL,TB,IR,Neck,,,,TE/FLEX
79963-38722,TE,Cethan,Cethan Carter,Carter,1.2999999523162842,2,4000,NE@MIA,MIA,NE,,,,,,TE/FLEX
79963-63321,TE,Rashod,Rashod Berry,Berry,0,1,4000,JAC@WAS,JAC,WAS,,,,,,TE/FLEX
79963-169853,TE,Josh,Josh Babicz,Babicz,,,4000,CLE@CAR,CAR,CLE,,,,,,TE/FLEX
79963-92056,TE,Cal,Cal Adomitis,Adomitis,,,4000,PIT@CIN,CIN,PIT,,,,,,TE/FLEX
79963-55209,TE,Nate,Nate Becker,Becker,,,4000,GB@MIN,GB,MIN,Q,Undisclosed,,,,TE/FLEX
79963-65477,TE,Giovanni,Giovanni Ricci,Ricci,0,2,4000,CLE@CAR,CAR,CLE,Q,Groin,,,,TE/FLEX
79963-112601,TE,Travis,Travis Koontz,Koontz,,,4000,LV@LAC,LV,LAC,,,,,,TE/FLEX
79963-85994,TE,Dalton,Dalton Keene,Keene,0.7749999761581421,4,4000,NE@MIA,NE,MIA,,,,,,TE/FLEX
79963-57325,TE,Jordan,Jordan Franks,Franks,0,1,4000,KC@ARI,KC,ARI,,,,,,TE/FLEX
79963-96254,TE,Nick,Nick Muse,Muse,,,4000,GB@MIN,MIN,GB,,,,,,TE/FLEX
79963-12541,D,New England,New England Patriots,Patriots,8.777777777777779,18,3900,NE@MIA,NE,MIA,,,,,,DEF
79963-12527,D,Chicago,Chicago Bears,Bears,6.176470588235294,17,3800,SF@CHI,CHI,SF,,,,,,DEF
79963-12539,D,Miami,Miami Dolphins,Dolphins,9,17,3800,NE@MIA,MIA,NE,,,,,,DEF
79963-12536,D,Kansas City,Kansas City Chiefs,Chiefs,6.85,20,3700,KC@ARI,KC,ARI,,,,,,DEF
79963-12552,D,Washington,Washington Commanders,Commanders,5.705882352941177,17,3700,JAC@WAS,WAS,JAC,,,,,,DEF
79963-12525,D,Atlanta,Atlanta Falcons,Falcons,3.823529411764706,17,3600,NO@ATL,ATL,NO,,,,,,DEF
79963-12554,D,Jacksonville,Jacksonville Jaguars,Jaguars,3.4705882352941178,17,3600,JAC@WAS,JAC,WAS,,,,,,DEF
79963-12546,D,Arizona,Arizona Cardinals,Cardinals,7.055555555555555,18,3500,KC@ARI,ARI,KC,,,,,,DEF
79963-12547,D,Pittsburgh,Pittsburgh Steelers,Steelers,6.666666666666667,18,3500,PIT@CIN,PIT,CIN,,,,,,DEF
79963-87112,WR,Josh,Josh Ali,Ali,,,3500,NO@ATL,ATL,NO,,,,,,WR/FLEX
79963-60957,WR,KaVontae,KaVontae Turpin,Turpin,,,3500,TB@DAL,DAL,TB,,,,,,WR/FLEX
79963-92146,RB,DeAndre,DeAndre Torrey,Torrey,,,3500,PHI@DET,PHI,DET,,,,,,RB/FLEX
79963-12543,D,New York,New York Giants,Giants,5.117647058823529,17,3400,NYG@TEN,NYG,TEN,,,,,,DEF
79963-12550,D,Seattle,Seattle Seahawks,Seahawks,5.588235294117647,17,3400,DEN@SEA,SEA,DEN,,,,,,DEF
79963-12544,D,New York,New York Jets,Jets,3.411764705882353,17,3300,BAL@NYJ,NYJ,BAL,,,,,,DEF
79963-12556,D,Houston,Houston Texans,Texans,5.117647058823529,17,3300,IND@HOU,HOU,IND,,,,,,DEF
79963-12540,D,Minnesota,Minnesota Vikings,Vikings,7.352941176470588,17,3200,GB@MIN,MIN,GB,,,,,,DEF
79963-12532,D,Detroit,Detroit Lions,Lions,3.5294117647058822,17,3100,PHI@DET,DET,PHI,,,,,,DEF
79963-12537,D,Las Vegas,Las Vegas Raiders,Raiders,3.7777777777777777,18,3000,LV@LAC,LV,LAC,,,,,,DEF